Date,Open,High,Low,Close,Volume
2021-01-04T05:00:00.000Z,22.0,22.0,20.0,20.1000003815,2987380
2021-01-05T05:00:00.000Z,19.8999996185,20.2999992371,19.1000003815,19.7999992371,2814830
2021-01-06T05:00:00.000Z,20.2999992371,22.2999992371,19.7000007629,20.1000003815,6736330
2021-01-07T05:00:00.000Z,20.7999992371,21.1000003815,20.2000007629,20.5,2615050
2021-01-08T05:00:00.000Z,20.8999996185,22.1000003815,20.7000007629,21.3999996185,3955330
2021-01-11T05:00:00.000Z,21.6000003815,22.7000007629,21.5,22.0,4169580
2021-01-12T05:00:00.000Z,22.3999996185,23.8999996185,22.3999996185,22.8999996185,4154920
2021-01-13T05:00:00.000Z,23.2999992371,23.7999992371,21.2999992371,21.7999992371,4584770
2021-01-14T05:00:00.000Z,22.2000007629,23.2000007629,21.2999992371,21.7999992371,4963880
2021-01-15T05:00:00.000Z,22.0,25.5,21.7999992371,23.2999992371,16235640
2021-01-19T05:00:00.000Z,28.0,32.0,25.7000007629,30.6000003815,25627600
2021-01-20T05:00:00.000Z,32.9000015259,33.4000015259,27.5,29.7000007629,18186220
2021-01-21T05:00:00.000Z,30.0,30.6000003815,28.5,29.7999992371,6482380
2021-01-22T05:00:00.000Z,29.1000003815,37.4000015259,28.1000003815,35.0999984741,26827340
2021-01-25T05:00:00.000Z,47.0999984741,48.7999992371,38.5,44.2000007629,44323810
2021-01-26T05:00:00.000Z,50.9000015259,51.9000015259,43.7000007629,49.5999984741,45685020
2021-01-27T05:00:00.000Z,203.3999938965,203.6000061035,110.0999984741,199.0,122234250
2021-01-28T05:00:00.000Z,119.8000030518,165.0,65.0999984741,86.3000030518,59122390
2021-01-29T05:00:00.000Z,143.1000061035,160.0,116.0,132.6000061035,60219330
2021-02-01T05:00:00.000Z,170.0,172.5,129.1000061035,133.0,43460800
2021-02-02T05:00:00.000Z,94.8000030518,101.0,60.0,78.1999969482,46277590
2021-02-03T05:00:00.000Z,88.5,97.6999969482,78.9000015259,89.6999969482,22140510
2021-02-04T05:00:00.000Z,87.0,87.4000015259,70.0,70.9000015259,16298580
2021-02-05T05:00:00.000Z,71.6999969482,82.6999969482,65.1999969482,68.3000030518,19709760
2021-02-08T05:00:00.000Z,68.8000030518,68.9000015259,57.5,61.7999992371,12817150
2021-02-09T05:00:00.000Z,58.0999984741,58.0999984741,52.5999984741,55.0,10258810
2021-02-10T05:00:00.000Z,57.0999984741,65.9000015259,54.5,58.0,15281080
2021-02-11T05:00:00.000Z,56.2000007629,58.5,54.7000007629,56.0999984741,5592040
2021-02-12T05:00:00.000Z,57.2000007629,59.7000007629,55.2000007629,55.9000015259,4677300
2021-02-16T05:00:00.000Z,60.2999992371,60.5,54.9000015259,56.5,6116570
2021-02-17T05:00:00.000Z,55.7999992371,56.2000007629,53.2000007629,55.5,3884900
2021-02-18T05:00:00.000Z,58.4000015259,62.5,54.5999984741,55.0999984741,13054080
2021-02-19T05:00:00.000Z,55.4000015259,57.7000007629,55.0999984741,57.0,4024910
2021-02-22T05:00:00.000Z,59.2999992371,66.8000030518,57.5,65.5,17340900
2021-02-23T05:00:00.000Z,69.6999969482,78.5999984741,60.0999984741,77.0,26487640
2021-02-24T05:00:00.000Z,72.3000030518,98.3000030518,69.9000015259,90.9000015259,37688180
2021-02-25T05:00:00.000Z,108.9000015259,110.0,78.5,82.9000015259,44571740
2021-02-26T05:00:00.000Z,81.9000015259,90.0999984741,76.3000030518,80.0999984741,13702800
2021-03-01T05:00:00.000Z,88.5999984741,94.5,84.1999969482,91.8000030518,14358650
2021-03-02T05:00:00.000Z,91.4000015259,94.0,85.0999984741,89.3000030518,7813540
2021-03-03T05:00:00.000Z,89.5,91.4000015259,85.0,85.8000030518,5565190
2021-03-04T05:00:00.000Z,82.5,85.9000015259,75.0,80.3000030518,7782260
2021-03-05T05:00:00.000Z,80.8000030518,82.6999969482,76.3000030518,80.5,5973410
2021-03-08T05:00:00.000Z,85.3000030518,94.8000030518,83.0999984741,92.9000015259,11434380
2021-03-09T05:00:00.000Z,93.8000030518,107.6999969482,92.1999969482,105.0,15041560
2021-03-10T05:00:00.000Z,110.1999969482,124.6999969482,95.0999984741,98.5,26191860
2021-03-11T05:00:00.000Z,106.5,108.6999969482,99.0,102.8000030518,8393360
2021-03-12T05:00:00.000Z,101.5999984741,114.0,99.4000015259,111.5999984741,11114670
2021-03-15T04:00:00.000Z,121.8000030518,144.8999938965,118.5,140.3999938965,27771330
2021-03-16T04:00:00.000Z,136.1999969482,136.1999969482,123.4000015259,130.1999969482,12596760
2021-03-17T04:00:00.000Z,132.3999938965,136.6000061035,130.0,135.6000061035,7805360
2021-03-18T04:00:00.000Z,143.3999938965,145.3999938965,135.6999969482,140.0,12141800
2021-03-19T04:00:00.000Z,141.3999938965,141.8000030518,132.8000030518,139.3000030518,15320600
2021-03-22T04:00:00.000Z,131.5,131.8999938965,117.5999984741,124.9000015259,8876010
2021-03-23T04:00:00.000Z,114.5999984741,119.3000030518,103.6999969482,106.5999984741,8792320
2021-03-24T04:00:00.000Z,108.1999969482,112.0999984741,89.3000030518,90.1999969482,8185070
2021-03-25T04:00:00.000Z,89.5999984741,113.1999969482,89.5,109.4000015259,13119280
2021-03-26T04:00:00.000Z,112.6999969482,115.3000030518,100.0999984741,102.4000015259,8463310
2021-03-29T04:00:00.000Z,103.1999969482,107.5999984741,100.9000015259,103.5,3733070
2021-03-30T04:00:00.000Z,103.0999984741,105.1999969482,97.5999984741,103.5,3902050
2021-03-31T04:00:00.000Z,104.0,104.6999969482,100.5,102.0999984741,2983230
2021-04-01T04:00:00.000Z,102.3000030518,102.5999984741,91.5,93.5999984741,7747390
2021-04-05T04:00:00.000Z,101.0,112.5,97.1999969482,106.0999984741,9608230
2021-04-06T04:00:00.000Z,104.0,105.0,100.0,102.0,4406700
2021-04-07T04:00:00.000Z,100.6999969482,101.8000030518,98.5,98.5,2880430
2021-04-08T04:00:00.000Z,100.0999984741,100.0999984741,95.0,97.9000015259,3340870
2021-04-09T04:00:00.000Z,96.0,97.4000015259,92.4000015259,94.1999969482,2925460
2021-04-12T04:00:00.000Z,94.4000015259,94.9000015259,85.0999984741,86.1999969482,5126980
2021-04-13T04:00:00.000Z,86.5999984741,91.1999969482,83.0999984741,88.4000015259,4404910
2021-04-14T04:00:00.000Z,90.0,98.0999984741,89.0,93.5,5116630
2021-04-15T04:00:00.000Z,98.8000030518,102.3000030518,95.8000030518,99.0,4519890
2021-04-16T04:00:00.000Z,100.0,100.3000030518,90.9000015259,93.3000030518,4069670
2021-04-19T04:00:00.000Z,94.8000030518,98.0999984741,93.8000030518,96.5999984741,3281430
2021-04-20T04:00:00.000Z,97.0,97.0999984741,90.0999984741,92.8000030518,2700890
2021-04-21T04:00:00.000Z,92.5,98.0999984741,91.4000015259,97.8000030518,2359820
2021-04-22T04:00:00.000Z,99.5,106.5,97.9000015259,99.9000015259,4992350
2021-04-23T04:00:00.000Z,100.9000015259,103.8000030518,99.5999984741,101.5999984741,2746560
2021-04-26T04:00:00.000Z,106.9000015259,119.5999984741,105.6999969482,115.0,7859290
2021-04-27T04:00:00.000Z,116.8000030518,122.1999969482,112.1999969482,114.5999984741,5162980
2021-04-28T04:00:00.000Z,108.5,113.9000015259,106.5,108.5,3972050
2021-04-29T04:00:00.000Z,109.5,110.4000015259,100.9000015259,102.0,3778290
2021-04-30T04:00:00.000Z,100.6999969482,101.8000030518,98.8000030518,100.3000030518,2774100
2021-05-03T04:00:00.000Z,101.0999984741,101.1999969482,96.0999984741,97.0999984741,3125120
2021-05-04T04:00:00.000Z,96.3000030518,97.5,90.5,93.9000015259,3522240
2021-05-05T04:00:00.000Z,94.0999984741,95.6999969482,90.8000030518,91.6999969482,2760870
2021-05-06T04:00:00.000Z,93.3000030518,94.0,89.3000030518,90.0,3958630
2021-05-07T04:00:00.000Z,93.1999969482,97.9000015259,91.4000015259,95.0999984741,3824500
2021-05-10T04:00:00.000Z,99.0,101.5,95.5999984741,97.4000015259,4101530
2021-05-11T04:00:00.000Z,99.3000030518,104.8000030518,96.0,100.5,4960100
2021-05-12T04:00:00.000Z,100.3000030518,106.3000030518,100.1999969482,103.1999969482,5442350
2021-05-13T04:00:00.000Z,108.8000030518,142.0,106.4000015259,127.6999969482,29652500
2021-05-14T04:00:00.000Z,133.1000061035,143.3999938965,125.6999969482,129.8000030518,20758990
2021-05-17T04:00:00.000Z,136.6999969482,143.8000030518,133.8999938965,139.5,15893310
2021-05-18T04:00:00.000Z,142.5,146.6999969482,135.6999969482,140.3000030518,17248840
2021-05-19T04:00:00.000Z,129.5,133.1000061035,121.4000015259,126.4000015259,8902410
2021-05-20T04:00:00.000Z,125.9000015259,129.8999938965,120.3000030518,125.5,6141970
2021-05-21T04:00:00.000Z,126.0999984741,128.3999938965,120.5,120.8000030518,5393770
2021-05-24T04:00:00.000Z,123.8000030518,139.6000061035,121.6999969482,136.8000030518,11331920
2021-05-25T04:00:00.000Z,136.1000061035,166.6999969482,135.5,164.1000061035,21364410
2021-05-26T04:00:00.000Z,177.6000061035,199.5,172.6000061035,195.6000061035,37906410
2021-05-27T04:00:00.000Z,186.1000061035,297.6000061035,183.1000061035,265.200012207,70554570
2021-05-28T04:00:00.000Z,318.1000061035,367.200012207,241.6999969482,261.200012207,66062360
2021-06-01T04:00:00.000Z,318.8999938965,335.299987793,285.299987793,320.3999938965,50869460
2021-06-02T04:00:00.000Z,375.200012207,726.200012207,355.8999938965,625.5,76646250
2021-06-03T04:00:00.000Z,581.0,688.0,376.6000061035,513.4000244141,59814220
2021-06-04T04:00:00.000Z,487.8999938965,574.799987793,460.3999938965,479.1000061035,33771010
2021-06-07T04:00:00.000Z,523.799987793,596.799987793,515.0,550.0,34909490
2021-06-08T04:00:00.000Z,571.5999755859,606.200012207,527.700012207,550.5,21449030
2021-06-09T04:00:00.000Z,522.0,533.9000244141,481.200012207,493.3999938965,15036130
2021-06-10T04:00:00.000Z,479.299987793,515.0,397.1000061035,428.1000061035,22486060
2021-06-11T04:00:00.000Z,446.799987793,496.0,420.1000061035,494.0,21800660
2021-06-14T04:00:00.000Z,518.299987793,605.5,515.200012207,570.0,30146730
2021-06-15T04:00:00.000Z,583.9000244141,647.0999755859,567.299987793,590.4000244141,28558210
2021-06-16T04:00:00.000Z,561.4000244141,573.4000244141,518.5999755859,551.799987793,16645070
2021-06-17T04:00:00.000Z,540.0,638.299987793,529.799987793,607.299987793,30357600
2021-06-18T04:00:00.000Z,612.5999755859,649.5999755859,568.5,592.5999755859,24364590
2021-06-21T04:00:00.000Z,613.4000244141,630.0999755859,534.299987793,556.9000244141,18587610
2021-06-22T04:00:00.000Z,541.0,587.4000244141,510.5,582.700012207,16949410
2021-06-23T04:00:00.000Z,570.4000244141,611.0,568.0,583.0,11629180
2021-06-24T04:00:00.000Z,579.799987793,587.5999755859,556.5999755859,567.0,8035120
2021-06-25T04:00:00.000Z,557.5,562.9000244141,529.700012207,540.5999755859,7759690
2021-06-28T04:00:00.000Z,551.0,593.5999755859,543.299987793,581.0999755859,9931020
2021-06-29T04:00:00.000Z,590.5999755859,610.0,561.799987793,564.299987793,6360410
2021-06-30T04:00:00.000Z,560.0,581.799987793,546.5,566.799987793,5902060
2021-07-01T04:00:00.000Z,568.5999755859,577.0999755859,525.299987793,542.200012207,5754990
2021-07-02T04:00:00.000Z,527.700012207,532.5,477.700012207,519.5999755859,9027150
2021-07-06T04:00:00.000Z,534.5999755859,550.700012207,497.0,499.6000061035,6237030
2021-07-07T04:00:00.000Z,477.0,489.8999938965,428.0,450.700012207,9532020
2021-07-08T04:00:00.000Z,409.5,497.8999938965,387.6000061035,479.3999938965,14507820
2021-07-09T04:00:00.000Z,483.700012207,489.200012207,458.200012207,461.8999938965,5785860
2021-07-12T04:00:00.000Z,442.8999938965,465.5,420.700012207,426.1000061035,6298640
2021-07-13T04:00:00.000Z,405.700012207,421.3999938965,387.0,393.5,8680730
2021-07-14T04:00:00.000Z,388.0,391.299987793,332.3999938965,334.299987793,13783070
2021-07-15T04:00:00.000Z,322.0,374.0,321.3999938965,360.0,19958450
2021-07-16T04:00:00.000Z,378.299987793,385.5,343.0,349.6000061035,12682570
2021-07-19T04:00:00.000Z,329.5,353.3999938965,311.5,346.200012207,11289130
2021-07-20T04:00:00.000Z,351.3999938965,443.8999938965,351.299987793,430.8999938965,16867340
2021-07-21T04:00:00.000Z,418.0,465.5,401.1000061035,407.799987793,15802370
2021-07-22T04:00:00.000Z,401.6000061035,417.3999938965,371.5,372.3999938965,9398590
2021-07-23T04:00:00.000Z,377.799987793,384.0,346.8999938965,369.8999938965,8547480
2021-07-26T04:00:00.000Z,383.200012207,408.5,375.700012207,402.8999938965,9797760
2021-07-27T04:00:00.000Z,399.8999938965,403.0,370.6000061035,380.1000061035,5528890
2021-07-28T04:00:00.000Z,374.1000061035,395.6000061035,360.799987793,389.0,7102140
2021-07-29T04:00:00.000Z,380.0,402.5,374.700012207,381.299987793,5944620
2021-07-30T04:00:00.000Z,375.3999938965,391.8999938965,367.8999938965,370.200012207,5299620
2021-08-02T04:00:00.000Z,375.799987793,384.799987793,350.1000061035,352.0,5906170
2021-08-03T04:00:00.000Z,351.6000061035,352.1000061035,327.799987793,335.8999938965,6174010
2021-08-04T04:00:00.000Z,344.299987793,352.3999938965,298.1000061035,298.3999938965,8549660
2021-08-05T04:00:00.000Z,310.799987793,341.200012207,289.1000061035,335.1000061035,10856510
2021-08-06T04:00:00.000Z,334.200012207,335.799987793,315.700012207,327.0,5285880
2021-08-09T04:00:00.000Z,326.799987793,353.799987793,323.5,338.0,8105460
2021-08-10T04:00:00.000Z,369.0,371.6000061035,314.3999938965,317.5,11618150
2021-08-11T04:00:00.000Z,315.799987793,319.1000061035,294.0,315.5,6968430
2021-08-12T04:00:00.000Z,309.1000061035,341.0,307.5,330.700012207,7105000
2021-08-13T04:00:00.000Z,322.0,344.799987793,318.799987793,334.700012207,5799080
2021-08-16T04:00:00.000Z,338.5,361.799987793,327.1000061035,356.8999938965,8650660
2021-08-17T04:00:00.000Z,349.8999938965,387.799987793,345.8999938965,371.6000061035,8686890
2021-08-18T04:00:00.000Z,373.200012207,387.0,364.8999938965,365.5,5794800
2021-08-19T04:00:00.000Z,365.8999938965,367.799987793,333.299987793,338.200012207,4792060
2021-08-20T04:00:00.000Z,339.0,346.0,322.0,344.1000061035,5543260
2021-08-23T04:00:00.000Z,350.299987793,379.299987793,344.0,367.799987793,7531930
2021-08-24T04:00:00.000Z,371.8999938965,482.0,363.5,442.6000061035,22848960
2021-08-25T04:00:00.000Z,449.0,483.0,431.700012207,439.6000061035,20927150
2021-08-26T04:00:00.000Z,427.8999938965,447.799987793,400.700012207,403.1000061035,10971020
2021-08-27T04:00:00.000Z,400.1000061035,415.799987793,393.8999938965,408.3999938965,7250740
2021-08-30T04:00:00.000Z,417.799987793,457.1000061035,412.799987793,433.299987793,10837090
2021-08-31T04:00:00.000Z,441.6000061035,471.6000061035,440.5,471.299987793,12765960
2021-09-01T04:00:00.000Z,471.6000061035,478.5,430.5,436.8999938965,8277240
2021-09-02T04:00:00.000Z,438.700012207,449.0,423.700012207,443.799987793,6784880
2021-09-03T04:00:00.000Z,435.3999938965,448.0,424.700012207,440.200012207,5210950
2021-09-07T04:00:00.000Z,450.0,479.299987793,448.799987793,478.299987793,10213370
2021-09-08T04:00:00.000Z,470.299987793,494.0,457.299987793,474.0,9737290
2021-09-09T04:00:00.000Z,462.299987793,490.0,453.6000061035,485.200012207,8596090
2021-09-10T04:00:00.000Z,491.5,517.0,489.5,501.6000061035,9015270
2021-09-13T04:00:00.000Z,518.200012207,527.9000244141,503.5,516.9000244141,7511100
2021-09-14T04:00:00.000Z,509.0,515.5,469.6000061035,473.0,6585030
2021-09-15T04:00:00.000Z,464.299987793,477.3999938965,437.700012207,468.3999938965,7621420
2021-09-16T04:00:00.000Z,464.799987793,486.8999938965,459.5,460.3999938965,5758190
2021-09-17T04:00:00.000Z,461.0,463.799987793,442.0,442.0,6854900
2021-09-20T04:00:00.000Z,419.5,433.299987793,385.299987793,402.8999938965,7080760
2021-09-21T04:00:00.000Z,409.700012207,414.8999938965,376.5,388.200012207,6469630
2021-09-22T04:00:00.000Z,385.0,405.700012207,377.3999938965,400.799987793,5244130
2021-09-23T04:00:00.000Z,410.6000061035,418.5,398.5,399.799987793,4127110
2021-09-24T04:00:00.000Z,398.1000061035,405.200012207,392.5,400.1000061035,3255590
2021-09-27T04:00:00.000Z,401.200012207,406.299987793,392.1000061035,393.0,3122550
2021-09-28T04:00:00.000Z,389.0,391.299987793,368.799987793,369.8999938965,3952330
2021-09-29T04:00:00.000Z,372.5,382.6000061035,353.700012207,355.3999938965,4300780
2021-09-30T04:00:00.000Z,351.8999938965,417.799987793,337.3999938965,380.6000061035,10281980
2021-10-01T04:00:00.000Z,394.1000061035,401.299987793,377.5,384.6000061035,6591900
2021-10-04T04:00:00.000Z,389.0,390.299987793,363.299987793,367.700012207,3994320
2021-10-05T04:00:00.000Z,368.6000061035,381.0,361.8999938965,370.6000061035,3770280
2021-10-06T04:00:00.000Z,363.6000061035,376.5,356.3999938965,368.299987793,3545050
2021-10-07T04:00:00.000Z,367.799987793,385.5,366.0,381.3999938965,3770430
2021-10-08T04:00:00.000Z,379.200012207,387.799987793,370.6000061035,371.8999938965,2964310
2021-10-11T04:00:00.000Z,368.5,386.6000061035,363.0,372.5,3735140
2021-10-12T04:00:00.000Z,372.5,375.700012207,362.200012207,368.200012207,2522340
2021-10-13T04:00:00.000Z,367.200012207,381.5,361.200012207,379.1000061035,3348450
2021-10-14T04:00:00.000Z,378.0,411.0,377.5,400.700012207,6768820
2021-10-15T04:00:00.000Z,402.0,417.8999938965,397.799987793,407.3999938965,4652470
2021-10-18T04:00:00.000Z,408.0,436.299987793,404.8999938965,430.299987793,5009630
2021-10-19T04:00:00.000Z,429.6000061035,444.3999938965,407.3999938965,408.0,5276920
2021-10-20T04:00:00.000Z,406.5,417.5,403.0,408.799987793,3122000
2021-10-21T04:00:00.000Z,408.8999938965,419.3999938965,388.0,392.3999938965,3397760
2021-10-22T04:00:00.000Z,373.1000061035,376.700012207,359.6000061035,366.0,4632420
2021-10-25T04:00:00.000Z,362.299987793,378.5,357.799987793,368.299987793,3090540
2021-10-26T04:00:00.000Z,365.299987793,374.0,357.799987793,360.5,2767480
2021-10-27T04:00:00.000Z,363.299987793,367.8999938965,345.799987793,347.6000061035,2590410
2021-10-28T04:00:00.000Z,350.8999938965,360.700012207,348.6000061035,352.299987793,2381220
2021-10-29T04:00:00.000Z,353.3999938965,366.299987793,345.299987793,353.700012207,3284150
2021-11-01T04:00:00.000Z,356.5,371.8999938965,353.8999938965,370.700012207,3405460
2021-11-02T04:00:00.000Z,376.200012207,388.0,366.299987793,387.8999938965,4436170
2021-11-03T04:00:00.000Z,409.8999938965,442.1000061035,388.799987793,407.8999938965,8219800
2021-11-04T04:00:00.000Z,403.8999938965,413.0,391.1000061035,400.5,2855370
2021-11-05T04:00:00.000Z,411.6000061035,419.700012207,399.299987793,417.0,4007700
2021-11-08T05:00:00.000Z,424.799987793,459.5,417.700012207,450.6000061035,7034780
2021-11-09T05:00:00.000Z,424.299987793,426.0,392.5,399.299987793,3789350
2021-11-10T05:00:00.000Z,387.8999938965,408.700012207,380.5,382.8999938965,3246360
2021-11-11T05:00:00.000Z,380.0,402.0,375.0,394.6000061035,3047410
2021-11-12T05:00:00.000Z,396.0,404.3999938965,391.200012207,400.0,2362310
2021-11-15T05:00:00.000Z,403.5,432.299987793,402.1000061035,426.799987793,3991880
2021-11-16T05:00:00.000Z,419.700012207,444.299987793,412.299987793,426.0,3838820
2021-11-17T05:00:00.000Z,423.3999938965,440.0,420.200012207,421.299987793,2332200
2021-11-18T05:00:00.000Z,423.8999938965,424.0,397.799987793,404.1000061035,2526200
2021-11-19T05:00:00.000Z,402.0,413.799987793,396.6000061035,408.700012207,2069230
2021-11-22T05:00:00.000Z,415.1000061035,429.8999938965,402.8999938965,412.3999938965,2883180
2021-11-23T05:00:00.000Z,412.5,420.299987793,380.700012207,391.6000061035,2738650
2021-11-24T05:00:00.000Z,391.3999938965,393.299987793,375.5,388.8999938965,1827080
2021-11-26T05:00:00.000Z,362.8999938965,381.6000061035,361.299987793,376.299987793,1973180
2021-11-29T05:00:00.000Z,382.6000061035,384.299987793,359.200012207,368.3999938965,2406380
2021-11-30T05:00:00.000Z,367.700012207,370.5,327.5,339.3999938965,4135480
2021-12-01T05:00:00.000Z,347.1000061035,349.3999938965,268.5,285.700012207,6329610
2021-12-02T05:00:00.000Z,292.700012207,312.200012207,270.1000061035,302.799987793,5490130
2021-12-03T05:00:00.000Z,308.299987793,310.6000061035,253.1000061035,290.1000061035,6618860
2021-12-06T05:00:00.000Z,281.0,304.700012207,271.5,287.8999938965,4506740
2021-12-07T05:00:00.000Z,300.299987793,316.799987793,295.0,310.3999938965,4792710
2021-12-08T05:00:00.000Z,307.799987793,339.200012207,297.700012207,323.5,4624150
2021-12-09T05:00:00.000Z,317.5,329.5,293.1000061035,294.6000061035,3655680
2021-12-10T05:00:00.000Z,293.5,299.299987793,260.0,274.3999938965,5885890
2021-12-13T05:00:00.000Z,274.8999938965,276.299987793,224.6000061035,232.3999938965,8419980
2021-12-14T05:00:00.000Z,209.1000061035,251.1999969482,208.0,245.0,10704580
2021-12-15T05:00:00.000Z,246.0,252.8000030518,225.3000030518,246.6000061035,5320820
2021-12-16T05:00:00.000Z,253.5,258.700012207,240.8000030518,244.5,4370240
2021-12-17T05:00:00.000Z,243.8999938965,307.1000061035,236.5,291.200012207,14475310
2021-12-20T05:00:00.000Z,289.6000061035,307.0,281.1000061035,297.0,6693820
2021-12-21T05:00:00.000Z,294.0,322.299987793,290.5,303.0,4685250
2021-12-22T05:00:00.000Z,299.3999938965,304.799987793,280.3999938965,286.799987793,3698380
2021-12-23T05:00:00.000Z,288.6000061035,294.299987793,268.200012207,285.200012207,3700590
2021-12-27T05:00:00.000Z,283.5,293.8999938965,270.1000061035,287.0,3078560
2021-12-28T05:00:00.000Z,281.799987793,297.3999938965,275.8999938965,277.200012207,3158810
2021-12-29T05:00:00.000Z,277.5,283.5,266.200012207,279.5,3098340
2021-12-30T05:00:00.000Z,279.1000061035,301.8999938965,276.799987793,289.3999938965,3605640
2021-12-31T05:00:00.000Z,287.6000061035,294.0,271.1000061035,272.0,2340800
2022-01-03T05:00:00.000Z,274.200012207,281.299987793,264.200012207,265.200012207,2674090
2022-01-04T05:00:00.000Z,266.700012207,266.700012207,246.3999938965,254.8999938965,3334790
2022-01-05T05:00:00.000Z,251.6999969482,253.0,223.6000061035,227.5,4517210
2022-01-06T05:00:00.000Z,229.6000061035,237.6999969482,208.0,224.6000061035,5911270
2022-01-07T05:00:00.000Z,236.1000061035,243.0,224.3999938965,229.8999938965,4948100
2022-01-10T05:00:00.000Z,224.1999969482,228.6999969482,212.5,227.8000030518,3778400
2022-01-11T05:00:00.000Z,224.0,237.5,220.8999938965,227.8999938965,3606380
2022-01-12T05:00:00.000Z,228.6000061035,233.6000061035,220.5,227.1999969482,2747210
2022-01-13T05:00:00.000Z,226.5,231.5,205.3000030518,206.6000061035,4100500
2022-01-14T05:00:00.000Z,203.3000030518,210.8000030518,195.1000061035,205.6999969482,5699660
2022-01-18T05:00:00.000Z,197.8999938965,198.8999938965,178.0,188.3999938965,5567970
2022-01-19T05:00:00.000Z,185.3000030518,194.1999969482,180.3000030518,183.1999969482,3509680
2022-01-20T05:00:00.000Z,185.8999938965,201.6000061035,179.5,180.6999969482,5107870
2022-01-21T05:00:00.000Z,177.6999969482,185.6000061035,162.1999969482,179.6999969482,6518570
2022-01-24T05:00:00.000Z,162.3999938965,172.8999938965,142.3000030518,166.3999938965,8242470
2022-01-25T05:00:00.000Z,158.8999938965,166.1999969482,155.5,160.1999969482,4243460
2022-01-26T05:00:00.000Z,162.1000061035,181.6000061035,156.5,159.3999938965,7672290
2022-01-27T05:00:00.000Z,161.1000061035,165.8999938965,144.0,145.1999969482,5053020
2022-01-28T05:00:00.000Z,146.0,152.5,134.0,150.6000061035,5395160
2022-01-31T05:00:00.000Z,151.3999938965,162.5,150.0,160.6000061035,4144790
2022-02-01T05:00:00.000Z,181.5,187.1000061035,165.1999969482,168.6000061035,12442770
2022-02-02T05:00:00.000Z,165.5,170.6999969482,153.8000030518,154.1999969482,4862600
2022-02-03T05:00:00.000Z,150.3999938965,158.5,146.5,148.6999969482,3921510
2022-02-04T05:00:00.000Z,150.0,157.0,147.3999938965,153.5,3239650
2022-02-07T05:00:00.000Z,156.1999969482,160.0,146.8000030518,149.1000061035,2975520
2022-02-08T05:00:00.000Z,149.0,168.1999969482,146.5,164.3000030518,5127250
2022-02-09T05:00:00.000Z,163.0,190.0,161.3999938965,189.3999938965,7586740
2022-02-10T05:00:00.000Z,179.0,209.6000061035,178.5,185.8999938965,9895740
2022-02-11T05:00:00.000Z,186.1999969482,196.6000061035,183.3000030518,188.1000061035,6842590
2022-02-14T05:00:00.000Z,188.3000030518,193.6000061035,176.6000061035,177.5,4610670
2022-02-15T05:00:00.000Z,180.5,195.5,179.6000061035,194.8000030518,3985200
2022-02-16T05:00:00.000Z,193.5,205.8000030518,192.6000061035,196.6999969482,4944460
2022-02-17T05:00:00.000Z,194.8000030518,202.1000061035,184.6999969482,189.3999938965,4013020
2022-02-18T05:00:00.000Z,189.8999938965,192.0,176.8000030518,179.0,3195350
2022-02-22T05:00:00.000Z,173.6000061035,181.3000030518,161.1000061035,164.6999969482,4296850
2022-02-23T05:00:00.000Z,167.3000030518,170.1999969482,156.1999969482,157.3000030518,3015590
2022-02-24T05:00:00.000Z,149.6999969482,177.6999969482,149.6000061035,176.8000030518,5440570
2022-02-25T05:00:00.000Z,177.1000061035,178.6000061035,165.3000030518,176.6000061035,3694410
2022-02-28T05:00:00.000Z,180.0,193.3999938965,176.1000061035,188.6000061035,4277230
2022-03-01T05:00:00.000Z,190.0,194.3000030518,178.3000030518,183.1999969482,4400300
2022-03-02T05:00:00.000Z,180.1000061035,186.8999938965,173.1000061035,185.3000030518,3503820
2022-03-03T05:00:00.000Z,186.3000030518,187.0,178.0,180.6000061035,2482590
2022-03-04T05:00:00.000Z,180.5,183.1999969482,163.5,165.6999969482,3947460
2022-03-07T05:00:00.000Z,169.1000061035,171.0,149.0,152.1000061035,3950730
2022-03-08T05:00:00.000Z,151.5,162.6000061035,143.8000030518,153.8999938965,3537040
2022-03-09T05:00:00.000Z,157.1999969482,162.6999969482,154.3000030518,157.1000061035,2520640
2022-03-10T05:00:00.000Z,156.3000030518,158.1000061035,147.8000030518,153.1999969482,2566650
2022-03-11T05:00:00.000Z,153.1000061035,154.0,142.6999969482,143.0,2920290
2022-03-14T04:00:00.000Z,140.5,141.6000061035,129.0,135.6000061035,3295980
2022-03-15T04:00:00.000Z,137.6000061035,146.8999938965,131.6999969482,144.8000030518,4085310
2022-03-16T04:00:00.000Z,145.1000061035,156.8999938965,142.3000030518,152.3000030518,3910450
2022-03-17T04:00:00.000Z,149.1000061035,156.1000061035,148.6000061035,151.8999938965,2413040
2022-03-18T04:00:00.000Z,149.8000030518,159.0,149.6999969482,158.0,3199210
2022-03-21T04:00:00.000Z,156.8999938965,165.5,152.8000030518,158.6000061035,3425670
2022-03-22T04:00:00.000Z,158.8000030518,189.1000061035,157.5,182.6000061035,8179890
2022-03-23T04:00:00.000Z,187.5,223.5,181.8000030518,207.3999938965,17014260
2022-03-24T04:00:00.000Z,200.5,205.6999969482,188.6000061035,202.3000030518,6847170
2022-03-25T04:00:00.000Z,199.5,217.0,197.1000061035,202.3999938965,7181470
2022-03-28T04:00:00.000Z,206.1000061035,297.299987793,205.3000030518,293.299987793,22670410
2022-03-29T04:00:00.000Z,300.299987793,343.299987793,264.1000061035,294.3999938965,21229310
2022-03-30T04:00:00.000Z,285.6000061035,292.299987793,253.5,256.799987793,9538420
2022-03-31T04:00:00.000Z,247.6999969482,259.200012207,232.6000061035,246.3999938965,8923900
2022-04-01T04:00:00.000Z,251.3000030518,252.8000030518,223.3999938965,233.0,6573570
2022-04-04T04:00:00.000Z,234.8000030518,237.5,219.3999938965,233.1000061035,5145840
2022-04-05T04:00:00.000Z,231.8000030518,239.6000061035,210.0,212.1000061035,4162410
2022-04-06T04:00:00.000Z,206.5,219.1999969482,200.1000061035,203.8999938965,5221220
2022-04-07T04:00:00.000Z,206.3000030518,209.3999938965,186.3000030518,197.3000030518,5337050
2022-04-08T04:00:00.000Z,197.0,197.0,181.3000030518,182.3999938965,4267470
2022-04-11T04:00:00.000Z,180.3000030518,188.1999969482,177.1999969482,187.1999969482,3755460
2022-04-12T04:00:00.000Z,188.8000030518,190.1000061035,172.0,174.1999969482,4207310
2022-04-13T04:00:00.000Z,175.5,185.8000030518,169.3999938965,185.3000030518,3674880
2022-04-14T04:00:00.000Z,182.6999969482,186.8999938965,179.0,180.1999969482,2533370
2022-04-18T04:00:00.000Z,181.0,181.8999938965,169.6999969482,174.8000030518,2389260
2022-04-19T04:00:00.000Z,173.8000030518,189.1999969482,171.0,186.8000030518,3174490
2022-04-20T04:00:00.000Z,184.0,186.6000061035,173.0,173.3999938965,2391350
2022-04-21T04:00:00.000Z,174.1000061035,180.6999969482,166.6000061035,168.5,2637270
2022-04-22T04:00:00.000Z,171.1999969482,176.1000061035,161.0,165.1999969482,2643170
2022-04-25T04:00:00.000Z,163.8999938965,170.3000030518,162.8999938965,169.6000061035,2644420
2022-04-26T04:00:00.000Z,168.8999938965,170.8999938965,154.8999938965,155.0,2473280
2022-04-27T04:00:00.000Z,153.8999938965,162.5,152.5,158.5,2660590
2022-04-28T04:00:00.000Z,157.1000061035,161.3000030518,147.0,156.3999938965,2985770
2022-04-29T04:00:00.000Z,156.3000030518,160.5,152.1999969482,153.0,2134270
2022-05-02T04:00:00.000Z,151.0,154.8999938965,146.1000061035,152.6000061035,2388320
2022-05-03T04:00:00.000Z,151.6000061035,161.1000061035,147.3000030518,155.1000061035,3183430
2022-05-04T04:00:00.000Z,152.1999969482,159.1000061035,146.8000030518,157.1999969482,2642170
2022-05-05T04:00:00.000Z,156.8000030518,157.8999938965,143.6000061035,146.8999938965,2698760
2022-05-06T04:00:00.000Z,146.6000061035,148.3999938965,135.1999969482,137.6000061035,3303310
2022-05-09T04:00:00.000Z,136.3000030518,136.3000030518,124.3000030518,125.1999969482,4073220
2022-05-10T04:00:00.000Z,131.5,140.1000061035,115.0,118.4000015259,5569340
2022-05-11T04:00:00.000Z,115.5999984741,116.5,99.0999984741,103.6999969482,5850870
2022-05-12T04:00:00.000Z,100.5,137.1000061035,97.0,112.0,10488780
2022-05-13T04:00:00.000Z,121.0999984741,124.9000015259,114.9000015259,118.0999984741,5812930
2022-05-16T04:00:00.000Z,119.0,126.5999984741,115.0,117.0999984741,4096000
2022-05-17T04:00:00.000Z,120.5999984741,129.1999969482,118.4000015259,129.0,3818350
2022-05-18T04:00:00.000Z,127.3000030518,142.1999969482,125.0999984741,127.5999984741,5372940
2022-05-19T04:00:00.000Z,127.6999969482,135.0,126.5999984741,130.8000030518,5044360
2022-05-20T04:00:00.000Z,131.8000030518,133.5,114.3000030518,120.3000030518,4138790
2022-05-23T04:00:00.000Z,120.0999984741,120.1999969482,114.5,115.8000030518,2485440
2022-05-24T04:00:00.000Z,113.3000030518,113.9000015259,103.0,103.9000015259,3768930
2022-05-25T04:00:00.000Z,104.8000030518,118.8000030518,104.0,118.8000030518,5362800
2022-05-26T04:00:00.000Z,117.5,128.8000030518,115.9000015259,122.3000030518,7100240
2022-05-27T04:00:00.000Z,126.5,144.6999969482,124.0,144.3000030518,8990600
2022-05-31T04:00:00.000Z,157.5,161.3000030518,139.3000030518,143.3999938965,10697510
2022-06-01T04:00:00.000Z,140.1000061035,143.1999969482,128.0,128.1000061035,5553970
2022-06-02T04:00:00.000Z,126.9000015259,135.3999938965,123.0,133.0,4530990
2022-06-03T04:00:00.000Z,127.8000030518,130.6000061035,121.8000030518,124.5,3922600
2022-06-06T04:00:00.000Z,124.1999969482,125.8000030518,117.6999969482,119.5,3453790
2022-06-07T04:00:00.000Z,120.1999969482,132.5,118.0999984741,130.6999969482,4037060
2022-06-08T04:00:00.000Z,128.0,142.5,127.0999984741,135.1999969482,5174220
2022-06-09T04:00:00.000Z,133.6999969482,135.3000030518,125.6999969482,127.8000030518,3225480
2022-06-10T04:00:00.000Z,126.3000030518,127.3000030518,120.6999969482,124.3000030518,2650990
2022-06-13T04:00:00.000Z,119.0999984741,122.0,110.9000015259,114.8000030518,2791600
2022-06-14T04:00:00.000Z,115.1999969482,120.5,111.0999984741,119.1999969482,2572350
2022-06-15T04:00:00.000Z,115.5,129.6999969482,115.4000015259,127.6999969482,3721360
2022-06-16T04:00:00.000Z,122.1999969482,125.0,114.3000030518,117.9000015259,2651810
2022-06-17T04:00:00.000Z,118.5999984741,127.0999984741,118.5999984741,125.3000030518,3304230
2022-06-21T04:00:00.000Z,127.5,129.3000030518,122.1999969482,125.0,3035740
2022-06-22T04:00:00.000Z,125.0,132.1999969482,123.6999969482,126.0,2666070
2022-06-23T04:00:00.000Z,127.9000015259,128.1000061035,114.4000015259,120.5,3607310
2022-06-24T04:00:00.000Z,121.6999969482,125.6999969482,119.3000030518,124.6999969482,8075900
2022-06-27T04:00:00.000Z,125.8000030518,147.5,123.0999984741,141.3000030518,7760190
2022-06-28T04:00:00.000Z,140.0,143.0,133.1000061035,133.8000030518,3967710
2022-06-29T04:00:00.000Z,130.6999969482,138.8999938965,128.0,136.5,2769040
2022-06-30T04:00:00.000Z,134.0,138.5,129.1000061035,135.5,2534830
2022-07-01T04:00:00.000Z,134.8000030518,143.1000061035,132.6000061035,135.3000030518,3095260
2022-07-05T04:00:00.000Z,135.5,135.8000030518,125.5999984741,127.8000030518,3026100
2022-07-06T04:00:00.000Z,126.8000030518,130.3999938965,121.5999984741,125.6999969482,2576210
2022-07-07T04:00:00.000Z,125.4000015259,146.8999938965,124.0999984741,144.8000030518,6276320
2022-07-08T04:00:00.000Z,138.8999938965,153.1999969482,138.3999938965,146.6000061035,4892080
2022-07-11T04:00:00.000Z,144.8999938965,149.8999938965,140.6999969482,149.5,3239440
2022-07-12T04:00:00.000Z,149.5,161.3999938965,148.1000061035,156.0,5283530
2022-07-13T04:00:00.000Z,150.5,159.3000030518,149.0,151.3999938965,3666670
2022-07-14T04:00:00.000Z,149.5,156.8000030518,147.3000030518,150.6000061035,3530270
2022-07-15T04:00:00.000Z,152.6999969482,153.8999938965,147.1000061035,153.6999969482,2614440
2022-07-18T04:00:00.000Z,156.0,169.6000061035,155.3000030518,165.3999938965,5404050
2022-07-19T04:00:00.000Z,174.1000061035,178.1999969482,162.5,163.6000061035,5052150
2022-07-20T04:00:00.000Z,165.1999969482,177.3000030518,163.3000030518,175.1999969482,4758290
2022-07-21T04:00:00.000Z,179.0,183.6999969482,169.5,170.0,3935000
2022-07-22T04:00:00.000Z,167.0,168.8000030518,152.8000030518,155.0,3146990
2022-07-25T04:00:00.000Z,155.5,155.6999969482,148.0,149.1000061035,2068440
2022-07-26T04:00:00.000Z,146.6000061035,147.3000030518,139.3999938965,140.3000030518,2131710
2022-07-27T04:00:00.000Z,142.3000030518,145.3999938965,138.1999969482,144.8000030518,2319200
2022-07-28T04:00:00.000Z,146.3000030518,152.8999938965,142.0,145.8000030518,2461870
2022-07-29T04:00:00.000Z,143.1000061035,148.6999969482,140.3999938965,145.6000061035,1822250
2022-08-01T04:00:00.000Z,143.3000030518,155.0,143.1999969482,153.6999969482,2391970
2022-08-02T04:00:00.000Z,154.5,169.8999938965,153.1000061035,168.6000061035,4273420
2022-08-03T04:00:00.000Z,172.0,182.6999969482,167.8000030518,182.1000061035,4195190
2022-08-04T04:00:00.000Z,189.8000030518,197.5,182.5,186.6000061035,6658550
2022-08-05T04:00:00.000Z,169.6999969482,227.6999969482,165.0,221.8000030518,12578020
2022-08-08T04:00:00.000Z,240.6000061035,275.0,231.0,239.6000061035,13281920
2022-08-09T04:00:00.000Z,232.0,238.5,217.3999938965,224.5,6236800
2022-08-10T04:00:00.000Z,233.8999938965,238.0,207.3000030518,236.6999969482,6415700
2022-08-11T04:00:00.000Z,240.6999969482,260.799987793,236.8000030518,254.6000061035,7933790
2022-08-12T04:00:00.000Z,269.3999938965,272.0,239.6000061035,244.3999938965,7338600
2022-08-15T04:00:00.000Z,240.6999969482,244.8999938965,226.6999969482,242.1000061035,5018270
2022-08-16T04:00:00.000Z,240.1000061035,261.6000061035,234.0,248.1000061035,7230110
2022-08-17T04:00:00.000Z,245.8999938965,254.5,212.8000030518,213.6000061035,5941200
2022-08-18T04:00:00.000Z,218.6000061035,220.8999938965,191.1999969482,192.8999938965,5042900
2022-08-19T04:00:00.000Z,180.3999938965,189.6000061035,175.0,180.1999969482,5246150
2022-08-22T04:00:00.000Z,113.3000030518,130.5,103.0,104.5999984741,15115870
2022-08-23T04:00:00.000Z,107.1999969482,109.4000015259,94.6999969482,95.5999984741,8018810
2022-08-24T04:00:00.000Z,95.9000015259,99.0,92.3000030518,95.8000030518,5047830
2022-08-25T04:00:00.000Z,97.8000030518,99.4000015259,93.0999984741,95.6999969482,3159630
2022-08-26T04:00:00.000Z,95.8000030518,96.6999969482,89.5999984741,91.6999969482,3639550
2022-08-29T04:00:00.000Z,90.4000015259,96.0999984741,89.0999984741,94.6999969482,3960260
2022-08-30T04:00:00.000Z,95.9000015259,96.4000015259,90.3000030518,92.6999969482,2516750
2022-08-31T04:00:00.000Z,91.0999984741,92.8000030518,86.8000030518,91.1999969482,3300970
2022-09-01T04:00:00.000Z,90.3000030518,90.3000030518,83.0,85.8000030518,2633560
2022-09-02T04:00:00.000Z,87.8000030518,91.6999969482,83.5,88.8000030518,2761470
2022-09-06T04:00:00.000Z,86.5,87.5,81.6999969482,81.9000015259,2086660
2022-09-07T04:00:00.000Z,80.6999969482,84.5999984741,78.9000015259,83.9000015259,2174820
2022-09-08T04:00:00.000Z,83.0,87.1999969482,82.4000015259,86.4000015259,1670860
2022-09-09T04:00:00.000Z,88.5999984741,97.3000030518,87.8000030518,97.1999969482,3635280
2022-09-12T04:00:00.000Z,100.0999984741,107.5,98.5,102.1999969482,4722560
2022-09-13T04:00:00.000Z,96.3000030518,98.9000015259,94.5,97.1999969482,2491120
2022-09-14T04:00:00.000Z,95.1999969482,99.3000030518,92.0999984741,99.0999984741,2207820
2022-09-15T04:00:00.000Z,97.5,103.9000015259,97.0999984741,98.8000030518,2506030
2022-09-16T04:00:00.000Z,96.1999969482,96.8000030518,89.8000030518,89.8000030518,3198960
2022-09-19T04:00:00.000Z,90.6999969482,93.5,88.5,91.8000030518,2354160
2022-09-20T04:00:00.000Z,92.3000030518,93.1999969482,86.1999969482,87.0999984741,1718690
2022-09-21T04:00:00.000Z,87.3000030518,89.5999984741,84.5999984741,86.0,2021340
2022-09-22T04:00:00.000Z,86.1999969482,86.5999984741,77.3000030518,78.5,2692730
2022-09-23T04:00:00.000Z,77.1999969482,81.4000015259,76.5,79.9000015259,1991010
2022-09-26T04:00:00.000Z,76.5,79.6999969482,68.0999984741,68.3000030518,4328480
2022-09-27T04:00:00.000Z,71.5999984741,75.1999969482,69.8000030518,74.5,3336010
2022-09-28T04:00:00.000Z,73.0,77.0999984741,71.0999984741,76.6999969482,2445950
2022-09-29T04:00:00.000Z,74.5999984741,76.0999984741,69.0,71.0,2250200
2022-09-30T04:00:00.000Z,69.6999969482,72.8000030518,68.1999969482,69.6999969482,1655700
2022-10-03T04:00:00.000Z,68.4000015259,69.5,66.0999984741,68.8000030518,2149990
2022-10-04T04:00:00.000Z,69.8000030518,81.3000030518,69.6999969482,78.3000030518,4254830
2022-10-05T04:00:00.000Z,75.5,75.5,70.4000015259,73.3000030518,2269970
2022-10-06T04:00:00.000Z,73.8000030518,76.1999969482,71.1999969482,71.1999969482,1934560
2022-10-07T04:00:00.000Z,71.0,71.0,64.0,65.3000030518,2343620
2022-10-10T04:00:00.000Z,64.5999984741,69.3000030518,62.7000007629,63.5,2339270
2022-10-11T04:00:00.000Z,64.0,64.8000030518,60.7000007629,61.2000007629,2262150
2022-10-12T04:00:00.000Z,61.2000007629,62.4000015259,56.2000007629,58.5,3249180
2022-10-13T04:00:00.000Z,56.2999992371,62.7999992371,54.7000007629,60.4000015259,2956550
2022-10-14T04:00:00.000Z,62.0999984741,63.5,59.5,60.0,2189850
2022-10-17T04:00:00.000Z,61.7999992371,64.8000030518,60.9000015259,63.5999984741,1858070
2022-10-18T04:00:00.000Z,66.0,68.0,63.7000007629,65.0999984741,2204140
2022-10-19T04:00:00.000Z,64.0999984741,65.0,60.5,61.0999984741,1366610
2022-10-20T04:00:00.000Z,62.0,65.8000030518,61.2999992371,63.5,1730940
2022-10-21T04:00:00.000Z,63.5,65.6999969482,62.2000007629,64.9000015259,1494440
2022-10-24T04:00:00.000Z,64.5999984741,65.5,62.0,63.5999984741,1436310
2022-10-25T04:00:00.000Z,63.0,70.0,62.7000007629,67.5,2679820
2022-10-26T04:00:00.000Z,65.4000015259,71.0999984741,65.0,66.4000015259,2217760
2022-10-27T04:00:00.000Z,68.3000030518,69.3000030518,64.9000015259,65.0999984741,1387330
2022-10-28T04:00:00.000Z,65.5,67.0,63.5999984741,65.0999984741,1566860
2022-10-31T04:00:00.000Z,68.1999969482,72.5,65.4000015259,66.5999984741,3485910
2022-11-01T04:00:00.000Z,67.5999984741,68.5,61.2999992371,61.5,2135430
2022-11-02T04:00:00.000Z,62.5999984741,63.2999992371,57.9000015259,58.0999984741,2211280
2022-11-03T04:00:00.000Z,57.5,58.5,55.7999992371,57.0,1654320
2022-11-04T04:00:00.000Z,58.2999992371,58.5,54.2000007629,56.5,1813460
2022-11-07T05:00:00.000Z,55.5999984741,56.0999984741,51.7000007629,53.2999992371,2003790
2022-11-08T05:00:00.000Z,53.7999992371,56.2000007629,53.0,56.2000007629,2718980
2022-11-09T05:00:00.000Z,53.7000007629,53.9000015259,50.5,51.9000015259,2571120
2022-11-10T05:00:00.000Z,55.0,62.7000007629,53.5,61.2999992371,4005250
2022-11-11T05:00:00.000Z,60.0999984741,72.8000030518,59.2999992371,72.0,4382230
2022-11-14T05:00:00.000Z,80.1999969482,83.5,72.9000015259,73.4000015259,5308390
2022-11-15T05:00:00.000Z,78.3000030518,81.9000015259,74.5999984741,79.5,4434980
2022-11-16T05:00:00.000Z,77.4000015259,78.0,71.5999984741,75.3000030518,2992970
2022-11-17T05:00:00.000Z,72.9000015259,74.1999969482,71.0,73.9000015259,1712000
2022-11-18T05:00:00.000Z,75.3000030518,78.4000015259,73.4000015259,75.9000015259,2157210
2022-11-21T05:00:00.000Z,73.0,75.5999984741,70.5,72.6999969482,1689270
2022-11-22T05:00:00.000Z,72.0999984741,75.0999984741,70.6999969482,73.1999969482,1459190
2022-11-23T05:00:00.000Z,73.5,79.9000015259,72.8000030518,76.4000015259,3750900
2022-11-25T05:00:00.000Z,76.5999984741,77.4000015259,75.0,75.0999984741,828760
2022-11-28T05:00:00.000Z,74.4000015259,74.4000015259,71.1999969482,73.3000030518,1787320
2022-11-29T05:00:00.000Z,72.9000015259,76.1999969482,70.8000030518,74.3000030518,1631780
2022-11-30T05:00:00.000Z,74.8000030518,74.8000030518,69.5999984741,72.3000030518,4491380
2022-12-01T05:00:00.000Z,72.9000015259,91.5,72.0999984741,81.6999969482,9670850
2022-12-02T05:00:00.000Z,81.8000030518,86.3000030518,79.1999969482,81.6999969482,3476560
2022-12-05T05:00:00.000Z,81.8000030518,85.4000015259,74.0999984741,74.5,2831340
2022-12-06T05:00:00.000Z,74.5999984741,74.8000030518,66.8000030518,67.5,2618810
2022-12-07T05:00:00.000Z,67.6999969482,71.3000030518,60.0,60.5,3923440
2022-12-08T05:00:00.000Z,62.4000015259,67.0,59.7000007629,60.7000007629,3049640
2022-12-09T05:00:00.000Z,60.5,61.2999992371,58.0999984741,59.4000015259,2315640
2022-12-12T05:00:00.000Z,59.9000015259,60.0,56.0999984741,59.5,1752380
2022-12-13T05:00:00.000Z,65.0,65.0999984741,55.2999992371,57.2000007629,3493240
2022-12-14T05:00:00.000Z,57.7000007629,58.7999992371,56.0999984741,57.5,2215590
2022-12-15T05:00:00.000Z,56.0,60.5,55.2999992371,56.0,2870650
2022-12-16T05:00:00.000Z,56.5,57.2999992371,51.2999992371,53.0999984741,2969450
2022-12-19T05:00:00.000Z,52.2999992371,53.2000007629,47.7999992371,48.9000015259,2949140
2022-12-20T05:00:00.000Z,48.7000007629,51.5,47.4000015259,50.7999992371,2227380
2022-12-21T05:00:00.000Z,51.4000015259,53.7000007629,50.5,53.0,1960760
2022-12-22T05:00:00.000Z,41.4000015259,49.7999992371,41.0999984741,49.0999984741,5546140
2022-12-23T05:00:00.000Z,47.0,48.2000007629,43.0999984741,44.0,3031110
2022-12-27T05:00:00.000Z,42.0,42.0999984741,40.0,40.2999992371,2167650
2022-12-28T05:00:00.000Z,40.0999984741,41.2999992371,38.0999984741,38.4000015259,2974430
2022-12-29T05:00:00.000Z,39.0,41.9000015259,38.5999984741,41.4000015259,2122530
2022-12-30T05:00:00.000Z,40.4000015259,40.9000015259,39.0,40.7000007629,1845080
2023-01-03T05:00:00.000Z,41.4000015259,43.9000015259,38.7000007629,39.2999992371,2210050
2023-01-04T05:00:00.000Z,40.0,41.5999984741,38.4000015259,40.9000015259,1799930
2023-01-05T05:00:00.000Z,40.2999992371,40.5999984741,38.5999984741,39.5999984741,1275740
2023-01-06T05:00:00.000Z,39.7999992371,39.9000015259,37.7000007629,38.5,1530540
2023-01-09T05:00:00.000Z,39.2000007629,40.2000007629,37.9000015259,39.2999992371,1716400
2023-01-10T05:00:00.000Z,39.0999984741,40.7999992371,39.0999984741,40.5999984741,1284460
2023-01-11T05:00:00.000Z,44.2999992371,49.7999992371,43.0999984741,49.2000007629,5399500
2023-01-12T05:00:00.000Z,50.9000015259,53.5,47.4000015259,50.2000007629,4196120
2023-01-13T05:00:00.000Z,48.4000015259,51.4000015259,47.7000007629,50.5999984741,2592030
2023-01-17T05:00:00.000Z,53.7000007629,61.7000007629,50.5999984741,60.7000007629,5760720
2023-01-18T05:00:00.000Z,63.7000007629,65.5,54.5999984741,56.5,6212540
2023-01-19T05:00:00.000Z,54.7000007629,56.5,52.5999984741,55.2000007629,2973490
2023-01-20T05:00:00.000Z,55.2999992371,58.0999984741,54.5,55.2000007629,3127190
2023-01-23T05:00:00.000Z,55.2999992371,59.2000007629,54.2000007629,56.5999984741,3409290
2023-01-24T05:00:00.000Z,54.0,59.5,54.0,55.0,2429390
2023-01-25T05:00:00.000Z,54.2999992371,54.7000007629,52.7999992371,53.2999992371,2297510
2023-01-26T05:00:00.000Z,55.0,56.0999984741,51.0,52.7999992371,2159770
2023-01-27T05:00:00.000Z,52.5,56.2000007629,51.0,55.0999984741,3346960
2023-01-30T05:00:00.000Z,52.7999992371,53.4000015259,49.5,50.0999984741,3411680
2023-01-31T05:00:00.000Z,51.0,53.5,50.0,53.5,2188140
2023-02-01T05:00:00.000Z,53.0,58.0,52.7000007629,57.0999984741,3697090
2023-02-02T05:00:00.000Z,62.7999992371,64.5,59.2999992371,60.7999992371,4969090
2023-02-03T05:00:00.000Z,61.0,67.6999969482,60.2999992371,60.7999992371,5235340
2023-02-06T05:00:00.000Z,63.0999984741,73.3000030518,60.5,68.0,6251390
2023-02-07T05:00:00.000Z,69.4000015259,69.5999984741,60.5,61.7999992371,4741100
2023-02-08T05:00:00.000Z,61.2000007629,61.2999992371,56.0999984741,57.2000007629,3142440
2023-02-09T05:00:00.000Z,58.7000007629,58.7999992371,51.4000015259,53.5999984741,2911330
2023-02-10T05:00:00.000Z,52.0999984741,52.0999984741,46.4000015259,49.0,3867080
2023-02-13T05:00:00.000Z,47.5,49.0999984741,45.7999992371,46.7999992371,2621940
2023-02-14T05:00:00.000Z,45.5,46.2000007629,43.9000015259,45.0,3619920
2023-02-15T05:00:00.000Z,45.5999984741,52.7000007629,45.2999992371,51.7000007629,4642310
2023-02-16T05:00:00.000Z,52.4000015259,54.9000015259,50.5,52.5,3208550
2023-02-17T05:00:00.000Z,53.2000007629,55.2999992371,52.0999984741,52.4000015259,2759240
2023-02-21T05:00:00.000Z,54.7000007629,62.0,54.4000015259,61.0,7351300
2023-02-22T05:00:00.000Z,64.1999969482,67.9000015259,60.2000007629,62.5999984741,6866720
2023-02-23T05:00:00.000Z,62.9000015259,66.5,59.0999984741,62.2999992371,4214430
2023-02-24T05:00:00.000Z,61.2999992371,62.4000015259,59.9000015259,62.0,2339820
2023-02-27T05:00:00.000Z,63.0999984741,81.9000015259,61.9000015259,76.0999984741,12267760
2023-02-28T05:00:00.000Z,77.8000030518,85.3000030518,71.0999984741,71.4000015259,11345850
2023-03-01T05:00:00.000Z,68.0,71.0999984741,64.5999984741,65.6999969482,4117740
2023-03-02T05:00:00.000Z,62.4000015259,63.7000007629,59.0,61.0,2819120
2023-03-03T05:00:00.000Z,62.0,66.9000015259,61.4000015259,65.8000030518,3406960
2023-03-06T05:00:00.000Z,65.8000030518,67.5,62.5,62.5,2624280
2023-03-07T05:00:00.000Z,62.2999992371,63.5,60.0,60.0999984741,1622990
2023-03-08T05:00:00.000Z,60.4000015259,61.2999992371,56.7000007629,58.4000015259,1986210
2023-03-09T05:00:00.000Z,57.4000015259,59.2000007629,55.5999984741,56.5,1617850
2023-03-10T05:00:00.000Z,55.5999984741,56.2000007629,53.0,53.7999992371,1557470
2023-03-13T04:00:00.000Z,54.4000015259,55.5999984741,52.4000015259,54.5999984741,1551810
2023-03-14T04:00:00.000Z,54.7999992371,55.0999984741,43.5999984741,46.4000015259,6487130
2023-03-15T04:00:00.000Z,45.2999992371,46.0999984741,41.5,42.0999984741,3632330
2023-03-16T04:00:00.000Z,42.2000007629,46.5,40.5999984741,43.9000015259,2793170
2023-03-17T04:00:00.000Z,43.0,43.4000015259,41.0999984741,41.7999992371,2743360
2023-03-20T04:00:00.000Z,42.5,43.7999992371,41.4000015259,42.7000007629,1758130
2023-03-21T04:00:00.000Z,43.2999992371,44.5,42.0999984741,44.0999984741,2084710
2023-03-22T04:00:00.000Z,47.2999992371,47.5,43.0999984741,43.4000015259,3144660
2023-03-23T04:00:00.000Z,44.4000015259,46.7999992371,43.4000015259,44.7000007629,1945150
2023-03-24T04:00:00.000Z,44.0,45.4000015259,43.7999992371,44.7000007629,1047760
2023-03-27T04:00:00.000Z,45.0999984741,45.7999992371,43.0,45.5,2031440
2023-03-28T04:00:00.000Z,45.0999984741,55.0,44.5999984741,51.5,8981150
2023-03-29T04:00:00.000Z,51.4000015259,52.0999984741,48.2999992371,50.0,2809780
2023-03-30T04:00:00.000Z,51.0999984741,51.5999984741,48.7000007629,49.7000007629,2023350
2023-03-31T04:00:00.000Z,49.0999984741,50.5999984741,48.7000007629,50.0999984741,1900330
2023-04-03T04:00:00.000Z,49.9000015259,51.5,49.4000015259,51.0999984741,3361660
2023-04-04T04:00:00.000Z,40.7999992371,44.5,38.7999992371,39.0999984741,9039950
2023-04-05T04:00:00.000Z,40.7000007629,40.9000015259,39.4000015259,40.5,3065720
2023-04-06T04:00:00.000Z,44.5,51.5999984741,43.0999984741,49.0,10155480
2023-04-10T04:00:00.000Z,47.7000007629,53.7000007629,47.4000015259,52.4000015259,5057570
2023-04-11T04:00:00.000Z,54.5,56.2999992371,52.5,54.2999992371,3663040
2023-04-12T04:00:00.000Z,56.2000007629,57.4000015259,53.4000015259,53.4000015259,3362080
2023-04-13T04:00:00.000Z,54.7999992371,56.5999984741,53.9000015259,54.5999984741,2048540
2023-04-14T04:00:00.000Z,57.4000015259,57.5999984741,49.0,51.2000007629,3599800
2023-04-17T04:00:00.000Z,52.4000015259,53.0,51.2999992371,52.0,1621310
2023-04-18T04:00:00.000Z,52.2999992371,52.2999992371,49.7999992371,50.5,1373230
2023-04-19T04:00:00.000Z,49.5,51.7000007629,49.2000007629,51.0,1281400
2023-04-20T04:00:00.000Z,50.0,50.2000007629,48.9000015259,49.7000007629,1029580
2023-04-21T04:00:00.000Z,49.4000015259,50.7000007629,49.0999984741,49.9000015259,1397320
2023-04-24T04:00:00.000Z,49.0,50.2999992371,46.4000015259,49.5999984741,2238440
2023-04-25T04:00:00.000Z,49.4000015259,53.4000015259,49.2000007629,51.5,3303820
2023-04-26T04:00:00.000Z,51.7999992371,53.2000007629,50.5,51.9000015259,1427510
2023-04-27T04:00:00.000Z,52.2000007629,55.5999984741,51.5999984741,53.7000007629,2101510
2023-04-28T04:00:00.000Z,54.5999984741,55.4000015259,53.4000015259,55.0,1897560
2023-05-01T04:00:00.000Z,55.2999992371,56.9000015259,53.7999992371,56.5,2034120
2023-05-02T04:00:00.000Z,56.7000007629,57.4000015259,53.2000007629,55.0,1623970
2023-05-03T04:00:00.000Z,54.0999984741,58.2000007629,54.0999984741,57.4000015259,2505720
2023-05-04T04:00:00.000Z,58.4000015259,60.5,57.2000007629,59.2000007629,2500750
2023-05-05T04:00:00.000Z,61.0,61.0999984741,56.5999984741,58.9000015259,2847930
2023-05-08T04:00:00.000Z,58.2999992371,60.2999992371,57.5999984741,59.0,1703610
2023-05-09T04:00:00.000Z,58.0999984741,59.5,55.2999992371,55.4000015259,1877280
2023-05-10T04:00:00.000Z,56.0,56.0999984741,54.0,54.9000015259,1456840
2023-05-11T04:00:00.000Z,54.2000007629,54.7999992371,51.9000015259,53.4000015259,1389160
2023-05-12T04:00:00.000Z,52.7000007629,53.2000007629,50.7999992371,52.0,1339470
2023-05-15T04:00:00.000Z,51.0,52.4000015259,50.2999992371,51.4000015259,1211510
2023-05-16T04:00:00.000Z,51.0,51.4000015259,49.4000015259,49.5999984741,1191100
2023-05-17T04:00:00.000Z,49.7000007629,51.5,48.7000007629,51.0,1393770
2023-05-18T04:00:00.000Z,50.7999992371,51.5999984741,49.9000015259,50.7000007629,1069150
2023-05-19T04:00:00.000Z,50.9000015259,50.9000015259,49.5999984741,50.2999992371,1068200
2023-05-22T04:00:00.000Z,50.2999992371,52.0999984741,49.5999984741,51.2000007629,1400930
2023-05-23T04:00:00.000Z,50.9000015259,51.4000015259,49.7999992371,50.2999992371,1219730
2023-05-24T04:00:00.000Z,50.0,50.7999992371,48.0,48.7999992371,1708580
2023-05-25T04:00:00.000Z,49.2999992371,49.2999992371,46.2000007629,47.0,1688410
2023-05-26T04:00:00.000Z,47.5,48.5,46.2999992371,46.4000015259,1176990
2023-05-30T04:00:00.000Z,47.4000015259,47.7999992371,45.0,46.2999992371,1390050
2023-05-31T04:00:00.000Z,45.7999992371,46.0999984741,43.7999992371,45.0,1337540
2023-06-01T04:00:00.000Z,45.0999984741,46.5999984741,44.7000007629,45.5,1243100
2023-06-02T04:00:00.000Z,46.2999992371,46.7000007629,45.2999992371,45.5,947790
2023-06-05T04:00:00.000Z,46.5,46.7000007629,45.5,46.2999992371,771720
2023-06-06T04:00:00.000Z,45.9000015259,47.7000007629,45.5,46.4000015259,1513500
2023-06-07T04:00:00.000Z,47.5999984741,47.5999984741,46.0999984741,47.2999992371,1514850
2023-06-08T04:00:00.000Z,46.7000007629,47.2999992371,45.2000007629,46.7999992371,1571480
2023-06-09T04:00:00.000Z,46.5,48.2000007629,46.5,47.7000007629,1485530
2023-06-12T04:00:00.000Z,47.7999992371,48.7999992371,47.4000015259,47.9000015259,1032150
2023-06-13T04:00:00.000Z,48.5999984741,51.5,48.2000007629,50.0,2560280
2023-06-14T04:00:00.000Z,50.7000007629,50.7999992371,48.2000007629,49.0,1554870
2023-06-15T04:00:00.000Z,48.5,48.5,46.7999992371,47.5999984741,1610360
2023-06-16T04:00:00.000Z,48.2000007629,48.2999992371,46.7000007629,47.0,1876430
2023-06-20T04:00:00.000Z,46.9000015259,47.2999992371,44.9000015259,45.9000015259,1645020
2023-06-21T04:00:00.000Z,46.0,46.4000015259,45.0,45.2999992371,1302690
2023-06-22T04:00:00.000Z,42.5,42.7999992371,40.7000007629,41.7000007629,3834310
2023-06-23T04:00:00.000Z,41.2000007629,41.5,40.0999984741,40.0999984741,1457570
2023-06-26T04:00:00.000Z,40.7999992371,41.2999992371,40.0999984741,40.2999992371,1410250
2023-06-27T04:00:00.000Z,40.7999992371,41.5,40.0999984741,41.0,1594270
2023-06-28T04:00:00.000Z,40.9000015259,45.5,40.7999992371,44.0999984741,2606440
2023-06-29T04:00:00.000Z,43.5999984741,44.2999992371,41.7999992371,44.2000007629,2828460
2023-06-30T04:00:00.000Z,43.2999992371,44.0,42.5,44.0,1735520
2023-07-03T04:00:00.000Z,43.9000015259,46.0,43.2000007629,44.4000015259,1608420
2023-07-05T04:00:00.000Z,44.4000015259,44.4000015259,42.2000007629,42.5,2046840
2023-07-06T04:00:00.000Z,42.2000007629,43.2999992371,41.9000015259,42.9000015259,2065760
2023-07-07T04:00:00.000Z,43.0999984741,43.5999984741,42.0,42.0,1549880
2023-07-10T04:00:00.000Z,41.7999992371,42.9000015259,41.7000007629,42.4000015259,2346770
2023-07-11T04:00:00.000Z,43.0,44.4000015259,42.5,43.9000015259,2329400
2023-07-12T04:00:00.000Z,44.2999992371,44.7000007629,43.5,44.0,1884760
2023-07-13T04:00:00.000Z,44.2999992371,45.2000007629,43.9000015259,44.4000015259,2139150
2023-07-14T04:00:00.000Z,45.5,45.7000007629,43.0,43.2999992371,1739560
2023-07-17T04:00:00.000Z,43.4000015259,43.9000015259,42.7000007629,43.7000007629,1232720
2023-07-18T04:00:00.000Z,43.5,45.4000015259,42.7000007629,43.0999984741,1842760
2023-07-19T04:00:00.000Z,43.5,44.0,42.7999992371,43.7000007629,2019830
2023-07-20T04:00:00.000Z,43.2999992371,43.7000007629,42.2999992371,43.2999992371,1989100
2023-07-21T04:00:00.000Z,43.4000015259,44.7999992371,42.9000015259,44.0,8521020
2023-07-24T04:00:00.000Z,58.4000015259,62.2999992371,48.7000007629,58.5,25691880
2023-07-25T04:00:00.000Z,53.5999984741,54.7999992371,50.2999992371,51.2000007629,5840460
2023-07-26T04:00:00.000Z,51.5,52.5,49.0999984741,50.7000007629,3119770
2023-07-27T04:00:00.000Z,51.0999984741,51.5,45.0999984741,45.2000007629,4240850
2023-07-28T04:00:00.000Z,46.5999984741,46.7000007629,45.2000007629,46.4000015259,2481300
2023-07-31T04:00:00.000Z,46.5999984741,50.7999992371,46.4000015259,49.7000007629,3717620
2023-08-01T04:00:00.000Z,49.2999992371,51.7000007629,48.4000015259,49.2999992371,2388110
2023-08-02T04:00:00.000Z,48.5,48.7999992371,46.7999992371,48.0,1553290
2023-08-03T04:00:00.000Z,47.9000015259,49.7999992371,47.4000015259,49.0999984741,1471630
2023-08-04T04:00:00.000Z,49.0999984741,50.7999992371,48.2000007629,49.2999992371,2087540
2023-08-07T04:00:00.000Z,50.4000015259,52.7999992371,50.0999984741,51.2000007629,2703210
2023-08-08T04:00:00.000Z,54.5999984741,54.5999984741,49.9000015259,50.9000015259,3042300
2023-08-09T04:00:00.000Z,50.9000015259,51.5999984741,48.5999984741,49.0,1809060
2023-08-10T04:00:00.000Z,49.5,51.0,49.0,49.7999992371,1392340
2023-08-11T04:00:00.000Z,49.0999984741,52.7999992371,49.0999984741,52.5999984741,5967180
2023-08-14T04:00:00.000Z,33.2999992371,36.4000015259,31.7999992371,33.9000015259,13416120
2023-08-15T04:00:00.000Z,34.9000015259,38.0,33.0,36.7999992371,7040200
2023-08-16T04:00:00.000Z,36.7999992371,38.4000015259,34.7000007629,37.5,5699250
2023-08-17T04:00:00.000Z,36.7000007629,40.5999984741,36.4000015259,40.4000015259,7147800
2023-08-18T04:00:00.000Z,40.5999984741,41.9000015259,38.5999984741,40.9000015259,5165850
2023-08-21T04:00:00.000Z,40.0,40.2999992371,30.5,31.2000007629,11371260
2023-08-22T04:00:00.000Z,31.0,31.1000003815,24.6000003815,25.5,10872410
2023-08-23T04:00:00.000Z,19.5,22.0,19.3999996185,19.6000003815,19985440
2023-08-24T04:00:00.000Z,16.3099994659,16.6000003815,13.3299999237,14.3699998856,26408000
2023-08-25T04:00:00.000Z,13.4399995804,14.4499998093,12.3999996185,12.4300003052,24061600
2023-08-28T04:00:00.000Z,11.9899997711,12.3500003815,11.0500001907,11.0699996948,24658900
2023-08-29T04:00:00.000Z,11.2399997711,11.6999998093,10.720000267,10.9099998474,27312500
2023-08-30T04:00:00.000Z,11.1000003815,13.6400003433,10.7299995422,12.7299995422,55170300
2023-08-31T04:00:00.000Z,13.8999996185,13.8999996185,12.5500001907,12.5500001907,38962100
2023-09-01T04:00:00.000Z,12.6800003052,13.2299995422,12.1199998856,13.1000003815,22944900
2023-09-05T04:00:00.000Z,13.0,13.7600002289,12.6400003433,13.6400003433,20097300
2023-09-06T04:00:00.000Z,11.6999998093,11.6999998093,8.4300003052,8.6199998856,84989600
2023-09-07T04:00:00.000Z,8.25,8.3800001144,7.7100000381,8.1199998856,47792100
2023-09-08T04:00:00.000Z,7.9600000381,8.0,7.0999999046,7.1799998283,32352800
2023-09-11T04:00:00.000Z,7.4200000763,7.6399998665,7.0500001907,7.3400001526,26368700
2023-09-12T04:00:00.000Z,7.3800001144,8.1400003433,7.2199997902,7.5700001717,37788100
2023-09-13T04:00:00.000Z,7.5700001717,8.3500003815,7.3800001144,8.2399997711,37600400
2023-09-14T04:00:00.000Z,8.9099998474,9.1000003815,8.0500001907,8.1400003433,46855400
2023-09-15T04:00:00.000Z,8.0900001526,8.5399999619,7.8800001144,8.3599996567,24215700
2023-09-18T04:00:00.000Z,8.25,8.3199996948,7.6799998283,7.8000001907,18562200
2023-09-19T04:00:00.000Z,7.6999998093,8.3699998856,7.3299999237,8.25,23462300
2023-09-20T04:00:00.000Z,8.0500001907,8.6899995804,7.9699997902,8.1599998474,23101700
2023-09-21T04:00:00.000Z,8.1099996567,8.3400001526,7.6900000572,7.6999998093,14920200
2023-09-22T04:00:00.000Z,7.7699999809,8.0900001526,7.5900001526,7.6199998856,13921800
2023-09-25T04:00:00.000Z,7.6900000572,8.5,7.4600000381,8.1400003433,20448700
2023-09-26T04:00:00.000Z,8.0799999237,8.4600000381,7.7699999809,7.9099998474,16714200
2023-09-27T04:00:00.000Z,7.9499998093,8.1000003815,7.5,7.5700001717,15769700
2023-09-28T04:00:00.000Z,7.5,7.7899999619,7.3099999428,7.7899999619,15141000
2023-09-29T04:00:00.000Z,7.8400001526,8.3100004196,7.8400001526,7.9899997711,17752300
2023-10-02T04:00:00.000Z,8.0600004196,8.3999996185,7.7699999809,8.1499996185,17438900
2023-10-03T04:00:00.000Z,8.1099996567,8.279999733,7.8400001526,7.8499999046,11379800
2023-10-04T04:00:00.000Z,7.8800001144,8.5,7.7300000191,8.3400001526,18725900
2023-10-05T04:00:00.000Z,8.25,8.8299999237,8.1499996185,8.3000001907,20160600
2023-10-06T04:00:00.000Z,8.2600002289,9.4300003052,8.2100000381,9.2600002289,35656300
2023-10-09T04:00:00.000Z,9.1099996567,9.8599996567,9.0600004196,9.8199996948,26758500
2023-10-10T04:00:00.000Z,9.9099998474,10.3800001144,9.6199998856,9.9200000763,27390100
2023-10-11T04:00:00.000Z,10.0,10.5200004578,9.8100004196,10.4200000763,23782900
2023-10-12T04:00:00.000Z,10.6400003433,11.1700000763,10.2100000381,11.0,31698600
2023-10-13T04:00:00.000Z,10.7399997711,10.8400001526,9.3400001526,9.5,31240000
2023-10-16T04:00:00.000Z,9.2299995422,9.5399999619,8.9600000381,9.3299999237,19021200
2023-10-17T04:00:00.000Z,9.1700000763,10.2600002289,9.1499996185,9.8599996567,23503200
2023-10-18T04:00:00.000Z,9.8199996948,10.220000267,9.1599998474,9.1599998474,17228600
2023-10-19T04:00:00.000Z,9.3000001907,9.8299999237,8.970000267,9.3599996567,18145600
2023-10-20T04:00:00.000Z,9.1300001144,9.6999998093,9.0,9.0799999237,13827900
2023-10-23T04:00:00.000Z,9.3699998856,9.6199998856,8.9099998474,9.1599998474,17172900
2023-10-24T04:00:00.000Z,9.3400001526,9.9600000381,9.1899995804,9.3299999237,15333400
2023-10-25T04:00:00.000Z,9.4200000763,9.5399999619,9.0799999237,9.279999733,12729100
2023-10-26T04:00:00.000Z,9.3400001526,9.470000267,9.0799999237,9.2299995422,12472800
2023-10-27T04:00:00.000Z,9.2700004578,9.6599998474,9.1300001144,9.1499996185,13892300
2023-10-30T04:00:00.000Z,9.2899999619,10.0100002289,9.2399997711,9.9600000381,16581400
2023-10-31T04:00:00.000Z,10.0,10.6899995804,9.9600000381,10.6800003052,18157000
2023-11-01T04:00:00.000Z,10.7600002289,10.8000001907,10.0100002289,10.029999733,14634300
2023-11-02T04:00:00.000Z,10.220000267,10.6700000763,10.2100000381,10.4899997711,14482100
2023-11-03T04:00:00.000Z,10.6400003433,11.3000001907,10.529999733,10.720000267,22573400
2023-11-06T05:00:00.000Z,11.0,11.4300003052,10.7600002289,10.9499998093,20742400
2023-11-07T05:00:00.000Z,10.9799995422,11.029999733,10.1099996567,10.220000267,16037800
2023-11-08T05:00:00.000Z,10.3000001907,10.3599996567,9.9600000381,10.0900001526,19309400
2023-11-09T05:00:00.000Z,8.1800003052,9.3699998856,8.0200004578,8.7100000381,63400600
2023-11-10T05:00:00.000Z,8.4200000763,8.4499998093,7.8400001526,8.0100002289,29092200
2023-11-13T05:00:00.000Z,7.9499998093,7.9600000381,7.6100001335,7.9000000954,17230500
2023-11-14T05:00:00.000Z,8.1800003052,8.25,7.7800002098,8.0699996948,20005200
2023-11-15T05:00:00.000Z,8.1800003052,8.3000001907,7.7699999809,7.8899998665,20265500
2023-11-16T05:00:00.000Z,7.8400001526,7.8499999046,7.3600001335,7.3899998665,19837100
2023-11-17T05:00:00.000Z,7.4200000763,7.5,7.2600002289,7.4299998283,13161900
2023-11-20T05:00:00.000Z,7.5,7.5199999809,7.1500000954,7.1599998474,13311800
2023-11-21T05:00:00.000Z,7.0700001717,7.0900001526,6.5199999809,6.6500000954,26428300
2023-11-22T05:00:00.000Z,6.7199997902,7.1100001335,6.5999999046,6.9899997711,18437000
2023-11-24T05:00:00.000Z,6.9699997902,7.0300002098,6.8200001717,6.9000000954,8594100
2023-11-27T05:00:00.000Z,6.8800001144,6.8899998665,6.6700000763,6.8000001907,11484300
2023-11-28T05:00:00.000Z,6.7300000191,6.8000001907,6.5300002098,6.6999998093,17932100
2023-11-29T05:00:00.000Z,6.9499998093,7.3400001526,6.8600001335,7.1700000763,32449100
2023-11-30T05:00:00.000Z,7.1500000954,7.1799998283,6.6399998665,6.6500000954,20347100
2023-12-01T05:00:00.000Z,6.6599998474,6.9899997711,6.5300002098,6.8600001335,24079300
2023-12-04T05:00:00.000Z,6.8699998856,7.5399999619,6.8099999428,7.4899997711,30553700
2023-12-05T05:00:00.000Z,7.4200000763,7.4499998093,6.8800001144,7.0199999809,21060400
2023-12-06T05:00:00.000Z,7.0700001717,7.1500000954,6.7699999809,6.7899999619,17025000
2023-12-07T05:00:00.000Z,6.7899999619,6.9200000763,6.7100000381,6.8200001717,11599400
2023-12-08T05:00:00.000Z,6.8200001717,7.0399999619,6.7899999619,6.9299998283,11951500
2023-12-11T05:00:00.000Z,6.8600001335,7.1199998856,6.7300000191,7.1100001335,14619100
2023-12-12T05:00:00.000Z,7.1399998665,7.1500000954,6.6999998093,6.7199997902,16793900
2023-12-13T05:00:00.000Z,6.7699999809,6.9200000763,6.5,6.8099999428,21774800
2023-12-14T05:00:00.000Z,6.9400000572,7.2199997902,6.6700000763,6.7100000381,28592900
2023-12-15T05:00:00.000Z,6.7899999619,6.8099999428,6.6199998856,6.6500000954,36845500
2023-12-18T05:00:00.000Z,6.6599998474,6.8400001526,6.4699997902,6.7399997711,17455500
2023-12-19T05:00:00.000Z,6.7800002098,6.8200001717,6.6300001144,6.7399997711,16633600
2023-12-20T05:00:00.000Z,6.6900000572,6.6999998093,6.1700000763,6.1700000763,26820100
2023-12-21T05:00:00.000Z,6.3299999237,6.3800001144,5.9299998283,6.0700001717,28731800
2023-12-22T05:00:00.000Z,6.0500001907,6.1999998093,5.9600000381,6.0999999046,15846500
2023-12-26T05:00:00.000Z,6.0799999237,6.1900000572,5.9600000381,6.1100001335,13107000
2023-12-27T05:00:00.000Z,6.1100001335,6.2600002289,6.0399999619,6.1599998474,11129300
2023-12-28T05:00:00.000Z,6.1799998283,6.5,6.1399998665,6.2100000381,18490600
2023-12-29T05:00:00.000Z,6.1999998093,6.2300000191,6.0599999428,6.1199998856,15129600
2024-01-02T05:00:00.000Z,6.0900001526,6.3299999237,6.0100002289,6.1100001335,13559500
2024-01-03T05:00:00.000Z,6.0500001907,6.0700001717,5.5500001907,5.5799999237,29667200
2024-01-04T05:00:00.000Z,5.5599999428,5.5999999046,5.25,5.3000001907,22982900
2024-01-05T05:00:00.000Z,5.2600002289,5.2800002098,5.0799999237,5.1700000763,16213500
2024-01-08T05:00:00.000Z,5.1399998665,5.4200000763,5.0900001526,5.2899999619,14387800
2024-01-09T05:00:00.000Z,5.2399997711,5.3000001907,5.0300002098,5.0399999619,13134200
2024-01-10T05:00:00.000Z,5.0500001907,5.0500001907,4.7100000381,4.9099998474,22955000
2024-01-11T05:00:00.000Z,4.8600001335,4.8699998856,4.6399998665,4.6999998093,13427900
2024-01-12T05:00:00.000Z,4.6700000763,4.7899999619,4.4699997902,4.5599999428,14495000
2024-01-16T05:00:00.000Z,4.5399999619,4.5399999619,4.1300001144,4.2100000381,17837000
2024-01-17T05:00:00.000Z,4.0700001717,4.2600002289,4.0100002289,4.1100001335,15468000
2024-01-18T05:00:00.000Z,4.1500000954,4.4400000572,4.0799999237,4.4299998283,17690000
2024-01-19T05:00:00.000Z,4.5,4.5300002098,4.3000001907,4.5100002289,11258100
2024-01-22T05:00:00.000Z,4.5999999046,4.8099999428,4.4299998283,4.4800000191,14325900
2024-01-23T05:00:00.000Z,4.5300002098,4.7199997902,4.3299999237,4.3299999237,12718300
2024-01-24T05:00:00.000Z,4.4000000954,4.4400000572,4.1100001335,4.1300001144,11173100
2024-01-25T05:00:00.000Z,4.1300001144,4.2300000191,4.0700001717,4.0799999237,11252900
2024-01-26T05:00:00.000Z,4.1199998856,4.2600002289,4.0599999428,4.0700001717,11295600
2024-01-29T05:00:00.000Z,4.1100001335,4.2699999809,3.9800000191,4.2699999809,10971900
2024-01-30T05:00:00.000Z,4.2300000191,4.2300000191,4.0799999237,4.1100001335,8874400
2024-01-31T05:00:00.000Z,4.1199998856,4.3200001717,4.0300002098,4.0500001907,14591600
2024-02-01T05:00:00.000Z,4.0999999046,4.1500000954,4.0199999809,4.0599999428,10616900
2024-02-02T05:00:00.000Z,4.0399999619,4.0599999428,3.9300000668,4.0100002289,12933900
2024-02-05T05:00:00.000Z,3.9700000286,3.9800000191,3.5999999046,3.6700000763,19878600
2024-02-06T05:00:00.000Z,3.6500000954,4.1599998474,3.5899999142,4.0700001717,20639700
2024-02-07T05:00:00.000Z,4.0799999237,4.0799999237,3.8399999142,3.9400000572,13338800
2024-02-08T05:00:00.000Z,3.9800000191,4.1599998474,3.9400000572,4.0900001526,10763900
2024-02-09T05:00:00.000Z,4.1500000954,4.4899997711,4.0999999046,4.3800001144,19574100
2024-02-12T05:00:00.000Z,4.3800001144,4.7199997902,4.3099999428,4.5599999428,15646900
2024-02-13T05:00:00.000Z,4.3699998856,4.6799998283,4.2600002289,4.4899997711,12040700
2024-02-14T05:00:00.000Z,4.6199998856,4.8699998856,4.4699997902,4.8000001907,13270800
2024-02-15T05:00:00.000Z,4.8000001907,5.0500001907,4.7600002289,4.8899998665,12504600
2024-02-16T05:00:00.000Z,4.7699999809,4.9499998093,4.6199998856,4.8299999237,10243200
2024-02-20T05:00:00.000Z,4.7600002289,4.8099999428,4.5500001907,4.6599998474,9115700
2024-02-21T05:00:00.000Z,4.5900001526,4.8200001717,4.5100002289,4.5700001717,8092000
2024-02-22T05:00:00.000Z,4.6599998474,4.6900000572,4.3600001335,4.4200000763,9668400
2024-02-23T05:00:00.000Z,4.3899998665,4.5399999619,4.2800002098,4.4400000572,9598600
2024-02-26T05:00:00.000Z,4.4600000381,4.6100001335,4.3699998856,4.4499998093,10444100
2024-02-27T05:00:00.000Z,4.4899997711,4.8499999046,4.4899997711,4.8099999428,17026500
2024-02-28T05:00:00.000Z,4.9299998283,5.0999999046,4.75,4.9899997711,28664100
2024-02-29T05:00:00.000Z,4.4600000381,4.75,4.2199997902,4.3200001717,28656100
2024-03-01T05:00:00.000Z,4.3400001526,4.5,4.2300000191,4.3600001335,12695500
2024-03-04T05:00:00.000Z,4.3600001335,4.3899998665,4.1199998856,4.3200001717,14610500
2024-03-05T05:00:00.000Z,4.2300000191,4.5500001907,4.2100000381,4.5,13744900
2024-03-06T05:00:00.000Z,4.5199999809,4.6900000572,4.4000000954,4.5599999428,12789200
2024-03-07T05:00:00.000Z,4.5999999046,4.9000000954,4.5199999809,4.5999999046,19618800
2024-03-08T05:00:00.000Z,4.6799998283,4.7800002098,4.2399997711,4.3000001907,17507600
2024-03-11T04:00:00.000Z,4.3000001907,4.5,4.25,4.3600001335,12463000
2024-03-12T04:00:00.000Z,4.3800001144,4.4099998474,4.2699999809,4.3400001526,7131900
2024-03-13T04:00:00.000Z,4.3200001717,4.4499998093,4.3000001907,4.3600001335,8553900
2024-03-14T04:00:00.000Z,4.3699998856,4.3800001144,4.1700000763,4.2699999809,9477900
2024-03-15T04:00:00.000Z,4.1999998093,4.5399999619,4.1999998093,4.4400000572,17770900
2024-03-18T04:00:00.000Z,4.4299998283,4.4899997711,4.3600001335,4.3899998665,8581600
2024-03-19T04:00:00.000Z,4.3499999046,4.4099998474,4.2399997711,4.2699999809,8181200
2024-03-20T04:00:00.000Z,4.25,4.2800002098,4.1500000954,4.25,8398300
2024-03-21T04:00:00.000Z,4.25,4.3000001907,4.1500000954,4.1999998093,7592100
2024-03-22T04:00:00.000Z,4.1700000763,4.1799998283,4.0599999428,4.0799999237,7325500
2024-03-25T04:00:00.000Z,4.1100001335,4.2399997711,4.0599999428,4.0900001526,8252200
2024-03-26T04:00:00.000Z,4.1399998665,4.3000001907,4.0599999428,4.0700001717,13948700
2024-03-27T04:00:00.000Z,4.1300001144,4.3699998856,4.0700001717,4.3400001526,12992400
2024-03-28T04:00:00.000Z,3.8399999142,3.9600000381,3.6500000954,3.7200000286,44200800
2024-04-01T04:00:00.000Z,3.7400000095,3.7699999809,3.1199998856,3.1400001049,46101700
2024-04-02T04:00:00.000Z,3.1800000668,3.2100000381,3.0599999428,3.0999999046,19707400
2024-04-03T04:00:00.000Z,3.1199998856,3.1199998856,2.9400000572,3.0199999809,22202900
2024-04-04T04:00:00.000Z,3.0199999809,3.1500000954,2.9800000191,3.0,16686800
2024-04-05T04:00:00.000Z,3.0099999905,3.0499999523,2.9500000477,3.0099999905,11341100
2024-04-08T04:00:00.000Z,3.0399999619,3.0499999523,2.9500000477,2.9500000477,9716600
2024-04-09T04:00:00.000Z,2.9700000286,3.0199999809,2.9500000477,2.9700000286,9293800
2024-04-10T04:00:00.000Z,2.9000000954,2.9100000858,2.7699999809,2.8299999237,16257100
2024-04-11T04:00:00.000Z,2.8900001049,2.8900001049,2.7300000191,2.7999999523,15594600
2024-04-12T04:00:00.000Z,2.7599999905,2.7799999714,2.6099998951,2.6500000954,16726500
2024-04-15T04:00:00.000Z,2.6700000763,2.6800000668,2.4600000381,2.4700000286,16163200
2024-04-16T04:00:00.000Z,2.4400000572,2.8900001049,2.3800001144,2.7200000286,31338600
2024-04-17T04:00:00.000Z,2.9400000572,3.0299999714,2.8199999332,2.9800000191,26016400
2024-04-18T04:00:00.000Z,2.9900000095,3.0,2.7599999905,2.9200000763,13960300
2024-04-19T04:00:00.000Z,2.8900001049,3.2999999523,2.8299999237,3.1600000858,28616200
2024-04-22T04:00:00.000Z,3.2000000477,3.4900000095,3.0,3.4200000763,26989500
2024-04-23T04:00:00.000Z,3.4000000954,3.5499999523,3.3599998951,3.3900001049,16326100
2024-04-24T04:00:00.000Z,3.3800001144,3.5,3.1700000763,3.2799999714,13666600
2024-04-25T04:00:00.000Z,3.1500000954,3.2799999714,3.0999999046,3.2799999714,13258800
2024-04-26T04:00:00.000Z,3.2799999714,3.4900000095,3.2200000286,3.4100000858,15423900
2024-04-29T04:00:00.000Z,3.3299999237,3.3499999046,2.9600000381,3.0299999714,24134000
2024-04-30T04:00:00.000Z,3.0199999809,3.0299999714,2.9200000763,2.9300000668,9370200
2024-05-01T04:00:00.000Z,2.9200000763,3.0699999332,2.8399999142,2.9700000286,14782600
2024-05-02T04:00:00.000Z,3.0399999619,3.2200000286,2.9700000286,3.1300001144,16254100
2024-05-03T04:00:00.000Z,3.1500000954,3.3900001049,3.1199998856,3.2999999523,35844100
2024-05-06T04:00:00.000Z,3.2599999905,3.4400000572,3.0399999619,3.2899999619,41059300
2024-05-07T04:00:00.000Z,3.2699999809,3.2699999809,3.0599999428,3.1900000572,24452700
2024-05-08T04:00:00.000Z,3.1500000954,3.2699999809,3.0699999332,3.1900000572,26939000
2024-05-09T04:00:00.000Z,3.0199999809,3.1800000668,2.9100000858,3.0499999523,33694700
2024-05-10T04:00:00.000Z,3.0599999428,3.1900000572,2.9000000954,2.9100000858,24069800
2024-05-13T04:00:00.000Z,3.5199999809,5.8800001144,3.1600000858,5.1900000572,522639600
2024-05-14T04:00:00.000Z,11.8800001144,11.8800001144,5.8499999046,6.8499999046,634246600
2024-05-15T04:00:00.000Z,6.0999999046,6.5999999046,4.7100000381,5.4800000191,309600900
2024-05-16T04:00:00.000Z,5.0500001907,5.3000001907,4.6199998856,4.6399998665,129501900
2024-05-17T04:00:00.000Z,4.5100002289,4.9800000191,4.3200001717,4.4000000954,100445600
2024-05-20T04:00:00.000Z,4.3499999046,4.9299998283,4.3200001717,4.8299999237,84265200
2024-05-21T04:00:00.000Z,4.6700000763,5.1100001335,4.5999999046,4.6500000954,67250500
2024-05-22T04:00:00.000Z,4.6399998665,5.2300000191,4.4499998093,5.0599999428,62877000
2024-05-23T04:00:00.000Z,5.0,5.1799998283,4.5500001907,4.5500001907,48253300
2024-05-24T04:00:00.000Z,4.6599998474,4.9499998093,4.6199998856,4.8400001526,41243200
2024-05-28T04:00:00.000Z,5.0100002289,5.3699998856,4.6599998474,4.8800001144,77858600
2024-05-29T04:00:00.000Z,4.7600002289,4.7800002098,4.4299998283,4.5,40969500
2024-05-30T04:00:00.000Z,4.4400000572,4.5,4.2199997902,4.2300000191,32578400
2024-05-31T04:00:00.000Z,4.25,4.3899998665,4.0999999046,4.3299999237,29705800
2024-06-03T04:00:00.000Z,5.4400000572,5.6999998093,4.6399998665,4.8099999428,139690700
2024-06-04T04:00:00.000Z,4.6700000763,4.9099998474,4.5700001717,4.7899999619,33712600
2024-06-05T04:00:00.000Z,4.7100000381,5.3099999428,4.6199998856,5.1500000954,61745800
2024-06-06T04:00:00.000Z,5.0500001907,5.9600000381,4.9699997902,5.7899999619,131091600
2024-06-07T04:00:00.000Z,5.3000001907,5.9400000572,4.7800002098,4.9099998474,157290600
2024-06-10T04:00:00.000Z,4.9299998283,4.9800000191,4.5599999428,4.7100000381,30490800
2024-06-11T04:00:00.000Z,4.6999998093,5.5,4.6300001144,5.2199997902,64375800
2024-06-12T04:00:00.000Z,5.1300001144,5.4499998093,4.8899998665,4.9099998474,45701400
2024-06-13T04:00:00.000Z,4.9600000381,5.3899998665,4.9400000572,5.1999998093,33608500
2024-06-14T04:00:00.000Z,5.1799998283,5.5300002098,4.8899998665,4.9899997711,33427200
2024-06-17T04:00:00.000Z,4.9499998093,5.1799998283,4.7399997711,4.8899998665,27869500
2024-06-18T04:00:00.000Z,4.8099999428,5.0700001717,4.7100000381,4.8600001335,18998000
2024-06-20T04:00:00.000Z,4.8200001717,4.9800000191,4.7199997902,4.8099999428,18315900
2024-06-21T04:00:00.000Z,4.8299999237,4.8699998856,4.4699997902,4.5500001907,30584800
2024-06-24T04:00:00.000Z,4.4899997711,4.5799999237,4.4400000572,4.5700001717,15029700
2024-06-25T04:00:00.000Z,4.5,4.5399999619,4.3299999237,4.5300002098,18349300
2024-06-26T04:00:00.000Z,4.4800000191,4.6900000572,4.3899998665,4.6799998283,17566000
2024-06-27T04:00:00.000Z,4.6300001144,4.9000000954,4.6100001335,4.7800002098,16376100
2024-06-28T04:00:00.000Z,4.7199997902,4.9899997711,4.6700000763,4.9800000191,48889100
2024-07-01T04:00:00.000Z,4.8699998856,5.1700000763,4.8299999237,5.0399999619,19104800
2024-07-02T04:00:00.000Z,5.0199999809,5.3600001335,5.0,5.2100000381,24162900
2024-07-03T04:00:00.000Z,5.25,5.3299999237,4.9499998093,5.0300002098,13782600
2024-07-05T04:00:00.000Z,5.0599999428,5.1599998474,4.9499998093,5.0500001907,10995900
2024-07-08T04:00:00.000Z,5.0799999237,5.7300000191,5.0799999237,5.4699997902,34771700
2024-07-09T04:00:00.000Z,5.4299998283,5.5700001717,5.2899999619,5.4600000381,15747400
2024-07-10T04:00:00.000Z,5.4800000191,5.6199998856,5.1599998474,5.2100000381,20709900
2024-07-11T04:00:00.000Z,5.2600002289,5.4400000572,5.1399998665,5.2199997902,15559500
2024-07-12T04:00:00.000Z,5.2899999619,5.3499999046,5.1799998283,5.2600002289,11742300
2024-07-15T04:00:00.000Z,5.2699999809,5.4200000763,5.1999998093,5.3299999237,18449500
2024-07-16T04:00:00.000Z,5.4000000954,5.5399999619,5.3099999428,5.4699997902,18243200
2024-07-17T04:00:00.000Z,5.4000000954,5.7100000381,5.3600001335,5.4200000763,20459100
2024-07-18T04:00:00.000Z,5.4299998283,5.4600000381,5.0300002098,5.0999999046,18044200
2024-07-19T04:00:00.000Z,5.0999999046,5.1300001144,4.9600000381,5.0100002289,9392500
2024-07-22T04:00:00.000Z,5.0799999237,5.7600002289,4.8200001717,5.2800002098,37944100
2024-07-23T04:00:00.000Z,5.3000001907,5.3200001717,5.0199999809,5.0799999237,21909400
2024-07-24T04:00:00.000Z,5.0399999619,5.0999999046,4.5399999619,4.6900000572,23990600
2024-07-25T04:00:00.000Z,4.7100000381,5.1799998283,4.6599998474,5.1399998665,20827500
2024-07-26T04:00:00.000Z,5.1500000954,5.2899999619,5.0999999046,5.1799998283,17755900
2024-07-29T04:00:00.000Z,5.25,5.3000001907,5.1100001335,5.1700000763,13690200
2024-07-30T04:00:00.000Z,5.1599998474,5.3400001526,5.1100001335,5.1100001335,14632100
2024-07-31T04:00:00.000Z,5.1999998093,5.3899998665,5.1700000763,5.3099999428,14787500
2024-08-01T04:00:00.000Z,5.3000001907,5.4400000572,5.1100001335,5.1199998856,14201700
2024-08-02T04:00:00.000Z,4.9899997711,5.0799999237,4.8899998665,4.9400000572,16404400
2024-08-05T04:00:00.000Z,4.4099998474,5.1199998856,4.4099998474,4.9499998093,20833500
2024-08-06T04:00:00.000Z,5.0100002289,5.1599998474,4.9299998283,5.0799999237,11281400
2024-08-07T04:00:00.000Z,5.1199998856,5.2100000381,4.7800002098,4.8200001717,14212300
2024-08-08T04:00:00.000Z,4.8600001335,5.0900001526,4.8400001526,5.0799999237,10017000
2024-08-09T04:00:00.000Z,4.9899997711,5.1599998474,4.9699997902,5.0,8433500
2024-08-12T04:00:00.000Z,5.0500001907,5.1799998283,4.9600000381,5.0399999619,11115900
2024-08-13T04:00:00.000Z,5.0500001907,5.1599998474,5.0100002289,5.1500000954,7773700
2024-08-14T04:00:00.000Z,5.1399998665,5.1799998283,4.9800000191,5.1199998856,9934200
2024-08-15T04:00:00.000Z,5.1399998665,5.1599998474,5.0900001526,5.1300001144,9351800
2024-08-16T04:00:00.000Z,5.0999999046,5.1500000954,4.9800000191,4.9899997711,9340600
2024-08-19T04:00:00.000Z,5.0300002098,5.0999999046,4.9699997902,5.0100002289,8796400
2024-08-20T04:00:00.000Z,5.0,5.0199999809,4.9200000763,5.0,5838300
2024-08-21T04:00:00.000Z,4.9899997711,5.0599999428,4.9800000191,5.0100002289,5322400
2024-08-22T04:00:00.000Z,5.0100002289,5.0500001907,4.9000000954,4.9200000763,6460300
2024-08-23T04:00:00.000Z,4.9600000381,5.0700001717,4.9299998283,5.0500001907,9168500
2024-08-26T04:00:00.000Z,5.0799999237,5.25,5.0399999619,5.0500001907,12034100
2024-08-27T04:00:00.000Z,5.0500001907,5.0900001526,4.9899997711,4.9899997711,5803900
2024-08-28T04:00:00.000Z,4.9899997711,5.0199999809,4.7100000381,4.7399997711,10967600
2024-08-29T04:00:00.000Z,4.9099998474,4.9600000381,4.7600002289,4.8200001717,7446200
2024-08-30T04:00:00.000Z,4.8899998665,4.9200000763,4.7899999619,4.8200001717,7669100
2024-09-03T04:00:00.000Z,4.8299999237,4.8499999046,4.6300001144,4.6300001144,9174400
2024-09-04T04:00:00.000Z,4.6300001144,4.7800002098,4.6100001335,4.6999998093,5102000
2024-09-05T04:00:00.000Z,4.7199997902,4.8299999237,4.6799998283,4.7300000191,5400500
2024-09-06T04:00:00.000Z,4.7399997711,4.9800000191,4.6500000954,4.9800000191,12999700
2024-09-09T04:00:00.000Z,4.8800001144,5.1100001335,4.8699998856,5.0100002289,11904100
2024-09-10T04:00:00.000Z,5.0199999809,5.0399999619,4.8699998856,4.9499998093,7753900
2024-09-11T04:00:00.000Z,4.8699998856,4.9699997902,4.7199997902,4.9499998093,7767100
2024-09-12T04:00:00.000Z,4.9000000954,5.0100002289,4.8899998665,4.9000000954,5771500
2024-09-13T04:00:00.000Z,4.9299998283,5.0100002289,4.9000000954,4.9600000381,4974300
2024-09-16T04:00:00.000Z,4.9499998093,5.0100002289,4.8499999046,4.8499999046,7440500
2024-09-17T04:00:00.000Z,4.9000000954,4.9499998093,4.8000001907,4.8200001717,6521900
2024-09-18T04:00:00.000Z,4.8499999046,4.9000000954,4.75,4.7800002098,8353700
2024-09-19T04:00:00.000Z,4.8699998856,4.8899998665,4.6599998474,4.7100000381,10375300
2024-09-20T04:00:00.000Z,4.6999998093,4.8099999428,4.6399998665,4.7600002289,27893800
2024-09-23T04:00:00.000Z,4.7199997902,4.7199997902,4.5700001717,4.6599998474,12049500
2024-09-24T04:00:00.000Z,4.6999998093,4.6999998093,4.5100002289,4.5199999809,11861900
2024-09-25T04:00:00.000Z,4.5100002289,4.5199999809,4.3600001335,4.3800001144,12689500
2024-09-26T04:00:00.000Z,4.4499998093,4.5500001907,4.3899998665,4.5399999619,9028700
2024-09-27T04:00:00.000Z,4.5500001907,4.6599998474,4.5,4.5,7075200
2024-09-30T04:00:00.000Z,4.5100002289,4.6900000572,4.4899997711,4.5500001907,9055800
2024-10-01T04:00:00.000Z,4.6199998856,4.6399998665,4.3899998665,4.4000000954,8019600
2024-10-02T04:00:00.000Z,4.3899998665,4.4600000381,4.3600001335,4.3699998856,5487700
2024-10-03T04:00:00.000Z,4.3000001907,4.5,4.2899999619,4.4299998283,5895300
2024-10-04T04:00:00.000Z,4.4699997902,4.5100002289,4.3299999237,4.4000000954,9317000
2024-10-07T04:00:00.000Z,4.3899998665,4.3899998665,4.1199998856,4.1799998283,13000100
2024-10-08T04:00:00.000Z,4.1799998283,4.25,4.1399998665,4.1700000763,7297500
2024-10-09T04:00:00.000Z,4.1599998474,4.1599998474,4.0399999619,4.0700001717,7474500
2024-10-10T04:00:00.000Z,4.0300002098,4.2100000381,4.0300002098,4.1900000572,5932000
2024-10-11T04:00:00.000Z,4.1500000954,4.2399997711,4.1399998665,4.1700000763,7126500
2024-10-14T04:00:00.000Z,4.1500000954,4.2399997711,4.1199998856,4.1199998856,5554900
2024-10-15T04:00:00.000Z,4.1199998856,4.1799998283,4.1100001335,4.1500000954,5138400
2024-10-16T04:00:00.000Z,4.1799998283,4.2600002289,4.1500000954,4.2300000191,5835300
2024-10-17T04:00:00.000Z,4.1999998093,4.2399997711,4.1500000954,4.2199997902,4504100
2024-10-18T04:00:00.000Z,4.2300000191,4.3699998856,4.2300000191,4.3600001335,5507000
2024-10-21T04:00:00.000Z,4.3400001526,4.4200000763,4.2399997711,4.2899999619,5228500
2024-10-22T04:00:00.000Z,4.2300000191,4.3600001335,4.2300000191,4.3400001526,3755000
2024-10-23T04:00:00.000Z,4.2600002289,4.3200001717,4.1700000763,4.2399997711,5427300
2024-10-24T04:00:00.000Z,4.2300000191,4.3800001144,4.1599998474,4.3600001335,5966000
2024-10-25T04:00:00.000Z,4.3499999046,4.5100002289,4.3200001717,4.3200001717,6446700
2024-10-28T04:00:00.000Z,4.3600001335,4.5300002098,4.3200001717,4.4400000572,8438500
2024-10-29T04:00:00.000Z,4.4299998283,4.4699997902,4.3600001335,4.4400000572,5172600
2024-10-30T04:00:00.000Z,4.4400000572,4.6500000954,4.4299998283,4.5599999428,9731200
2024-10-31T04:00:00.000Z,4.5100002289,4.5700001717,4.3899998665,4.3899998665,5852000
2024-11-01T04:00:00.000Z,4.4299998283,4.5599999428,4.4200000763,4.5100002289,4745200
2024-11-04T05:00:00.000Z,4.5,4.5399999619,4.3499999046,4.3499999046,5368400
2024-11-05T05:00:00.000Z,4.3299999237,4.4499998093,4.3099999428,4.3899998665,6122300
2024-11-06T05:00:00.000Z,4.4899997711,4.8000001907,4.4299998283,4.5799999237,24379000
2024-11-07T05:00:00.000Z,4.4499998093,4.4699997902,4.2300000191,4.3000001907,16198200
2024-11-08T05:00:00.000Z,4.2899999619,4.3000001907,4.1700000763,4.2699999809,12998600
2024-11-11T05:00:00.000Z,4.3000001907,4.6500000954,4.25,4.4899997711,25731600
2024-11-12T05:00:00.000Z,4.4400000572,4.6700000763,4.3000001907,4.5599999428,19585600
2024-11-13T05:00:00.000Z,4.5399999619,4.8699998856,4.5300002098,4.5599999428,20294700
2024-11-14T05:00:00.000Z,4.6300001144,4.7899999619,4.5399999619,4.5700001717,11358400
2024-11-15T05:00:00.000Z,4.5799999237,4.6799998283,4.4499998093,4.4800000191,8892300
2024-11-18T05:00:00.000Z,4.4499998093,4.4699997902,4.3400001526,4.3600001335,8024600
2024-11-19T05:00:00.000Z,4.3400001526,4.3499999046,4.2600002289,4.3400001526,9523500
2024-11-20T05:00:00.000Z,4.3000001907,4.5700001717,4.2800002098,4.4400000572,12564200
2024-11-21T05:00:00.000Z,4.4600000381,4.5300002098,4.4000000954,4.4899997711,7842500
2024-11-22T05:00:00.000Z,4.4800000191,4.6199998856,4.4299998283,4.5500001907,11997200
2024-11-25T05:00:00.000Z,4.6900000572,4.9499998093,4.6799998283,4.8600001335,31663700
2024-11-26T05:00:00.000Z,4.8699998856,5.0100002289,4.7100000381,4.8000001907,21620400
2024-11-27T05:00:00.000Z,4.8600001335,5.0,4.8499999046,4.9699997902,15100700
2024-11-29T05:00:00.000Z,5.0,5.0900001526,4.9099998474,4.9499998093,9863000
2024-12-02T05:00:00.000Z,5.0199999809,5.1900000572,4.9400000572,5.0399999619,17700000
2024-12-03T05:00:00.000Z,4.9499998093,4.9899997711,4.7699999809,4.8600001335,10560400
2024-12-04T05:00:00.000Z,4.8400001526,4.9499998093,4.8000001907,4.9099998474,7355600
2024-12-05T05:00:00.000Z,4.8899998665,5.5599999428,4.8299999237,5.1999998093,48635300
2024-12-06T05:00:00.000Z,4.8299999237,4.8800001144,4.6100001335,4.7300000191,37389500
2024-12-09T05:00:00.000Z,4.6900000572,4.7600002289,4.4899997711,4.5100002289,16633400
2024-12-10T05:00:00.000Z,4.5300002098,4.5599999428,4.3499999046,4.4499998093,19291500
2024-12-11T05:00:00.000Z,4.4200000763,4.4600000381,4.3299999237,4.3499999046,14759700
2024-12-12T05:00:00.000Z,4.3600001335,4.4699997902,4.2800002098,4.3099999428,19337800
2024-12-13T05:00:00.000Z,4.3000001907,4.3200001717,4.1599998474,4.1799998283,18338900
2024-12-16T05:00:00.000Z,4.1500000954,4.1500000954,3.9300000668,4.0599999428,25674600
2024-12-17T05:00:00.000Z,4.0799999237,4.3499999046,4.0199999809,4.25,19878300
2024-12-18T05:00:00.000Z,4.2699999809,4.3899998665,4.0100002289,4.0500001907,19250000
2024-12-19T05:00:00.000Z,4.1199998856,4.1500000954,3.9800000191,4.0900001526,13516300
2024-12-20T05:00:00.000Z,4.0799999237,4.2100000381,4.0399999619,4.1799998283,23155100
2024-12-23T05:00:00.000Z,4.1399998665,4.1900000572,4.0599999428,4.1199998856,13691400
2024-12-24T05:00:00.000Z,4.1199998856,4.1300001144,4.0500001907,4.0599999428,5860500
2024-12-26T05:00:00.000Z,4.0599999428,4.1500000954,4.0199999809,4.0500001907,11323900
2024-12-27T05:00:00.000Z,4.0199999809,4.0300002098,3.9600000381,4.0,10586700
2024-12-31T05:00:00.000Z,3.9700000286,4.0,3.8699998856,3.9800000191,10055900
2025-01-02T05:00:00.000Z,4.0,4.0599999428,3.9500000477,4.0199999809,8163400
2025-01-03T05:00:00.000Z,4.0199999809,4.0700001717,3.9500000477,4.0199999809,9686200
2025-01-06T05:00:00.000Z,4.0500001907,4.1199998856,3.9900000095,4.0599999428,11350900
2025-01-07T05:00:00.000Z,4.0700001717,4.1300001144,4.0199999809,4.0700001717,12002300
2025-01-08T05:00:00.000Z,4.0300002098,4.0300002098,3.9300000668,3.9500000477,8847800
2025-01-10T05:00:00.000Z,3.9000000954,3.9200000763,3.7200000286,3.7999999523,10200800
2025-01-13T05:00:00.000Z,3.7599999905,3.7599999905,3.5,3.5099999905,15174900
2025-01-14T05:00:00.000Z,3.5599999428,3.5599999428,3.2300000191,3.2400000095,19684400
2025-01-15T05:00:00.000Z,3.3199999332,3.5999999046,3.2100000381,3.5099999905,23345300
2025-01-16T05:00:00.000Z,3.5099999905,3.6500000954,3.4400000572,3.5799999237,9519800
2025-01-17T05:00:00.000Z,3.6300001144,3.7699999809,3.4900000095,3.5,16280800
2025-01-21T05:00:00.000Z,3.5,3.5799999237,3.4600000381,3.4800000191,8135300
2025-01-22T05:00:00.000Z,3.4900000095,3.5499999523,3.3800001144,3.3900001049,12760300
2025-01-23T05:00:00.000Z,3.3699998856,3.4700000286,3.3499999046,3.4100000858,9897300
2025-01-24T05:00:00.000Z,3.4200000763,3.5,3.3800001144,3.4200000763,7541600
2025-01-27T05:00:00.000Z,3.3900001049,3.4700000286,3.2400000095,3.25,12032200
2025-01-28T05:00:00.000Z,3.2599999905,3.3399999142,3.2200000286,3.2999999523,7754900
2025-01-29T05:00:00.000Z,3.2999999523,3.3199999332,3.1600000858,3.2100000381,9124600
2025-01-30T05:00:00.000Z,3.25,3.2699999809,3.1300001144,3.1400001049,9927800
2025-01-31T05:00:00.000Z,3.1199998856,3.1800000668,3.0799999237,3.1099998951,8556200
2025-02-03T05:00:00.000Z,3.0,3.1500000954,2.9500000477,3.0799999237,9542600
2025-02-04T05:00:00.000Z,3.1099998951,3.2100000381,3.0799999237,3.1600000858,7883300
2025-02-05T05:00:00.000Z,3.1800000668,3.2000000477,3.1099998951,3.1300001144,4851300
2025-02-06T05:00:00.000Z,3.1400001049,3.1800000668,3.0799999237,3.0999999046,4956800
2025-02-07T05:00:00.000Z,3.0999999046,3.1199998856,3.0299999714,3.0999999046,6157900
2025-02-10T05:00:00.000Z,3.1199998856,3.1900000572,3.1099998951,3.1700000763,6629500
2025-02-11T05:00:00.000Z,3.1700000763,3.4500000477,3.1600000858,3.3099999428,15575100
2025-02-12T05:00:00.000Z,3.3299999237,3.5499999523,3.3199999332,3.5,18230200
2025-02-13T05:00:00.000Z,3.5099999905,3.5399999619,3.3800001144,3.4800000191,13778700
2025-02-14T05:00:00.000Z,3.4900000095,3.6400001049,3.4900000095,3.5499999523,10028300
2025-02-18T05:00:00.000Z,3.5899999142,3.7699999809,3.5899999142,3.7000000477,12923400
2025-02-19T05:00:00.000Z,3.7000000477,3.7300000191,3.4700000286,3.5699999332,9430300
2025-02-20T05:00:00.000Z,3.5399999619,3.5399999619,3.4200000763,3.4900000095,7964100
2025-02-21T05:00:00.000Z,3.5299999714,3.5699999332,3.3900001049,3.4300000668,10778500
2025-02-24T05:00:00.000Z,3.4500000477,3.5399999619,3.3199999332,3.3599998951,8831800
2025-02-25T05:00:00.000Z,3.3800001144,3.4000000954,3.1600000858,3.2699999809,15535900
2025-02-26T05:00:00.000Z,3.3399999142,3.4500000477,3.2300000191,3.2599999905,10882400
2025-02-27T05:00:00.000Z,3.2999999523,3.4000000954,3.2100000381,3.2200000286,8855600
2025-02-28T05:00:00.000Z,3.2300000191,3.3800001144,3.1500000954,3.2999999523,10807300
2025-03-03T05:00:00.000Z,3.3099999428,3.3900001049,3.0199999809,3.0499999523,11853200
2025-03-04T05:00:00.000Z,3.0,3.1199998856,2.9500000477,3.0799999237,8747000
2025-03-05T05:00:00.000Z,3.0999999046,3.1400001049,3.0099999905,3.0499999523,6383800
2025-03-06T05:00:00.000Z,3.0,3.0799999237,2.9800000191,3.0099999905,6771800
2025-03-07T05:00:00.000Z,2.9700000286,3.0799999237,2.9700000286,3.0599999428,6612100
2025-03-10T04:00:00.000Z,2.9900000095,3.0999999046,2.9700000286,2.9800000191,9339600
2025-03-11T04:00:00.000Z,2.9800000191,3.0699999332,2.9600000381,2.9700000286,7809900
2025-03-12T04:00:00.000Z,2.9900000095,3.0299999714,2.9400000572,2.9400000572,5693000
2025-03-13T04:00:00.000Z,2.9500000477,2.9700000286,2.8199999332,2.8399999142,8181800
2025-03-14T04:00:00.000Z,2.8800001144,3.0,2.8599998951,2.9000000954,7900100
2025-03-17T04:00:00.000Z,2.9100000858,3.0499999523,2.9100000858,3.0099999905,7618500
2025-03-18T04:00:00.000Z,2.9800000191,3.0699999332,2.9800000191,3.0199999809,6063200
2025-03-19T04:00:00.000Z,3.0299999714,3.0999999046,3.0199999809,3.0399999619,6544500
2025-03-20T04:00:00.000Z,3.0299999714,3.0699999332,2.9800000191,2.9900000095,6661700
2025-03-21T04:00:00.000Z,2.9800000191,3.0599999428,2.9500000477,3.0399999619,15405900
2025-03-24T04:00:00.000Z,3.0599999428,3.0899999142,3.0399999619,3.0799999237,7171400
2025-03-25T04:00:00.000Z,3.0799999237,3.0999999046,3.0499999523,3.0699999332,6142100
2025-03-26T04:00:00.000Z,3.0999999046,3.1800000668,3.0299999714,3.0299999714,8835500
2025-03-27T04:00:00.000Z,3.0,3.0099999905,2.9100000858,2.9600000381,7067400
2025-03-28T04:00:00.000Z,2.9000000954,2.9600000381,2.8499999046,2.8800001144,6577000
2025-03-31T04:00:00.000Z,2.8099999428,2.9200000763,2.7899999619,2.8699998856,6047400
2025-04-01T04:00:00.000Z,2.8599998951,2.8800001144,2.7200000286,2.7799999714,9277300
2025-04-02T04:00:00.000Z,2.7400000095,2.7899999619,2.7000000477,2.75,7265300
2025-04-03T04:00:00.000Z,2.6800000668,2.7000000477,2.6099998951,2.6400001049,9533200
2025-04-04T04:00:00.000Z,2.5999999046,2.6800000668,2.4500000477,2.6500000954,15543800
2025-04-07T04:00:00.000Z,2.6500000954,2.9600000381,2.5599999428,2.75,18983000
2025-04-08T04:00:00.000Z,2.8199999332,2.8499999046,2.6199998856,2.6500000954,8447400
2025-04-09T04:00:00.000Z,2.6300001144,2.9300000668,2.6199998856,2.8900001049,12893600
2025-04-10T04:00:00.000Z,2.8399999142,2.9500000477,2.7899999619,2.9200000763,8195100
2025-04-11T04:00:00.000Z,2.9300000668,2.9700000286,2.8599998951,2.9500000477,6018800
2025-04-14T04:00:00.000Z,2.9700000286,3.0,2.8499999046,2.8800001144,6260500
2025-04-15T04:00:00.000Z,2.8800001144,2.9600000381,2.8599998951,2.9600000381,5017100
2025-04-16T04:00:00.000Z,2.9000000954,2.9300000668,2.7699999809,2.7999999523,7203200
2025-04-17T04:00:00.000Z,2.8099999428,2.8299999237,2.7599999905,2.7799999714,5704900
2025-04-21T04:00:00.000Z,2.75,2.7999999523,2.6500000954,2.6900000572,6815800
2025-04-22T04:00:00.000Z,2.7300000191,2.7599999905,2.6800000668,2.7200000286,6926300
2025-04-23T04:00:00.000Z,2.7899999619,2.8299999237,2.6900000572,2.7100000381,7580100
2025-04-24T04:00:00.000Z,2.6900000572,2.7599999905,2.6800000668,2.7100000381,6191100
2025-04-25T04:00:00.000Z,2.7100000381,2.7300000191,2.7000000477,2.7100000381,5428200
2025-04-28T04:00:00.000Z,2.7100000381,2.7599999905,2.7000000477,2.7200000286,5703000
2025-04-29T04:00:00.000Z,2.7200000286,2.75,2.6600000858,2.6800000668,6546300
2025-04-30T04:00:00.000Z,2.6500000954,2.6700000763,2.5299999714,2.6700000763,9621100
2025-05-01T04:00:00.000Z,2.6800000668,2.6900000572,2.6300001144,2.6500000954,8140600
2025-05-02T04:00:00.000Z,2.6500000954,2.7100000381,2.6500000954,2.6800000668,7793000
2025-05-05T04:00:00.000Z,2.6500000954,2.6700000763,2.5699999332,2.6400001049,6193000
2025-05-06T04:00:00.000Z,2.6400001049,2.7200000286,2.6199998856,2.6800000668,6745600
2025-05-07T04:00:00.000Z,2.6900000572,2.7300000191,2.6600000858,2.7100000381,8545600
2025-05-08T04:00:00.000Z,2.6900000572,2.7899999619,2.6500000954,2.7000000477,10674100
2025-05-09T04:00:00.000Z,2.7300000191,2.7799999714,2.6900000572,2.7300000191,8517400
2025-05-12T04:00:00.000Z,2.7899999619,2.8399999142,2.7200000286,2.7300000191,8816400
2025-05-13T04:00:00.000Z,2.75,2.8199999332,2.7400000095,2.7400000095,7598400
2025-05-14T04:00:00.000Z,2.7599999905,2.8099999428,2.7300000191,2.7400000095,7859400
2025-05-15T04:00:00.000Z,2.7400000095,2.8199999332,2.6700000763,2.8099999428,7490600
2025-05-16T04:00:00.000Z,2.7999999523,3.1900000572,2.7999999523,2.9500000477,26103700
2025-05-19T04:00:00.000Z,2.9200000763,2.9200000763,2.8299999237,2.9000000954,6958700
2025-05-20T04:00:00.000Z,2.9000000954,3.0299999714,2.8599998951,3.0099999905,8015200
2025-05-21T04:00:00.000Z,2.9900000095,3.0499999523,2.9200000763,2.9300000668,9743700
2025-05-22T04:00:00.000Z,2.9300000668,3.2699999809,2.8800001144,3.2400000095,19260500
2025-05-23T04:00:00.000Z,3.1400001049,3.3399999142,3.1300001144,3.2400000095,14773100
2025-05-27T04:00:00.000Z,3.4700000286,4.0799999237,3.3900001049,4.0100002289,67202100
2025-05-28T04:00:00.000Z,3.9800000191,4.0100002289,3.4500000477,3.4600000381,33127800
2025-05-29T04:00:00.000Z,3.5399999619,3.6199998856,3.3299999237,3.4200000763,13573800
2025-05-30T04:00:00.000Z,3.3699998856,3.5999999046,3.3199999332,3.5599999428,15905900
2025-06-02T04:00:00.000Z,3.5,3.5599999428,3.4000000954,3.4400000572,9924200
2025-06-03T04:00:00.000Z,3.4400000572,3.4600000381,3.3199999332,3.3299999237,9144900
2025-06-04T04:00:00.000Z,3.3099999428,3.4400000572,3.2300000191,3.4000000954,10230300
2025-06-05T04:00:00.000Z,3.4000000954,3.4900000095,3.3499999046,3.4000000954,7273400
2025-06-06T04:00:00.000Z,3.4300000668,3.5399999619,3.3900001049,3.4000000954,8062000
2025-06-09T04:00:00.000Z,3.4300000668,3.4400000572,3.3199999332,3.3499999046,7675800
2025-06-10T04:00:00.000Z,3.3599998951,3.3800001144,3.2899999619,3.3399999142,7738900
2025-06-11T04:00:00.000Z,3.3199999332,3.3800001144,3.2799999714,3.2899999619,7542200
2025-06-12T04:00:00.000Z,3.2400000095,3.25,3.0899999142,3.1300001144,11061300
2025-06-13T04:00:00.000Z,3.0999999046,3.2300000191,3.0799999237,3.1500000954,7925100
2025-06-16T04:00:00.000Z,3.1600000858,3.2300000191,3.1099998951,3.1300001144,6307100
2025-06-17T04:00:00.000Z,3.0899999142,3.1199998856,3.0,3.0,6602500
2025-06-18T04:00:00.000Z,3.0,3.0699999332,2.9800000191,3.0199999809,6361800
2025-06-20T04:00:00.000Z,3.0099999905,3.0599999428,2.9800000191,3.0099999905,9671100
2025-06-23T04:00:00.000Z,2.9600000381,3.0099999905,2.9300000668,2.9900000095,6562300
2025-06-24T04:00:00.000Z,3.0,3.0499999523,3.0,3.0,4379900
2025-06-25T04:00:00.000Z,3.0099999905,3.0799999237,2.9500000477,2.9800000191,4968100
2025-06-26T04:00:00.000Z,2.9700000286,3.0299999714,2.9700000286,3.0199999809,4237100
2025-06-27T04:00:00.000Z,3.0199999809,3.0799999237,3.0,3.0699999332,9739900
2025-06-30T04:00:00.000Z,3.0999999046,3.1400001049,3.0299999714,3.0999999046,6322100
2025-07-01T04:00:00.000Z,2.9100000858,2.9300000668,2.7899999619,2.8199999332,30341500
2025-07-02T04:00:00.000Z,2.8499999046,2.8900001049,2.7899999619,2.8800001144,9585400
2025-07-03T04:00:00.000Z,2.8800001144,2.9600000381,2.8599998951,2.9500000477,6594000
2025-07-07T04:00:00.000Z,2.9300000668,2.9300000668,2.8399999142,2.8499999046,9381100
2025-07-08T04:00:00.000Z,2.8599998951,2.9400000572,2.8199999332,2.9000000954,9004700
2025-07-09T04:00:00.000Z,2.9200000763,3.0299999714,2.8900001049,2.9500000477,12546500
2025-07-10T04:00:00.000Z,2.9500000477,3.0599999428,2.9200000763,3.0,9194000
2025-07-11T04:00:00.000Z,3.2300000191,3.3900001049,3.1700000763,3.3299999237,34923800
2025-07-14T04:00:00.000Z,3.3399999142,3.3599998951,3.25,3.2899999619,11778200
2025-07-15T04:00:00.000Z,3.2999999523,3.2999999523,3.1099998951,3.1199998856,30213900
2025-07-16T04:00:00.000Z,3.1400001049,3.2200000286,3.0799999237,3.1800000668,8625000
2025-07-17T04:00:00.000Z,3.1900000572,3.5399999619,3.1800000668,3.4800000191,23181600
2025-07-18T04:00:00.000Z,3.5299999714,3.5999999046,3.4500000477,3.5399999619,19410500
2025-07-21T04:00:00.000Z,3.5599999428,3.5999999046,3.4100000858,3.4400000572,13628600
2025-07-22T04:00:00.000Z,3.4500000477,3.5499999523,3.4100000858,3.5,9085900
2025-07-23T04:00:00.000Z,3.5,3.5199999809,3.4000000954,3.4700000286,8219300
2025-07-24T04:00:00.000Z,3.4500000477,3.4500000477,3.3399999142,3.3599998951,7857000
2025-07-25T04:00:00.000Z,3.3499999046,3.3900001049,3.2300000191,3.25,9856600
2025-07-28T04:00:00.000Z,3.2300000191,3.25,3.0999999046,3.1099998951,9131100
2025-07-29T04:00:00.000Z,3.0999999046,3.1099998951,2.9500000477,2.9600000381,11377500
2025-07-30T04:00:00.000Z,2.9600000381,2.9800000191,2.9100000858,2.9100000858,9855000
2025-07-31T04:00:00.000Z,2.9200000763,2.9800000191,2.8699998856,2.9000000954,9408200
2025-08-01T04:00:00.000Z,2.8900001049,2.9400000572,2.8399999142,2.8499999046,9577700
2025-08-04T04:00:00.000Z,2.8900001049,2.9000000954,2.8499999046,2.8699998856,10687000
2025-08-05T04:00:00.000Z,2.8800001144,2.9300000668,2.8399999142,2.8399999142,8841100
2025-08-06T04:00:00.000Z,2.8499999046,2.8499999046,2.7799999714,2.7799999714,9712700
2025-08-07T04:00:00.000Z,2.8199999332,2.8499999046,2.7799999714,2.8099999428,6688800
2025-08-08T04:00:00.000Z,2.8199999332,2.9500000477,2.7899999619,2.9300000668,10447500
2025-08-11T04:00:00.000Z,3.2400000095,3.2599999905,2.9800000191,3.0299999714,41044300
2025-08-12T04:00:00.000Z,2.9900000095,3.1500000954,2.9300000668,3.0699999332,27157600
2025-08-13T04:00:00.000Z,3.0999999046,3.1400001049,3.0299999714,3.0699999332,10222000
2025-08-14T04:00:00.000Z,3.0299999714,3.0699999332,2.9900000095,3.0399999619,11650300
2025-08-15T04:00:00.000Z,3.0499999523,3.0599999428,3.0,3.0,8980000
2025-08-18T04:00:00.000Z,3.0099999905,3.0199999809,2.9300000668,2.9300000668,10412000
2025-08-19T04:00:00.000Z,2.9400000572,2.9600000381,2.8599998951,2.8599998951,9554900
2025-08-20T04:00:00.000Z,2.8599998951,2.8800001144,2.8099999428,2.8399999142,6809100
2025-08-21T04:00:00.000Z,2.8299999237,2.8800001144,2.8299999237,2.8299999237,5218100
2025-08-22T04:00:00.000Z,2.8599998951,2.9500000477,2.8499999046,2.9500000477,8739700
2025-08-25T04:00:00.000Z,2.9500000477,2.9700000286,2.8800001144,2.8800001144,7681700
2025-08-26T04:00:00.000Z,2.8900001049,2.9000000954,2.8499999046,2.8599998951,10998400
2025-08-27T04:00:00.000Z,2.8699998856,2.8800001144,2.8299999237,2.8399999142,6857800
2025-08-28T04:00:00.000Z,2.8599998951,2.8699998856,2.8199999332,2.8299999237,6550600
2025-08-29T04:00:00.000Z,2.8399999142,2.8499999046,2.7999999523,2.8099999428,7039600
2025-09-02T04:00:00.000Z,2.7999999523,2.8099999428,2.7300000191,2.7699999809,10720400
2025-09-03T04:00:00.000Z,2.7400000095,2.7699999809,2.7000000477,2.7100000381,12918700
2025-09-04T04:00:00.000Z,2.7200000286,2.7400000095,2.6700000763,2.7200000286,8847400
2025-09-05T04:00:00.000Z,2.7300000191,2.7699999809,2.6900000572,2.75,10638100
2025-09-08T04:00:00.000Z,2.75,2.8399999142,2.7200000286,2.8299999237,10214300
2025-09-09T04:00:00.000Z,2.8199999332,2.8499999046,2.7799999714,2.8099999428,5784900
2025-09-10T04:00:00.000Z,2.8199999332,2.8699998856,2.75,2.7599999905,9706900
2025-09-11T04:00:00.000Z,2.7699999809,2.8699998856,2.7599999905,2.7999999523,13390900
2025-09-12T04:00:00.000Z,2.8099999428,2.8499999046,2.7799999714,2.8099999428,6931200
2025-09-15T04:00:00.000Z,2.8199999332,2.9200000763,2.8199999332,2.9000000954,9608600
2025-09-16T04:00:00.000Z,2.9000000954,2.9200000763,2.8499999046,2.9000000954,6333500
2025-09-17T04:00:00.000Z,2.9000000954,2.9100000858,2.7999999523,2.8199999332,11783800
2025-09-18T04:00:00.000Z,2.8199999332,2.8599998951,2.7999999523,2.8399999142,12047900
2025-09-19T04:00:00.000Z,2.8399999142,3.0799999237,2.8299999237,3.0099999905,56986200
2025-09-22T04:00:00.000Z,2.9500000477,3.0399999619,2.9400000572,3.0,19782900
2025-09-23T04:00:00.000Z,2.9800000191,3.0,2.9200000763,2.9600000381,12616200
2025-09-24T04:00:00.000Z,2.9400000572,2.9600000381,2.8699998856,2.9200000763,12231300
2025-09-25T04:00:00.000Z,2.8800001144,2.8900001049,2.8099999428,2.8299999237,12968600
2025-09-26T04:00:00.000Z,2.8299999237,2.9100000858,2.7999999523,2.8900001049,12286000
2025-09-29T04:00:00.000Z,2.9000000954,3.0699999332,2.9000000954,3.0,23002200
2025-09-30T04:00:00.000Z,2.9900000095,3.0099999905,2.8800001144,2.9000000954,14271400
2025-10-01T04:00:00.000Z,2.9100000858,3.0399999619,2.9000000954,2.9500000477,19091700
2025-10-02T04:00:00.000Z,2.9900000095,3.1700000763,2.9300000668,3.1500000954,23383400
2025-10-03T04:00:00.000Z,3.1300001144,3.1800000668,3.0399999619,3.0599999428,17660900
2025-10-06T04:00:00.000Z,3.0799999237,3.0799999237,2.9000000954,2.9000000954,21733900
2025-10-07T04:00:00.000Z,2.9300000668,2.9300000668,2.8099999428,2.8399999142,20116100
2025-10-08T04:00:00.000Z,2.8399999142,2.8800001144,2.7899999619,2.8399999142,16041600
2025-10-09T04:00:00.000Z,2.8399999142,2.9600000381,2.8099999428,2.9300000668,19120300
2025-10-10T04:00:00.000Z,2.9300000668,3.0,2.8800001144,2.9500000477,26872700
2025-10-13T04:00:00.000Z,2.9200000763,2.9800000191,2.8499999046,2.8699998856,25035800
2025-10-14T04:00:00.000Z,2.8499999046,2.9000000954,2.8199999332,2.8299999237,18932700
2025-10-15T04:00:00.000Z,2.8599998951,2.9100000858,2.8199999332,2.8199999332,25087200
2025-10-16T04:00:00.000Z,2.8299999237,2.9800000191,2.7400000095,2.75,57914900
2025-10-17T04:00:00.000Z,2.75,2.8099999428,2.7100000381,2.7400000095,23037700
2025-10-20T04:00:00.000Z,2.7799999714,2.7999999523,2.7200000286,2.7699999809,23659200
2025-10-21T04:00:00.000Z,2.7599999905,2.9200000763,2.7300000191,2.8900001049,34173300
2025-10-22T04:00:00.000Z,2.8699998856,2.9000000954,2.7200000286,2.75,35126000
2025-10-23T04:00:00.000Z,2.7599999905,2.8199999332,2.7200000286,2.7300000191,32674600
2025-10-24T04:00:00.000Z,2.7599999905,2.7699999809,2.6199998856,2.6900000572,35154500
2025-10-27T04:00:00.000Z,2.7000000477,2.75,2.6600000858,2.7000000477,23305800
2025-10-28T04:00:00.000Z,2.7100000381,2.7300000191,2.6800000668,2.7200000286,25078700
2025-10-29T04:00:00.000Z,2.7000000477,2.7200000286,2.6500000954,2.6600000858,30894000
2025-10-30T04:00:00.000Z,2.6500000954,2.6600000858,2.5199999809,2.5399999619,31081600
2025-10-31T04:00:00.000Z,2.5499999523,2.5999999046,2.4900000095,2.5899999142,24480000
2025-11-03T05:00:00.000Z,2.5899999142,2.6400001049,2.5199999809,2.5799999237,24246500
2025-11-04T05:00:00.000Z,2.5499999523,2.6099998951,2.5099999905,2.5099999905,18963500
2025-11-05T05:00:00.000Z,2.5299999714,2.5599999428,2.5,2.5,24288200
2025-11-06T05:00:00.000Z,2.5199999809,2.6400001049,2.4600000381,2.5999999046,23689100
2025-11-07T05:00:00.000Z,2.5499999523,2.5599999428,2.3900001049,2.4100000858,30573300
2025-11-10T05:00:00.000Z,2.4200000763,2.4800000191,2.3599998951,2.4600000381,24846300
2025-11-11T05:00:00.000Z,2.4500000477,2.4700000286,2.4100000858,2.4300000668,12408600
2025-11-12T05:00:00.000Z,2.4300000668,2.5,2.4300000668,2.4600000381,13126200
2025-11-13T05:00:00.000Z,2.4400000572,2.4500000477,2.3299999237,2.3399999142,18466800
2025-11-14T05:00:00.000Z,2.3099999428,2.3199999332,2.25,2.2799999714,17314800
2025-11-17T05:00:00.000Z,2.2599999905,2.2799999714,2.1199998856,2.1700000763,30624300
2025-11-18T05:00:00.000Z,2.1500000954,2.2200000286,2.1099998951,2.1800000668,22567200
2025-11-19T05:00:00.000Z,2.1900000572,2.2100000381,2.1099998951,2.1300001144,14508700
2025-11-20T05:00:00.000Z,2.1500000954,2.1700000763,2.0699999332,2.0699999332,16487600
2025-11-21T05:00:00.000Z,2.0699999332,2.2100000381,2.0499999523,2.2000000477,26151000
2025-11-24T05:00:00.000Z,2.2200000286,2.2300000191,2.1700000763,2.2000000477,14655700
2025-11-25T05:00:00.000Z,2.1900000572,2.3299999237,2.1700000763,2.2599999905,13881400
2025-11-26T05:00:00.000Z,2.2599999905,2.2999999523,2.2400000095,2.2999999523,13179800
2025-11-28T05:00:00.000Z,2.3299999237,2.4700000286,2.3199999332,2.4500000477,16117900
2025-12-01T05:00:00.000Z,2.4000000954,2.4400000572,2.3299999237,2.3499999046,11294300
2025-12-02T05:00:00.000Z,2.3499999046,2.3699998856,2.2899999619,2.2999999523,17189900
2025-12-03T05:00:00.000Z,2.2999999523,2.3399999142,2.25,2.2799999714,11853400
2025-12-04T05:00:00.000Z,2.2999999523,2.3299999237,2.2699999809,2.3299999237,14825100
2025-12-05T05:00:00.000Z,2.2999999523,2.3099999428,2.25,2.2699999809,15178700
2025-12-08T05:00:00.000Z,2.2599999905,2.3399999142,2.2599999905,2.3199999332,17470600
2025-12-09T05:00:00.000Z,2.3199999332,2.3299999237,2.25,2.2799999714,12083500
2025-12-10T05:00:00.000Z,2.2599999905,2.3099999428,2.2000000477,2.2100000381,20305700
2025-12-11T05:00:00.000Z,2.2000000477,2.2200000286,2.1400001049,2.1600000858,16978900
2025-12-12T05:00:00.000Z,2.1800000668,2.2000000477,2.0899999142,2.1199998856,21452100
2025-12-15T05:00:00.000Z,2.0799999237,2.1099998951,1.9700000286,1.9700000286,30899400
2025-12-16T05:00:00.000Z,1.9800000191,1.9800000191,1.9199999571,1.9299999475,24735700
2025-12-17T05:00:00.000Z,1.9400000572,1.9500000477,1.8200000525,1.8200000525,24079700
2025-12-18T05:00:00.000Z,1.8500000238,1.8600000143,1.7799999714,1.7799999714,24073300
2025-12-19T05:00:00.000Z,1.7799999714,1.8300000429,1.7300000191,1.75,37320800
2025-12-22T05:00:00.000Z,1.7699999809,1.7699999809,1.6799999475,1.7000000477,31437500
2025-12-23T05:00:00.000Z,1.6900000572,1.7100000381,1.6299999952,1.6799999475,30344000
2025-12-24T05:00:00.000Z,1.6799999475,1.6900000572,1.6299999952,1.6799999475,17862400
2025-12-26T05:00:00.000Z,1.6799999475,1.7200000286,1.6100000143,1.6900000572,22763900
2025-12-29T05:00:00.000Z,1.7000000477,1.7000000477,1.6200000048,1.6299999952,26661100
2025-12-30T05:00:00.000Z,1.6299999952,1.6499999762,1.6000000238,1.6100000143,21312600
2025-12-31T05:00:00.000Z,1.6100000143,1.6200000048,1.5399999619,1.5599999428,28432700
2026-01-02T05:00:00.000Z,1.5700000525,1.6100000143,1.5,1.6100000143,37523100
2026-01-05T05:00:00.000Z,1.6000000238,1.6499999762,1.5199999809,1.5299999714,35920800
2026-01-06T05:00:00.000Z,1.5399999619,1.6200000048,1.5199999809,1.5199999809,30088500
2026-01-07T05:00:00.000Z,1.5499999523,1.5900000334,1.5,1.5199999809,28041700
2026-01-08T05:00:00.000Z,1.5199999809,1.5199999809,1.4400000572,1.4500000477,29422400
2026-01-09T05:00:00.000Z,1.4700000286,1.7000000477,1.4500000477,1.6399999857,72240900
2026-01-12T05:00:00.000Z,1.6399999857,1.7899999619,1.5700000525,1.7300000191,61329400
2026-01-13T05:00:00.000Z,1.7300000191,1.7599999905,1.6000000238,1.6100000143,46111500
2026-01-14T05:00:00.000Z,1.6100000143,1.6200000048,1.5499999523,1.5499999523,31172900
2026-01-15T05:00:00.000Z,1.5599999428,1.6599999666,1.5399999619,1.6000000238,36442900
2026-01-16T05:00:00.000Z,1.6000000238,1.6799999475,1.5900000334,1.6100000143,31136300
2026-01-20T05:00:00.000Z,1.5700000525,1.6200000048,1.5499999523,1.5700000525,37449300
2026-01-21T05:00:00.000Z,1.5800000429,1.7000000477,1.5700000525,1.6100000143,51348800
2026-01-22T05:00:00.000Z,1.6299999952,1.7000000477,1.6000000238,1.6499999762,44640200
2026-01-23T05:00:00.000Z,1.6499999762,1.6799999475,1.5499999523,1.5599999428,55284400
2026-01-26T05:00:00.000Z,1.5499999523,1.5700000525,1.4800000191,1.4900000095,55918300
2026-01-27T05:00:00.000Z,1.5,1.5099999905,1.4400000572,1.4500000477,33674500
2026-01-28T05:00:00.000Z,1.4500000477,1.4700000286,1.4099999666,1.4299999475,33824500
2026-01-29T05:00:00.000Z,1.4299999475,1.4600000381,1.3600000143,1.3700000048,48727300
2026-01-30T05:00:00.000Z,1.3700000048,1.4299999475,1.3500000238,1.3899999857,55477500
2026-02-02T05:00:00.000Z,1.3799999952,1.4800000191,1.3500000238,1.3999999762,50445400
2026-02-03T05:00:00.000Z,1.3999999762,1.4500000477,1.3500000238,1.3799999952,54958300
2026-02-04T05:00:00.000Z,1.3700000048,1.5399999619,1.3700000048,1.4700000286,70065200
2026-02-05T05:00:00.000Z,1.4600000381,1.4900000095,1.3899999857,1.3999999762,55744200
2026-02-06T05:00:00.000Z,1.4199999571,1.5099999905,1.4099999666,1.4800000191,57264800
2026-02-09T05:00:00.000Z,1.4400000572,1.4500000477,1.3300000429,1.3400000334,38690200
2026-02-10T05:00:00.000Z,1.3500000238,1.3899999857,1.3300000429,1.3300000429,22996900
2026-02-11T05:00:00.000Z,1.3300000429,1.3400000334,1.2599999905,1.2699999809,50878500
2026-02-12T05:00:00.000Z,1.2699999809,1.2999999523,1.2100000381,1.2200000286,50943600
2026-02-13T05:00:00.000Z,1.2300000191,1.3300000429,1.2300000191,1.2300000191,49699200
2026-02-17T05:00:00.000Z,1.25,1.2799999714,1.2200000286,1.25,49847200
2026-02-18T05:00:00.000Z,1.25,1.3099999428,1.2400000095,1.2400000095,34851000
2026-02-19T05:00:00.000Z,1.2300000191,1.2699999809,1.2100000381,1.2200000286,18812500
2026-02-20T05:00:00.000Z,1.2300000191,1.2300000191,1.1900000572,1.2000000477,31499200
2026-02-23T05:00:00.000Z,1.1900000572,1.2100000381,1.1499999762,1.1499999762,24691200
2026-02-24T05:00:00.000Z,1.1699999571,1.2000000477,1.1499999762,1.1699999571,19187000
2026-02-25T05:00:00.000Z,1.1799999475,1.2100000381,1.1599999666,1.1599999666,23430100
2026-02-26T05:00:00.000Z,1.1599999666,1.2000000477,1.1299999952,1.1399999857,31019000
2026-02-27T05:00:00.000Z,1.1399999857,1.1799999475,1.1200000048,1.1599999666,32776200
2026-03-02T05:00:00.000Z,1.1299999952,1.1599999666,1.1100000143,1.1399999857,27617400
2026-03-03T05:00:00.000Z,1.1299999952,1.1699999571,1.1000000238,1.1299999952,31216500
2026-03-04T05:00:00.000Z,1.1399999857,1.2100000381,1.1200000048,1.1799999475,26130300
2026-03-05T05:00:00.000Z,1.1699999571,1.25,1.1599999666,1.2100000381,29263700
2026-03-06T05:00:00.000Z,1.1900000572,1.2000000477,1.1499999762,1.1699999571,25514100
2026-03-09T04:00:00.000Z,1.1499999762,1.1599999666,1.0900000334,1.1299999952,41419700
2026-03-10T04:00:00.000Z,1.1200000048,1.1299999952,1.0900000334,1.1100000143,29434100
2026-03-11T04:00:00.000Z,1.1100000143,1.1299999952,1.0800000429,1.1200000048,25975800
2026-03-12T04:00:00.000Z,1.1100000143,1.1200000048,1.0900000334,1.0900000334,22004800
2026-03-13T04:00:00.000Z,1.1000000238,1.1299999952,1.0800000429,1.0900000334,26211400
2026-03-16T04:00:00.000Z,1.0900000334,1.1200000048,1.0599999428,1.0599999428,28063800
2026-03-17T04:00:00.000Z,1.0599999428,1.1100000143,1.0499999523,1.0800000429,28767900
2026-03-18T04:00:00.000Z,1.0700000525,1.1000000238,1.0199999809,1.0199999809,19946700
2026-03-19T04:00:00.000Z,1.0099999905,1.0599999428,1.0,1.0299999714,20502700
2026-03-20T04:00:00.000Z,1.0299999714,1.0499999523,0.9800000191,0.9800000191,29104400
2026-03-23T04:00:00.000Z,1.0,1.0599999428,0.9800000191,1.0199999809,29842700
2026-03-24T04:00:00.000Z,1.0199999809,1.0299999714,0.9800000191,1.0,30859200
2026-03-25T04:00:00.000Z,1.0,1.0199999809,0.9700000286,0.9900000095,19193500
2026-03-26T04:00:00.000Z,0.9900000095,1.0099999905,0.9700000286,0.9700000286,14347700
2026-03-27T04:00:00.000Z,0.9700000286,0.9900000095,0.9300000072,0.9499999881,15995700
2026-03-30T04:00:00.000Z,0.9599999785,1.0700000525,0.9499999881,0.9800000191,31411600
2026-03-31T04:00:00.000Z,1.0,1.0399999619,0.9800000191,0.9800000191,23970000
2026-04-01T04:00:00.000Z,1.0,1.0499999523,0.9900000095,1.0299999714,40614100
2026-04-02T04:00:00.000Z,1.0199999809,1.1200000048,0.9900000095,1.1200000048,41493500
2026-04-06T04:00:00.000Z,1.1299999952,1.3099999428,1.1299999952,1.2599999905,50645600
2026-04-07T04:00:00.000Z,1.25,1.2799999714,1.1699999571,1.2799999714,30528600
2026-04-08T04:00:00.000Z,1.3200000525,1.3999999762,1.2899999619,1.3400000334,36736900
2026-04-09T04:00:00.000Z,1.3300000429,1.3999999762,1.2899999619,1.3500000238,26473800
2026-04-10T04:00:00.000Z,1.3500000238,1.4500000477,1.3200000525,1.3500000238,30800600
2026-04-13T04:00:00.000Z,1.3400000334,1.4600000381,1.2999999523,1.4500000477,29379700
2026-04-14T04:00:00.000Z,1.4600000381,1.5499999523,1.4500000477,1.5399999619,37999900
2026-04-15T04:00:00.000Z,1.5499999523,1.6699999571,1.4900000095,1.6699999571,40208600
2026-04-16T04:00:00.000Z,1.6599999666,1.6699999571,1.5399999619,1.6100000143,41607800
2026-04-17T04:00:00.000Z,1.6399999857,1.9400000572,1.6399999857,1.8600000143,88218200
2026-04-20T04:00:00.000Z,1.8600000143,1.9099999666,1.7400000095,1.8300000429,37594600
2026-04-21T04:00:00.000Z,1.8400000334,1.8400000334,1.6599999666,1.6699999571,36034000
2026-04-22T04:00:00.000Z,1.6900000572,1.8300000429,1.6799999475,1.7100000381,26433100
2026-04-23T04:00:00.000Z,1.7000000477,1.7899999619,1.6299999952,1.6699999571,23075400
2026-04-24T04:00:00.000Z,1.6699999571,1.6699999571,1.5700000525,1.6399999857,22228100
2026-04-27T04:00:00.000Z,1.6200000048,1.7000000477,1.5900000334,1.6499999762,24735800
2026-04-28T04:00:00.000Z,1.6200000048,1.6499999762,1.5900000334,1.6399999857,17853700
2026-04-29T04:00:00.000Z,1.6100000143,1.6399999857,1.5099999905,1.5599999428,24683200
2026-04-30T04:00:00.000Z,1.5599999428,1.5700000525,1.4700000286,1.5199999809,25146300
2026-05-01T04:00:00.000Z,1.5199999809,1.5700000525,1.4299999475,1.4500000477,29869300
2026-05-04T04:00:00.000Z,1.4600000381,1.6100000143,1.4099999666,1.4500000477,44420500
2026-05-05T04:00:00.000Z,1.4600000381,1.6299999952,1.4199999571,1.5900000334,37782000
2026-05-06T04:00:00.000Z,1.6699999571,1.7599999905,1.6100000143,1.6399999857,37087800
2026-05-07T04:00:00.000Z,1.6200000048,1.6599999666,1.5199999809,1.5199999809,40850000
2026-05-08T04:00:00.000Z,1.5299999714,1.5499999523,1.4800000191,1.5,18666700
2026-05-11T04:00:00.000Z,1.4800000191,1.5099999905,1.4099999666,1.4099999666,21052400
