Date,Open,High,Low,Close,Volume
2021-01-04T05:00:00.000Z,28.8169799182,29.0272711335,28.4805134389,28.6347255707,7026200
2021-01-05T05:00:00.000Z,28.7538942981,29.6861863983,28.6417387971,29.6511383057,5370300
2021-01-06T05:00:00.000Z,29.8614307889,29.924518428,29.0903620218,29.279624939,7892400
2021-01-07T05:00:00.000Z,29.4408518473,30.0366775413,29.10438529,29.9665813446,10484700
2021-01-08T05:00:00.000Z,30.1348079947,30.1698560838,29.5249600138,29.7072143555,7759500
2021-01-11T05:00:00.000Z,29.6511484058,29.8334028282,29.4688966574,29.7703151703,6591500
2021-01-12T05:00:00.000Z,29.9525576051,30.1348119708,29.7492749179,30.1137809753,11678700
2021-01-13T05:00:00.000Z,30.1628488251,30.8427930736,30.0927526377,30.8077449799,7498200
2021-01-14T05:00:00.000Z,30.8427945648,31.5998462604,30.8287747919,31.5577869415,11852900
2021-01-15T05:00:00.000Z,31.7049836056,31.7049836056,31.0811185527,31.4596443176,14490600
2021-01-18T05:00:00.000Z,31.0390647512,31.1231833855,30.5483860881,30.8988723755,2922200
2021-01-19T05:00:00.000Z,31.1301918622,31.5998448767,30.8498017634,31.368522644,9668800
2021-01-20T05:00:00.000Z,31.3965622258,31.5718053693,31.2493586271,31.5227375031,13776400
2021-01-21T05:00:00.000Z,31.5227395187,31.536759292,30.9549507349,31.0671062469,6396100
2021-01-22T05:00:00.000Z,30.66754978,31.0250446123,30.6395102356,30.9549484253,7012000
2021-01-25T05:00:00.000Z,30.9619520087,31.0180310886,30.5694091459,30.9409236908,6890500
2021-01-26T05:00:00.000Z,30.9829868464,31.1582299817,30.723627755,31.0250434875,8228400
2021-01-27T05:00:00.000Z,30.8778422121,31.025045815,30.3451042175,30.3451042175,4892700
2021-01-28T05:00:00.000Z,30.4502481689,30.6605420838,30.2049088334,30.5553951263,7088200
2021-01-29T05:00:00.000Z,30.2189279305,30.4852982559,29.9876056988,30.1137809753,10135300
2021-02-01T05:00:00.000Z,30.3801551974,30.7026019793,30.0927565137,30.5063304901,6884800
2021-02-02T05:00:00.000Z,30.8427879751,31.0951384864,30.6955844015,30.9409236908,8125600
2021-02-03T05:00:00.000Z,31.0180308616,31.3334689983,30.8427877493,31.3054294586,10129400
2021-02-04T05:00:00.000Z,31.3615128683,31.7400360107,31.0741142316,31.7400360107,22647900
2021-02-05T05:00:00.000Z,31.8381811147,31.8381811147,31.3615221034,31.4806861877,15594600
2021-02-08T05:00:00.000Z,31.6068550823,32.097536444,31.5858267597,31.9713611603,31440600
2021-02-09T05:00:00.000Z,32.0484656603,32.0484656603,31.6068522076,31.8101348877,10246500
2021-02-10T05:00:00.000Z,31.9783725891,32.1325874329,31.8592085183,32.1325874329,28177300
2021-02-11T05:00:00.000Z,32.129006791,32.1361453719,31.5221266411,31.8148574829,21964300
2021-02-12T05:00:00.000Z,31.6435067207,31.7006262716,31.1794199023,31.4221725464,17844200
2021-02-16T05:00:00.000Z,31.5007108172,31.8434199545,31.4293141016,31.4935722351,25274700
2021-02-17T05:00:00.000Z,31.557826042,31.7577389971,31.2008370657,31.2793750763,14561400
2021-02-18T05:00:00.000Z,31.2008444341,31.3579177687,30.9223934027,31.207983017,10381100
2021-02-19T05:00:00.000Z,31.1294367543,31.2650943045,30.9509422712,31.2008361816,14868700
2021-02-22T05:00:00.000Z,31.3079433816,31.7648917233,31.1580086114,31.586397171,17676400
2021-02-23T05:00:00.000Z,31.7006241198,32.0219120392,31.2222574461,31.9862136841,7412900
2021-02-24T05:00:00.000Z,31.9862183453,32.2004112307,31.6863488506,31.9148216248,7093700
2021-02-25T05:00:00.000Z,31.9076815227,32.0576189993,31.400757706,31.5292739868,7856600
2021-02-26T05:00:00.000Z,31.3507730405,31.4150311677,30.6867733002,30.6867733002,10357300
2021-03-01T05:00:00.000Z,31.1294420741,31.5935288988,30.9009693146,31.3864746094,5473500
2021-03-02T05:00:00.000Z,31.4864347523,31.7077689552,31.3650597763,31.5935325623,11385500
2021-03-03T05:00:00.000Z,31.572106515,31.9362340791,31.1722778737,31.7434597015,5901700
2021-03-04T05:00:00.000Z,31.743464817,32.1147337458,31.6220898506,31.8362827301,11775900
2021-03-05T05:00:00.000Z,32.1004560344,32.2646706773,31.7720267487,32.0076408386,11125900
2021-03-08T05:00:00.000Z,32.1290131171,32.5074206223,31.9719370703,32.4288825989,14050700
2021-03-09T05:00:00.000Z,32.4217392369,32.6502119675,32.1004486084,32.1004486084,6565500
2021-03-10T05:00:00.000Z,32.1861349785,32.5359827324,32.1504338936,32.343208313,3892000
2021-03-11T05:00:00.000Z,32.5645367933,32.7501698736,32.3931808761,32.4931373596,5399800
2021-03-12T05:00:00.000Z,32.4931443625,32.6787802065,32.2718128794,32.4360275269,2975600
2021-03-15T04:00:00.000Z,32.4931439452,32.6644998971,32.3717689687,32.5716819763,5024100
2021-03-16T04:00:00.000Z,32.5431236123,32.5716806668,32.1647133614,32.37890625,7724700
2021-03-17T04:00:00.000Z,32.3217921798,32.5859633409,32.1789960006,32.457447052,5343100
2021-03-18T04:00:00.000Z,32.4146055542,32.4431626072,31.9576573004,32.0219154358,4320900
2021-03-19T04:00:00.000Z,32.0147786117,32.4931426388,31.8577025557,32.37890625,16680800
2021-03-22T04:00:00.000Z,32.3432058201,32.5716785832,32.3146460438,32.5359802246,3225700
2021-03-23T04:00:00.000Z,32.4503036194,32.6859149647,32.250387909,32.5359802246,4580700
2021-03-24T04:00:00.000Z,32.5859606805,33.1928437115,32.5645422086,33.0571861267,6447800
2021-03-25T04:00:00.000Z,33.050045206,33.1000234525,32.564539905,33.0429039001,4057200
2021-03-26T04:00:00.000Z,33.1285868762,33.3641982468,33.0072091758,33.249961853,4181100
2021-03-29T04:00:00.000Z,33.3284897761,33.5284027237,33.1285768286,33.4427261353,4958100
2021-03-30T04:00:00.000Z,33.2214063235,33.3070856725,33.0000748143,33.0143547058,3082600
2021-03-31T04:00:00.000Z,33.0071998894,33.0357596608,32.5288359763,32.6859092712,6210900
2021-04-01T04:00:00.000Z,32.9786385638,33.014339638,32.6145110294,33.0071983337,2866300
2021-04-05T04:00:00.000Z,33.0429075215,33.0786086075,32.7430380094,33.0500488281,2116700
2021-04-06T04:00:00.000Z,33.0928810896,33.1285821705,32.8644083345,33.021484375,2388900
2021-04-07T04:00:00.000Z,33.0928787742,33.1571369023,33.0143434831,33.1071586609,2812900
2021-04-08T04:00:00.000Z,33.0143498689,33.2999394862,32.8072955579,33.2928009033,4067900
2021-04-09T04:00:00.000Z,33.2499560666,33.278515841,32.9072469449,33.0000648499,2938300
2021-04-12T04:00:00.000Z,33.1143060972,33.1143060972,32.7858740908,32.9215316772,6141700
2021-04-13T04:00:00.000Z,32.9143899346,33.057186102,32.8215747409,32.8572731018,3576000
2021-04-14T04:00:00.000Z,33.0286227877,33.2856553168,33.0143456238,33.1285820007,4068500
2021-04-15T04:00:00.000Z,33.1999781516,33.3927525451,33.1285814386,33.3713340759,4663200
2021-04-16T04:00:00.000Z,33.4570155461,33.4712954355,33.1000264817,33.2928009033,7888000
2021-04-19T04:00:00.000Z,33.3427749361,33.5212694457,33.3213537429,33.4284515381,19283200
2021-04-20T04:00:00.000Z,33.3284949795,33.4141715813,33.0643238685,33.1285820007,5385500
2021-04-21T04:00:00.000Z,33.0500469559,33.3070795081,33.0000687068,33.2999382019,3192800
2021-04-22T04:00:00.000Z,33.3070801007,33.3284985726,33.0214877657,33.0571861267,5392800
2021-04-23T04:00:00.000Z,33.0571852658,33.135723292,32.8572722706,33.0286254883,8375200
2021-04-26T04:00:00.000Z,32.9500916492,33.0072084831,32.8429938407,32.914390564,9165300
2021-04-27T04:00:00.000Z,32.9857854789,33.4141712068,32.8858289906,33.3641929626,5242000
2021-04-28T04:00:00.000Z,33.4498721707,33.8211411015,33.3856140342,33.5498313904,6476200
2021-04-29T04:00:00.000Z,33.7354615771,33.8639778391,33.5998067333,33.778301239,5054900
2021-04-30T04:00:00.000Z,33.76401671,33.9567910765,33.492704336,33.8496932983,4785500
2021-05-03T04:00:00.000Z,33.9567983241,34.1281515373,33.8211407463,33.9853553772,5792500
2021-05-04T04:00:00.000Z,34.1281480176,34.270944163,34.0210529513,34.2566642761,7563700
2021-05-05T04:00:00.000Z,34.3780440657,35.0777422252,34.3566228722,34.9849243164,23759600
2021-05-06T04:00:00.000Z,34.9849168976,34.9849168976,34.4565720562,34.5708084106,31481300
2021-05-07T04:00:00.000Z,33.5569763388,34.4351692225,33.5212779725,34.3352127075,14516900
2021-05-10T04:00:00.000Z,34.4137425288,34.8849679325,34.399462641,34.5779571533,12241800
2021-05-11T04:00:00.000Z,34.3851862947,34.6136590762,34.2138303468,34.4066047668,24535800
2021-05-12T04:00:00.000Z,34.0710358716,34.863552,34.0710358716,34.4851417542,12808000
2021-05-13T04:00:00.000Z,34.2126898661,34.4451819086,33.7840321431,33.9293403625,20509200
2021-05-14T04:00:00.000Z,34.1109717891,34.4597098206,34.0528473981,34.2926063538,16520800
2021-05-17T04:00:00.000Z,34.1763607596,34.3579953264,33.9002754419,34.0165214539,17069300
2021-05-18T04:00:00.000Z,34.0165226042,34.1472997184,33.6968467535,34.1109733582,7949800
2021-05-19T04:00:00.000Z,33.8058236602,33.8784791477,33.2827180084,33.4498214722,26781600
2021-05-20T04:00:00.000Z,33.486151314,33.9002779351,33.2463923378,33.8203582764,12066300
2021-05-21T04:00:00.000Z,33.9947296782,34.0237918771,33.7186443323,33.8130950928,3086100
2021-05-25T04:00:00.000Z,34.0019868397,34.038313195,33.6750440989,33.6895751953,13487000
2021-05-26T04:00:00.000Z,33.8712226752,34.0528572926,33.7985699369,33.9874687195,8591300
2021-05-27T04:00:00.000Z,33.9293355426,34.0528457101,33.7694962468,33.8930091858,6474700
2021-05-28T04:00:00.000Z,34.0165210158,34.0746454068,33.7186404409,33.7622337341,4110200
2021-05-31T04:00:00.000Z,33.9148053256,33.9148053256,33.3335752869,33.3481063843,3168700
2021-06-01T04:00:00.000Z,33.7549726859,34.0673844131,33.7259104854,33.8857498169,6891600
2021-06-02T04:00:00.000Z,34.0964458506,34.1037100148,33.9220754227,34.0019950867,6109800
2021-06-03T04:00:00.000Z,34.0310533828,34.0964419393,33.9148073681,33.951133728,4819700
2021-06-04T04:00:00.000Z,34.0746462779,34.2780761084,34.0237888202,34.2708091736,4579000
2021-06-07T04:00:00.000Z,34.3434664436,34.7067356007,34.3434664436,34.6849403381,7964800
2021-06-08T04:00:00.000Z,34.8375168001,35.0118844639,34.7285349316,34.8811073303,8150000
2021-06-09T04:00:00.000Z,34.9464942183,35.0482119174,34.7285332633,35.011882782,3383600
2021-06-10T04:00:00.000Z,35.1281210357,35.2225717782,34.7939141272,34.917427063,6358900
2021-06-11T04:00:00.000Z,35.0336809602,35.1063336883,34.9610254605,35.0700073242,7452500
2021-06-14T04:00:00.000Z,35.0917956086,35.9345798362,35.0627334145,35.9127845764,17041900
2021-06-15T04:00:00.000Z,36.1234826662,36.2324617407,35.905518974,36.1089515686,3826200
2021-06-16T04:00:00.000Z,36.2615308329,36.3269193986,36.0871604003,36.2252044678,7480600
2021-06-17T04:00:00.000Z,36.4358956723,36.464955097,35.9927068802,36.3051185608,8870200
2021-06-18T04:00:00.000Z,36.0072353214,36.130745489,35.5204532709,35.9127845764,10229200
2021-06-21T04:00:00.000Z,35.9636440159,36.0871541903,35.6802945368,35.9418487549,2376300
2021-06-22T04:00:00.000Z,35.9781729464,35.9781729464,35.4841267356,35.8110694885,5822800
2021-06-23T04:00:00.000Z,35.8837219291,35.8909888633,35.6366988256,35.6584968567,3206800
2021-06-24T04:00:00.000Z,35.7311481089,35.9418448474,35.600371014,35.8909873962,2791500
2021-06-25T04:00:00.000Z,35.9127817698,36.0217636033,35.7238802946,35.9491081238,1993800
2021-06-28T04:00:00.000Z,35.9491095851,35.9636406816,35.6512290358,35.7166175842,5395500
2021-06-29T04:00:00.000Z,35.8328630112,35.9418448474,35.7602103014,35.8909873962,2264700
2021-06-30T04:00:00.000Z,35.9345810813,36.1380136754,35.7820087144,36.0580940247,5776200
2021-07-02T04:00:00.000Z,36.3269197739,36.5376165738,36.196142641,36.4359016418,4150100
2021-07-05T04:00:00.000Z,36.4431677959,36.508556366,36.2905953897,36.508556366,896900
2021-07-06T04:00:00.000Z,36.5085523269,36.5085523269,36.0798945867,36.3995704651,4621000
2021-07-07T04:00:00.000Z,36.3923036359,36.6247956707,36.2978528807,36.4940185547,5756200
2021-07-08T04:00:00.000Z,36.2542629345,36.3995683799,36.021770896,36.276058197,4996300
2021-07-09T04:00:00.000Z,36.348709256,36.4431600084,36.1452794245,36.4068336487,3746200
2021-07-12T04:00:00.000Z,36.3269109471,36.5158096646,36.2978487532,36.3341751099,3398900
2021-07-13T04:00:00.000Z,36.3559769363,36.3923032967,36.2034045596,36.2905883789,2833100
2021-07-14T04:00:00.000Z,36.1597972495,36.2615121279,35.8691809356,35.9563674927,7036700
2021-07-15T04:00:00.000Z,35.9273165894,36.0217673368,35.7820083868,35.8982543945,8613000
2021-07-16T04:00:00.000Z,35.9999653848,36.1162113799,35.7820044904,35.8473930359,3768000
2021-07-19T04:00:00.000Z,35.4260075718,35.4986630674,34.6486117844,35.0409431458,14851100
2021-07-20T04:00:00.000Z,35.0264140244,35.1717222522,34.6195543125,35.0700073242,4750500
2021-07-21T04:00:00.000Z,35.258901671,35.4187409787,35.1281245595,35.2879638672,3665200
2021-07-22T04:00:00.000Z,35.2879658478,35.4623362634,35.0990671048,35.3170280457,5492800
2021-07-23T04:00:00.000Z,35.4405355831,35.4913930398,35.2734321152,35.4550666809,5017300
2021-07-26T04:00:00.000Z,35.5931059775,35.7892688434,35.2007747027,35.4695930481,7465800
2021-07-27T04:00:00.000Z,35.4841264021,35.6948231489,35.3533493022,35.6512298584,1846300
2021-07-28T04:00:00.000Z,35.6366981862,35.9273145751,35.5422474441,35.8255996704,1748400
2021-07-29T04:00:00.000Z,35.927318573,35.978176031,35.7093576429,35.927318573,4614200
2021-07-30T04:00:00.000Z,35.8837316111,35.9491201788,35.3678900054,35.7311592102,5533600
2021-08-03T04:00:00.000Z,35.7456840026,35.9999712925,35.3678837637,35.927318573,7981800
2021-08-04T04:00:00.000Z,35.9273143261,36.050824489,35.6294337768,35.7166175842,6889700
2021-08-05T04:00:00.000Z,35.8255977779,35.963639031,35.7747403283,35.8473930359,7655300
2021-08-06T04:00:00.000Z,35.9200585137,36.1670816875,35.8401416155,36.0871620178,15430300
2021-08-09T04:00:00.000Z,36.058099433,36.0726305327,35.7456877178,35.8764648438,22389800
2021-08-10T04:00:00.000Z,35.9854425912,36.2760590317,35.9418520652,36.2106704712,21439000
2021-08-11T04:00:00.000Z,36.3196501506,36.6029996388,36.2397304957,36.5666732788,17139500
2021-08-12T04:00:00.000Z,36.6294688779,36.6811843186,36.2009662915,36.2526817322,14759900
2021-08-13T04:00:00.000Z,36.2600693672,36.3930499089,35.9497739211,36.237903595,14572400
2021-08-16T04:00:00.000Z,36.237910511,36.5038772817,36.00149623,36.4078330994,13429000
2021-08-17T04:00:00.000Z,36.2526747599,36.4890889627,35.8758905049,36.0827522278,7627400
2021-08-18T04:00:00.000Z,36.1049107513,36.1123002795,35.6911873562,35.6985740662,6314500
2021-08-19T04:00:00.000Z,35.5951583904,35.5951583904,35.0927773523,35.3661308289,11343200
2021-08-20T04:00:00.000Z,35.4104589037,35.8832874441,35.3291909699,35.8685112,3896900
2021-08-23T04:00:00.000Z,36.0532048213,36.2231273773,35.8758955533,36.2083511353,9350700
2021-08-24T04:00:00.000Z,36.2157467196,36.4373847507,36.0679870928,36.3339538574,3566900
2021-08-25T04:00:00.000Z,36.4595485472,36.5482060163,36.1935845947,36.4078330994,7889100
2021-08-26T04:00:00.000Z,36.3487289632,36.5851432314,36.252684786,36.4817123413,3718300
2021-08-27T04:00:00.000Z,36.5703647499,36.8511077331,36.5482017944,36.7476768494,4035400
2021-08-30T04:00:00.000Z,36.7772235749,36.8880439805,36.6368535037,36.7919998169,3238400
2021-08-31T04:00:00.000Z,36.6590170889,36.7550612541,36.2526802919,36.6811828613,6466300
2021-09-01T04:00:00.000Z,36.5482040807,36.8806597083,36.5482040807,36.8141708374,3234700
2021-09-02T04:00:00.000Z,36.8954295995,37.0505787264,36.7181203378,36.9102058411,2714300
2021-09-03T04:00:00.000Z,36.9471477547,37.050581453,36.7698384799,37.0284156799,4130100
2021-09-07T04:00:00.000Z,37.0875264279,37.3978191163,37.072750183,37.3461036682,13842600
2021-09-08T04:00:00.000Z,37.3830444919,37.9297543043,37.3756577783,37.8854255676,8428400
2021-09-09T04:00:00.000Z,37.7598231656,37.8484778006,37.383036035,37.4790802002,8220700
2021-09-10T04:00:00.000Z,37.5455721288,37.5677350831,37.1022961327,37.2869949341,6432200
2021-09-13T04:00:00.000Z,37.4864734905,37.7967661532,37.4569210032,37.5381889343,12608300
2021-09-14T04:00:00.000Z,37.582515608,37.7450514737,37.2648334079,37.3091621399,3219300
2021-09-15T04:00:00.000Z,37.3978188064,37.6711751076,37.3608796035,37.567741394,6107900
2021-09-16T04:00:00.000Z,37.5603537846,37.6859476349,37.4125941585,37.5529670715,2569200
2021-09-17T04:00:00.000Z,37.3313163803,37.5086284485,37.2278855148,37.4273605347,14676500
2021-09-20T04:00:00.000Z,37.006254497,37.235282041,36.5777518956,36.7698402405,5851500
2021-09-21T04:00:00.000Z,36.9102074659,37.3978121845,36.9102074659,37.1466217041,5634500
2021-09-22T04:00:00.000Z,37.4643046946,37.471694225,37.1244595719,37.2500534058,2136600
2021-09-23T04:00:00.000Z,37.2796108639,37.6194560319,37.1761799709,37.4643096924,2277500
2021-09-24T04:00:00.000Z,37.4569148903,37.6563899202,37.3608707311,37.4716911316,2117500
2021-09-27T04:00:00.000Z,37.5307987336,37.8706438776,37.4790832907,37.6785583496,3293800
2021-09-28T04:00:00.000Z,37.8189221192,37.8410878898,37.2352761018,37.3387069702,3535600
2021-09-29T04:00:00.000Z,37.3830454991,37.8189348907,37.2057361843,37.5234184265,4275600
2021-09-30T04:00:00.000Z,37.6046698678,37.6933244863,37.2131065676,37.2795982361,4354400
2021-10-01T04:00:00.000Z,37.3387169549,37.4347583194,37.1023026729,37.3461036682,2615900
2021-10-04T04:00:00.000Z,37.3904320931,37.9149761009,37.3239404007,37.567741394,4448100
2021-10-05T04:00:00.000Z,37.7302775811,37.7746063158,37.257449017,37.3461036682,5459600
2021-10-06T04:00:00.000Z,37.1983388624,37.7450485749,37.0358058275,37.6859436035,3688200
2021-10-07T04:00:00.000Z,37.781995725,38.040575802,37.7524432331,37.8263244629,3087600
2021-10-08T04:00:00.000Z,37.8854209963,38.2104927227,37.7007221766,38.1144485474,5281700
2021-10-12T04:00:00.000Z,38.1513886656,38.6685459369,38.0331815309,38.4912338257,12460000
2021-10-13T04:00:00.000Z,38.4912255058,38.6980900606,38.276977058,38.690700531,6846300
2021-10-14T04:00:00.000Z,38.7867477794,38.9936095324,38.6316014647,38.9197311401,3506100
2021-10-15T04:00:00.000Z,39.0601088393,39.0970480426,38.8975757809,38.9492912292,6053600
2021-10-18T04:00:00.000Z,39.0305489953,39.2447974462,38.8975656433,39.0453224182,5075600
2021-10-19T04:00:00.000Z,39.1118167695,39.3260680533,39.0527146192,39.2226371765,10033200
2021-10-20T04:00:00.000Z,39.2300318906,39.3260760751,39.0010071362,39.3039131165,4546900
2021-10-21T04:00:00.000Z,39.1635302048,39.2300218819,38.8458508787,38.8754005432,3574300
2021-10-22T04:00:00.000Z,38.9345090245,39.133984074,38.8384648559,39.1265945435,4405900
2021-10-25T04:00:00.000Z,39.1561461801,39.193085377,38.7645856202,39.0527153015,5029900
2021-10-26T04:00:00.000Z,39.0822788755,39.2743644448,38.9492954743,38.9714584351,4601800
2021-10-27T04:00:00.000Z,38.9345179971,39.0675013941,38.4986286001,38.5134048462,3613900
2021-10-28T04:00:00.000Z,38.513395733,38.5946636583,38.1513848339,38.5503349304,3443400
2021-10-29T04:00:00.000Z,38.5503352352,38.5946639635,38.2104901066,38.2991447449,6813600
2021-11-01T04:00:00.000Z,38.4616777032,38.7719703229,38.306528575,38.7350311279,3730700
2021-11-02T04:00:00.000Z,38.7202631956,38.7498156852,38.5060118731,38.594669342,7803200
2021-11-03T04:00:00.000Z,38.550333448,38.6833168084,38.4912284797,38.587272644,3734200
2021-11-04T04:00:00.000Z,38.9714488099,39.06749298,38.4395153366,38.6537666321,29747800
2021-11-05T04:00:00.000Z,38.9714464995,39.8949404924,38.9197310613,39.8062858582,19870300
2021-11-08T05:00:00.000Z,39.8358419201,39.865394409,38.8827981084,38.9271240234,49622700
2021-11-09T05:00:00.000Z,38.9714447032,39.2743506061,38.8458508787,38.8754005432,29576500
2021-11-10T05:00:00.000Z,39.0010047533,39.0305572418,38.7202617488,38.9640655518,8453600
2021-11-11T05:00:00.000Z,39.1561434932,39.1561434932,38.8606243018,38.8754005432,4001700
2021-11-12T05:00:00.000Z,38.9467257278,38.9542315466,38.0083408751,38.0608901978,28965500
2021-11-15T05:00:00.000Z,38.1659904244,38.271089074,37.7831306486,37.978313446,30754500
2021-11-16T05:00:00.000Z,38.0308609009,38.2710871922,37.9632970775,38.0308609009,14943300
2021-11-17T05:00:00.000Z,38.0984250191,38.5263282828,37.9482828699,38.0608901978,13496600
2021-11-18T05:00:00.000Z,38.05337167,38.1059209791,37.835668617,37.888217926,4628500
2021-11-19T05:00:00.000Z,37.6930393851,37.7831263864,37.2801506521,37.7380828857,7003500
2021-11-22T05:00:00.000Z,37.7606031174,37.8056466179,37.3852492039,37.6329841614,8769500
2021-11-23T05:00:00.000Z,37.7606073894,37.9708075521,37.7005522456,37.8732147217,9541500
2021-11-24T05:00:00.000Z,37.8356725216,38.113433593,37.7380797103,37.9933204651,5419100
2021-11-25T05:00:00.000Z,38.0233550822,38.158482729,37.9182535739,38.0308609009,1086800
2021-11-26T05:00:00.000Z,37.5203723919,37.6029507012,37.0924692104,37.3777389526,6340200
2021-11-29T05:00:00.000Z,37.422787604,37.6480022645,36.5669810577,36.5895042419,12065600
2021-11-30T05:00:00.000Z,36.1841215314,36.2967259987,35.8087675795,35.9814300537,9830800
2021-12-01T05:00:00.000Z,36.4168209816,36.5369340717,35.6736221313,35.6736221313,6237800
2021-12-02T05:00:00.000Z,35.6586249893,36.2892197352,35.5234973392,35.9363861084,6847600
2021-12-03T05:00:00.000Z,36.0339752603,36.1465825785,35.8613128058,35.9513969421,5268300
2021-12-06T05:00:00.000Z,36.1991306568,36.3567786058,35.9363812113,36.259185791,14405200
2021-12-07T05:00:00.000Z,36.7771809295,36.9873782231,36.5444604518,36.7546577454,5068800
2021-12-08T05:00:00.000Z,36.799695585,36.8147100842,36.3567778819,36.5219345093,6942300
2021-12-09T05:00:00.000Z,36.4468627043,36.4843975212,35.966410176,36.0640029907,10482500
2021-12-10T05:00:00.000Z,36.1991347469,36.3642885325,36.0339780975,36.0940361023,7732000
2021-12-13T05:00:00.000Z,36.394319348,36.394319348,36.0339798927,36.1315727234,10031700
2021-12-14T05:00:00.000Z,36.1841161228,36.2892147554,35.966410176,36.0640029907,3161200
2021-12-15T05:00:00.000Z,36.0339764518,36.1465837737,35.7261863508,35.7336921692,13889200
2021-12-16T05:00:00.000Z,35.9964426725,36.2666979619,35.816271525,35.8387947083,6054400
2021-12-17T05:00:00.000Z,35.2832675615,35.8613129269,35.2832675615,35.7712287903,10027900
2021-12-20T05:00:00.000Z,35.4709482298,35.9889356492,35.193187109,35.8613166809,8071900
2021-12-21T05:00:00.000Z,36.1465773874,36.5219312425,36.0639990811,36.2441673279,3859100
2021-12-22T05:00:00.000Z,36.2216532806,36.3417664205,35.951398,36.2516822815,2132400
2021-12-23T05:00:00.000Z,36.4018228807,36.7246246036,36.3492706995,36.5294418335,7466500
2021-12-24T05:00:00.000Z,36.7171170659,36.7171170659,36.5144256235,36.5970039368,1583300
2021-12-29T05:00:00.000Z,36.799697667,36.9723601219,36.6645700303,36.8747673035,3548200
2021-12-30T05:00:00.000Z,36.9047950365,37.1750503005,36.9047950365,36.9873733521,2274600
2021-12-31T05:00:00.000Z,36.987381051,37.1300145306,36.7171257307,37.0924797058,2742700
2022-01-04T05:00:00.000Z,37.8582045809,37.8732190845,37.1675517334,37.1900749207,5784600
2022-01-05T05:00:00.000Z,37.5353911333,37.970803045,37.385248996,37.7080535889,9416800
2022-01-06T05:00:00.000Z,37.6630113101,38.2485653781,37.6479996733,38.218536377,6798900
2022-01-07T05:00:00.000Z,37.9107447482,38.5563539289,37.6179691579,38.496295929,4033300
2022-01-10T05:00:00.000Z,38.6464373313,38.7665504652,38.3311414289,38.7590446472,7891600
2022-01-11T05:00:00.000Z,38.8941805114,39.0368139931,38.6764745153,39.0142936707,6883100
2022-01-12T05:00:00.000Z,39.0368117562,39.1419104066,38.7815709494,39.1268959045,9803500
2022-01-13T05:00:00.000Z,39.1268864175,39.4346764749,38.9992674769,39.17943573,4126200
2022-01-14T05:00:00.000Z,39.2394959794,39.2995511126,38.9091855873,39.2620162964,9959500
2022-01-17T05:00:00.000Z,39.2545208381,39.5998458205,39.2244918317,39.4947471619,1785400
2022-01-18T05:00:00.000Z,39.3821263585,39.6598902771,39.2094639263,39.6223526001,7125500
2022-01-19T05:00:00.000Z,39.6598984233,39.6598984233,39.044315331,39.5773200989,9829900
2022-01-20T05:00:00.000Z,39.337088643,39.4947365888,39.2319871488,39.2470016479,6726800
2022-01-21T05:00:00.000Z,38.9917688059,39.11188196,38.1584854101,38.5488510132,10091200
2022-01-24T05:00:00.000Z,37.6179703808,38.2635795824,37.1825584583,38.1885070801,19497300
2022-01-25T05:00:00.000Z,38.0008266321,38.8941707139,37.9107425012,38.8416213989,10999200
2022-01-26T05:00:00.000Z,39.0368045353,39.5623005537,38.8941710881,39.2620162964,7912100
2022-01-27T05:00:00.000Z,39.5923316086,39.7349650632,39.1644255174,39.4196662903,8443700
2022-01-28T05:00:00.000Z,39.3596142861,39.7875175476,39.2244866389,39.7875175476,4646000
2022-01-31T05:00:00.000Z,39.7875229306,40.4406380712,39.6899300914,40.3430480957,12149600
2022-02-01T05:00:00.000Z,40.2979954902,40.6583348956,40.0953040378,40.5307159424,15484900
2022-02-02T05:00:00.000Z,40.5757572254,41.1012532737,40.5532369071,40.9811401367,22741000
2022-02-03T05:00:00.000Z,40.8310035183,41.0562153227,40.5907772118,40.9135818481,22547900
2022-02-04T05:00:00.000Z,41.1387904917,41.4165516003,40.9811425271,41.0787353516,7158200
2022-02-07T05:00:00.000Z,41.1012581321,41.3640047555,41.0261884865,41.2814292908,17911500
2022-02-08T05:00:00.000Z,41.4465859108,41.5892222564,40.7634417796,40.7859649658,19182700
2022-02-09T05:00:00.000Z,40.9060679532,41.0712217165,40.7183910093,40.8685302734,8832200
2022-02-10T05:00:00.000Z,40.7709539612,41.2514066401,40.7709539612,40.9511222839,9641900
2022-02-11T05:00:00.000Z,41.206351967,41.7393538343,40.8610270555,41.7093276978,14419400
2022-02-14T05:00:00.000Z,41.0611889498,41.1374417444,39.9479243263,40.2529296875,28049100
2022-02-15T05:00:00.000Z,39.8411764299,40.3215588931,39.6124238455,40.1156806946,22139700
2022-02-16T05:00:00.000Z,40.1538025088,40.45880787,39.8487971476,40.2529296875,17306900
2022-02-17T05:00:00.000Z,40.2681828626,40.3368089279,39.9860518671,40.2224311829,5194500
2022-02-18T05:00:00.000Z,40.0775577651,40.2910598001,40.0013049606,40.0699310303,3932700
2022-02-22T05:00:00.000Z,40.2910624955,40.4054402554,39.6048017532,40.1614341736,10363200
2022-02-23T05:00:00.000Z,40.2224312599,40.4359332818,40.0775553035,40.3444328308,6077900
2022-02-24T05:00:00.000Z,40.2071749901,40.557929093,39.8640447117,40.5121803284,15892200
2022-02-25T05:00:00.000Z,40.5731859876,41.3280727179,40.5426848673,41.2365722656,6547100
2022-02-28T05:00:00.000Z,41.0916939833,41.8008290432,41.0078173556,41.7550773621,9607700
2022-03-01T05:00:00.000Z,41.8770873339,42.5480975817,41.686459654,42.136341095,11948900
2022-03-02T05:00:00.000Z,42.3650881756,43.0437221152,42.1744605337,42.7539672852,11521700
2022-03-03T05:00:00.000Z,42.7539665437,43.1733467668,42.7387159836,42.9522209167,8944400
2022-03-04T05:00:00.000Z,43.1047250513,43.5317320519,42.9293479551,43.3868560791,9881800
2022-03-07T05:00:00.000Z,43.646105248,43.8748578317,43.1580960517,43.2114715576,17289800
2022-03-08T05:00:00.000Z,43.4631007996,43.5393506902,42.8073412695,43.1123466492,7744000
2022-03-09T05:00:00.000Z,42.7005870287,43.4173458352,42.4870850243,43.089466095,5556300
2022-03-10T05:00:00.000Z,43.0742291134,43.4173565886,42.7692236813,43.2877311707,10257200
2022-03-11T05:00:00.000Z,43.1352199146,43.3334742788,42.9217178996,43.2038459778,7696500
2022-03-14T04:00:00.000Z,43.043724592,43.1123506633,42.3574638783,42.9369735718,9827400
2022-03-15T04:00:00.000Z,42.3955864603,42.9445950006,42.1439594852,42.8759689331,11398700
2022-03-16T04:00:00.000Z,42.8073462165,43.0513493849,42.3574648294,42.5633430481,10828200
2022-03-17T04:00:00.000Z,42.7768441988,43.3868550158,42.700594301,43.0589752197,4390900
2022-03-18T04:00:00.000Z,43.0284752517,43.2724784216,42.7539709584,43.0513496399,17150800
2022-03-21T04:00:00.000Z,43.2343487116,43.6308545462,43.1885970315,43.4249763489,5565500
2022-03-22T04:00:00.000Z,43.4783535388,43.7299805172,43.257224773,43.3106002808,2721800
2022-03-23T04:00:00.000Z,43.4631023029,43.6003544377,43.1580969128,43.1733474731,7073000
2022-03-24T04:00:00.000Z,43.2801038961,43.5164832485,43.2038539934,43.3944816589,4044600
2022-03-25T04:00:00.000Z,43.4020968549,44.0883574778,43.3792224704,44.0654830933,5018300
2022-03-28T04:00:00.000Z,43.8214845026,44.019735976,43.5393534902,43.8672332764,2613100
2022-03-29T04:00:00.000Z,43.4631019309,44.0426086767,43.3868520383,43.9816093445,2691000
2022-03-30T04:00:00.000Z,44.0349819747,44.1112318623,43.7452271664,44.0654830933,3761700
2022-03-31T04:00:00.000Z,44.1417419935,44.3094952709,43.8824882507,43.8824882507,5330700
2022-04-01T04:00:00.000Z,44.027359765,44.3628633547,43.9206058462,44.2866134644,3173700
2022-04-04T04:00:00.000Z,44.3704890108,44.5687433879,44.156986982,44.4162406921,7960700
2022-04-05T04:00:00.000Z,44.3781180286,44.8508737918,44.3018652225,44.3171157837,3461000
2022-04-06T04:00:00.000Z,44.2637362808,44.6526182852,44.1951102158,44.4924888611,2795800
2022-04-07T04:00:00.000Z,44.5382472308,44.683123208,43.7681127493,44.3247451782,5687400
2022-04-08T04:00:00.000Z,44.469615822,44.9652488517,44.4162403153,44.7669944763,4924300
2022-04-11T04:00:00.000Z,44.8508732976,44.8585000325,44.248489225,44.4619941711,3930500
2022-04-12T04:00:00.000Z,44.5382381829,44.8203662534,44.3323599989,44.4696121216,7063700
2022-04-13T04:00:00.000Z,44.7746183504,44.8661187978,44.3247370305,44.4314880371,4121000
2022-04-14T04:00:00.000Z,44.4314880371,44.6983655537,44.3552352404,44.4314880371,7698400
2022-04-18T04:00:00.000Z,44.5001185201,44.6221200982,44.3018641377,44.4467430115,9585700
2022-04-19T04:00:00.000Z,44.4772468786,44.7593750001,44.3399947312,44.6602478027,4901300
2022-04-20T04:00:00.000Z,44.4772407349,44.7898699367,44.3018607528,44.6373672485,6009400
2022-04-21T04:00:00.000Z,44.6983699938,45.056750902,44.4086180637,44.4467430115,5717300
2022-04-22T04:00:00.000Z,44.3933678413,44.5458676336,43.4249790351,43.5164794922,9649200
2022-04-25T04:00:00.000Z,42.7005927108,43.0894718288,42.0600837038,42.8378448486,17132100
2022-04-26T04:00:00.000Z,42.9598481597,43.2267257114,42.7082182606,42.7615966797,9304400
2022-04-27T04:00:00.000Z,42.9369714385,43.1199723472,42.5099644702,42.822593689,5545700
2022-04-28T04:00:00.000Z,43.1504770865,43.7909861382,43.0208487656,43.5393562317,11779900
2022-04-29T04:00:00.000Z,43.4707205084,43.5393465668,42.6395839817,42.7463378906,13974900
2022-05-02T04:00:00.000Z,42.7006011014,42.9674786947,42.1973441333,42.6395988464,12201900
2022-05-03T04:00:00.000Z,42.6395969263,43.3563588456,42.609098709,42.9293518066,10237000
2022-05-04T04:00:00.000Z,43.2724759474,44.0273627108,43.1504743695,43.8672332764,8500800
2022-05-05T04:00:00.000Z,44.0807348295,44.4086145904,43.2572220601,43.6384773254,17760700
2022-05-06T04:00:00.000Z,44.5306203097,44.8585001011,43.524106548,44.5839958191,18179500
2022-05-09T04:00:00.000Z,44.0731122091,44.2561160335,42.906471919,43.0437240601,25647400
2022-05-10T04:00:00.000Z,43.3792351892,43.6537395188,42.212594697,42.6395988464,33495800
2022-05-11T04:00:00.000Z,42.8073372155,43.5927220669,42.6700850986,42.7463378906,25338400
2022-05-12T04:00:00.000Z,42.738592802,43.1335334465,42.4985337377,43.0406074524,19451400
2022-05-13T04:00:00.000Z,43.5129920332,44.0782966255,43.3503707712,43.7995185852,15649800
2022-05-16T04:00:00.000Z,44.0782993837,44.5893998747,43.9079355074,44.3261070251,32472000
2022-05-17T04:00:00.000Z,44.7210471841,44.8139732083,44.3028756443,44.5584259033,20414400
2022-05-18T04:00:00.000Z,44.6900593956,44.8062191115,43.9389028824,44.1557312012,15602700
2022-05-19T04:00:00.000Z,43.5129840558,44.3183505687,43.4897532952,44.0937767029,9506200
2022-05-20T04:00:00.000Z,44.2641499443,44.5119546069,43.6523808912,44.2718925476,4336800
2022-05-24T04:00:00.000Z,44.6823162883,44.7365233674,44.0860354644,44.5739021301,12328500
2022-05-25T04:00:00.000Z,44.7210335414,44.953350008,44.5584123102,44.7674980164,4004300
2022-05-26T04:00:00.000Z,44.9146306694,45.5109114655,44.8371928326,45.3715209961,8391900
2022-05-27T04:00:00.000Z,45.3095757607,45.8361614081,45.3095757607,45.518661499,13406300
2022-05-30T04:00:00.000Z,45.8051768293,46.1226766607,45.8051768293,45.9600524902,8824800
2022-05-31T04:00:00.000Z,45.6735413494,45.7587247584,45.115979366,45.2476272583,15153500
2022-06-01T04:00:00.000Z,45.4489658016,45.5651255286,44.9920754048,45.0385398865,10807700
2022-06-02T04:00:00.000Z,44.9378658918,45.797439554,44.8991469695,45.7045135498,9416800
2022-06-03T04:00:00.000Z,45.6657877161,45.9445686405,45.5496280129,45.6348114014,5308400
2022-06-06T04:00:00.000Z,45.7354957985,45.9445815506,45.6348242244,45.8981170654,10167300
2022-06-07T04:00:00.000Z,45.8361596695,46.1768932837,45.8206715094,46.1149406433,8174700
2022-06-08T04:00:00.000Z,46.1226804584,46.2233490555,45.6115830547,45.8671302795,3962900
2022-06-09T04:00:00.000Z,45.7742104622,45.8516483095,45.3560389971,45.4179916382,3472700
2022-06-10T04:00:00.000Z,45.2321369706,45.379270063,44.7287820977,45.0540275574,7372700
2022-06-13T04:00:00.000Z,44.3493296932,44.4964627763,43.6136583695,43.9389038086,14813600
2022-06-14T04:00:00.000Z,44.1402416149,44.3028628487,42.8470113925,43.0870704651,8229500
2022-06-15T04:00:00.000Z,43.1025521259,43.2884070466,42.05712669,42.5991973877,3818500
2022-06-16T04:00:00.000Z,41.9332370018,41.9487222087,40.9497609411,41.0271987915,5123900
2022-06-17T04:00:00.000Z,41.0039663888,41.3369544494,39.9043306424,40.8181114197,13326400
2022-06-20T04:00:00.000Z,40.7329230361,41.065911056,40.6709733567,40.9962158203,1373400
2022-06-21T04:00:00.000Z,41.3447017172,41.8403110854,41.1975686092,41.4995803833,4176400
2022-06-22T04:00:00.000Z,40.5703104813,41.6234818434,40.3844584492,41.3137245178,4479600
2022-06-23T04:00:00.000Z,41.4298847208,41.6544586367,40.7484203693,41.0194587708,7076000
2022-06-24T04:00:00.000Z,41.3756699987,41.92548635,41.1046346013,41.7009124756,3931100
2022-06-27T04:00:00.000Z,41.9332413277,42.3436672942,41.848057911,42.0726318359,7810100
2022-06-28T04:00:00.000Z,42.591459511,42.9244475217,42.2274951844,42.3823738098,3748800
2022-06-29T04:00:00.000Z,42.6843914545,42.7850630181,42.1732939873,42.3901252747,3786200
2022-06-30T04:00:00.000Z,42.0416486301,42.2507343583,41.7318913393,42.0958557129,6177100
2022-07-04T04:00:00.000Z,42.026154085,42.6456656185,42.026154085,42.1035919189,1373300
2022-07-05T04:00:00.000Z,42.0261590546,42.3436589377,40.8955500031,41.8325614929,4637200
2022-07-06T04:00:00.000Z,41.615737187,41.9022607789,40.9420154802,41.6854324341,6691500
2022-07-07T04:00:00.000Z,42.1423141922,42.3668880641,41.8790243544,42.2120094299,4600200
2022-07-08T04:00:00.000Z,42.4056060333,42.5372539033,42.0106683312,42.3359107971,1777500
2022-07-11T04:00:00.000Z,42.1887788365,42.4056071528,41.9254860435,42.3746337891,5747200
2022-07-12T04:00:00.000Z,41.9409785308,42.2197595115,41.8403069647,42.0493927002,4905600
2022-07-13T04:00:00.000Z,41.8170733335,42.1190850571,41.5305497693,41.8325614929,7630700
2022-07-14T04:00:00.000Z,41.4840841577,41.7628651116,40.8723151703,41.7009124756,15628700
2022-07-15T04:00:00.000Z,42.1190876745,42.2042710796,41.6699428395,41.9177474976,5257300
2022-07-18T04:00:00.000Z,42.2120049376,42.9012146388,42.2120049376,42.6843833923,11049700
2022-07-19T04:00:00.000Z,42.7231144138,43.2729338102,42.7231144138,43.0173835754,3156200
2022-07-20T04:00:00.000Z,43.0251238298,43.0560971951,42.6379287005,42.970916748,5156500
2022-07-21T04:00:00.000Z,42.5372590607,42.8779897264,42.4288448923,42.8160400391,5497500
2022-07-22T04:00:00.000Z,42.8779897437,43.1412825618,42.6998803306,42.9089660645,2229100
2022-07-25T04:00:00.000Z,42.9476914209,43.7840344814,42.9399488165,43.7453155518,9839100
2022-07-26T04:00:00.000Z,43.7530581561,44.117022594,43.590436879,43.7453155518,6637000
2022-07-27T04:00:00.000Z,43.7762832225,44.4345167576,43.6910998159,44.2718925476,5546600
2022-07-28T04:00:00.000Z,44.5274451345,44.573909619,43.9543949756,44.4112854004,5808700
2022-07-29T04:00:00.000Z,44.5739010115,44.9610961118,44.2873745103,44.5351791382,6768500
2022-08-02T04:00:00.000Z,44.5351829262,44.6126237253,43.8150026961,43.8537216187,19695500
2022-08-03T04:00:00.000Z,44.0163400429,44.0163400429,43.6136567756,43.9156684875,10524900
2022-08-04T04:00:00.000Z,43.8304797103,43.892432338,42.9863943594,43.063835144,15905300
2022-08-05T04:00:00.000Z,42.9012172947,42.932190657,42.4830458872,42.8624954224,16284800
2022-08-08T04:00:00.000Z,42.9012251047,43.3658581172,42.9012251047,43.2109794617,13833900
2022-08-09T04:00:00.000Z,43.4278085575,43.6910984182,43.2496961925,43.3271369934,13849500
2022-08-10T04:00:00.000Z,43.5052456778,43.5826835233,43.1645150219,43.3968315125,10620200
2022-08-11T04:00:00.000Z,43.6756162493,43.9698824508,43.5671991205,43.7995185852,13022400
2022-08-12T04:00:00.000Z,43.8781395363,43.9174562663,43.4771040915,43.681552887,22540500
2022-08-15T04:00:00.000Z,43.3041180418,43.4928425937,43.1075313418,43.3748893738,25350500
2022-08-16T04:00:00.000Z,43.3277019054,43.7208752548,43.2569305825,43.6186523438,17507400
2022-08-17T04:00:00.000Z,43.5478810869,43.6658312921,43.3670217058,43.4220657349,5786100
2022-08-18T04:00:00.000Z,43.563613985,44.2084181219,43.484977505,44.0668754578,13230800
2022-08-19T04:00:00.000Z,43.9960950518,44.2791803218,43.8781418561,44.2319984436,4553200
2022-08-22T04:00:00.000Z,44.0668684759,44.1376397967,43.8545545132,44.0904579163,8332300
2022-08-23T04:00:00.000Z,44.2634608578,44.5858629168,44.1061909023,44.5386810303,4395400
2022-08-24T04:00:00.000Z,44.5937224467,45.0655322857,44.5937224467,44.9711685181,4901700
2022-08-25T04:00:00.000Z,45.1284311684,45.1520206066,44.7745745963,45.073387146,9088200
2022-08-26T04:00:00.000Z,45.2857120637,45.2857120637,44.5858638958,44.6644973755,5967400
2022-08-29T04:00:00.000Z,44.6802197267,45.0733930808,44.4443163141,44.9318504333,11049800
2022-08-30T04:00:00.000Z,44.7509907391,44.8217620623,43.8860105658,43.925327301,8433500
2022-08-31T04:00:00.000Z,43.5164246147,43.5793307881,42.5649458688,42.5885353088,7700800
2022-09-01T04:00:00.000Z,42.3526312634,42.5413527805,42.0459565483,42.3762207031,11409200
2022-09-02T04:00:00.000Z,42.7929813562,43.0682044713,42.470579364,42.7064857483,7607300
2022-09-06T04:00:00.000Z,42.8008500988,42.958120035,42.1560460602,42.2110900879,14158900
2022-09-07T04:00:00.000Z,41.9280068256,42.5099047176,41.7628747345,42.4548606873,4292600
2022-09-08T04:00:00.000Z,42.4234051062,42.4941764293,41.9594604328,42.329044342,2969700
2022-09-09T04:00:00.000Z,42.7379459503,42.9266704958,42.5806789953,42.8323097229,7699400
2022-09-12T04:00:00.000Z,43.2490728281,43.8860147987,43.2254833846,43.8309707642,13062200
2022-09-13T04:00:00.000Z,43.5321550884,43.7601963581,43.2883865242,43.4692459106,3720100
2022-09-14T04:00:00.000Z,43.7208710823,44.2084081488,43.5793284501,43.7051467896,4727200
2022-09-15T04:00:00.000Z,43.5321547295,43.6343806426,43.3670226389,43.5557441711,3617100
2022-09-16T04:00:00.000Z,43.2647938069,43.3041105402,42.5334911695,42.7929840088,10677400
2022-09-19T04:00:00.000Z,42.3604898435,43.0996575558,42.2661290929,43.0682029724,2804000
2022-09-20T04:00:00.000Z,43.0288898118,43.1232505703,42.4076752361,42.7615318298,4118000
2022-09-21T04:00:00.000Z,43.0839374626,43.2176149651,42.4469955402,42.4548606873,4151700
2022-09-22T04:00:00.000Z,42.9345309718,42.942396119,42.4548619782,42.502040863,2464000
2022-09-23T04:00:00.000Z,41.8650976845,41.8886871246,40.5597623431,40.6069412231,7960900
2022-09-26T04:00:00.000Z,40.5754906007,40.8507137596,40.017185135,40.2137718201,4254800
2022-09-27T04:00:00.000Z,40.7091654164,40.9843855372,40.2766753696,40.4653968811,4243700
2022-09-28T04:00:00.000Z,40.5283089719,41.3461102464,40.2294963909,41.2281570435,4125700
2022-09-29T04:00:00.000Z,41.0944728801,41.141654757,40.3395808478,40.6383934021,3923400
2022-09-30T04:00:00.000Z,40.677719353,40.9450773834,40.2530913637,40.2766838074,4948300
2022-10-03T04:00:00.000Z,40.9057571122,41.5662884831,40.8743025232,41.2753410339,4308000
2022-10-04T04:00:00.000Z,41.8179226738,42.2582779576,41.6685178631,41.8808288574,4165000
2022-10-05T04:00:00.000Z,41.9437273799,42.1324518821,41.3382401435,41.6920967102,5031100
2022-10-06T04:00:00.000Z,41.5269732194,41.5584248098,39.9778691519,40.2216377258,6324100
2022-10-07T04:00:00.000Z,40.1036838894,40.4339480815,39.820598582,40.0093231201,6344600
2022-10-11T04:00:00.000Z,39.3723758883,39.600417133,39.0027920088,39.0892906189,8043400
2022-10-12T04:00:00.000Z,38.924163839,39.0106624608,38.586034499,38.7354393005,6949900
2022-10-13T04:00:00.000Z,38.4759485521,40.3081350071,38.4366318127,40.1823196411,10503400
2022-10-14T04:00:00.000Z,40.2059114423,40.4260875794,39.2151128261,39.2701568604,8042400
2022-10-17T04:00:00.000Z,39.6240067237,40.2924031677,39.3959654781,39.9778633118,13801900
2022-10-18T04:00:00.000Z,40.3631806078,40.6462629216,39.8835086046,40.3395881653,4558000
2022-10-19T04:00:00.000Z,40.2530908843,40.5204489114,40.0171874485,40.37890625,11072300
2022-10-20T04:00:00.000Z,40.4889932608,40.6855799375,40.0958199073,40.2609519958,10050800
2022-10-21T04:00:00.000Z,40.2452268981,40.8349869605,40.0722296532,40.6305351257,5147600
2022-10-24T04:00:00.000Z,40.7799398049,41.1102039747,40.5912152796,40.6462593079,11227100
2022-10-25T04:00:00.000Z,40.5047152604,40.8507097117,40.2452224216,40.803527832,6774600
2022-10-26T04:00:00.000Z,40.8664382873,41.5269696245,40.8192564062,41.2281570435,12564300
2022-10-27T04:00:00.000Z,41.5820104195,41.9437291475,41.4719223718,41.6370544434,3634900
2022-10-28T04:00:00.000Z,41.7864647475,41.9044179569,41.3932913826,41.7786026001,4666600
2022-10-31T04:00:00.000Z,41.6921064436,41.9751917631,41.5191091929,41.7392883301,7151900
2022-11-01T04:00:00.000Z,42.3683590799,42.4391303996,41.6527837359,41.699962616,7534100
2022-11-02T04:00:00.000Z,41.676373176,42.2897226137,41.566285123,41.699962616,9821300
2022-11-03T04:00:00.000Z,41.5662877301,42.3919511788,41.3775631991,42.1639099121,12386900
2022-11-04T04:00:00.000Z,42.6199898396,43.4063365046,42.2032240674,42.5963973999,16487200
2022-11-07T05:00:00.000Z,42.6042644874,42.6278539286,42.0774106381,42.329044342,18086200
2022-11-08T05:00:00.000Z,42.26614096,42.4234109216,41.9830556289,42.3919563293,15650300
2022-11-09T05:00:00.000Z,42.2189478515,42.4469890853,41.7156865078,41.7943229675,17992500
2022-11-10T05:00:00.000Z,42.1403212955,42.9502574659,42.0931394119,42.8716239929,7948700
2022-11-11T05:00:00.000Z,43.1940244065,43.7523298427,43.0917984957,43.6186523438,6667300
2022-11-14T05:00:00.000Z,43.7384617767,43.7544367454,42.6122523844,42.6921272278,36912100
2022-11-15T05:00:00.000Z,43.123440717,43.2911733117,42.7560225444,42.8039474487,9335800
2022-11-16T05:00:00.000Z,42.8039480742,43.1553882368,42.7719981375,42.9876556396,14887300
2022-11-17T05:00:00.000Z,42.6761501074,43.1314260273,42.6681611,42.8678436279,12386000
2022-11-18T05:00:00.000Z,42.8678423727,43.1473997317,42.764009655,43.1074638367,9668000
2022-11-21T05:00:00.000Z,42.8039524267,43.203317535,42.676155714,43.1953315735,20187900
2022-11-22T05:00:00.000Z,43.3550620357,44.1298310859,43.3550620357,43.7863769531,13460300
2022-11-23T05:00:00.000Z,43.6426180486,44.2416657042,43.6426180486,44.2177047729,11350500
2022-11-24T05:00:00.000Z,44.201728287,44.4732966701,44.1697783485,44.3295249939,7102400
2022-11-25T05:00:00.000Z,44.4812866751,45.0164375288,44.4653117044,44.6809692383,9604500
2022-11-28T05:00:00.000Z,44.409397076,44.7129153995,44.1458176993,44.4333610535,11020900
2022-11-29T05:00:00.000Z,44.720908961,44.8247417019,44.3455047607,44.3455047607,6499400
2022-11-30T05:00:00.000Z,44.5371898376,45.0244156949,43.9780811951,44.3694572449,9071900
2022-12-01T05:00:00.000Z,44.513231373,44.6250531077,43.8502869258,43.9381446838,3482500
2022-12-02T05:00:00.000Z,43.7704131447,43.9700956892,43.4589088628,43.6825523376,10680900
2022-12-05T05:00:00.000Z,43.6745681569,43.8183398385,43.2752030516,43.339099884,11634700
2022-12-06T05:00:00.000Z,43.2831896012,43.6585937803,42.8119386487,42.9636993408,4169600
2022-12-07T05:00:00.000Z,42.8758314798,43.1394108252,42.6761489573,42.8119316101,5883100
2022-12-08T05:00:00.000Z,43.0675298574,43.0755188655,42.4205603614,42.5803070068,5780700
2022-12-09T05:00:00.000Z,42.5563385732,42.8918067982,42.5004277102,42.6441993713,6225800
2022-12-12T05:00:00.000Z,42.7320625978,42.8758342671,42.540366023,42.8199234009,12781800
2022-12-13T05:00:00.000Z,43.2352605289,43.4908539134,42.8997923075,43.1074638367,3849800
2022-12-14T05:00:00.000Z,43.2112980658,43.3950086738,42.8918078475,42.9956436157,3329600
2022-12-15T05:00:00.000Z,42.7799854249,42.8119323134,42.2208737433,42.4764671326,3626600
2022-12-16T05:00:00.000Z,41.9572934325,42.1809399444,41.589878298,41.9652824402,18629400
2022-12-19T05:00:00.000Z,42.0132033238,42.0930781644,41.1745373026,41.3422698975,2834300
2022-12-20T05:00:00.000Z,41.4221463875,42.0771048718,41.3742214812,41.8774223328,4625500
2022-12-21T05:00:00.000Z,42.3087371205,42.7480380947,42.2049013476,42.6921272278,5549700
2022-12-22T05:00:00.000Z,42.6521880921,42.7320598825,41.8294940262,42.2927589417,6580600
2022-12-23T05:00:00.000Z,42.4125686815,42.9077835559,42.3965967602,42.8838195801,4938900
2022-12-28T05:00:00.000Z,42.7640084739,42.8438802617,42.1090500634,42.1969108582,4533700
2022-12-29T05:00:00.000Z,42.1649658563,42.6122527956,42.09308002,42.5004310608,2503300
2022-12-30T05:00:00.000Z,42.284773797,42.5243952838,42.2288629293,42.2687988281,2097800
2023-01-03T05:00:00.000Z,42.4844543671,42.7240758428,42.172950105,42.5962791443,4139500
2023-01-04T05:00:00.000Z,42.3806206515,43.099475921,42.3486707159,42.8279075623,3455100
2023-01-05T05:00:00.000Z,42.7799803604,43.0994705357,42.5882838176,42.9636878967,2537200
2023-01-06T05:00:00.000Z,43.1633713687,43.6346222063,43.139407396,43.4988365173,3836700
2023-01-09T05:00:00.000Z,43.8902233069,43.9700951049,43.6825517571,43.834312439,3847300
2023-01-10T05:00:00.000Z,44.0020483287,44.0100342904,43.6346331556,43.9621124268,3879400
2023-01-11T05:00:00.000Z,44.0579594262,44.3934277077,43.9461376814,44.3135528564,6174700
2023-01-12T05:00:00.000Z,44.4173777827,44.808753794,44.2336702401,44.7688179016,9835500
2023-01-13T05:00:00.000Z,44.8087649722,44.9924756076,44.5691465111,44.6649932861,8812800
2023-01-16T05:00:00.000Z,44.5771284266,44.6649861791,44.3375069566,44.5371894836,8392400
2023-01-17T05:00:00.000Z,44.4413522425,44.7129206593,44.4413522425,44.5931129456,9791100
2023-01-18T05:00:00.000Z,44.7288914079,44.9844848294,44.3694622069,44.4253730774,10256500
2023-01-19T05:00:00.000Z,44.2256888033,44.6729787968,44.2017278731,44.5212211609,6113600
2023-01-20T05:00:00.000Z,44.5691324023,44.7927788692,44.2895781272,44.7448539734,11963300
2023-01-23T05:00:00.000Z,44.9605201369,44.9605201369,44.5931050052,44.7368736267,8703200
2023-01-24T05:00:00.000Z,44.6729793823,44.712915282,44.073931745,44.3694610596,12743700
2023-01-25T05:00:00.000Z,43.9381404589,44.121851059,43.0275886532,43.2751960754,10899700
2023-01-26T05:00:00.000Z,43.4589122763,43.5228121581,43.1553939317,43.291179657,10494400
2023-01-27T05:00:00.000Z,43.219287637,43.6506026366,43.1793517401,43.450920105,6627200
2023-01-30T05:00:00.000Z,43.3311090774,43.5946914799,43.2272733085,43.3470840454,9001600
2023-01-31T05:00:00.000Z,43.4109805161,43.54676622,43.1793510985,43.5148162842,18988200
2023-02-01T05:00:00.000Z,43.6426197528,43.7384665283,42.9557112601,43.2272796631,11847200
2023-02-02T05:00:00.000Z,43.3311131461,43.5867065651,43.1074696661,43.1154556274,10016800
2023-02-03T05:00:00.000Z,43.2512403921,43.4988447974,43.1553905769,43.4349479675,9879100
2023-02-06T05:00:00.000Z,43.4109757269,43.7464439225,43.1873322945,43.4988365173,7693200
2023-02-07T05:00:00.000Z,43.4908604294,43.802364723,43.3470887482,43.6346321106,12013800
2023-02-08T05:00:00.000Z,43.3151282358,43.371039093,42.2767798284,42.4604873657,13711500
2023-02-09T05:00:00.000Z,42.3247163482,42.7640173665,42.148994722,42.2528305054,9555700
2023-02-10T05:00:00.000Z,42.1489912926,43.3071506446,42.1330163237,43.2512397766,14312800
2023-02-13T05:00:00.000Z,43.2831829632,43.5787152935,43.1873362044,43.5627403259,7088200
2023-02-14T05:00:00.000Z,43.520520056,43.520520056,42.8303637744,43.082069397,18992200
2023-02-15T05:00:00.000Z,42.9115558334,43.1632614459,42.7329289414,42.9440345764,19665700
2023-02-16T05:00:00.000Z,42.6436127012,43.0820664274,42.464982717,42.7978820801,16143900
2023-02-17T05:00:00.000Z,42.3919122515,42.7572904011,42.2620003647,42.5299453735,7068200
2023-02-21T05:00:00.000Z,42.2376355228,42.4487411407,41.8397786962,41.8560180664,10404700
2023-02-22T05:00:00.000Z,41.8235438426,42.2376400841,41.3444932107,41.6124382019,13046200
2023-02-23T05:00:00.000Z,42.0508876322,42.0833663728,41.4256858142,41.620552063,10890500
2023-02-24T05:00:00.000Z,41.5150018524,41.8803799498,41.4256868623,41.7829437256,5032200
2023-02-27T05:00:00.000Z,42.026529814,42.3350716752,41.8479029237,41.9209785461,11716400
2023-02-28T05:00:00.000Z,41.9615737274,42.0346493469,41.5555987517,41.5637168884,13466000
2023-03-01T05:00:00.000Z,41.6530324965,42.2132799534,41.5637175049,41.9778137207,10996700
2023-03-02T05:00:00.000Z,42.0346490403,42.7085658843,42.0102915331,42.6760902405,4170300
2023-03-03T05:00:00.000Z,42.7491696415,43.0252327712,42.692333388,42.8953208923,13150500
2023-03-06T05:00:00.000Z,42.8871987351,43.0658287261,42.7248081157,42.9115562439,10509600
2023-03-07T05:00:00.000Z,43.0495881491,43.0495881491,42.4325044321,42.7897644043,5134600
2023-03-08T05:00:00.000Z,42.7248068913,43.1470212507,42.7248068913,43.0089912415,3209500
2023-03-09T05:00:00.000Z,43.0739399242,43.4393179847,42.6111287467,42.692325592,3779000
2023-03-10T05:00:00.000Z,42.5867780163,42.8222442591,42.2701180126,42.5137023926,8549700
2023-03-13T04:00:00.000Z,42.0590148848,42.7085743503,41.8966242441,42.6111412048,10513000
2023-03-14T04:00:00.000Z,42.7897661367,43.049589892,42.1158461418,42.4649848938,3814000
2023-03-15T04:00:00.000Z,41.9372170211,41.9615745289,40.4757046031,40.9060401917,7782600
2023-03-16T04:00:00.000Z,40.6056178351,41.2470590737,40.4026303366,41.2308197021,4686500
2023-03-17T04:00:00.000Z,41.1902237697,41.2632993948,40.6056187695,40.7517700195,9999500
2023-03-20T04:00:00.000Z,40.7517701975,41.4419295697,40.6949339442,41.1983451843,4613000
2023-03-21T04:00:00.000Z,41.4094452474,41.6936264759,41.0603065397,41.2795333862,3179400
2023-03-22T04:00:00.000Z,41.4094495504,41.75046706,40.7517689425,40.8086051941,7793200
2023-03-23T04:00:00.000Z,40.8004878104,41.1496265608,40.45134906,40.5893821716,5174900
2023-03-24T04:00:00.000Z,40.394517513,40.9791225767,40.1265724931,40.9466438293,2972200
2023-03-27T04:00:00.000Z,41.190222474,41.1983437084,40.6949324863,40.8248443604,2823800
2023-03-28T04:00:00.000Z,40.8004915966,41.0278366283,40.4351134404,40.5650253296,3445500
2023-03-29T04:00:00.000Z,41.0034750843,41.6936313468,40.9709963409,41.6611557007,4768100
2023-03-30T04:00:00.000Z,41.9291019969,42.0346563755,41.6205600966,41.8316688538,3136700
2023-03-31T04:00:00.000Z,41.8316607637,42.2295144949,41.7504639123,41.8397789001,4739200
2023-04-03T04:00:00.000Z,42.3594335055,42.6111391413,42.1564459888,42.5299453735,5435600
2023-04-04T04:00:00.000Z,42.6354896176,42.7004470989,42.1077240196,42.4812202454,3010500
2023-04-05T04:00:00.000Z,42.5299427652,42.9683934204,42.5055821584,42.8953208923,5695800
2023-04-06T04:00:00.000Z,42.919677977,43.0739473636,42.6111361062,42.684211731,4766100
2023-04-10T04:00:00.000Z,42.8222458838,42.9521577646,42.5380615153,42.8466033936,7645000
2023-04-11T04:00:00.000Z,42.8709632724,43.3581351751,42.7410513845,43.3337745667,4439000
2023-04-12T04:00:00.000Z,43.4312108056,43.812825234,43.2606989361,43.3337745667,4470900
2023-04-13T04:00:00.000Z,43.2931730006,43.5205180055,43.0739461327,43.3743667603,5003100
2023-04-14T04:00:00.000Z,43.3824827567,43.5286339843,43.3094071429,43.4880371094,5045700
2023-04-17T04:00:00.000Z,43.4961651465,43.5773589148,43.3337745125,43.5530014038,8146100
2023-04-18T04:00:00.000Z,43.5530033668,43.691036496,43.3013008152,43.4555702209,7920700
2023-04-19T04:00:00.000Z,43.2607008319,43.5205246191,43.2607008319,43.4555702209,4292300
2023-04-20T04:00:00.000Z,43.195741442,43.3662502019,42.9683933315,43.0901870728,6607000
2023-04-21T04:00:00.000Z,43.3094115805,43.3743659676,43.0983059509,43.2200965881,4765700
2023-04-24T04:00:00.000Z,43.1307796577,43.4312033636,43.0495859032,43.317527771,8195000
2023-04-25T04:00:00.000Z,43.2769332712,43.8858957556,43.2769332712,43.4312057495,4835900
2023-04-26T04:00:00.000Z,43.3500103797,43.5286403724,43.1470228779,43.3418922424,5278400
2023-04-27T04:00:00.000Z,43.3824920654,43.7397489777,43.2444589443,43.3824920654,10917500
2023-04-28T04:00:00.000Z,43.4312073206,43.8047035812,43.3987285769,43.7397460938,4904000
2023-05-01T04:00:00.000Z,43.6017199377,43.8371862044,43.4636868134,43.5205230713,6060000
2023-05-02T04:00:00.000Z,43.479915272,43.5123940105,42.4974566647,42.6598472595,8494000
2023-05-03T04:00:00.000Z,42.4974658624,43.3581340329,42.4893477247,42.9927558899,16462500
2023-05-04T04:00:00.000Z,42.9602737115,43.3418911968,42.5867774607,43.1795005798,10797600
2023-05-05T04:00:00.000Z,43.6747945834,43.8859002367,43.2525801794,43.3824920654,9731600
2023-05-08T04:00:00.000Z,43.3987294108,43.5935956821,42.9602756544,43.082069397,12973200
2023-05-09T04:00:00.000Z,43.0333465328,43.4393215001,42.9521527783,43.317527771,12039400
2023-05-10T04:00:00.000Z,43.5205108063,43.6179470186,42.944027155,43.1470146179,13812500
2023-05-11T04:00:00.000Z,43.1145451586,43.3337720374,42.8466032605,43.2606964111,7533700
2023-05-12T04:00:00.000Z,43.3498744246,43.4076740052,42.9617888266,43.02784729,19949200
2023-05-15T04:00:00.000Z,43.0195869023,43.1847299052,42.6397602004,42.9865608215,12908500
2023-05-16T04:00:00.000Z,42.6727918516,42.7636206659,41.3268805535,41.3516540527,14601400
2023-05-17T04:00:00.000Z,41.3681648701,41.5911074608,41.2360510923,41.2855949402,12661300
2023-05-18T04:00:00.000Z,41.2443099752,41.417708718,40.7736544449,41.2855949402,9033700
2023-05-19T04:00:00.000Z,41.4672494539,41.6076189543,41.2277922653,41.3433914185,6200900
2023-05-23T04:00:00.000Z,41.2195283961,41.285586847,40.8149314089,40.9305305481,12001700
2023-05-24T04:00:00.000Z,40.9387953901,41.3433924362,40.8314519668,41.1039352417,4906700
2023-05-25T04:00:00.000Z,40.9057691882,40.9553098874,40.3195144822,40.393825531,6514300
2023-05-26T04:00:00.000Z,40.5176790329,40.715851257,40.3029953442,40.3360214233,9056300
2023-05-29T04:00:00.000Z,40.4103392127,40.5754822225,40.4103392127,40.4929122925,915900
2023-05-30T04:00:00.000Z,40.3690455752,40.5507031619,39.9561897143,39.9974746704,9523200
2023-05-31T04:00:00.000Z,39.8406040472,39.8488597813,39.3534338406,39.4607772827,9711400
2023-06-01T04:00:00.000Z,39.6341662181,40.4351076683,39.625910486,40.2204208374,8132800
2023-06-02T04:00:00.000Z,40.6085112639,41.5580812034,40.5176824514,41.5002784729,8955500
2023-06-05T04:00:00.000Z,41.8635898845,41.9461598066,41.3846755172,41.4342193604,5630500
2023-06-06T04:00:00.000Z,41.2855914763,41.7562469671,41.2443065148,41.7149620056,6036400
2023-06-07T04:00:00.000Z,41.7645064917,41.9379052226,41.648904188,41.847076416,7019500
2023-06-08T04:00:00.000Z,41.8553281261,42.1525848647,41.7397289833,42.1360702515,6848500
2023-06-09T04:00:00.000Z,42.136069,42.2186420637,41.6736724424,41.7975273132,4264300
2023-06-12T04:00:00.000Z,41.6076212644,41.6571651113,41.2195356716,41.3681640625,8659900
2023-06-13T04:00:00.000Z,41.5828425818,41.7727558988,41.2277862915,41.2360420227,7177000
2023-06-14T04:00:00.000Z,41.293849066,41.5663354939,40.5341956606,40.5919952393,4526500
2023-06-15T04:00:00.000Z,40.6910766777,41.0874179655,40.3938199244,40.6497917175,6485700
2023-06-16T04:00:00.000Z,40.8975097537,40.9470536021,40.7241110092,40.8479690552,10579900
2023-06-19T04:00:00.000Z,40.9305328466,40.9553031921,40.6828199416,40.9553031921,797700
2023-06-20T04:00:00.000Z,40.8727377106,40.9057669414,40.1956542267,40.2947387695,2949800
2023-06-21T04:00:00.000Z,40.1708878499,40.3195162537,39.898401393,40.1461143494,2200500
2023-06-22T04:00:00.000Z,39.8736229565,40.0387659439,39.7580238103,39.8653640747,3472200
2023-06-23T04:00:00.000Z,39.766280633,39.8323390897,39.3864539565,39.4194831848,3407700
2023-06-26T04:00:00.000Z,39.3864564324,40.1543687157,39.328656854,40.0222549438,2671400
2023-06-27T04:00:00.000Z,40.1048234229,40.1626229991,39.7497670832,39.9727096558,2301800
2023-06-28T04:00:00.000Z,40.0717978402,40.2369408515,39.8158291649,40.1873970032,5006700
2023-06-29T04:00:00.000Z,40.3277617459,40.5094193377,40.2204183371,40.4846458435,1703900
2023-06-30T04:00:00.000Z,40.6580505371,40.7406204574,40.4351079725,40.6580505371,3905700
2023-07-04T04:00:00.000Z,40.6663063316,40.8397050544,40.5424483011,40.6497917175,806100
2023-07-05T04:00:00.000Z,40.8562245552,40.8562245552,40.2204260123,40.3442840576,6088800
2023-07-06T04:00:00.000Z,40.2039125118,40.212171395,39.7993154323,40.0305137634,6460600
2023-07-07T04:00:00.000Z,39.7497685933,40.1048249465,39.6837132822,39.9479408264,5887700
2023-07-10T04:00:00.000Z,39.9149119664,39.9231676992,39.6424255371,39.6424255371,5785900
2023-07-11T04:00:00.000Z,39.8240814319,39.9231659702,39.6754530496,39.758026123,5477200
2023-07-12T04:00:00.000Z,40.0387679677,40.2534516573,39.7580258199,40.1213378906,8731500
2023-07-13T04:00:00.000Z,40.1626263519,40.451627407,40.0387714566,40.418598175,7435100
2023-07-14T04:00:00.000Z,40.3773112066,40.4351107848,40.0717955506,40.1626243591,11436100
2023-07-17T04:00:00.000Z,40.096564798,40.1708789835,39.7249938705,39.7415084839,14591200
2023-07-18T04:00:00.000Z,39.8901437006,40.0717981798,39.7415153041,39.8240852356,10723800
2023-07-19T04:00:00.000Z,40.0139937549,40.1626221334,39.9314238334,40.0635375977,2977000
2023-07-20T04:00:00.000Z,40.1048312324,40.5672310822,40.0883166146,40.5424575806,5624400
2023-07-21T04:00:00.000Z,40.6910795523,40.9305367483,40.5424511652,40.8149375916,6000000
2023-07-24T04:00:00.000Z,40.955309175,41.2360513483,40.7984250472,40.99659729,11616700
2023-07-25T04:00:00.000Z,41.1121975571,41.1121975571,40.5837424284,40.7488822937,4489900
2023-07-26T04:00:00.000Z,40.5837400792,40.7406242021,40.3277682629,40.7323684692,8158600
2023-07-27T04:00:00.000Z,40.724108612,40.724108612,40.1295950659,40.1708831787,3208900
2023-07-28T04:00:00.000Z,40.2782238999,40.3773115919,39.6424253838,39.791053772,8307700
2023-07-31T04:00:00.000Z,39.9149145979,40.212171395,39.9066588645,40.0305137634,7080700
2023-08-01T04:00:00.000Z,40.0717988942,40.1213427439,39.7993155956,39.8818855286,7194500
2023-08-02T04:00:00.000Z,39.7745466278,39.8901489568,39.4112344717,39.8736343384,9782000
2023-08-03T04:00:00.000Z,39.9231576388,39.9974718144,39.5433310298,39.6919593811,7289800
2023-08-04T04:00:00.000Z,39.9892275497,40.1873966417,39.6506857969,39.7002296448,10323300
2023-08-08T04:00:00.000Z,39.8158347488,39.9231750439,39.4360048244,39.8736343384,6760800
2023-08-09T04:00:00.000Z,40.3360205001,40.6663064828,40.1626217767,40.4351081848,3830700
2023-08-10T04:00:00.000Z,40.6085069083,40.7819056317,40.3029944217,40.4351081848,6006600
2023-08-11T04:00:00.000Z,40.5507123444,40.8479691355,40.4763981466,40.7736549377,6962300
2023-08-14T04:00:00.000Z,40.7719670465,40.9065001107,40.1497496202,40.2842826843,14587700
2023-08-15T04:00:00.000Z,40.0320412386,40.0404481535,39.3509656671,39.4014167786,15080000
2023-08-16T04:00:00.000Z,39.2921018765,39.6452531903,39.2164268241,39.3845939636,15470400
2023-08-17T04:00:00.000Z,39.477091632,39.8470568252,39.4686815097,39.7041168213,9057400
2023-08-18T04:00:00.000Z,39.552761729,39.8302347872,39.4686765542,39.7293357849,6011800
2023-08-21T04:00:00.000Z,39.7881931485,39.9227262186,39.4014109732,39.5527610779,8506500
2023-08-22T04:00:00.000Z,39.5527632604,39.6788862162,39.0734889715,39.0987129211,5670400
2023-08-23T04:00:00.000Z,38.9809946626,39.2752847505,38.8044206099,39.1827926636,6653100
2023-08-24T04:00:00.000Z,39.1239328174,39.3341409296,39.0314407349,39.0314407349,6952400
2023-08-25T04:00:00.000Z,39.2080192342,39.5023093177,39.2080192342,39.3761863708,4281000
2023-08-28T04:00:00.000Z,39.5443526589,39.7629709118,39.4602706894,39.6704788208,11961400
2023-08-29T04:00:00.000Z,39.8470565049,40.0488577407,39.6957063799,39.9731826782,4581400
2023-08-30T04:00:00.000Z,40.1497516051,40.3179187455,40.0993005007,40.1329345703,2866200
2023-08-31T04:00:00.000Z,40.2758807199,40.3263286205,39.8638713561,39.8890953064,6869100
2023-09-01T04:00:00.000Z,40.2338340516,40.7971934974,40.2254271379,40.6122093201,5268000
2023-09-05T04:00:00.000Z,40.6122114354,40.8392366083,40.4608613201,40.4944953918,3880400
2023-09-06T04:00:00.000Z,38.1065285567,38.6698879984,37.7197463774,38.0981216431,19137000
2023-09-07T04:00:00.000Z,38.1401662894,38.384008507,37.9635922176,38.2326583862,10374900
2023-09-08T04:00:00.000Z,38.3083311816,38.6867032537,38.1822050192,38.4849052429,8093700
2023-09-11T04:00:00.000Z,38.4849072068,38.8044244823,38.4764970849,38.5017242432,3099800
2023-09-12T04:00:00.000Z,38.6782960129,38.930545128,38.568986887,38.9221382141,6831900
2023-09-13T04:00:00.000Z,39.0146340805,39.2080251943,38.8632839552,39.0903091431,10665700
2023-09-14T04:00:00.000Z,39.4854924964,40.1497509255,39.3593695489,40.1245269775,8128500
2023-09-15T04:00:00.000Z,40.1497582275,40.2422503304,39.7041179584,40.0236320496,13523700
2023-09-18T04:00:00.000Z,39.9815848944,40.0068120506,39.5443516078,39.7293357849,4836900
2023-09-19T04:00:00.000Z,39.7713778584,39.9059109343,39.2752865395,39.5023117065,5243500
2023-09-20T04:00:00.000Z,39.4182269594,39.939542191,39.3761859776,39.611618042,3027900
2023-09-21T04:00:00.000Z,39.5948015905,39.670476642,38.8969090929,38.9053192139,4497000
2023-09-22T04:00:00.000Z,38.9305458864,39.2584700632,38.8464639156,39.1323471069,8846200
2023-09-25T04:00:00.000Z,39.0230406593,39.1827976979,38.7623813998,38.9894065857,4859000
2023-09-26T04:00:00.000Z,38.8632785624,38.8969094242,38.2746951802,38.2999191284,8431800
2023-09-27T04:00:00.000Z,38.5605804816,38.5942145527,37.8626879395,38.1822052002,5936600
2023-09-28T04:00:00.000Z,38.1653902834,38.2410653439,37.9215480655,38.064491272,3647200
2023-09-29T04:00:00.000Z,38.1990224197,38.2831043904,37.8374641721,37.8795051575,5466300
2023-10-02T04:00:00.000Z,37.9467771388,37.9720010911,36.416462023,36.794834137,5866900
2023-10-03T04:00:00.000Z,36.4753167159,36.5678088091,35.9876323,36.3912315369,4255600
2023-10-04T04:00:00.000Z,36.2398815725,36.3912316879,35.9455914634,36.2566986084,4130100
2023-10-05T04:00:00.000Z,36.0464866405,36.7359690007,36.0464866405,36.5930290222,3818500
2023-10-06T04:00:00.000Z,36.3828201139,36.5930282242,36.0969369556,36.5509872437,3797600
2023-10-10T04:00:00.000Z,36.996633586,37.1311666708,36.6687093924,37.0134506226,5732400
2023-10-11T04:00:00.000Z,37.0554864427,37.5683947591,37.0554864427,37.5095367432,4105000
2023-10-12T04:00:00.000Z,37.6692916615,37.6861086948,37.097525361,37.4590835571,3866100
2023-10-13T04:00:00.000Z,37.7786037941,37.8290548979,37.2909194134,37.5852127075,3523000
2023-10-16T04:00:00.000Z,37.6777004722,38.0392586558,37.4674923752,37.9551734924,9085800
2023-10-17T04:00:00.000Z,37.7617917045,37.9131418281,37.223659357,37.3581924438,16210200
2023-10-18T04:00:00.000Z,37.3077378149,37.3329649715,36.8032395886,37.0891227722,5706700
2023-10-19T04:00:00.000Z,37.0050405005,37.257292841,36.7864254407,37.0134506226,9654500
2023-10-20T04:00:00.000Z,36.8200532339,36.8368702676,36.4584950289,36.6855201721,8521000
2023-10-23T04:00:00.000Z,36.5173516259,37.0891179182,36.3323674703,36.9798088074,7607700
2023-10-24T04:00:00.000Z,37.1816136893,37.3245536728,36.8957305147,37.1143455505,13386800
2023-10-25T04:00:00.000Z,36.9798111607,37.5431705761,36.9545872133,37.4422683716,10533300
2023-10-26T04:00:00.000Z,37.3413742763,37.4759073591,37.089125147,37.2152481079,6918400
2023-10-27T04:00:00.000Z,37.4254521752,37.4338622962,36.542578715,36.6350708008,3348600
2023-10-30T04:00:00.000Z,36.8116437595,37.1479780236,36.6266628009,37.0302619934,6035400
2023-10-31T04:00:00.000Z,37.1816190435,37.4590921369,36.9461837316,37.3666000366,9085800
2023-11-01T04:00:00.000Z,37.5515837575,37.8290600549,37.3077415339,37.770198822,11482800
2023-11-02T04:00:00.000Z,37.8374683927,38.8885091814,37.8374683927,38.7287521362,8236600
2023-11-03T04:00:00.000Z,39.1323469118,39.2416528318,38.7119306447,38.8969116211,7899400
2023-11-06T05:00:00.000Z,39.0650816476,39.2080248569,38.8885075723,38.9894065857,3792200
2023-11-07T05:00:00.000Z,38.7876032963,39.1155274511,38.7203351581,38.9389533997,8615400
2023-11-08T05:00:00.000Z,39.0314441326,39.2500623845,38.7876051389,38.9221382141,7549900
2023-11-09T05:00:00.000Z,39.1239389224,39.2921060799,38.7455668274,38.7791976929,6385300
2023-11-10T05:00:00.000Z,38.9305458416,38.9978139842,38.5353567301,38.7623786926,5642500
2023-11-13T05:00:00.000Z,38.7623778058,39.2584691198,38.7203368214,39.2248382568,4063500
2023-11-14T05:00:00.000Z,39.6174031907,39.6859733678,38.9745418404,39.0516853333,17650000
2023-11-15T05:00:00.000Z,39.1974051914,39.5659793519,39.0688348629,39.188835144,14614300
2023-11-16T05:00:00.000Z,39.1716953135,39.3602657995,38.6488340957,38.8288345337,9809900
2023-11-17T05:00:00.000Z,39.0431174987,39.7288357146,39.0345474515,39.6174087524,6181000
2023-11-20T05:00:00.000Z,39.643123742,39.8488408498,39.5574101878,39.6259803772,8295700
2023-11-21T05:00:00.000Z,39.6002678473,39.8574117855,39.4545508782,39.737411499,4078100
2023-11-22T05:00:00.000Z,39.5745501629,39.9345542831,39.4974099262,39.8059806824,8598400
2023-11-23T05:00:00.000Z,39.9002658575,39.9945527247,39.8059789902,39.8145523071,603300
2023-11-24T05:00:00.000Z,39.7631247878,40.0202687252,39.694554597,39.9174118042,4251000
2023-11-27T05:00:00.000Z,39.797409171,39.9088394029,39.5574086129,39.6174087524,13765100
2023-11-28T05:00:00.000Z,39.6002618172,40.0288360722,39.6002618172,39.7459754944,6120300
2023-11-29T05:00:00.000Z,40.0631311004,40.3888452474,40.011701002,40.217414856,4135800
2023-11-30T05:00:00.000Z,40.3888414962,40.6288453299,40.0802674741,40.6117019653,8174800
2023-12-01T05:00:00.000Z,40.5088428905,40.868847016,40.4059859702,40.6888465881,4430200
2023-12-04T05:00:00.000Z,40.6717056762,40.9459929933,40.5774187979,40.8088493347,6546900
2023-12-05T05:00:00.000Z,40.8174167985,41.0745607332,40.8088467509,40.8688468933,11047700
2023-12-06T05:00:00.000Z,40.9631344712,41.04027798,40.6031303406,40.6031303406,6146600
2023-12-07T05:00:00.000Z,40.7402689238,40.7831289664,40.4831250166,40.5431251526,5690900
2023-12-08T05:00:00.000Z,40.585984281,40.7145578769,40.4574139548,40.6802711487,2134200
2023-12-11T05:00:00.000Z,40.6717031077,40.7574166627,40.5088427755,40.7059898376,5973500
2023-12-12T05:00:00.000Z,40.6888435681,40.7145569788,40.2002691459,40.4059829712,5801600
2023-12-13T05:00:00.000Z,40.3888457722,41.1345674944,40.2345587449,41.1002807617,6713900
2023-12-14T05:00:00.000Z,41.2717056518,41.3574192024,40.7402711752,40.8602714539,5509400
2023-12-15T05:00:00.000Z,40.8174159159,40.8174159159,40.371698246,40.5945587158,18229100
2023-12-18T05:00:00.000Z,40.8259875349,41.0145579979,40.6717005298,40.7659873962,3834800
2023-12-19T05:00:00.000Z,40.7917053729,41.2202797083,40.7488485933,41.0574226379,4574500
2023-12-20T05:00:00.000Z,41.1345637232,41.237420642,40.4831289407,40.5259857178,5995800
2023-12-21T05:00:00.000Z,40.6116982761,40.8088420457,40.5259814613,40.7574119568,2543200
2023-12-22T05:00:00.000Z,40.7574153106,41.185989611,40.7488452633,40.9888458252,5449500
2023-12-27T05:00:00.000Z,40.9288483706,41.3317092857,40.9288483706,41.0745620728,2631900
2023-12-28T05:00:00.000Z,41.0231353744,41.2545659049,40.8174182574,40.8945617676,2116000
2023-12-29T05:00:00.000Z,40.9716960522,40.9802693679,40.7231222121,40.8859825134,3260000
2024-01-02T05:00:00.000Z,41.023135417,41.4774231608,41.023135417,41.4517097473,4601500
2024-01-03T05:00:00.000Z,41.5545613952,41.8802787603,41.4002743943,41.7517051697,3569000
2024-01-04T05:00:00.000Z,41.9659956784,42.2317129279,41.7431384758,41.8202819824,4754900
2024-01-05T05:00:00.000Z,41.9745685303,42.1202822247,41.8031381542,42.0517120361,2373800
2024-01-08T05:00:00.000Z,42.0088500833,42.6517115124,41.8974231231,42.5831413269,4845700
2024-01-09T05:00:00.000Z,42.583145865,42.6002892306,42.1288581196,42.1545715332,3278900
2024-01-10T05:00:00.000Z,42.0688542832,42.4631418491,42.0688542832,42.3002815247,4935200
2024-01-11T05:00:00.000Z,42.420289931,42.4631467114,41.8974287091,42.0688591003,4260200
2024-01-12T05:00:00.000Z,42.3517116171,42.5059986245,42.248854702,42.3002815247,4134200
2024-01-15T05:00:00.000Z,42.3002826417,42.4117128766,42.1202822181,42.3774261475,1416600
2024-01-16T05:00:00.000Z,42.3859993496,42.8831438423,42.308855844,42.394569397,4711900
2024-01-17T05:00:00.000Z,42.205999632,42.2231397271,41.7345652736,41.8031387329,6548900
2024-01-18T05:00:00.000Z,41.7002824058,41.9659963901,41.3659916915,41.391708374,15587200
2024-01-19T05:00:00.000Z,41.3402758157,41.5374195977,41.185988809,41.4345626831,8503300
2024-01-22T05:00:00.000Z,41.494563167,41.5459932595,41.2031325152,41.3831329346,7878400
2024-01-23T05:00:00.000Z,41.4088556726,41.6145695335,41.3059954724,41.3745689392,6998300
2024-01-24T05:00:00.000Z,41.4602767846,41.5888503822,41.1088459901,41.1688461304,5086700
2024-01-25T05:00:00.000Z,41.2459881687,41.3745617618,41.1345612091,41.1431312561,3937000
2024-01-26T05:00:00.000Z,41.0659889852,41.5202766935,41.0659889852,41.3659896851,4924700
2024-01-29T05:00:00.000Z,41.3574223384,41.4002791169,41.1345651282,41.288848877,5364300
2024-01-30T05:00:00.000Z,41.2717048541,41.4688486323,41.1174178503,41.3059883118,6455300
2024-01-31T05:00:00.000Z,41.3145642231,41.5117080138,40.8945599598,40.9202766418,14797500
2024-02-01T05:00:00.000Z,41.10885081,41.3488546691,40.9545637826,41.1002807617,9717800
2024-02-02T05:00:00.000Z,41.1602768973,41.177420262,40.4402719297,40.7231292725,10381400
2024-02-05T05:00:00.000Z,40.6802732086,40.6802732086,40.0888418308,40.1316986084,16789700
2024-02-06T05:00:00.000Z,40.1488468052,40.3717040372,40.0374165543,40.0631332397,4714700
2024-02-07T05:00:00.000Z,40.0802707011,40.1831308966,39.6345562664,39.7288398743,9922300
2024-02-08T05:00:00.000Z,39.6859752311,39.8059754989,39.4631180579,39.6002616882,10269600
2024-02-09T05:00:00.000Z,39.720268958,39.797412468,39.2145511188,39.4545516968,5860300
2024-02-12T05:00:00.000Z,39.6602685015,40.3202733555,39.4202679253,40.2259864807,13099000
2024-02-13T05:00:00.000Z,40.2688366087,40.4145535556,39.4288314612,39.7459754944,8813400
2024-02-14T05:00:00.000Z,40.0476486376,40.1350909213,39.3918465202,39.4705429077,16806200
2024-02-15T05:00:00.000Z,39.5579871177,40.1875549129,39.4180827926,40.0563964844,13419700
2024-02-16T05:00:00.000Z,40.0738844621,40.6509902132,40.0738844621,40.6247558594,12496900
2024-02-20T05:00:00.000Z,40.336202872,40.974516528,40.336202872,40.7121963501,12975500
2024-02-21T05:00:00.000Z,40.747174657,41.158145096,40.7034551782,41.0794487,10026000
2024-02-22T05:00:00.000Z,41.0881954042,41.2018653842,40.8521062114,41.1581459045,7340200
2024-02-23T05:00:00.000Z,41.0269776327,41.184370403,40.720937988,41.0969314575,7457300
2024-02-26T05:00:00.000Z,41.0969342018,41.1144226592,40.5373169081,40.6247558594,12267000
2024-02-27T05:00:00.000Z,40.9045596962,41.0619524585,40.7209359187,40.79088974,3494000
2024-02-28T05:00:00.000Z,40.8171260235,40.939541891,40.6509906799,40.808380127,1924500
2024-02-29T05:00:00.000Z,40.7646553892,41.0357214433,40.738424374,40.79088974,12570900
2024-03-01T05:00:00.000Z,40.8783331009,41.3505114389,40.8433561865,41.2630691528,9500500
2024-03-04T05:00:00.000Z,41.2805606591,41.3854914102,41.0619599312,41.2193527222,6881500
2024-03-05T05:00:00.000Z,41.280559626,41.5603682839,41.2280975874,41.3505134583,4222800
2024-03-06T05:00:00.000Z,41.4641868577,41.8839032148,41.3767478957,41.4204673767,3813600
2024-03-07T05:00:00.000Z,41.6303205539,42.1024988972,41.6040895355,42.0150566101,7205400
2024-03-08T05:00:00.000Z,42.1899365235,42.3036098253,42.0500322042,42.2861213684,7565900
2024-03-11T04:00:00.000Z,42.3210987544,42.4784915323,42.1462175194,42.469745636,5605000
2024-03-12T04:00:00.000Z,42.495972503,42.6271342503,42.3823025466,42.5746688843,4281100
2024-03-13T04:00:00.000Z,42.7932753021,42.9331796281,42.5397010046,42.5571861267,3240800
2024-03-14T04:00:00.000Z,42.6621205218,42.6708630836,41.9975724151,42.1986846924,6895700
2024-03-15T04:00:00.000Z,42.05003473,42.3036123663,41.9538498793,42.0238037109,17002300
2024-03-18T04:00:00.000Z,42.0412871945,42.1024951222,41.8664059717,42.0500297546,1684000
2024-03-19T04:00:00.000Z,42.1811928998,42.5047210046,42.1112390741,42.3823051453,2137900
2024-03-20T04:00:00.000Z,42.3211002869,42.5921630421,42.2161695407,42.5571861267,3557100
2024-03-21T04:00:00.000Z,42.557185615,42.7583012082,42.294865424,42.3385848999,3728100
2024-03-22T04:00:00.000Z,42.4085382596,42.4260267169,42.0762642423,42.1549606323,2101300
2024-03-25T04:00:00.000Z,42.3210992226,42.7408121898,42.2161684791,42.6533699036,2843300
2024-03-26T04:00:00.000Z,42.6708593594,42.6708593594,42.2948658588,42.3036117554,2698000
2024-03-27T04:00:00.000Z,42.4085337065,42.6970882174,42.0937481804,42.679599762,2654300
2024-03-28T04:00:00.000Z,42.8020248413,42.92444072,42.6271435851,42.8020248413,5304000
2024-04-01T04:00:00.000Z,42.9331704127,42.9331704127,42.4435070448,42.5047149658,4687100
2024-04-02T04:00:00.000Z,42.5659274817,42.6621123209,42.2511419481,42.5484390259,2979000
2024-04-03T04:00:00.000Z,42.6533639418,42.7320603207,42.1899315641,42.3123474121,3801800
2024-04-04T04:00:00.000Z,41.997566743,42.3385833121,41.9538472688,42.21616745,3416500
2024-04-05T04:00:00.000Z,42.2686373479,42.3036142653,41.9101322836,42.0063171387,3428200
2024-04-08T04:00:00.000Z,41.9975715125,42.1199873886,41.7177628428,41.8314361572,4676400
2024-04-09T04:00:00.000Z,41.8226879443,41.9538463642,41.7177572056,41.883895874,2935700
2024-04-10T04:00:00.000Z,41.7439985047,41.7527410666,41.0707078297,41.3067970276,5594000
2024-04-11T04:00:00.000Z,41.3592579065,41.4117232831,40.9220564417,41.333026886,8085400
2024-04-12T04:00:00.000Z,41.4029776591,41.8226940034,40.9045682527,41.1581459045,7885700
2024-04-15T04:00:00.000Z,41.2018604809,41.3767417143,40.5373157967,40.685962677,9257500
2024-04-16T04:00:00.000Z,40.6335043849,40.6422469464,39.8028209515,39.8290519714,8639000
2024-04-17T04:00:00.000Z,39.9951881609,40.2050429787,39.6891451595,40.1263465881,11511700
2024-04-18T04:00:00.000Z,40.1263469593,40.8608454997,40.1263469593,40.808380127,14627800
2024-04-19T04:00:00.000Z,40.8433607429,41.9800839038,40.790898701,41.945110321,11703500
2024-04-22T04:00:00.000Z,41.9713384932,42.3648204587,41.6128334437,42.3473320007,18561500
2024-04-23T04:00:00.000Z,42.3560726317,42.4697459356,42.1462178168,42.3298416138,13384400
2024-04-24T04:00:00.000Z,42.3560728902,42.7845317547,42.2249144639,42.723323822,7043200
2024-04-25T04:00:00.000Z,42.4959741833,43.4140997796,42.3910467827,43.3004264832,9030800
2024-04-26T04:00:00.000Z,43.3966121114,43.4315856886,42.7408100082,42.810760498,9400200
2024-04-29T04:00:00.000Z,42.8369976835,42.99438713,42.6533705474,42.9769020081,12512100
2024-04-30T04:00:00.000Z,43.0643450578,43.0730876196,42.7495594638,42.8020248413,13542600
2024-05-01T04:00:00.000Z,42.7583015943,43.073083825,42.4872355043,42.8369979858,6890900
2024-05-02T04:00:00.000Z,43.0206203338,43.5889801776,42.9419239449,43.5714950562,11044800
2024-05-03T04:00:00.000Z,43.6764242653,44.0436718716,43.4053581733,43.4840545654,5589800
2024-05-06T04:00:00.000Z,43.7638558062,43.9387370187,43.6501825178,43.8425521851,12390000
2024-05-07T04:00:00.000Z,44.0786523161,44.2535335722,43.9824674585,44.2273025513,18787200
2024-05-08T04:00:00.000Z,43.8950171289,45.0754594644,43.8950171289,44.7257003784,11410500
2024-05-09T04:00:00.000Z,44.7606842005,44.9268228898,44.6120373054,44.7169647217,12333600
2024-05-10T04:00:00.000Z,45.4602013587,45.7662409931,44.9880230636,45.1803894043,12335000
2024-05-13T04:00:00.000Z,45.4252333282,45.5039297261,44.9880318589,45.1891441345,11278700
2024-05-14T04:00:00.000Z,45.1401805501,45.193591571,44.6060839234,44.9532470703,24485800
2024-05-15T04:00:00.000Z,45.0333589808,45.1490811542,44.6683921839,44.8019180298,14363200
2024-05-16T04:00:00.000Z,44.6683878428,44.8998287713,44.3568320936,44.5615692139,7010600
2024-05-17T04:00:00.000Z,44.6861996475,44.6861996475,44.4280514679,44.5437736511,16220000
2024-05-21T04:00:00.000Z,44.4725584981,44.8731326698,44.3835435247,44.6861991882,14186900
2024-05-22T04:00:00.000Z,44.5526790658,44.8197274161,44.4458604048,44.6149902344,15903100
2024-05-23T04:00:00.000Z,44.6149815136,44.7307036878,43.9028515867,44.018573761,13817900
2024-05-24T04:00:00.000Z,44.0986862485,44.205504883,44.0185714238,44.0897827148,9148900
2024-05-27T04:00:00.000Z,44.0808816187,44.2411112647,44.0630779474,44.1253890991,7097500
2024-05-28T04:00:00.000Z,43.8672437292,44.1075882134,43.751524952,43.9117546082,7247200
2024-05-29T04:00:00.000Z,43.8138351014,43.8227352395,43.4577684524,43.5556869507,11118300
2024-05-30T04:00:00.000Z,43.5823946091,43.8672465952,43.4399686161,43.546787262,7344000
2024-05-31T04:00:00.000Z,43.6358009886,44.4191455647,43.422160324,44.3568344116,12935800
2024-06-03T04:00:00.000Z,44.0274711231,44.4369453808,44.0274711231,44.232208252,11680000
2024-06-04T04:00:00.000Z,44.2322081306,44.2322081306,43.6358004173,43.858341217,4223800
2024-06-05T04:00:00.000Z,44.0274753681,44.2856235364,43.9384603977,44.2233123779,5858100
2024-06-06T04:00:00.000Z,44.1788063122,44.4458546278,43.9829692961,44.0452804565,5140200
2024-06-07T04:00:00.000Z,43.9295616003,44.0630874661,43.6447095894,43.80493927,7011900
2024-06-10T04:00:00.000Z,43.911761274,43.9651689037,43.6447095428,43.6892204285,7769600
2024-06-11T04:00:00.000Z,43.6358056042,43.6447057432,43.3331499448,43.422164917,5167300
2024-06-12T04:00:00.000Z,43.6536054489,43.8672427217,43.4933757965,43.5556869507,4731700
2024-06-13T04:00:00.000Z,43.3954586693,43.448869687,43.2352290117,43.2530326843,2668800
2024-06-14T04:00:00.000Z,43.1818193775,43.1907229119,42.8257561016,42.950378418,8310200
2024-06-17T04:00:00.000Z,42.8079523421,42.8613633615,42.5320005024,42.5765113831,4975800
2024-06-18T04:00:00.000Z,42.5319986104,42.710031938,42.3895726276,42.5052947998,3755500
2024-06-19T04:00:00.000Z,42.4162807614,42.5854105586,42.3005585866,42.3450660706,1856400
2024-06-20T04:00:00.000Z,42.3717703628,42.6388220608,42.2026405637,42.3272628784,5687200
2024-06-21T04:00:00.000Z,42.2827529907,42.460786314,42.2204418369,42.2827529907,13741300
2024-06-24T04:00:00.000Z,42.3717708688,42.7812485592,42.2115412063,42.701133728,8882100
2024-06-25T04:00:00.000Z,42.6477279528,42.7812538199,42.3539757994,42.5231056213,3964500
2024-06-26T04:00:00.000Z,42.4607921292,43.1818222636,42.3361698045,43.1106109619,3989200
2024-06-27T04:00:00.000Z,43.0928034739,43.164018165,42.8613625194,42.9770812988,2961400
2024-06-28T04:00:00.000Z,43.0393972629,43.4310713161,43.0393972629,43.3242492676,6439400
2024-07-02T04:00:00.000Z,43.2263275076,43.7337202752,43.2263275076,43.5556869507,6193500
2024-07-03T04:00:00.000Z,43.6981195995,43.9651679291,43.4488749447,43.4666786194,3375800
2024-07-04T04:00:00.000Z,43.6091013043,43.6180014431,43.439968105,43.5734939575,1871200
2024-07-05T04:00:00.000Z,43.5734948473,43.6180023338,43.1284131908,43.1640205383,6113800
2024-07-08T04:00:00.000Z,43.1729192388,43.2174267238,42.8613634479,42.950378418,4252600
2024-07-09T04:00:00.000Z,42.88806819,42.9859866966,42.6121163438,42.9236755371,4728300
2024-07-10T04:00:00.000Z,42.9503779958,43.37765596,42.8791633039,43.3509521484,6879400
2024-07-11T04:00:00.000Z,43.4488677979,43.5912937766,43.3153419572,43.4488677979,6239800
2024-07-12T04:00:00.000Z,43.4933753626,43.9206532997,43.3865567273,43.8316383362,3575800
2024-07-15T04:00:00.000Z,43.9651645848,43.9651645848,43.5378866108,43.5734939575,5387700
2024-07-16T04:00:00.000Z,43.7960390983,43.9651689185,43.5111870876,43.8138427734,4750900
2024-07-17T04:00:00.000Z,43.8049297772,44.2589149059,43.7604222969,44.1342926025,8346400
2024-07-18T04:00:00.000Z,44.0452776056,44.4280480783,43.9295554313,44.2767219543,8349600
2024-07-19T04:00:00.000Z,44.2055031381,44.8197145064,44.1342918499,44.6594848633,8408200
2024-07-22T04:00:00.000Z,44.8286204982,45.0778651142,44.7485056722,44.9621429443,11345500
2024-07-23T04:00:00.000Z,44.9621462222,45.0333609152,44.6683941027,44.7307052612,4410100
2024-07-24T04:00:00.000Z,44.6594915486,45.1579842237,44.6594915486,44.9532470703,6097500
2024-07-25T04:00:00.000Z,44.8731312516,45.1045722126,44.7040014492,44.7307052612,5063100
2024-07-26T04:00:00.000Z,44.8553228846,45.2826008111,44.7930117326,45.1490783691,3142200
2024-07-29T04:00:00.000Z,45.2826051485,45.433934672,45.0956716745,45.2559013367,9847900
2024-07-30T04:00:00.000Z,45.371620299,45.9858316969,45.2737018017,45.8790130615,8296500
2024-07-31T04:00:00.000Z,45.9947319031,46.137161278,45.7899947702,45.9947319031,13577100
2024-08-01T04:00:00.000Z,46.0837493616,46.46651981,45.8434048897,46.4220123291,11600800
2024-08-02T04:00:00.000Z,46.0659486175,46.8848971852,45.7721931123,46.831489563,10084700
2024-08-06T04:00:00.000Z,45.8434111189,47.0896411289,45.5852629403,46.9650154114,19087300
2024-08-07T04:00:00.000Z,47.0807342529,47.4457010535,46.7424712635,47.0807342529,9953000
2024-08-08T04:00:00.000Z,47.1430407197,47.4902038131,47.0540257609,47.3655815125,14557900
2024-08-09T04:00:00.000Z,47.1786556538,47.6148371719,47.0451297984,47.4991149902,16312700
2024-08-12T04:00:00.000Z,47.6237363993,47.9263920562,47.5258178933,47.7839660645,14239000
2024-08-13T04:00:00.000Z,47.7483578144,48.1934394546,47.6682429834,48.0688171387,16075600
2024-08-14T04:00:00.000Z,48.1756338902,48.5049967359,47.9798002853,48.2646522522,13802800
2024-08-15T04:00:00.000Z,48.2057969497,48.2329591401,47.7802375452,47.9522705078,19470300
2024-08-16T04:00:00.000Z,48.0699858226,48.1062043842,47.7711878702,47.9703865051,16453200
2024-08-19T04:00:00.000Z,47.988493271,48.4502678186,47.8888939588,48.3053970337,19363600
2024-08-20T04:00:00.000Z,48.3235080599,48.4231073757,48.1152565149,48.2058029175,10951600
2024-08-21T04:00:00.000Z,48.2691826218,48.4231063219,47.9703846807,48.006603241,7234200
2024-08-22T04:00:00.000Z,47.9432164008,48.1243057251,47.8979449333,48.1243057251,11796100
2024-08-23T04:00:00.000Z,48.3325621862,48.5951381066,48.3053965397,48.5317573547,5134400
2024-08-26T04:00:00.000Z,48.622303895,48.8758269033,48.558923143,48.7490653992,11528600
2024-08-27T04:00:00.000Z,48.4412146293,48.6856847251,48.3053967581,48.314453125,6325200
2024-08-28T04:00:00.000Z,48.1876898444,48.3144513441,47.9251104785,48.0609283447,5483100
2024-08-29T04:00:00.000Z,48.2148538133,48.3416153176,48.006602277,48.314453125,6967100
2024-08-30T04:00:00.000Z,48.423102523,49.1384034888,48.296341026,49.093132019,11804000
2024-09-03T04:00:00.000Z,48.8305553288,49.4643663021,48.6675752655,49.3285484314,11145200
2024-09-04T04:00:00.000Z,49.3013842277,49.7359965607,49.2561127573,49.4371986389,3968600
2024-09-05T04:00:00.000Z,49.5820752366,49.9442539503,49.4462608095,49.4734230042,6003100
2024-09-06T04:00:00.000Z,49.5458569182,49.8627606816,49.3466582932,49.6092376709,9476300
2024-09-09T04:00:00.000Z,49.6635601669,50.1162817854,49.6635601669,50.0800666809,5376600
2024-09-10T04:00:00.000Z,50.0529041386,50.1615598206,49.3466594752,49.5820732117,9778700
2024-09-11T04:00:00.000Z,49.4553067319,49.563962403,49.0206944094,49.4643630981,10363300
2024-09-12T04:00:00.000Z,49.6092322993,49.8174838147,49.5367951875,49.7812652588,7449100
2024-09-13T04:00:00.000Z,49.8174918194,50.2068327228,49.7541110634,50.1343955994,4219400
2024-09-16T04:00:00.000Z,50.2520989356,50.6957676352,50.2430460231,50.6686019897,8465500
2024-09-17T04:00:00.000Z,50.7048190465,50.7863090724,50.1887167004,50.2611503601,4027800
2024-09-18T04:00:00.000Z,50.2521019549,50.315482708,49.7812710356,49.9623603821,5671300
2024-09-19T04:00:00.000Z,50.116282129,50.1977721591,49.3285474746,49.6363983154,4763800
2024-09-20T04:00:00.000Z,49.6363944892,49.8084274487,49.3194907601,49.7812652588,18058200
2024-09-23T04:00:00.000Z,49.7178846751,50.0347884052,49.6001760951,49.9985733032,5154700
2024-09-24T04:00:00.000Z,49.9714076833,50.1343877315,49.6726132311,49.7088317871,3205700
2024-09-25T04:00:00.000Z,49.8718172143,50.2158831718,49.8355986544,50.1796646118,3099900
2024-09-26T04:00:00.000Z,50.1796646956,50.1977739756,49.4643671327,49.7450523376,5014300
2024-09-27T04:00:00.000Z,49.7993758953,49.9442466688,49.5367965389,49.8265380859,2173000
2024-09-30T04:00:00.000Z,49.4915293257,49.8174894576,49.2923306997,49.7450523376,4333100
2024-10-01T04:00:00.000Z,49.7088329111,50.297368917,49.6001772406,50.2611503601,5017300
2024-10-02T04:00:00.000Z,50.4513003573,50.4784625503,49.8446515674,50.1796646118,2368200
2024-10-03T04:00:00.000Z,50.1525030846,50.1525030846,49.6364006876,50.0257415771,2762500
2024-10-04T04:00:00.000Z,50.1525014578,50.5146801423,49.9623592028,50.4875144958,8856400
2024-10-07T04:00:00.000Z,50.5056248824,50.5871149154,50.125340364,50.3969726562,10356300
2024-10-08T04:00:00.000Z,50.2520980835,50.3064259195,49.9442472544,50.2520980835,5581800
2024-10-09T04:00:00.000Z,50.1434466965,50.8496913057,50.0347910228,50.8134727478,4375500
2024-10-10T04:00:00.000Z,50.9311808684,51.130379481,50.6504922281,50.8949623108,10903800
2024-10-11T04:00:00.000Z,50.9311834464,51.2390342934,50.9221305335,51.2118721008,11672000
2024-10-15T04:00:00.000Z,51.0941638981,51.5831040919,50.9402367464,51.564994812,10822700
2024-10-16T04:00:00.000Z,51.5378295241,52.1263690341,51.4472865783,52.0629882812,9576700
2024-10-17T04:00:00.000Z,51.9905475059,52.4342161989,51.9271667574,52.280292511,8648800
2024-10-18T04:00:00.000Z,52.1535241962,52.4975935612,52.0177097957,52.4885406494,9624900
2024-10-21T04:00:00.000Z,52.5157069896,52.769229987,51.9452767914,52.0448760986,8631500
2024-10-22T04:00:00.000Z,51.6374304054,51.9996091078,51.6374304054,51.8909568787,2722900
2024-10-23T04:00:00.000Z,51.7460810524,51.8456769045,51.4382302215,51.6193161011,5577800
2024-10-24T04:00:00.000Z,51.4382328397,51.9181166622,51.2933620563,51.646484375,5679800
2024-10-25T04:00:00.000Z,51.5287733506,51.737024876,51.2028132398,51.5468826294,3910300
2024-10-28T04:00:00.000Z,51.3205241068,51.6283749525,51.2752526347,51.4291763306,8978300
2024-10-29T04:00:00.000Z,51.3114673688,51.4291759585,50.5508983539,50.9311828613,4700700
2024-10-30T04:00:00.000Z,50.8768531843,51.1484889129,50.7772573316,51.1122703552,5745900
2024-10-31T04:00:00.000Z,51.0036244373,51.2028196212,50.8496972751,50.9221343994,6249500
2024-11-01T04:00:00.000Z,51.1122753586,51.5197255375,50.2792657203,51.0851097107,8643100
2024-11-04T05:00:00.000Z,50.9945620056,51.6283729521,50.9945620056,51.39295578,20992000
2024-11-05T05:00:00.000Z,51.3205241068,51.5468849211,50.9583454222,51.4291763306,8725500
2024-11-06T05:00:00.000Z,52.2259678238,52.4885471997,51.9271698883,52.4342193604,14421600
2024-11-07T05:00:00.000Z,52.5338178081,53.4120988663,52.3255662749,53.2491188049,12670200
2024-11-08T05:00:00.000Z,53.4211497613,53.5479112589,53.0318089019,53.3577690125,9535900
2024-11-11T05:00:00.000Z,53.5026412509,54.0459058139,53.421151221,53.9100914001,11085900
2024-11-12T05:00:00.000Z,54.0549607222,54.2722651599,52.9322096138,53.2128982544,30355100
2024-11-13T05:00:00.000Z,53.3215484106,53.9553593285,53.1857340057,53.9010314941,13756500
2024-11-14T05:00:00.000Z,54.1092897342,55.0328423086,54.0640182603,54.8608093262,8062700
2024-11-15T05:00:00.000Z,54.4241242811,54.7918527417,54.1850974502,54.6079902649,23844000
2024-11-18T05:00:00.000Z,54.5896014097,55.1595827832,54.5528275128,54.8286247253,33086800
2024-11-19T05:00:00.000Z,54.7091148802,55.3250654183,54.4700915489,55.1136207581,28841500
2024-11-20T05:00:00.000Z,55.1320066588,55.269903518,54.5987956506,54.9941062927,10799200
2024-11-21T05:00:00.000Z,54.9757181328,55.9134314836,54.9757181328,55.8858528137,12840500
2024-11-22T05:00:00.000Z,55.8674682208,56.1616524013,55.5732840403,55.59167099,5646200
2024-11-25T05:00:00.000Z,55.6927967568,55.9226283641,55.1136201245,55.1687774658,12347200
2024-11-26T05:00:00.000Z,55.3158713472,55.619250762,54.7550851531,55.2147483826,4909800
2024-11-27T05:00:00.000Z,55.1503950683,55.3986101228,54.9297551781,55.2882919312,5482200
2024-11-28T05:00:00.000Z,55.3710347211,55.5549007226,55.2699082449,55.38022995,3424400
2024-11-29T05:00:00.000Z,55.1320069262,56.0329464035,55.1320069262,55.6836013794,5481100
2024-12-02T05:00:00.000Z,55.7203764086,56.124878782,55.2239392865,56.0329475403,12853100
2024-12-03T05:00:00.000Z,56.1984305856,56.6856725141,56.1800436345,56.2443962097,6464300
2024-12-04T05:00:00.000Z,56.6213146962,56.8971119225,56.189230154,56.4282569885,10269600
2024-12-05T05:00:00.000Z,56.0789120531,56.989046759,56.0789120531,56.6580886841,5910400
2024-12-06T05:00:00.000Z,56.7224415128,56.8051810319,56.1156862084,56.1248779297,8186600
2024-12-09T05:00:00.000Z,56.2535827114,56.4742225965,55.1871641981,55.2055511475,9533200
2024-12-10T05:00:00.000Z,55.1963639881,55.3158739083,54.9205667391,55.1320114136,9384300
2024-12-11T05:00:00.000Z,55.3434560881,55.5824794354,55.0492718882,55.1320114136,8108300
2024-12-12T05:00:00.000Z,55.1595874514,55.2055530729,54.7918554656,54.984916687,3694100
2024-12-13T05:00:00.000Z,54.8929749603,54.9481358033,54.6171777595,54.8745880127,4166900
2024-12-16T05:00:00.000Z,54.8745914192,54.9573309353,54.1575179512,54.4517021179,9744800
2024-12-17T05:00:00.000Z,54.1851024134,54.6447656614,54.0839794446,54.4609031677,7057600
2024-12-18T05:00:00.000Z,54.3138069986,54.4517038585,53.753017317,53.7714042664,11068700
2024-12-19T05:00:00.000Z,53.9644633512,54.2586475348,53.4036736552,53.8357582092,6605100
2024-12-20T05:00:00.000Z,53.7070488593,54.7183100459,53.3668990589,54.6355705261,16132900
2024-12-23T05:00:00.000Z,54.5344431705,55.2423249376,54.3781593619,55.2239379883,4760200
2024-12-24T05:00:00.000Z,55.2423286438,55.398612463,55.0216887443,55.2423286438,1202900
2024-12-27T05:00:00.000Z,55.2239381857,55.5457010323,55.1320069457,55.435382843,3075900
2024-12-31T05:00:00.000Z,55.7663413986,56.1432650966,55.7203757783,56.088104248,2514900
2025-01-02T05:00:00.000Z,56.3639101675,56.9063129542,56.2811706405,56.8787307739,8277600
2025-01-03T05:00:00.000Z,56.9246899053,57.6877325127,56.9246899053,57.2280693054,2469700
2025-01-06T05:00:00.000Z,57.2280701966,57.2740358167,56.538575375,56.6397018433,6543500
2025-01-07T05:00:00.000Z,57.1085583821,57.7520876018,56.9982401895,57.6417694092,5040800
2025-01-08T05:00:00.000Z,57.7704776542,58.285301759,57.5682247011,58.1933670044,5971000
2025-01-09T05:00:00.000Z,57.9635359474,58.1382102293,57.7612864993,57.9083786011,3452800
2025-01-10T05:00:00.000Z,58.1382101615,58.1933675078,57.2556540447,57.6785469055,8477600
2025-01-13T05:00:00.000Z,57.5498344681,58.3220688278,57.3751637048,57.4303245544,6638600
2025-01-14T05:00:00.000Z,57.2648456494,58.2025590531,57.1821061283,58.1382064819,7290200
2025-01-15T05:00:00.000Z,58.3680322479,58.8552705905,58.3036761762,58.3772239685,8655600
2025-01-16T05:00:00.000Z,58.3680356454,58.4323882139,57.6877325551,58.2025566101,9717800
2025-01-17T05:00:00.000Z,58.3772287805,59.4620342573,58.2393284121,59.1862335205,5177300
2025-01-20T05:00:00.000Z,59.0667213999,59.3609055683,58.6070581983,58.7725372314,1707400
2025-01-21T05:00:00.000Z,58.94721144,60.3262010435,58.9288209842,59.765411377,7989000
2025-01-22T05:00:00.000Z,59.8481460227,59.9492724858,59.1586512367,59.2046203613,10766700
2025-01-23T05:00:00.000Z,59.0207556313,59.3517137163,58.8552765888,59.287361145,5977500
2025-01-24T05:00:00.000Z,59.0667297007,59.6183242173,58.8828671998,59.3884925842,7261600
2025-01-27T05:00:00.000Z,59.2873630772,59.5631638283,58.5519025903,59.0667266846,9054900
2025-01-28T05:00:00.000Z,59.0943032474,59.6091238163,58.6070613497,58.8828620911,5625100
2025-01-29T05:00:00.000Z,58.8185052943,59.250586337,58.6070606336,58.7081871033,4787300
2025-01-30T05:00:00.000Z,58.9380164532,59.3517105303,58.6714109538,59.2322006226,9974600
2025-01-31T05:00:00.000Z,59.1954304979,59.3517143135,57.7520882289,57.7796669006,8956700
2025-02-03T05:00:00.000Z,54.1391333715,57.9819181628,54.1391333715,57.5222549438,14070400
2025-02-04T05:00:00.000Z,57.6049955093,58.1473982579,57.5038690382,57.6417694092,12101200
2025-02-05T05:00:00.000Z,57.7061235373,58.3956183969,57.5498362122,57.9175682068,16697400
2025-02-06T05:00:00.000Z,58.0738547205,58.3496554827,57.6693523133,58.2944946289,12910100
2025-02-07T05:00:00.000Z,58.147394071,58.4967390805,57.5130601254,58.3864173889,15895300
2025-02-10T05:00:00.000Z,58.6530261226,59.167850191,58.4507766907,58.9747924805,14852100
2025-02-11T05:00:00.000Z,58.8644745129,59.4988120406,58.5151329688,59.4712333679,22615600
2025-02-12T05:00:00.000Z,59.0115638348,59.655089509,59.0115638348,59.2505836487,14800900
2025-02-13T05:00:00.000Z,59.3333278136,59.7470218959,59.2046226763,59.4068756104,6820300
2025-02-14T05:00:00.000Z,59.409676585,59.9414526114,56.9187225403,56.9840316772,19160400
2025-02-18T05:00:00.000Z,57.1239711956,57.2452545097,55.6032765237,56.5735359192,23804100
2025-02-19T05:00:00.000Z,56.8160985529,56.8160985529,55.8551670681,56.1723670959,19109600
2025-02-20T05:00:00.000Z,55.9764528088,55.9951120535,55.314065638,55.4726638794,13441900
2025-02-21T05:00:00.000Z,55.3420536317,55.8365111674,54.9502201639,55.4633369446,10803800
2025-02-24T05:00:00.000Z,55.6685782876,55.8458393251,55.1088152064,55.2767448425,7699800
2025-02-25T05:00:00.000Z,55.0528378451,55.7712027247,54.8196026332,55.6312637329,11592800
2025-02-26T05:00:00.000Z,55.7058999357,56.2843258525,55.528642447,55.9111480713,4196700
2025-02-27T05:00:00.000Z,56.1910292886,56.5735349106,55.6592532669,56.2283477783,6044100
2025-02-28T05:00:00.000Z,56.2283473968,57.7490420312,56.0697455962,57.6650772095,17091600
2025-03-03T05:00:00.000Z,57.7863596572,58.2994800135,57.3945261767,57.7210540771,13646800
2025-03-04T05:00:00.000Z,56.4615818202,57.3758634447,55.9018151634,56.1070632935,9172600
2025-03-05T05:00:00.000Z,55.9764515436,57.2732387683,55.9577922994,56.9187202454,12485400
2025-03-06T05:00:00.000Z,56.5642095631,56.5828688088,55.4726668248,55.5286445618,8015000
2025-03-07T05:00:00.000Z,55.5566281333,56.6761578898,55.4726633126,56.3309707642,8670800
2025-03-10T04:00:00.000Z,56.2190150568,57.5251336936,56.0044390845,57.4971466064,14401800
2025-03-11T04:00:00.000Z,57.357203588,57.6744036224,56.9093924027,56.9187202454,8285400
2025-03-12T04:00:00.000Z,57.0213482143,57.6184298356,56.6948203148,57.1426315308,6355000
2025-03-13T04:00:00.000Z,57.6370830213,57.6370830213,56.72280144,57.3012237549,8477800
2025-03-14T04:00:00.000Z,57.4038476482,57.6090957679,56.9653678819,57.3945198059,5876600
2025-03-17T04:00:00.000Z,57.4411701459,57.972946167,57.3945238134,57.972946167,3530200
2025-03-18T04:00:00.000Z,58.1222160854,58.1315474871,57.3478770059,57.8889808655,6395000
2025-03-19T04:00:00.000Z,57.8703218163,58.6539923002,57.749042064,58.4674034119,4569100
2025-03-20T04:00:00.000Z,58.5606991826,59.0924751969,58.3741102957,59.0551567078,4947300
2025-03-21T04:00:00.000Z,58.8872251385,59.2324158136,58.3741083856,58.7192955017,10702400
2025-03-24T04:00:00.000Z,58.8685692031,59.3257118088,58.5700284007,59.1297950745,4664100
2025-03-25T04:00:00.000Z,59.2883883723,59.5029643338,58.8778956929,59.1857643127,3339000
2025-03-26T04:00:00.000Z,59.2977247692,59.5589470819,59.0924766328,59.3070526123,1976200
2025-03-27T04:00:00.000Z,59.2603966077,59.6149150876,59.0831391472,59.2417373657,2747300
2025-03-28T04:00:00.000Z,59.1297949087,59.5589468662,59.0085115959,59.3536987305,2971600
2025-03-31T04:00:00.000Z,59.1484523863,59.997424874,59.1484523863,59.419002533,5886000
2025-04-01T04:00:00.000Z,59.4190030134,59.6149233018,58.8405806677,59.5029678345,5279000
2025-04-02T04:00:00.000Z,59.4003465318,60.3239631653,59.1391242136,60.3239631653,2647900
2025-04-03T04:00:00.000Z,58.9245459639,60.4359091962,58.7752755651,59.586933136,4244100
2025-04-04T04:00:00.000Z,58.8032605829,59.3070494956,57.2545789157,57.5997695923,8887200
2025-04-07T04:00:00.000Z,53.4388463401,57.1146352636,53.2709167163,55.7711982727,9717900
2025-04-08T04:00:00.000Z,56.9093915418,56.9093915418,54.017276346,54.7356376648,7042000
2025-04-09T04:00:00.000Z,53.4668403214,55.3233905827,52.7204848093,54.9688720703,10213200
2025-04-10T04:00:00.000Z,54.6796688213,54.8569263179,53.3922093333,54.5397262573,4756000
2025-04-11T04:00:00.000Z,54.7076515203,56.2003590332,54.6143588577,56.0230979919,6926400
2025-04-14T04:00:00.000Z,56.7041449666,57.0679913367,56.06974489,56.9560394287,5343300
2025-04-15T04:00:00.000Z,57.1799497188,57.8050184256,56.9560423326,57.6370887756,4009100
2025-04-16T04:00:00.000Z,57.7490377889,58.1502026235,57.4225063688,57.7583656311,6970800
2025-04-17T04:00:00.000Z,57.9449621844,59.1951031827,57.9263029386,58.6073493958,5234400
2025-04-21T04:00:00.000Z,58.4300867665,58.6913090672,57.6277570615,58.0848960876,4410100
2025-04-22T04:00:00.000Z,58.5327120428,59.2604047862,58.4020973309,58.8778991699,8668700
2025-04-23T04:00:00.000Z,59.2417455946,59.2417455946,58.4674029597,59.0551567078,3753900
2025-04-24T04:00:00.000Z,59.2883926933,60.1560315623,58.9525334043,59.9414520264,7431600
2025-04-25T04:00:00.000Z,59.8854741899,60.1373650823,59.4843057891,59.7175445557,7994400
2025-04-28T04:00:00.000Z,59.6149232888,60.2213362807,59.437662245,60.128036499,9334900
2025-04-29T04:00:00.000Z,60.1560327436,60.5478662158,60.1280385375,60.1933441162,7037000
2025-04-30T04:00:00.000Z,60.1653574992,60.2866443733,59.5496201977,60.1467018127,9680000
2025-05-01T04:00:00.000Z,60.0907211304,60.7810953384,59.6895527375,60.0907211304,10455200
2025-05-02T04:00:00.000Z,60.3799317518,60.3892631531,59.8015058739,60.3892631531,4729900
2025-05-05T04:00:00.000Z,60.3052909626,60.4452335021,59.5589390564,60.0254058838,18435700
2025-05-06T04:00:00.000Z,60.1187137561,60.3706046668,59.1857692991,59.3070526123,17645000
2025-05-07T04:00:00.000Z,59.4003473908,60.3985939026,59.4003473908,60.3985939026,15140900
2025-05-08T04:00:00.000Z,60.4825579369,60.6691432627,59.4469930082,59.512298584,15974500
2025-05-09T04:00:00.000Z,60.4079225118,60.5292022649,59.2324185586,59.9881019592,19433300
2025-05-12T04:00:00.000Z,60.2213367204,60.2399924062,57.3292178537,58.1128883362,18481100
2025-05-13T04:00:00.000Z,58.5793607446,58.5793607446,57.805018079,57.9542884827,16369500
2025-05-14T04:00:00.000Z,58.1408731162,58.5606972078,57.767695355,58.5420379639,4136900
2025-05-15T04:00:00.000Z,58.3838582337,59.4068088245,58.3838582337,59.3973350525,25066200
2025-05-16T04:00:00.000Z,59.4731144501,59.57730427,59.2457908781,59.4162826538,14806100
2025-05-20T04:00:00.000Z,59.2931443668,60.391867052,59.2931443668,60.1456031799,16370600
2025-05-21T04:00:00.000Z,60.562361408,60.562361408,59.0184689326,59.86145401,11640100
2025-05-22T04:00:00.000Z,60.4013441233,60.4013441233,59.1889614011,59.3499794006,10632000
2025-05-23T04:00:00.000Z,59.170016143,59.9182815552,58.9900506027,59.9182815552,7020800
2025-05-26T04:00:00.000Z,60.1929613441,60.3539829484,59.9940554917,60.1266593933,2902300
2025-05-27T04:00:00.000Z,60.01300567,60.5718390375,60.0035318971,60.278213501,10116300
2025-05-28T04:00:00.000Z,60.1740189746,60.2782087896,59.6625472854,59.738319397,8287900
2025-05-29T04:00:00.000Z,59.8235650793,59.975112915,59.397335662,59.975112915,5252000
2025-05-30T04:00:00.000Z,59.870927908,60.524480938,59.7477977656,60.4960632324,9172500
2025-06-02T04:00:00.000Z,60.3255712872,61.3106377159,60.16455328,61.1685600281,9913800
2025-06-03T04:00:00.000Z,61.3295758034,61.6516118062,61.1590840295,61.1969718933,9153700
2025-06-04T04:00:00.000Z,61.2064440543,61.4053499143,60.4960592729,60.5150032043,6304600
2025-06-05T04:00:00.000Z,60.7991554031,60.8086219486,60.29715028,60.638130188,8341200
2025-06-06T04:00:00.000Z,60.6854947428,60.7707442403,60.2308512304,60.3350410461,4537300
2025-06-09T04:00:00.000Z,60.3255681018,60.3255681018,59.3499791107,59.3878669739,7217900
2025-06-10T04:00:00.000Z,59.454170518,59.8709261845,59.0374148515,59.4162826538,8789300
2025-06-11T04:00:00.000Z,59.5394128725,59.5583568035,59.0374113479,59.3783912659,7807300
2025-06-12T04:00:00.000Z,59.5299420782,60.3255691528,59.5204719188,60.3255691528,5820200
2025-06-13T04:00:00.000Z,60.1171920395,60.4960598314,59.7099065436,60.0224723816,8049100
2025-06-16T04:00:00.000Z,59.908809084,60.3350384879,58.9142762171,59.1131820679,11901400
2025-06-17T04:00:00.000Z,59.3026187231,59.5015245771,59.0658250074,59.4352226257,7865700
2025-06-18T04:00:00.000Z,59.3026204626,59.321564394,57.8629141957,58.3933334351,6127000
2025-06-19T04:00:00.000Z,58.355444995,58.5259367626,58.0523493221,58.2323112488,1237800
2025-06-20T04:00:00.000Z,58.8763919168,58.8763919168,58.1281228751,58.2796707153,9201300
2025-06-23T04:00:00.000Z,58.3649135083,59.1794844611,58.2512535375,58.4217453003,5715900
2025-06-24T04:00:00.000Z,58.2701999162,58.7248434318,58.0239324204,58.5732955933,5000600
2025-06-25T04:00:00.000Z,58.4501610081,58.4880488705,57.6355900328,57.8155555725,5231400
2025-06-26T04:00:00.000Z,57.7113653574,58.3459707886,57.7113653574,58.2891426086,4598400
2025-06-27T04:00:00.000Z,58.156539917,58.6111834324,57.8250265363,58.156539917,7194900
2025-06-30T04:00:00.000Z,57.9576293225,58.5069924846,57.6545336515,58.4880485535,4967800
2025-07-02T04:00:00.000Z,58.1091770363,58.2323107815,57.0104543277,57.6355895996,7005400
2025-07-03T04:00:00.000Z,57.8439687935,57.8439687935,57.3514374295,57.6924209595,3414800
2025-07-04T04:00:00.000Z,57.7018950793,57.7587268759,57.5598210075,57.6734809875,814700
2025-07-07T04:00:00.000Z,57.6734801118,57.6829538844,56.9536287648,57.1335906982,6169700
2025-07-08T04:00:00.000Z,57.1146429018,57.4082684069,56.9252072086,57.351436615,4574400
2025-07-09T04:00:00.000Z,57.4556316142,57.4651017738,56.7736645024,56.7831382751,3570000
2025-07-10T04:00:00.000Z,56.8304947405,57.6355919707,56.5273990576,57.5882339478,10934400
2025-07-11T04:00:00.000Z,57.6829503682,57.84396836,57.247247187,57.7492523193,6542600
2025-07-14T04:00:00.000Z,57.7776677684,58.6680108563,57.5598179793,58.649066925,8569800
2025-07-15T04:00:00.000Z,58.5354092517,58.9142806644,57.872386086,58.8195610046,7344900
2025-07-16T04:00:00.000Z,58.8195569531,58.9616346264,58.2891413477,58.6395950317,6974500
2025-07-17T04:00:00.000Z,58.4880481753,58.7911438444,58.1660085753,58.3270301819,5116700
2025-07-18T04:00:00.000Z,58.3649156719,58.8669208202,58.2228416064,58.6111831665,3629200
2025-07-21T04:00:00.000Z,58.6301286008,58.8100905337,57.7303117102,57.7871398926,6320900
2025-07-22T04:00:00.000Z,57.8913275698,58.4312169616,57.8818574108,58.2512550354,10995600
2025-07-23T04:00:00.000Z,58.7248434318,59.0563531994,58.4406916862,58.5732955933,7908800
2025-07-24T04:00:00.000Z,58.4785797771,58.9048055906,58.2986142341,58.7532577515,7217500
2025-07-25T04:00:00.000Z,58.857446759,58.9142785529,58.4028032479,58.412273407,8578700
2025-07-28T04:00:00.000Z,58.4501605139,58.5164624659,57.9860468497,58.0902366638,5587900
2025-07-29T04:00:00.000Z,58.1091801584,58.9142810119,58.0902398395,58.8006210327,3535400
2025-07-30T04:00:00.000Z,58.8006175962,59.170015217,58.7248418724,58.9616355896,3395700
2025-07-31T04:00:00.000Z,58.7248414788,59.6530724105,58.71537132,59.4352226257,5113500
2025-08-01T04:00:00.000Z,59.1984320176,60.3824006579,58.8669222435,60.3634567261,12780600
2025-08-05T04:00:00.000Z,60.9980621338,61.9168228998,60.7991562813,60.9980621338,15495200
2025-08-06T04:00:00.000Z,61.0170044734,61.2537981951,60.3823990336,61.2064437866,7400200
2025-08-07T04:00:00.000Z,61.0359508096,61.4242887477,60.8559852722,61.3390464783,9491900
2025-08-08T04:00:00.000Z,61.5190073126,61.6705587664,61.2537994949,61.2727470398,15145500
2025-08-11T04:00:00.000Z,61.2822107677,62.153617134,61.2822107677,62.0115394592,23348900
2025-08-12T04:00:00.000Z,62.0494256328,62.1630819884,61.3579848217,61.7842178345,6665600
2025-08-13T04:00:00.000Z,61.80316021,62.4377656379,61.6989703963,62.1725578308,6726500
2025-08-14T04:00:00.000Z,62.3241150893,63.0629103999,62.1915111734,63.0344963074,4640100
2025-08-15T04:00:00.000Z,62.9316839438,63.1622712676,62.2399146421,62.460899353,20026300
2025-08-18T04:00:00.000Z,62.3071696762,62.3744246178,61.9036400263,61.9132499695,16746100
2025-08-19T04:00:00.000Z,61.9708998126,63.0277664054,61.7979574734,62.8548240662,7683100
2025-08-20T04:00:00.000Z,63.1814951164,64.2287517476,63.0758077259,64.007774353,8031100
2025-08-21T04:00:00.000Z,63.9981653692,64.3056176016,63.786790585,64.0846328735,7375100
2025-08-22T04:00:00.000Z,64.1614972285,64.4016945121,63.6234576588,63.72914505,9768600
2025-08-25T04:00:00.000Z,63.5465918413,63.6907116754,63.2199270589,63.4216918945,9577300
2025-08-26T04:00:00.000Z,63.4312904635,63.4409004066,62.5761887872,63.1046257019,7088300
2025-08-27T04:00:00.000Z,62.9220727165,63.3544321864,62.8644277193,63.1142349243,6842600
2025-08-28T04:00:00.000Z,62.9701229488,63.3640426959,62.7875706612,63.2007102966,3790700
2025-08-29T04:00:00.000Z,63.3352157801,64.1230625497,63.2199257793,63.8444328308,4337300
2025-09-02T04:00:00.000Z,63.844431633,64.1807136762,63.5658092495,63.9501190186,6506100
2025-09-03T04:00:00.000Z,63.9693369893,64.2671792505,63.5850199016,64.0654144287,6832000
2025-09-04T04:00:00.000Z,64.3152221119,64.440122051,63.9116851351,63.9693374634,4699400
2025-09-05T04:00:00.000Z,64.084623251,64.2959980034,63.7867810072,64.2479629517,2728800
2025-09-08T04:00:00.000Z,64.2095324229,64.584239557,63.8156054034,64.1326675415,4649200
2025-09-09T04:00:00.000Z,63.9405209552,64.7091478781,63.8924785655,64.3536605835,3527600
2025-09-10T04:00:00.000Z,64.4497347599,64.7860094797,64.296004985,64.7091445923,4020400
2025-09-11T04:00:00.000Z,64.853263855,64.9205187984,64.4977692513,64.853263855,4328900
2025-09-12T04:00:00.000Z,65.0934607798,65.3624805519,64.8628734509,65.3144454956,2824400
2025-09-15T04:00:00.000Z,65.2183623406,65.3240497294,64.7571876714,64.9301300049,6108200
2025-09-16T04:00:00.000Z,64.9301297924,64.9589522929,64.5650252394,64.613067627,6169700
2025-09-17T04:00:00.000Z,64.6130615944,65.2471858661,64.6130615944,64.958946228,4836800
2025-09-18T04:00:00.000Z,64.9205191045,65.2087587662,64.5169894423,65.1222839355,3384200
2025-09-19T04:00:00.000Z,66.1215046417,66.1215046417,64.978163283,65.6795425415,11337400
2025-09-22T04:00:00.000Z,65.6795409603,65.862093228,65.3240463679,65.333656311,2925500
2025-09-23T04:00:00.000Z,65.4393455767,66.1983698382,65.1030708608,65.9485626221,2833300
2025-09-24T04:00:00.000Z,66.1311161065,66.9862178268,66.044641275,66.7556304932,3693900
2025-09-25T04:00:00.000Z,66.6787609272,66.9862131272,65.9581691463,66.4001312256,2721100
2025-09-26T04:00:00.000Z,66.5922875473,66.9573920822,66.1983678435,66.3809127808,2370100
2025-09-29T04:00:00.000Z,66.1887621513,66.6691567132,66.1503297067,66.5154342651,2978900
2025-09-30T04:00:00.000Z,66.4962191688,67.4954408092,66.4866092244,67.4570083618,4628800
2025-10-01T04:00:00.000Z,67.447395418,67.6299477023,66.2175864785,66.4481811523,3337000
2025-10-02T04:00:00.000Z,66.7940512432,67.0630783335,66.3809116603,66.6691513062,2699200
2025-10-03T04:00:00.000Z,66.5346438722,67.5722978392,66.2656241023,67.1399383545,2393200
2025-10-06T04:00:00.000Z,67.2648399457,67.2648399457,66.3520859975,66.7075805664,1820900
2025-10-07T04:00:00.000Z,66.7460163427,66.8132712829,66.0446371123,66.3040542603,2491400
2025-10-08T04:00:00.000Z,66.4001338746,66.4769987602,65.4297348518,65.7756195068,4887400
2025-10-09T04:00:00.000Z,65.6026773793,65.6891522085,64.4977684684,64.6803207397,3001500
2025-10-10T04:00:00.000Z,64.6803152395,64.7091377366,64.0654108654,64.1518783569,4783000
2025-10-14T04:00:00.000Z,64.526594561,64.5458071163,63.7771729627,64.1326675415,5977200
2025-10-15T04:00:00.000Z,64.1134589544,64.7283633832,63.9309066823,64.2671813965,5453300
2025-10-16T04:00:00.000Z,64.3536552102,64.4305127649,63.6907084054,63.7771759033,6582700
2025-10-17T04:00:00.000Z,63.6810965418,63.7579614244,63.1046245826,63.3928642273,5233000
2025-10-20T04:00:00.000Z,63.5754109214,63.9981604574,63.412078539,63.642665863,6310400
2025-10-21T04:00:00.000Z,63.719534476,63.719534476,63.2007074689,63.6907119751,5671400
2025-10-22T04:00:00.000Z,63.7387422516,64.3152215476,63.6907071971,64.1134567261,6545000
2025-10-23T04:00:00.000Z,64.3440433266,64.4016883234,63.3640343986,63.3928642273,8561900
2025-10-24T04:00:00.000Z,63.585018867,63.8444286821,62.950894583,63.0758018494,7405900
2025-10-27T04:00:00.000Z,63.0085462073,63.5946281007,62.8452138318,63.585018158,8476700
2025-10-28T04:00:00.000Z,63.6042314224,63.7579611871,63.0661919065,63.0758018494,5525400
2025-10-29T04:00:00.000Z,63.0854201998,63.2391426547,62.3840408828,62.5665931702,5002000
2025-10-30T04:00:00.000Z,62.7299161099,63.4120754357,62.7299161099,63.1334457397,4180800
2025-10-31T04:00:00.000Z,63.325613936,63.325613936,62.6914896031,62.835609436,2798600
2025-11-03T05:00:00.000Z,63.1526732009,63.1526732009,62.470506463,62.9509010315,8782400
2025-11-04T05:00:00.000Z,62.9605093818,63.056586827,62.2687400478,62.835609436,7589500
2025-11-05T05:00:00.000Z,62.9316905024,63.6522823784,62.7971806053,63.2007102966,11394700
2025-11-06T05:00:00.000Z,62.9124714485,63.7579631902,62.739529123,63.642665863,9791400
2025-11-07T05:00:00.000Z,62.4512905233,64.4689461357,61.5289338814,64.3152236938,14679900
2025-11-10T05:00:00.000Z,64.3632608844,64.8052229985,63.7483564361,64.5169906616,18686000
2025-11-11T05:00:00.000Z,64.5650173989,65.1607092134,64.5169823474,65.0261993408,3897400
2025-11-12T05:00:00.000Z,65.3336628785,65.7179800085,64.6803259565,65.5738601685,12805200
2025-11-13T05:00:00.000Z,65.7564023119,65.8044373644,64.6514934823,65.1030654907,9725800
2025-11-14T05:00:00.000Z,64.5993380597,65.4372787476,64.0829268743,65.4372787476,17076600
2025-11-17T05:00:00.000Z,65.4762452698,66.2459818183,65.2813784568,65.3885574341,18957400
2025-11-18T05:00:00.000Z,65.0280370535,66.0121314263,64.8818832462,65.7782897949,12577300
2025-11-19T05:00:00.000Z,65.6321411424,66.6454648695,65.339833505,66.6357192993,6562900
2025-11-20T05:00:00.000Z,66.4505970141,66.7818795306,66.1193219313,66.3823928833,9171600
2025-11-21T05:00:00.000Z,66.1875189665,66.3823857668,65.5834199916,65.8659820557,6147600
2025-11-24T05:00:00.000Z,65.7685566917,65.9147105267,64.9403615386,65.067024231,13699200
2025-11-25T05:00:00.000Z,64.7942050496,65.6224001688,64.7942050496,65.3593292236,11051400
2025-11-26T05:00:00.000Z,65.2423988471,65.7490644177,65.2423988471,65.7393188477,4200300
2025-11-27T05:00:00.000Z,65.7588092935,65.8952175533,65.6613758841,65.6906051636,682700
2025-11-28T05:00:00.000Z,65.7880362601,66.470084969,65.5541945991,66.1875228882,6573400
2025-12-01T05:00:00.000Z,66.362903694,67.0254612386,66.0900871934,66.6844406128,9279900
2025-12-02T05:00:00.000Z,67.0352031558,67.0352031558,65.369060098,65.5639343262,7833500
2025-12-03T05:00:00.000Z,65.5152213746,66.0900911212,64.8624093617,64.9208679199,8642700
2025-12-04T05:00:00.000Z,64.9598439878,65.6906057147,64.9111309996,65.5347137451,8812700
2025-12-05T05:00:00.000Z,65.4957292603,65.50547483,64.6188138303,64.8721466064,6170100
2025-12-08T05:00:00.000Z,64.6967656458,65.2229149211,64.0147169851,65.096244812,11003400
2025-12-09T05:00:00.000Z,65.0962494528,65.5444490674,64.1608753747,64.1803665161,6054600
2025-12-10T05:00:00.000Z,64.1121585335,64.4044587339,63.1670389415,63.4593391418,6601900
2025-12-11T05:00:00.000Z,63.4690872868,63.8685739074,63.2255000598,63.5665206909,6281900
2025-12-12T05:00:00.000Z,63.5665220207,64.0829257635,63.4106300576,63.7808799744,2022000
2025-12-15T05:00:00.000Z,63.8685748081,64.1803661657,63.5372923091,63.9757537842,3184800
2025-12-16T05:00:00.000Z,63.9172850004,63.9562598476,62.572686223,62.5824317932,6685000
2025-12-17T05:00:00.000Z,62.5824334818,63.1962706163,62.0367930397,63.0014038086,3335300
2025-12-18T05:00:00.000Z,63.0890893146,63.1767771447,62.7285775567,62.7772979736,3172100
2025-12-19T05:00:00.000Z,63.2157514557,63.5080590876,62.6506347656,62.6506347656,10887300
2025-12-22T05:00:00.000Z,62.6506363613,62.7967827473,62.231662326,62.7480697632,3489000
2025-12-23T05:00:00.000Z,62.8747335932,63.4008828934,62.8455043154,63.322933197,3059300
2025-12-24T05:00:00.000Z,63.2644720646,63.4496007277,63.1085726782,63.2157516479,1524600
2025-12-29T05:00:00.000Z,63.2937011965,64.0439539833,63.2937011965,63.6542129517,2876500
2025-12-30T05:00:00.000Z,63.985487657,64.2485660113,63.7516460128,64.092666626,3064700
2025-12-31T05:00:00.000Z,64.2972812205,64.3557472088,63.6249855408,63.9952354431,2432500
2026-01-02T05:00:00.000Z,64.0536947934,64.6090733707,63.5275454939,64.365486145,1970400
2026-01-05T05:00:00.000Z,64.4044597919,64.4336890691,61.7152585056,62.4265327454,7212700
2026-01-06T05:00:00.000Z,62.6993518451,62.8844805196,61.2183447497,61.5301361084,6822600
2026-01-07T05:00:00.000Z,61.3839834419,61.6665455275,60.8968089701,61.1014213562,4883300
2026-01-08T05:00:00.000Z,61.1306511617,61.5398759125,60.8188560965,61.2280845642,4864700
2026-01-09T05:00:00.000Z,61.4229551007,61.9978210962,61.3450054051,61.9101295471,4418700
2026-01-12T05:00:00.000Z,61.9393592658,62.2901254644,61.5398763655,62.0757675171,7101700
2026-01-13T05:00:00.000Z,61.9588469663,62.6896049276,61.7250015938,62.6798667908,6011400
2026-01-14T05:00:00.000Z,62.6603757447,63.45934155,62.6116627596,63.0014038086,13005600
2026-01-15T05:00:00.000Z,62.9721715881,63.4788372181,62.7870503378,63.4106330872,6432700
2026-01-16T05:00:00.000Z,63.7613933568,64.5213842971,63.6249851078,64.4726638794,4452300
2026-01-19T05:00:00.000Z,64.5700997682,64.6772787443,63.9562626237,64.2583084106,2317600
2026-01-20T05:00:00.000Z,64.1024177187,64.1316469975,63.3034518845,63.50806427,4067100
2026-01-21T05:00:00.000Z,63.7711317418,64.0829230885,63.4983152425,63.7126731873,9563700
2026-01-22T05:00:00.000Z,63.7808799744,64.2875455801,63.488579756,63.7808799744,8807200
2026-01-23T05:00:00.000Z,64.1316475086,64.4824137248,63.7808812923,64.3557510376,7008100
2026-01-26T05:00:00.000Z,64.794201323,64.9501007139,63.5762652079,63.9562606812,12713600
2026-01-27T05:00:00.000Z,63.5275451436,63.9075406189,62.9819121397,63.5178070068,6573900
2026-01-28T05:00:00.000Z,63.5275444499,64.2290768379,63.2839572282,64.112159729,11380900
2026-01-29T05:00:00.000Z,64.2777983215,64.8331768988,64.2095941956,64.7259979248,10927700
2026-01-30T05:00:00.000Z,64.7552309304,64.9890725992,63.7711364003,64.7649765015,6907600
2026-02-02T05:00:00.000Z,64.5506198031,64.998819441,63.9952411829,64.2972869873,7241900
2026-02-03T05:00:00.000Z,64.4629208823,65.7100861706,64.3459963489,65.5444412231,9040700
2026-02-04T05:00:00.000Z,65.5444408358,66.8890469442,65.5444408358,66.781867981,11692500
2026-02-05T05:00:00.000Z,66.7136735853,67.4249441537,66.5577741857,67.3664855957,15032700
2026-02-06T05:00:00.000Z,67.005974885,67.6685324768,66.5870045337,66.9767456055,12760400
2026-02-09T05:00:00.000Z,67.1228960702,67.4346874252,66.187522005,66.8598251343,25657800
2026-02-10T05:00:00.000Z,67.1813480816,67.6198095102,66.5869947074,67.4736557007,11687000
2026-02-11T05:00:00.000Z,67.7075010941,68.5162124427,67.6977629576,68.1557006836,12415900
2026-02-12T05:00:00.000Z,68.1557056435,69.149545729,68.1557056435,68.8085250854,16466600
2026-02-13T05:00:00.000Z,69.6464622265,71.8192560976,69.256721182,71.4197769165,11555400
2026-02-17T05:00:00.000Z,70.619966296,70.619966296,68.477276073,69.3264541626,24220800
2026-02-18T05:00:00.000Z,69.1289761402,69.9090354571,68.7043870825,68.8327484131,21439300
2026-02-19T05:00:00.000Z,69.2178360389,70.155885433,69.0302321868,69.7609176636,9107700
2026-02-20T05:00:00.000Z,69.9287769539,70.2052521342,69.2178364712,69.6621780396,11227300
2026-02-23T05:00:00.000Z,69.9386557808,70.886573948,69.9386557808,70.847076416,10140500
2026-02-24T05:00:00.000Z,71.0939263434,71.0939263434,70.2052507574,70.896446228,7636900
2026-02-25T05:00:00.000Z,70.9853142948,71.064309359,69.9880223253,70.7878341675,6255900
2026-02-26T05:00:00.000Z,70.6890836752,71.2815390995,70.3039921694,70.5607223511,9167200
2026-02-27T05:00:00.000Z,70.6989595818,72.2788231274,70.649593319,71.558013916,15301100
2026-03-02T05:00:00.000Z,72.298574285,73.1674973353,71.8641089933,72.7922821045,8644600
2026-03-03T05:00:00.000Z,72.9601461774,73.4538540322,71.9924830007,73.3649902344,10481000
2026-03-04T05:00:00.000Z,72.960144043,73.1773766981,72.4368149375,72.960144043,9098800
2026-03-05T05:00:00.000Z,72.6244273868,73.0687614362,72.3479446641,72.703414917,5364800
2026-03-06T05:00:00.000Z,73.1477572271,73.1477572271,72.0714701914,72.5454330444,10101300
2026-03-09T04:00:00.000Z,72.4664348996,72.6639150188,71.9332295376,72.377571106,9660600
2026-03-10T04:00:00.000Z,72.2294586192,72.5553076022,71.9134859024,72.041847229,7887900
2026-03-11T04:00:00.000Z,72.1208427301,72.4368154488,71.4888972927,71.943107605,6795500
2026-03-12T04:00:00.000Z,72.4368143832,73.0687598113,72.1504629339,72.199836731,5941300
2026-03-13T04:00:00.000Z,72.3874432879,73.4834753287,72.3874432879,73.3452377319,2651600
2026-03-16T04:00:00.000Z,73.0687610432,73.7204590144,72.5849294645,73.7007064819,7708500
2026-03-17T04:00:00.000Z,73.789572949,73.937679266,72.9502636413,73.0490112305,6067500
2026-03-18T04:00:00.000Z,72.9700199078,73.0490149699,72.1208418245,72.1603393555,3317600
2026-03-19T04:00:00.000Z,72.259082392,73.4736070373,72.1307210609,73.2464981079,6257900
2026-03-20T04:00:00.000Z,73.1773752554,73.8784394708,72.3084521855,72.397315979,10933400
2026-03-23T04:00:00.000Z,72.0221002613,73.4933474774,71.1334246654,73.414352417,4432500
2026-03-24T04:00:00.000Z,73.5624640224,74.7671122896,73.1279987369,73.9673080444,2935300
2026-03-25T04:00:00.000Z,73.9475615084,74.6288807552,73.7105838487,74.3425292969,3082700
2026-03-26T04:00:00.000Z,74.431392216,75.0435926576,74.1154194957,74.5400085449,3737400
2026-03-27T04:00:00.000Z,74.5893809722,75.3200664621,74.5498834412,74.8757324219,2826900
2026-03-30T04:00:00.000Z,75.2410720265,76.2087427105,74.5696290608,74.7177429199,3773500
2026-03-31T04:00:00.000Z,74.8263604103,75.1127118668,73.6414645858,74.4610214233,6304700
2026-04-01T04:00:00.000Z,74.115419705,74.3030310978,72.9996426809,73.6019668579,3337200
2026-04-02T04:00:00.000Z,74.2536537078,74.8559778557,73.8488172095,74.4511413574,3502300
2026-04-06T04:00:00.000Z,74.2536562598,74.589381509,73.7994459502,73.8389434814,4202500
2026-04-07T04:00:00.000Z,74.0561728831,75.0435885216,73.9673090917,74.60912323,4497900
2026-04-08T04:00:00.000Z,73.0490165497,74.5597613601,72.3281997764,74.4807662964,3932700
2026-04-09T04:00:00.000Z,74.4708901865,75.4978034172,74.2635337938,74.4412689209,8941600
2026-04-10T04:00:00.000Z,74.3129085017,74.9843514864,74.2240371704,74.2240371704,5157700
2026-04-13T04:00:00.000Z,74.5103869672,74.6387482947,72.7527882466,72.8219070435,5667800
2026-04-14T04:00:00.000Z,72.5750524442,72.5849287104,71.7258743572,72.0813446045,3584400
2026-04-15T04:00:00.000Z,72.0813475979,72.2985802618,71.281543275,71.3901596069,4942600
2026-04-16T04:00:00.000Z,71.5481396167,71.9431073973,70.6495952609,71.0840530396,4896100
2026-04-17T04:00:00.000Z,70.6002210291,71.271663992,69.8004167401,71.1827926636,8257700
2026-04-20T04:00:00.000Z,71.3309059608,71.4395222873,70.363242822,70.4224853516,9588900
2026-04-21T04:00:00.000Z,70.4916056202,70.9161946689,69.8300389148,70.086769104,5867800
2026-04-22T04:00:00.000Z,70.2743734333,70.5508486235,69.6424279891,69.9682769775,4051200
2026-04-23T04:00:00.000Z,70.1065140236,71.1729247773,70.0077739612,71.005065918,7945500
2026-04-24T04:00:00.000Z,71.0939295109,72.0813451986,70.9556919173,71.943107605,10300100
2026-04-27T04:00:00.000Z,71.7851190809,71.8344928798,70.6298445086,70.669342041,15137200
2026-04-28T04:00:00.000Z,71.0248079725,72.0319686203,71.0248079725,71.6962509155,7604300
2026-04-29T04:00:00.000Z,71.7456230782,72.5750485889,71.725870547,72.091217041,8106800
2026-04-30T04:00:00.000Z,71.9924786812,74.4116440112,71.9924786812,74.3918914795,9519500
2026-05-01T04:00:00.000Z,74.1845383448,74.3129072064,73.5328479044,73.6414642334,4781000
2026-05-04T04:00:00.000Z,73.5624694824,74.4412688507,73.1082591655,73.5624694824,13138000
2026-05-05T04:00:00.000Z,73.6118379698,74.4807610091,73.4143503245,73.9278106689,7663900
2026-05-06T04:00:00.000Z,73.7105815984,73.9969330479,72.8120297187,73.0786361694,11202000
2026-05-07T04:00:00.000Z,73.0786335438,73.1279998057,71.9826015819,72.7922821045,11467900
2026-05-08T04:00:00.000Z,73.7698270169,74.5992601332,72.0517257856,72.4071960449,24542200
2026-05-11T04:00:00.000Z,73.2366206198,74.085798724,72.5750539092,73.5427246094,15456600
