Date,Open,High,Low,Close,Volume
2021-01-04T05:00:00.000Z,42.3241577218,42.4052372454,41.9674003951,42.2998313904,1165800
2021-01-05T05:00:00.000Z,41.9998309238,42.2268591435,41.4403748217,41.5133476257,1974200
2021-01-06T05:00:00.000Z,41.6998359947,42.4133475638,41.4484845199,41.7484855652,2230600
2021-01-07T05:00:00.000Z,42.1214596499,42.1214596499,41.3755149749,41.3998413086,2177100
2021-01-08T05:00:00.000Z,41.5295641536,41.934967933,41.3755087379,41.4890213013,1729900
2021-01-11T05:00:00.000Z,41.6674077181,41.797136828,41.1160582279,41.3268699646,1495800
2021-01-12T05:00:00.000Z,41.3511854954,41.5538873851,41.0592942794,41.5133476257,1315400
2021-01-13T05:00:00.000Z,41.5457843945,41.9349716864,41.432268728,41.699836731,1529100
2021-01-14T05:00:00.000Z,41.8376667033,42.0565851044,41.5701018306,41.9673957825,1295100
2021-01-15T05:00:00.000Z,42.1620044013,42.502542183,41.8457898631,42.2674102783,1636300
2021-01-18T05:00:00.000Z,42.3403667384,42.7376606634,42.2836104633,42.6809043884,607800
2021-01-19T05:00:00.000Z,42.8106405463,42.8106405463,42.3484804629,42.356590271,1445400
2021-01-20T05:00:00.000Z,42.3971393989,42.3971393989,42.0241685638,42.2674102783,1668500
2021-01-21T05:00:00.000Z,42.3079411985,42.4214537687,42.1376723433,42.2998313904,763200
2021-01-22T05:00:00.000Z,42.3322582532,42.4457708067,42.0160438274,42.2511787415,1704400
2021-01-25T05:00:00.000Z,42.2511822358,42.672802536,42.0241571099,42.4538841248,3260600
2021-01-26T05:00:00.000Z,42.3403769773,42.5836186566,42.1619983024,42.5511856079,804300
2021-01-27T05:00:00.000Z,42.5673986622,42.6322647543,41.7646977836,41.7809143066,1500400
2021-01-28T05:00:00.000Z,41.8133451594,42.097126565,41.6673995527,41.9025344849,1895200
2021-01-29T05:00:00.000Z,41.756603586,42.0809279578,41.4079559688,41.9349822998,1205500
2021-02-01T05:00:00.000Z,42.2106426294,42.4538842785,41.6755097643,42.0809135437,1871500
2021-02-02T05:00:00.000Z,42.1701086683,42.6322719199,42.1701086683,42.3809204102,2045800
2021-02-03T05:00:00.000Z,42.3971423915,42.3971423915,41.9674121361,42.0971412659,1556200
2021-02-04T05:00:00.000Z,42.1701140947,42.3403860905,41.8782258725,42.0971412659,2333300
2021-02-05T05:00:00.000Z,42.1295613257,42.1863176091,41.7809138171,41.8133468628,2186100
2021-02-08T05:00:00.000Z,41.9430802646,42.161998706,41.6917287743,41.8052444458,1781100
2021-02-09T05:00:00.000Z,41.9106447694,41.9998341025,41.6187566242,41.9187545776,3686000
2021-02-10T05:00:00.000Z,41.9592921484,42.153887328,41.756590254,42.0160484314,4262300
2021-02-11T05:00:00.000Z,42.048484166,42.1457802155,41.7728094482,41.8863220215,6325200
2021-02-12T05:00:00.000Z,42.2015650229,42.3571381556,41.8412857969,42.1688117981,2337800
2021-02-16T05:00:00.000Z,42.2261357794,42.2588890099,41.9231762054,42.2015724182,2817700
2021-02-17T05:00:00.000Z,42.2097492217,42.6355317482,42.045986231,42.0869293213,1733300
2021-02-18T05:00:00.000Z,41.9804859598,42.2425055146,41.6611498225,42.1442489624,5105800
2021-02-19T05:00:00.000Z,42.0459894857,42.119682681,41.1944274902,41.1944274902,2307900
2021-02-22T05:00:00.000Z,41.3090596877,41.3418129123,40.6294443326,40.9405937195,3824700
2021-02-23T05:00:00.000Z,41.0061024466,41.2108054266,40.7113296557,40.7686462402,1755600
2021-02-24T05:00:00.000Z,40.7440765989,40.7686430786,40.2282273783,40.3838005066,3832600
2021-02-25T05:00:00.000Z,40.3346745,40.7031404951,40.170914612,40.6703872681,4317300
2021-02-26T05:00:00.000Z,40.7195010528,40.7931942228,40.0972056026,40.1217689514,3028900
2021-03-01T05:00:00.000Z,40.3756250494,40.8259710715,40.3101185832,40.6867713928,1811800
2021-03-02T05:00:00.000Z,40.8177710391,41.0634171024,40.4574949358,40.8914642334,2255000
2021-03-03T05:00:00.000Z,40.8668994393,41.0470390464,40.5393734489,40.7031364441,1978100
2021-03-04T05:00:00.000Z,40.7277108357,41.2026201782,40.5393813243,40.9979171753,3728500
2021-03-05T05:00:00.000Z,40.9897212984,41.2599275779,40.7932050851,41.1125411987,2054100
2021-03-08T05:00:00.000Z,41.3172445441,42.1524329926,40.8587119144,42.0377998352,2801600
2021-03-09T05:00:00.000Z,42.2015620158,42.578214704,42.1196789596,42.3980751038,2203200
2021-03-10T05:00:00.000Z,42.4472061461,42.8893652918,42.2670665408,42.6191558838,1323800
2021-03-11T05:00:00.000Z,42.7747287093,42.897548602,42.4717661021,42.6109657288,1684700
2021-03-12T05:00:00.000Z,42.5864067814,42.9794392535,42.3653303107,42.9139328003,1058100
2021-03-15T04:00:00.000Z,42.9712477867,43.437970316,42.9221179486,43.3315238953,1190900
2021-03-16T04:00:00.000Z,43.3069618424,43.5853580195,43.1841419288,43.5362281799,1563800
2021-03-17T04:00:00.000Z,43.5198601531,43.5608001294,43.2660273022,43.4052238464,1218600
2021-03-18T04:00:00.000Z,43.3724689335,43.5362288207,43.1350127241,43.4952888489,885700
2021-03-19T04:00:00.000Z,43.5607908329,43.9210669207,43.4297810625,43.8801269531,4658300
2021-03-22T04:00:00.000Z,43.7655034422,44.1994728167,43.7081868502,44.0275230408,1014200
2021-03-23T04:00:00.000Z,44.0930206856,44.1994671098,43.8965075737,44.191280365,1159400
2021-03-24T04:00:00.000Z,44.093020921,44.1994673458,43.9292610347,44.1585273743,915600
2021-03-25T04:00:00.000Z,44.0520845161,44.5433735851,44.0193312868,44.4778671265,1354700
2021-03-26T04:00:00.000Z,44.4614831028,44.8299490623,44.3632265548,44.7890090942,1311100
2021-03-29T04:00:00.000Z,44.7398789583,45.2393546863,44.7071257347,45.1247215271,1117700
2021-03-30T04:00:00.000Z,45.0837909611,45.1411075526,44.518808668,44.6907615662,874000
2021-03-31T04:00:00.000Z,44.5597409845,44.6989406283,44.4532976891,44.649810791,1089700
2021-04-01T04:00:00.000Z,44.6907584638,44.6907584638,44.1749060523,44.5924987793,924400
2021-04-05T04:00:00.000Z,44.5351779501,45.1902268338,44.5351779501,44.9445838928,852300
2021-04-06T04:00:00.000Z,44.9937159126,45.1492890539,44.7398830913,45.0755958557,729700
2021-04-07T04:00:00.000Z,45.1165324134,45.3376119913,45.0674057007,45.0674057007,760300
2021-04-08T04:00:00.000Z,45.1247268119,45.2147966257,44.8954604667,44.9691505432,1415100
2021-04-09T04:00:00.000Z,44.9527826852,45.0182860248,44.6989498258,44.8627128601,713400
2021-04-12T04:00:00.000Z,44.8135645893,45.132900657,44.7398714103,44.8217544556,1252200
2021-04-13T04:00:00.000Z,44.6907540118,45.3458028926,44.6907540118,45.2639198303,1102600
2021-04-14T04:00:00.000Z,45.2802936111,45.4194932465,45.1083438763,45.1738471985,645800
2021-04-15T04:00:00.000Z,45.1902358052,45.3539988395,44.7808297812,44.8627128601,1300300
2021-04-16T04:00:00.000Z,44.9282060597,45.0919690571,44.8217627664,45.0674057007,1237800
2021-04-19T04:00:00.000Z,45.0919663999,45.2475395203,44.9445800233,45.2475395203,2774900
2021-04-20T04:00:00.000Z,45.1329165854,45.7388388401,44.9937200447,45.6978988647,1446400
2021-04-21T04:00:00.000Z,45.6978800182,46.148225808,45.5586804113,45.9680862427,1527500
2021-04-22T04:00:00.000Z,45.9762825135,45.9762825135,45.6241931996,45.747013092,1137300
2021-04-23T04:00:00.000Z,45.6978798372,45.7961363618,45.3048506155,45.337600708,1335500
2021-04-26T04:00:00.000Z,45.3376087921,45.3621752702,44.8872629238,45.0264625549,3863600
2021-04-27T04:00:00.000Z,45.0346576412,45.1820440433,44.8135780379,44.9282112122,2101300
2021-04-28T04:00:00.000Z,44.9200244557,44.9445878149,44.6006882922,44.6416282654,739200
2021-04-29T04:00:00.000Z,44.6661876905,44.8627039172,44.5843077515,44.658000946,1099000
2021-04-30T04:00:00.000Z,44.666184969,44.9118278947,44.5843050349,44.8954544067,797200
2021-05-03T04:00:00.000Z,44.9773446328,45.0837910703,44.7153250356,44.9609680176,563800
2021-05-04T04:00:00.000Z,45.0346627615,45.1574858184,44.6416333522,44.8463363647,1154600
2021-05-05T04:00:00.000Z,44.8708985687,44.9118385455,44.5761257385,44.6252555847,1995900
2021-05-06T04:00:00.000Z,44.9282069293,45.059216705,44.6006840518,44.9937133789,787100
2021-05-07T04:00:00.000Z,45.1165293456,45.3949254851,45.0018961923,45.0100860596,901200
2021-05-10T04:00:00.000Z,45.1984122844,45.5177483888,45.0018960768,45.0264625549,1388500
2021-05-11T04:00:00.000Z,45.04283778,45.0837808706,44.4778587369,44.8790779114,3671600
2021-05-12T04:00:00.000Z,44.8872678317,45.05921758,44.7480713088,44.9200210571,1461400
2021-05-13T04:00:00.000Z,45.0018904904,45.4112963423,44.8708807427,45.132900238,1671100
2021-05-14T04:00:00.000Z,45.1370396777,45.5419687446,45.1370396777,45.4675941467,1340200
2021-05-17T04:00:00.000Z,45.2527398048,45.4097546205,45.0709376558,45.2610054016,3507400
2021-05-18T04:00:00.000Z,45.2444696761,45.6328706985,45.1122485209,45.5171775818,3468200
2021-05-19T04:00:00.000Z,45.4262814727,45.4510719577,45.0709364761,45.368434906,1359400
2021-05-20T04:00:00.000Z,45.4841200445,45.8064089028,45.269258704,45.6907157898,1643700
2021-05-21T04:00:00.000Z,45.7733573334,45.8890504577,45.5171806015,45.6411361694,755500
2021-05-25T04:00:00.000Z,45.8394650998,45.8394650998,45.1948842291,45.5667572021,2044500
2021-05-26T04:00:00.000Z,45.6907159106,45.8229370619,45.4675921268,45.5667572021,1235000
2021-05-27T04:00:00.000Z,45.5171843116,45.591555767,45.137045676,45.3766975403,1891200
2021-05-28T04:00:00.000Z,45.6907110356,45.6989734775,45.3023100661,45.5502243042,1004400
2021-05-31T04:00:00.000Z,45.6741877302,45.6741877302,45.2527306446,45.3023147583,657600
2021-06-01T04:00:00.000Z,45.3436415072,45.5337092491,44.9469779827,44.9882965088,1919600
2021-06-02T04:00:00.000Z,44.9882895705,45.5006493024,44.9552366462,45.3271064758,1068700
2021-06-03T04:00:00.000Z,45.3023219415,45.5915547697,45.2114192948,45.492389679,1025800
2021-06-04T04:00:00.000Z,45.4923804041,45.7320322143,45.4593243298,45.6576576233,655400
2021-06-07T04:00:00.000Z,45.6246108111,45.930374832,45.541973761,45.8807907104,1294200
2021-06-08T04:00:00.000Z,45.9716844723,46.0625871014,45.7155046225,45.8559913635,979700
2021-06-09T04:00:00.000Z,45.8559953709,46.3848800017,45.7155086176,46.252658844,1056500
2021-06-10T04:00:00.000Z,46.3766128148,46.7236953121,46.3022382191,46.5501556396,1688200
2021-06-11T04:00:00.000Z,46.6162674754,46.7732791192,46.4427277924,46.665851593,725000
2021-06-14T04:00:00.000Z,46.6658568755,46.8972431457,46.6328007934,46.8311309814,1408700
2021-06-15T04:00:00.000Z,46.8972382087,47.2029990553,46.8476540907,47.0707778931,631500
2021-06-16T04:00:00.000Z,47.0707727669,47.3682711376,46.8393865462,46.9137611389,846700
2021-06-17T04:00:00.000Z,46.9964060596,47.2939044803,46.7815478405,47.0542526245,944000
2021-06-18T04:00:00.000Z,46.8145975259,47.0211932729,46.6327922598,46.7402229309,2545000
2021-06-21T04:00:00.000Z,46.7402248477,46.8641804095,46.5501571309,46.7154312134,492900
2021-06-22T04:00:00.000Z,46.6823848249,46.773284322,46.4757890405,46.5666885376,1107800
2021-06-23T04:00:00.000Z,46.4757845658,46.4757845658,45.9799528396,46.2278671265,688300
2021-06-24T04:00:00.000Z,46.2857147887,46.3848830278,46.0791190193,46.3766174316,896600
2021-06-25T04:00:00.000Z,46.1865576136,46.4344719489,46.1535015282,46.3105163574,515900
2021-06-28T04:00:00.000Z,46.5253583399,46.5997329297,46.079110801,46.1700134277,633600
2021-06-29T04:00:00.000Z,46.1617517232,46.2361263142,45.6411295861,45.6576576233,964300
2021-06-30T04:00:00.000Z,45.6576658314,45.7320404358,45.194890165,45.3436393738,1135800
2021-07-02T04:00:00.000Z,45.3353753357,45.5667615845,45.0957234909,45.2527351379,873300
2021-07-05T04:00:00.000Z,45.2857961643,45.558504118,45.1866310685,45.5337104797,385800
2021-07-06T04:00:00.000Z,45.4593309445,45.82294151,45.2610007746,45.7733573914,1311900
2021-07-07T04:00:00.000Z,45.5667614356,45.8146757232,45.4510683115,45.7650947571,892800
2021-07-08T04:00:00.000Z,45.732043851,46.2939846477,45.6576692411,46.1865539551,1330300
2021-07-09T04:00:00.000Z,46.1287055619,46.1617616433,45.6576674351,45.955165863,1025700
2021-07-12T04:00:00.000Z,46.0130076931,46.1287008138,45.8064119341,45.8146743774,924900
2021-07-13T04:00:00.000Z,45.8229441449,46.0295399227,45.7403039423,45.8807907104,794400
2021-07-14T04:00:00.000Z,45.8229433457,46.0212735236,45.591553935,46.0047454834,592400
2021-07-15T04:00:00.000Z,45.9055792744,46.2443962097,45.9055792744,46.2443962097,783400
2021-07-16T04:00:00.000Z,46.2609233223,46.6741148523,46.1452301983,46.4923095703,611200
2021-07-19T04:00:00.000Z,46.5749532569,46.8972421701,46.1534960994,46.6080093384,2001000
2021-07-20T04:00:00.000Z,46.7154408505,46.971620775,46.4262079942,46.4840545654,990600
2021-07-21T04:00:00.000Z,46.5336335345,46.5997425433,46.1287044281,46.1948165894,793800
2021-07-22T04:00:00.000Z,46.194820905,46.3600950186,45.9799595134,46.1369743347,961600
2021-07-23T04:00:00.000Z,46.2443938018,46.4509895602,46.1534911637,46.3270339966,1176100
2021-07-26T04:00:00.000Z,46.3518276934,46.3518276934,45.938636148,46.1204414368,943900
2021-07-27T04:00:00.000Z,46.2361371282,46.6162726145,46.029541344,46.4344673157,832100
2021-07-28T04:00:00.000Z,46.2857087759,46.7484843741,46.2443902578,46.4675140381,547400
2021-07-29T04:00:00.000Z,46.4757915806,46.5914847218,46.1204465599,46.4096794128,1079500
2021-07-30T04:00:00.000Z,46.3105044341,46.7567520142,46.2857108003,46.7567520142,1254000
2021-08-03T04:00:00.000Z,46.5336279956,47.2856364016,46.5336279956,46.9550819397,911100
2021-08-04T04:00:00.000Z,46.9633471157,47.3021640175,46.9054974058,47.145149231,1166600
2021-08-05T04:00:00.000Z,47.1699434208,47.384801615,47.0377191137,47.2195243835,1198700
2021-08-06T04:00:00.000Z,47.2029973893,47.5252862639,46.9964016336,47.2360534668,880900
2021-08-09T04:00:00.000Z,47.1864735707,47.4757095461,47.1534206427,47.4343910217,821800
2021-08-10T04:00:00.000Z,47.4343910217,47.6244587557,47.3104322962,47.4343910217,971000
2021-08-11T04:00:00.000Z,47.5748770083,47.9550124952,47.4591838733,47.7401542664,1453600
2021-08-12T04:00:00.000Z,47.8888927585,48.0459043847,47.6657689829,47.8227806091,813900
2021-08-13T04:00:00.000Z,47.9054257869,48.3268797498,47.8558416697,48.1037559509,4034100
2021-08-16T04:00:00.000Z,48.1698772497,48.8061926889,48.1037650808,48.5830688477,6676500
2021-08-17T04:00:00.000Z,48.7483337776,48.9631919671,48.326876689,48.5747909546,2745800
2021-08-18T04:00:00.000Z,48.2705459595,48.4789320158,47.8787791561,48.2705459595,1010300
2021-08-19T04:00:00.000Z,48.1788602264,48.7039940292,48.1455176911,48.6289749146,1715400
2021-08-20T04:00:00.000Z,48.6373094172,49.1291006894,48.4455946067,48.8456954956,4267300
2021-08-23T04:00:00.000Z,48.9123789689,48.9290502361,48.1871963302,48.3872451782,4730300
2021-08-24T04:00:00.000Z,48.3038977719,48.4289275219,47.8037692329,48.0204925537,597800
2021-08-25T04:00:00.000Z,48.0788362138,48.1371840613,47.7870969762,47.8787841797,1431200
2021-08-26T04:00:00.000Z,47.9121267681,48.1205128466,47.7704257611,48.1121788025,685200
2021-08-27T04:00:00.000Z,48.0371607266,48.1788617367,47.8787852686,48.0955085754,545900
2021-08-30T04:00:00.000Z,47.9621454658,48.2038741045,47.7454221415,48.1455230713,808200
2021-08-31T04:00:00.000Z,48.2788917812,48.3039002763,48.070505674,48.1788673401,870100
2021-09-01T04:00:00.000Z,48.2955637875,48.4956158525,48.237215931,48.2788925171,597500
2021-09-02T04:00:00.000Z,48.2788835307,48.5289493603,48.2038675975,48.3872451782,472900
2021-09-03T04:00:00.000Z,48.3205628216,48.3288968653,48.053828907,48.1705245972,518000
2021-09-07T04:00:00.000Z,48.0538360555,48.1955370775,47.7120829778,47.7204170227,1161900
2021-09-08T04:00:00.000Z,47.7204173607,48.8957148488,47.6870748212,48.8790435791,1184300
2021-09-09T04:00:00.000Z,48.7373455693,48.9874082712,48.4706115966,48.4956169128,860800
2021-09-10T04:00:00.000Z,48.3455703028,48.495608534,47.953803457,48.3955841064,809500
2021-09-13T04:00:00.000Z,48.5122788464,48.7456702327,48.3372353067,48.4872703552,1566900
2021-09-14T04:00:00.000Z,48.437251473,48.7039853488,48.4289142507,48.6456375122,1150300
2021-09-15T04:00:00.000Z,48.437257372,48.8123529243,48.4122520617,48.6373062134,773100
2021-09-16T04:00:00.000Z,48.6623162893,48.8290257823,48.2705494575,48.3622398376,661600
2021-09-17T04:00:00.000Z,48.0955147604,48.2122104731,47.7287531723,47.9204711914,3350800
2021-09-20T04:00:00.000Z,47.5370295067,48.2122015215,47.5203582394,48.1038398743,1412700
2021-09-21T04:00:00.000Z,48.2788884132,48.7206690918,48.1705299344,48.6039733887,1505200
2021-09-22T04:00:00.000Z,48.3455704399,49.104095642,48.3455704399,48.703994751,1103600
2021-09-23T04:00:00.000Z,48.6789868962,48.82902512,47.6203852862,47.6287193298,1108600
2021-09-24T04:00:00.000Z,47.5953816214,47.8704527861,47.5453709949,47.5870475769,770100
2021-09-27T04:00:00.000Z,47.6203878141,47.712078198,47.0369061552,47.0535774231,868400
2021-09-28T04:00:00.000Z,46.9118773087,46.953557072,46.4951051132,46.7034912109,864500
2021-09-29T04:00:00.000Z,46.8035257651,47.0535884835,46.6618215441,46.8618736267,893000
2021-09-30T04:00:00.000Z,46.9869027363,47.0535878228,46.6368155714,46.8368644714,893100
2021-10-01T04:00:00.000Z,46.9285467835,46.9285467835,46.3784076337,46.620136261,725800
2021-10-04T04:00:00.000Z,46.595125057,46.7785026306,46.3450592371,46.6534729004,749900
2021-10-05T04:00:00.000Z,46.6451404026,46.6451404026,46.1950256969,46.3283958435,869800
2021-10-06T04:00:00.000Z,46.2283654159,47.0285671686,46.2033601048,46.9952278137,909400
2021-10-07T04:00:00.000Z,46.945212973,47.303637263,46.845188551,47.0118980408,1136100
2021-10-08T04:00:00.000Z,46.970230707,47.2286306434,46.4784393311,46.4784393311,995300
2021-10-12T04:00:00.000Z,46.4700876821,46.7951694011,46.1950165785,46.6284599304,1414800
2021-10-13T04:00:00.000Z,46.7534954748,47.1035825213,46.6367997926,47.0452346802,1124600
2021-10-14T04:00:00.000Z,47.1702687623,47.386988866,47.0619071205,47.3119697571,764600
2021-10-15T04:00:00.000Z,47.3036345333,47.3619823744,47.036900637,47.0452346802,790600
2021-10-18T04:00:00.000Z,46.8618667376,47.003567758,46.6618146844,46.9618911743,1263300
2021-10-19T04:00:00.000Z,46.6784783641,46.8618591181,45.9949723282,46.2533721924,2243400
2021-10-20T04:00:00.000Z,46.4284178118,46.4784284344,46.1200073133,46.2200317383,1469600
2021-10-21T04:00:00.000Z,46.2533713921,46.4284149198,45.8949471136,45.9449577332,1472100
2021-10-22T04:00:00.000Z,45.9116232042,46.2867156087,45.8699434439,45.9032859802,1352700
2021-10-25T04:00:00.000Z,45.8949488166,46.195022084,45.678225525,45.9532966614,1088900
2021-10-26T04:00:00.000Z,45.9533001538,46.3117244728,45.8699438123,46.0449905396,776500
2021-10-27T04:00:00.000Z,46.286716631,46.286716631,45.694900907,45.8616104126,1162200
2021-10-28T04:00:00.000Z,45.8449356472,46.1200067874,45.7282399561,45.7699165344,863900
2021-10-29T04:00:00.000Z,45.678227594,45.9699700106,45.6198797466,45.9199562073,1644200
2021-11-01T04:00:00.000Z,46.0283231105,46.1950294479,45.6532274919,46.0699996948,1462600
2021-11-02T04:00:00.000Z,46.1700175002,46.2617078804,45.8866123157,46.0283164978,4686000
2021-11-03T04:00:00.000Z,46.0950054167,46.3450681047,45.8532767737,46.2617149353,2138700
2021-11-04T04:00:00.000Z,46.3450602702,46.678479251,46.2950496489,46.6368026733,955400
2021-11-05T04:00:00.000Z,46.6784741211,47.0285611508,46.636797548,46.7701644897,863200
2021-11-08T05:00:00.000Z,46.8618729687,46.8702070147,46.4367634916,46.8368644714,956800
2021-11-09T05:00:00.000Z,46.9785593468,47.2953070852,46.9202114976,47.036907196,2837400
2021-11-10T05:00:00.000Z,47.0535772696,47.6787355066,46.8535252347,47.4786834717,961400
2021-11-11T05:00:00.000Z,47.7454190118,47.7454190118,46.8618640421,47.2036170959,1660800
2021-11-12T05:00:00.000Z,47.2619634221,47.303640002,46.720158344,46.7951774597,6082500
2021-11-15T05:00:00.000Z,46.8285145818,47.0952484781,46.7951720499,47.0452346802,2590600
2021-11-16T05:00:00.000Z,47.0662755743,47.3523928779,46.7801582707,46.8138198853,1055100
2021-11-17T05:00:00.000Z,46.763333274,47.1083568409,46.6286900091,47.0915260315,2483500
2021-11-18T05:00:00.000Z,47.0999371888,47.2261634283,46.7801582707,46.8138198853,4051700
2021-11-19T05:00:00.000Z,46.7465060787,47.4954594982,46.6875998464,47.3944778442,4370500
2021-11-22T05:00:00.000Z,47.386061209,47.7815740008,47.2093393125,47.5711936951,2356700
2021-11-23T05:00:00.000Z,47.5964411493,47.8404798623,47.4365500637,47.5880241394,953500
2021-11-24T05:00:00.000Z,47.5375294737,47.5459432724,47.024201077,47.2177505493,1013300
2021-11-25T05:00:00.000Z,47.1840983452,47.3860648667,47.0915304899,47.2093429565,367600
2021-11-26T05:00:00.000Z,47.0494533693,47.4870448084,46.8895654861,47.0662841797,1161400
2021-11-29T05:00:00.000Z,47.0578644127,47.209338487,46.8474841107,47.0915260315,1154500
2021-11-30T05:00:00.000Z,46.9989542648,46.9989542648,46.4856290672,46.502456665,2295300
2021-12-01T05:00:00.000Z,46.6286804597,47.2598212364,46.6286804597,46.6623420715,853700
2021-12-02T05:00:00.000Z,46.8306588496,47.3944765463,46.8222418395,47.1588516235,1054800
2021-12-03T05:00:00.000Z,47.1840885132,47.4197133975,46.9737082352,47.3860549927,698900
2021-12-06T05:00:00.000Z,47.2009289449,48.3201505833,47.2009289449,48.1770935059,2067000
2021-12-07T05:00:00.000Z,48.1770874541,48.7324913034,47.9751209589,48.6230926514,1326900
2021-12-08T05:00:00.000Z,48.7240840469,48.7493286584,48.3117372017,48.6735916138,1141800
2021-12-09T05:00:00.000Z,48.6820078569,48.7156694807,48.3958904752,48.5894432068,946100
2021-12-10T05:00:00.000Z,48.6483438401,48.9260441789,48.5052835606,48.7914009094,982100
2021-12-13T05:00:00.000Z,48.8166428022,49.5824269564,48.8166428022,49.4814453125,1795500
2021-12-14T05:00:00.000Z,49.1953283061,50.5249333355,49.0775158524,50.2808914185,2007400
2021-12-15T05:00:00.000Z,50.2388138751,51.0971658432,50.2219830667,50.4996833801,1963100
2021-12-16T05:00:00.000Z,50.1546676849,50.7858086535,50.137840084,50.6343345642,1259800
2021-12-17T05:00:00.000Z,50.6343233696,51.0550839223,50.6343233696,50.9204406738,3007200
2021-12-20T05:00:00.000Z,50.7353173859,51.1476610044,50.5670124924,51.0971717834,950300
2021-12-21T05:00:00.000Z,51.0298384806,51.5179222546,50.8951952343,51.2570495605,990800
2021-12-22T05:00:00.000Z,51.1897395095,51.3496273924,50.8783743337,51.324382782,759500
2021-12-23T05:00:00.000Z,51.3327925097,51.5431728068,51.1139984131,51.1139984131,436800
2021-12-24T05:00:00.000Z,51.1224102175,51.3243767073,51.0298423767,51.0298423767,115900
2021-12-29T05:00:00.000Z,51.080342539,51.7030664909,51.080342539,51.4674415588,674400
2021-12-30T05:00:00.000Z,51.43377649,51.7872170746,51.4169456803,51.4506072998,1099200
2021-12-31T05:00:00.000Z,51.3327914334,51.4758484916,51.105580332,51.3580360413,1307600
2022-01-04T05:00:00.000Z,51.240226206,51.4421927099,50.8783718272,50.8952026367,969700
2022-01-05T05:00:00.000Z,50.7268937475,50.785799971,50.3313809911,50.5333442688,1272300
2022-01-06T05:00:00.000Z,50.3229715181,50.4744456041,49.969534124,50.0200233459,1453300
2022-01-07T05:00:00.000Z,49.7002457164,49.7002457164,49.170086435,49.5151100159,1029200
2022-01-10T05:00:00.000Z,49.4646177873,49.8264721797,49.3552223367,49.8012275696,1500800
2022-01-11T05:00:00.000Z,49.7170761594,49.8517194287,49.4225418007,49.5319404602,1469500
2022-01-12T05:00:00.000Z,49.4477805158,49.7759764552,49.1700802104,49.6749916077,1386100
2022-01-13T05:00:00.000Z,49.6497466681,49.9442777796,49.5655958392,49.6160850525,654100
2022-01-14T05:00:00.000Z,49.5655978984,49.6834103478,49.3804622148,49.5487670898,1294000
2022-01-17T05:00:00.000Z,49.4477800035,49.489858628,49.1195872777,49.1784934998,464200
2022-01-18T05:00:00.000Z,49.0186095523,49.153252815,48.7324922179,48.9512863159,1132600
2022-01-19T05:00:00.000Z,48.9428752742,48.9933677043,48.4632084233,48.9260444641,1639000
2022-01-20T05:00:00.000Z,48.9765350292,49.2794831782,48.9512872101,49.0859336853,1282600
2022-01-21T05:00:00.000Z,49.0438452488,49.6413276277,48.9512774207,49.6076660156,2001600
2022-01-24T05:00:00.000Z,49.4646173009,49.74232085,48.5389452239,49.3804664612,2253300
2022-01-25T05:00:00.000Z,48.6820047829,49.4562060301,48.6735909825,49.1448440552,1152400
2022-01-26T05:00:00.000Z,49.2626502994,49.5235198089,48.9681159624,49.1532516479,1174900
2022-01-27T05:00:00.000Z,49.2794829661,50.0200193159,49.2794829661,49.7339019775,1738000
2022-01-28T05:00:00.000Z,49.7170706745,50.432362362,49.590841219,50.3229637146,1266900
2022-01-31T05:00:00.000Z,50.1378416325,51.0719275983,50.0200259516,50.8110580444,2029800
2022-02-01T05:00:00.000Z,50.8278776856,50.9036147159,50.0620935834,50.1294136047,947800
2022-02-02T05:00:00.000Z,50.2640584827,50.6764052634,50.2135660574,50.4996833801,1517000
2022-02-03T05:00:00.000Z,50.2388127896,50.6343255432,50.0789217182,50.5501747131,2750000
2022-02-04T05:00:00.000Z,50.6175011806,50.7942198612,49.9526986659,50.2808914185,4194900
2022-02-07T05:00:00.000Z,50.2135633135,50.6259100716,50.1125816787,50.2556419373,2551100
2022-02-08T05:00:00.000Z,50.4239495412,50.5501790072,50.2472308569,50.306137085,1054400
2022-02-09T05:00:00.000Z,50.6595768916,50.7437277276,50.3061363183,50.4155349731,1262900
2022-02-10T05:00:00.000Z,50.1462410363,50.3145458935,49.8096313219,49.8853683472,1527100
2022-02-11T05:00:00.000Z,49.5319345555,49.8517134859,48.9092075027,49.6749916077,1647700
2022-02-14T05:00:00.000Z,49.2886135197,49.653777519,48.3205055176,48.5667762756,3068300
2022-02-15T05:00:00.000Z,48.6686797826,48.8639995139,48.2865310736,48.3629608154,1655800
2022-02-16T05:00:00.000Z,48.2355751415,48.7705833152,48.0997004097,48.5412940979,1511800
2022-02-17T05:00:00.000Z,48.7875525945,49.1697011689,48.5582634499,49.1102561951,3487500
2022-02-18T05:00:00.000Z,49.0593172046,49.4159871584,48.8724882348,49.0508232117,967300
2022-02-22T05:00:00.000Z,48.8470148135,48.9998742972,48.4308966102,48.9064598083,2093900
2022-02-23T05:00:00.000Z,48.8300293204,49.2376535243,48.8130445736,49.0593185425,3550700
2022-02-24T05:00:00.000Z,48.6262078722,49.2716151887,48.5582721354,49.1527252197,1977200
2022-02-25T05:00:00.000Z,49.3395555591,49.8321034647,49.1527298358,49.382019043,2083800
2022-02-28T05:00:00.000Z,49.1782058955,49.6537690609,49.084791413,49.3225746155,1906900
2022-03-01T05:00:00.000Z,49.1951857644,49.7132091234,49.1442315319,49.602809906,1369400
2022-03-02T05:00:00.000Z,49.5943206964,49.9764661139,49.5093969729,49.6792411804,1321000
2022-03-03T05:00:00.000Z,50.0019455607,50.4095697208,49.8066258532,50.3246459961,1126600
2022-03-04T05:00:00.000Z,50.307666546,51.4031551036,50.2736970547,51.199344635,1562700
2022-03-07T05:00:00.000Z,51.3352181661,52.1334817553,51.1738647061,51.9551467896,2154700
2022-03-08T05:00:00.000Z,52.0145944134,52.4307125941,51.6069702256,51.6918907166,1250800
2022-03-09T05:00:00.000Z,51.5305378726,51.8362568079,50.9021152568,50.9360847473,1167800
2022-03-10T05:00:00.000Z,50.7407711385,51.2842700934,50.4944971621,51.241809845,1440500
2022-03-11T05:00:00.000Z,51.2418056429,51.6154603339,51.1399004071,51.2078361511,1430800
2022-03-14T04:00:00.000Z,51.1568811374,51.5984715378,50.8426682224,51.1398963928,1716300
2022-03-15T04:00:00.000Z,51.3182432162,51.471102713,51.0804632164,51.1144294739,1081900
2022-03-16T04:00:00.000Z,50.970053368,51.5899819808,50.8426694006,51.3437080383,1759400
2022-03-17T04:00:00.000Z,51.5475189016,51.810774335,51.3267204689,51.4795799255,783000
2022-03-18T04:00:00.000Z,51.2927594674,51.5305394289,51.0125160217,51.0125160217,5124400
2022-03-21T04:00:00.000Z,51.0549680768,51.5560066578,50.9360781151,51.0719528198,1061500
2022-03-22T04:00:00.000Z,51.2248162617,51.2248162617,50.6048876707,50.9785423279,752500
2022-03-23T04:00:00.000Z,50.9615648336,51.1399030549,50.6898153644,51.0040283203,765000
2022-03-24T04:00:00.000Z,50.9615663741,51.3606998364,50.9530756202,51.241809845,904900
2022-03-25T04:00:00.000Z,51.3776876448,51.4711021406,51.1144289055,51.2333221436,579100
2022-03-28T04:00:00.000Z,51.2927578197,51.7258574842,51.1653738504,51.4116477966,607900
2022-03-29T04:00:00.000Z,51.513553332,52.0570522238,51.5050625791,52.0230827332,1019600
2022-03-30T04:00:00.000Z,52.0570534132,52.4137265938,51.8192734525,52.2863426208,1073000
2022-03-31T04:00:00.000Z,52.4392021305,52.8892865534,52.3457876488,52.5071411133,1557900
2022-04-01T04:00:00.000Z,52.3797604495,53.2799325918,52.1334864805,53.2714385986,995600
2022-04-04T04:00:00.000Z,53.1525450173,53.4667547127,52.9317498031,53.3988189697,929400
2022-04-05T04:00:00.000Z,53.3903244836,54.1631125854,53.3648489851,53.8404121399,947000
2022-04-06T04:00:00.000Z,53.7554857953,54.9528827571,53.7554857953,54.9019317627,1078700
2022-04-07T04:00:00.000Z,54.8170115175,55.165187446,54.6386700782,55.1312179565,1466500
2022-04-08T04:00:00.000Z,55.1057506351,55.309561123,54.8170196506,54.850982666,688300
2022-04-11T04:00:00.000Z,54.8085254742,55.0717809568,54.3839165131,54.9443969727,823900
2022-04-12T04:00:00.000Z,54.9613740438,54.9613740438,54.5027956794,54.783039093,652000
2022-04-13T04:00:00.000Z,54.6811330489,55.0123274691,54.417877607,54.5537490845,731400
2022-04-14T04:00:00.000Z,54.5707384676,54.7745489286,53.848901383,53.9253311157,2377600
2022-04-18T04:00:00.000Z,53.8828720237,54.2904961938,53.780966791,53.967792511,1585500
2022-04-19T04:00:00.000Z,54.0102521933,54.3839101083,53.8998562089,54.0272369385,699600
2022-04-20T04:00:00.000Z,53.9932722633,54.5622466658,53.9253332806,54.3244667053,1625600
2022-04-21T04:00:00.000Z,54.3584293271,54.5197762919,54.0696919265,54.332950592,1260100
2022-04-22T04:00:00.000Z,54.4433465911,54.6386630314,54.1885819322,54.4348526001,2189900
2022-04-25T04:00:00.000Z,54.120648114,54.3074770601,53.449765298,53.806438446,4092900
2022-04-26T04:00:00.000Z,53.7979507446,54.2395444256,53.6281097623,53.7979507446,996400
2022-04-27T04:00:00.000Z,53.7554899129,54.1800988431,53.3903259738,53.6960449219,1301400
2022-04-28T04:00:00.000Z,53.6535875739,54.3414552442,53.5346975854,54.1036720276,1561500
2022-04-29T04:00:00.000Z,53.7554967728,54.0272462637,52.9827085509,53.0846138,1379600
2022-05-02T04:00:00.000Z,52.8638143249,53.1525485408,52.2608703929,52.5665893555,2308000
2022-05-03T04:00:00.000Z,52.3457853031,53.1185733808,52.1674503404,52.2014198303,1841900
2022-05-04T04:00:00.000Z,52.8723057762,52.9911990051,51.6069729015,51.8107833862,2027400
2022-05-05T04:00:00.000Z,51.827758177,52.6939606696,51.7768071854,52.3627662659,1525300
2022-05-06T04:00:00.000Z,52.0740353705,53.5771512691,52.0740353705,53.4412765503,2662100
2022-05-09T04:00:00.000Z,53.4158025522,54.7490742799,53.3054033278,54.3159713745,2036500
2022-05-10T04:00:00.000Z,54.3499443057,55.0463027079,54.1631153355,54.3414535522,2141800
2022-05-11T04:00:00.000Z,54.0272364862,54.2989859278,53.5686613281,53.6705665588,1968000
2022-05-12T04:00:00.000Z,53.5177173635,54.112170596,53.2289831214,53.6281166077,5184600
2022-05-13T04:00:00.000Z,53.8488955347,54.0102457354,53.4073019312,53.492225647,3259500
2022-05-16T04:00:00.000Z,53.3337813482,53.941890159,53.2566969027,53.6763763428,2811900
2022-05-17T04:00:00.000Z,53.6335582888,54.3358818625,53.3337872272,54.0875015259,3727400
2022-05-18T04:00:00.000Z,54.1817082755,54.8669015483,54.1817082755,54.4300918579,5707100
2022-05-19T04:00:00.000Z,54.1817155411,54.5157503694,53.8733809775,54.2502365112,3070400
2022-05-20T04:00:00.000Z,54.3358746493,55.0724618758,54.1988360011,55.0553283691,1975100
2022-05-24T04:00:00.000Z,55.4750051506,55.8604306185,55.303709299,55.7148284912,1537900
2022-05-25T04:00:00.000Z,55.7576463079,55.8946882097,55.295139691,55.3379669189,872300
2022-05-26T04:00:00.000Z,55.4321853897,55.6206147504,55.0381996968,55.0724601746,2366200
2022-05-27T04:00:00.000Z,55.0638929875,55.0638929875,54.4557842139,54.6356468201,1475000
2022-05-30T04:00:00.000Z,54.644217397,54.7812560577,54.301622379,54.3701400757,1401700
2022-05-31T04:00:00.000Z,54.2159641384,54.7041645079,54.0275380465,54.6356468201,4108900
2022-06-01T04:00:00.000Z,53.7705839787,54.1988301162,53.5907213851,53.9418830872,2301500
2022-06-02T04:00:00.000Z,53.9333253451,54.1731421621,53.4879489226,54.1388816833,1588200
2022-06-03T04:00:00.000Z,53.7106363383,54.2330972126,53.6421186469,53.7962875366,1301800
2022-06-06T04:00:00.000Z,53.8904976746,53.9590186317,53.4108640445,53.4365577698,1591700
2022-06-07T04:00:00.000Z,53.3851749916,53.4708229281,53.0854006793,53.3594779968,1396700
2022-06-08T04:00:00.000Z,53.222437929,53.3937370648,52.8541459307,52.9055366516,880700
2022-06-09T04:00:00.000Z,52.854151296,53.2395735738,52.6999823849,52.7941970825,857300
2022-06-10T04:00:00.000Z,52.5715025963,53.5479033755,52.5629358429,53.4022979736,1233300
2022-06-13T04:00:00.000Z,52.819878095,53.1025221197,52.3745049782,52.5629310608,1705400
2022-06-14T04:00:00.000Z,52.5029850832,52.554375805,50.7386127759,50.8242607117,1925700
2022-06-15T04:00:00.000Z,50.892774907,51.0726407873,50.2846661103,50.6101341248,1386100
2022-06-16T04:00:00.000Z,50.1304966423,50.284665528,49.7622046672,50.0791091919,1157800
2022-06-17T04:00:00.000Z,50.2761016142,50.8499499206,49.4709967139,49.6422958374,2925400
2022-06-20T04:00:00.000Z,49.4453050796,49.9249419923,49.2997029422,49.7964668274,370100
2022-06-21T04:00:00.000Z,49.8307219211,50.0105845187,49.453866488,49.7793312073,807000
2022-06-22T04:00:00.000Z,49.4795620016,50.3960085278,49.4024775617,50.1476249695,1234700
2022-06-23T04:00:00.000Z,50.3189240472,50.9184693276,50.2761000844,50.8413848877,1069900
2022-06-24T04:00:00.000Z,51.0212553293,51.2696389256,50.6786570401,51.1925544739,1391500
2022-06-27T04:00:00.000Z,51.1839863755,52.1089997717,50.9527362937,52.0490455627,1235800
2022-06-28T04:00:00.000Z,52.1261214293,52.6828394589,52.0576004777,52.5629310608,1252100
2022-06-29T04:00:00.000Z,52.5971972693,53.0340069484,52.4258981388,52.4944190979,804800
2022-06-30T04:00:00.000Z,51.3981038301,52.2374691976,51.3981038301,52.1175575256,1565700
2022-07-04T04:00:00.000Z,52.1004261883,52.8027495861,51.8177821718,51.9805145264,537900
2022-07-05T04:00:00.000Z,52.0319147949,52.3830765583,50.9869929913,51.9120063782,1296400
2022-07-06T04:00:00.000Z,51.8177864889,52.0576032982,51.5437092019,51.8520469666,1648100
2022-07-07T04:00:00.000Z,51.8177883468,51.8777425513,51.3552816832,51.5265808105,1454600
2022-07-08T04:00:00.000Z,51.4751928263,51.6464919627,51.0126894054,51.1240310669,810500
2022-07-11T04:00:00.000Z,51.0383797171,51.7150094638,51.0383797171,51.4323654175,1211300
2022-07-12T04:00:00.000Z,51.4152359298,52.1860803698,51.4152359298,51.9205665588,1358400
2022-07-13T04:00:00.000Z,51.6293509123,52.6057515381,51.458055079,52.4772796631,1247700
2022-07-14T04:00:00.000Z,52.2545995457,52.9226658351,52.2545995457,52.8969688416,1670100
2022-07-15T04:00:00.000Z,52.9226603789,53.0083083026,52.2802911493,52.4858474731,1171200
2022-07-18T04:00:00.000Z,52.46872606,52.5800709934,51.7835327533,51.8006629944,1050700
2022-07-19T04:00:00.000Z,51.8948648822,52.1261181787,51.2353654662,51.3038864136,1400900
2022-07-20T04:00:00.000Z,51.3638449689,51.3638449689,50.5930005816,50.6186943054,758700
2022-07-21T04:00:00.000Z,50.6529591225,50.8071280132,50.3703183345,50.4902267456,738400
2022-07-22T04:00:00.000Z,50.6358270935,51.5094496873,50.6358270935,51.475189209,731700
2022-07-25T04:00:00.000Z,51.3038930674,51.9120018517,51.2096783861,51.8177871704,1385300
2022-07-26T04:00:00.000Z,51.7235739193,52.4772881229,51.7235739193,52.2717285156,763900
2022-07-27T04:00:00.000Z,52.2460387691,52.2631690099,51.8263560365,51.8349227905,847000
2022-07-28T04:00:00.000Z,51.4066812166,51.9548359042,51.1497341152,51.7578430176,1488300
2022-07-29T04:00:00.000Z,51.8006487938,51.9462541694,51.2953182561,51.8092155457,2175600
2022-08-02T04:00:00.000Z,51.5865395364,52.0661764815,51.5608458086,51.6208000183,814200
2022-08-03T04:00:00.000Z,51.6122253618,51.6122253618,50.7557330485,51.1411552429,1494100
2022-08-04T04:00:00.000Z,51.2096781632,51.5694033803,51.0298155547,51.4666252136,957000
2022-08-05T04:00:00.000Z,51.3467155194,51.6636167647,50.695779523,51.1068954468,1276100
2022-08-08T04:00:00.000Z,51.10689585,51.6207932092,51.10689585,51.4152336121,1141700
2022-08-09T04:00:00.000Z,51.5351531337,52.0918745761,51.3895509742,51.7578430176,704500
2022-08-10T04:00:00.000Z,51.8177833163,51.9805156745,51.6207904826,51.6893081665,604000
2022-08-11T04:00:00.000Z,51.6893115892,51.6893115892,51.1068965346,51.243938446,1035300
2022-08-12T04:00:00.000Z,51.5008915989,51.7407084378,51.4409373891,51.6208000183,3758000
2022-08-15T04:00:00.000Z,51.9633820437,52.2545895327,51.6807413067,51.9976425171,4832900
2022-08-16T04:00:00.000Z,51.9548258964,52.5458044425,51.8263507368,52.3402481079,744900
2022-08-17T04:00:00.000Z,52.314557866,52.8712759711,52.288860872,52.5543746948,967500
2022-08-18T04:00:00.000Z,52.5932497805,52.6018918843,51.6687424337,51.8761100769,3870000
2022-08-19T04:00:00.000Z,51.9538744552,52.4031682855,51.6428246268,52.1180381775,6263700
2022-08-22T04:00:00.000Z,52.1698797285,52.2735619036,51.7033049965,52.2649230957,1536400
2022-08-23T04:00:00.000Z,52.1353195886,52.2303629588,51.4095377474,51.52186203,1147800
2022-08-24T04:00:00.000Z,51.6255443971,51.7551495926,51.1935314733,51.4268188477,1241600
2022-08-25T04:00:00.000Z,51.4527332939,51.4527332939,50.8306369887,51.2453689575,1592600
2022-08-26T04:00:00.000Z,51.0466491642,51.4354581627,50.6751177824,50.8306427002,1308400
2022-08-29T04:00:00.000Z,50.6405529353,51.0812046454,50.3986267647,51.0466461182,668800
2022-08-30T04:00:00.000Z,51.0725660914,51.2540107202,50.519590101,50.6059913635,877700
2022-08-31T04:00:00.000Z,50.562789678,50.588709397,50.0443722259,50.0616531372,1328300
2022-09-01T04:00:00.000Z,49.9838868396,50.5627857889,49.9838868396,50.4072608948,1014500
2022-09-02T04:00:00.000Z,50.4418225577,50.7701499589,50.0357294138,50.329498291,815900
2022-09-06T04:00:00.000Z,50.3208633287,50.4072645891,50.0357332367,50.1566963196,1679000
2022-09-07T04:00:00.000Z,50.2603814834,51.0639257775,50.2344617629,50.7701568604,862700
2022-09-08T04:00:00.000Z,50.8306419283,51.0120865643,50.5627927304,50.6146354675,673200
2022-09-09T04:00:00.000Z,50.649188687,50.9515996779,50.4591052627,50.4936637878,773100
2022-09-12T04:00:00.000Z,50.5368741095,51.1157698548,50.5368741095,50.8133621216,1294100
2022-09-13T04:00:00.000Z,50.6405510943,50.8997581671,50.1912572968,50.2863006592,962700
2022-09-14T04:00:00.000Z,50.4159069818,50.4331878943,49.7851685074,49.8283691406,965100
2022-09-15T04:00:00.000Z,49.8024427747,49.8370045951,48.869296696,48.8865776062,1524700
2022-09-16T04:00:00.000Z,48.7569837365,49.1889967037,48.7051409939,49.1198730469,2092700
2022-09-19T04:00:00.000Z,49.0680290347,49.5605235078,48.990266576,49.5000419617,1034300
2022-09-20T04:00:00.000Z,49.4654882428,49.5173309891,48.2904123615,48.4027366638,1772600
2022-09-21T04:00:00.000Z,48.5064022137,49.2840266612,48.3768003364,48.5323219299,1080900
2022-09-22T04:00:00.000Z,48.281766704,48.8174618224,48.2558436865,48.6187362671,843700
2022-09-23T04:00:00.000Z,48.3422457848,48.6446535065,48.1608011517,48.5496101379,1182400
2022-09-26T04:00:00.000Z,48.4632090295,48.4632090295,47.6596647423,47.9707145691,1276900
2022-09-27T04:00:00.000Z,48.1867139405,48.2471954761,47.1066818097,47.2794876099,1287500
2022-09-28T04:00:00.000Z,47.2708566141,47.4523012636,46.8734054876,47.2967796326,1236500
2022-09-29T04:00:00.000Z,47.279490504,47.279490504,45.7156026964,45.8106460571,1816600
2022-09-30T04:00:00.000Z,46.0785059205,46.26858939,45.30088124,45.3440818787,1928800
2022-10-03T04:00:00.000Z,45.6983221171,46.2685789894,45.499596587,45.7933654785,1284000
2022-10-04T04:00:00.000Z,46.0180198386,46.7783635841,45.9316185635,46.3981933594,1037400
2022-10-05T04:00:00.000Z,46.2599453255,46.2599453255,45.3699964486,45.4132003784,1339600
2022-10-06T04:00:00.000Z,45.4391234156,45.4996049665,43.572827554,44.0221214294,2463300
2022-10-07T04:00:00.000Z,43.8579514495,44.5318938654,43.6505870877,43.8925132751,1631200
2022-10-11T04:00:00.000Z,43.6851442062,43.9270703676,43.2358504094,43.4259338379,1522700
2022-10-12T04:00:00.000Z,43.2531296696,43.4000124631,42.3026993794,42.3372612,1577200
2022-10-13T04:00:00.000Z,42.1731122004,44.0566892313,41.8620622986,43.9962043762,1706900
2022-10-14T04:00:00.000Z,44.3245234731,44.5146102063,43.3481733831,43.4345779419,1498500
2022-10-17T04:00:00.000Z,44.0566771867,44.7046965395,43.7888280009,44.4541282654,3944200
2022-10-18T04:00:00.000Z,44.7392614303,44.9898297401,44.4541345884,44.8343048096,2219200
2022-10-19T04:00:00.000Z,45.0071017349,45.0071017349,44.2554002505,44.3850021362,2217600
2022-10-20T04:00:00.000Z,44.5146178199,44.5146178199,43.512347839,43.5296287537,3000000
2022-10-21T04:00:00.000Z,43.5555421286,44.5578119635,43.3827363027,44.2899627686,1780700
2022-10-24T04:00:00.000Z,44.4973253897,44.8342948993,44.2813189557,44.6096496582,2181500
2022-10-25T04:00:00.000Z,44.5664542808,44.9725441832,44.4541299991,44.7910995483,1753400
2022-10-26T04:00:00.000Z,44.488692819,45.1280701073,44.488692819,44.7392578125,2507200
2022-10-27T04:00:00.000Z,44.972544289,45.4563999457,44.7997384619,45.0416679382,1367200
2022-10-28T04:00:00.000Z,45.5427998679,45.793368145,45.1539875924,45.7674484253,1828300
2022-10-31T04:00:00.000Z,45.75017161,46.0180175269,45.2749580289,45.9229774475,2932600
2022-11-01T04:00:00.000Z,46.0957785951,46.1994640721,45.4045585621,45.5687255859,946300
2022-11-02T04:00:00.000Z,45.5514432596,46.3895460817,45.5514432596,45.871131897,2007300
2022-11-03T04:00:00.000Z,45.7933660871,46.3117802339,45.3959150215,46.1044158936,1076900
2022-11-04T04:00:00.000Z,46.5191458513,46.5277846584,45.6637589207,46.0957717896,953400
2022-11-07T05:00:00.000Z,46.1389795236,46.173538051,45.1799103481,45.4391174316,1867000
2022-11-08T05:00:00.000Z,45.5082377824,45.7847290737,45.361354977,45.4391174316,946200
2022-11-09T05:00:00.000Z,45.5341566431,45.8192834202,45.4131935682,45.4563941956,1389000
2022-11-10T05:00:00.000Z,46.0180211076,46.6228399379,45.8624994674,46.5018768311,1961600
2022-11-11T05:00:00.000Z,46.0525785928,46.3204278013,45.6551274804,46.1908226013,2186000
2022-11-14T05:00:00.000Z,46.2599522888,46.7006040933,45.6032906907,45.6810531616,6621300
2022-11-15T05:00:00.000Z,45.8884078646,46.3031398268,45.3527128253,45.6724014282,3274900
2022-11-16T05:00:00.000Z,45.6680431479,46.6549385853,45.6680431479,46.6025390625,2483600
2022-11-17T05:00:00.000Z,46.4802721788,46.7684795683,45.7029814438,45.9125862122,4205800
2022-11-18T05:00:00.000Z,46.0523125719,46.7160686166,46.0523125719,46.6636657715,4331600
2022-11-21T05:00:00.000Z,46.8383442107,47.004281576,46.305593549,46.4715309143,7315500
2022-11-22T05:00:00.000Z,46.5239284148,47.1440137592,46.4278581975,46.6287307739,1828200
2022-11-23T05:00:00.000Z,46.4977327168,47.0304800321,46.4889972426,47.0130157471,1735300
2022-11-24T05:00:00.000Z,46.9344085734,47.0479430731,46.5588631811,46.698600769,1139500
2022-11-25T05:00:00.000Z,46.7946730616,47.3099527331,46.7946730616,47.2400856018,1514900
2022-11-28T05:00:00.000Z,47.1614844173,47.2313548823,46.8383418458,47.1003494263,2374400
2022-11-29T05:00:00.000Z,47.0042758185,47.0916105618,46.558863297,46.6811332703,1968300
2022-11-30T05:00:00.000Z,46.654939137,47.3623626875,46.5326691403,47.2837600708,3365400
2022-12-01T05:00:00.000Z,47.3623626875,47.8689136245,47.1876898357,47.2837600708,1021800
2022-12-02T05:00:00.000Z,47.1440231146,47.4759012045,46.873280024,47.2226257324,1770900
2022-12-05T05:00:00.000Z,47.1702171082,47.4933630151,47.0741502152,47.4060249329,1384100
2022-12-06T05:00:00.000Z,47.4234863347,47.702961498,47.1090759431,47.6592941284,983000
2022-12-07T05:00:00.000Z,47.6331067113,47.8863821848,47.4234986187,47.5632362366,1571900
2022-12-08T05:00:00.000Z,47.5195602339,47.7641001879,47.4147578724,47.6767654419,1091700
2022-12-09T05:00:00.000Z,47.6068990898,48.1309176056,47.5894348043,48.0173797607,1048500
2022-12-12T05:00:00.000Z,48.1745807845,48.5326585733,47.7641001493,48.4627914429,1946100
2022-12-13T05:00:00.000Z,48.7160701237,49.1614860501,48.2444577679,48.5501327515,2500000
2022-12-14T05:00:00.000Z,48.9955436631,49.5108267116,48.66366893,48.7248039246,2594100
2022-12-15T05:00:00.000Z,48.6986015449,48.9082096235,48.1483865854,48.6199989319,1461900
2022-12-16T05:00:00.000Z,48.3841925791,48.3841925791,47.3972938825,48.0872497559,3510300
2022-12-19T05:00:00.000Z,48.0610451999,48.3929232467,47.4060245802,47.4584274292,1052900
2022-12-20T05:00:00.000Z,47.4147711233,47.7466459159,47.0741608546,47.5108413696,920800
2022-12-21T05:00:00.000Z,47.6243630392,48.1571136567,47.5632280502,47.9999084473,1729600
2022-12-22T05:00:00.000Z,47.8689021667,48.0348395038,47.4409539489,47.6592941284,1007700
2022-12-23T05:00:00.000Z,47.4496925581,48.1833124116,47.4496925581,48.113445282,817900
2022-12-28T05:00:00.000Z,48.069782189,48.3405219214,47.6418339048,47.6942367554,708700
2022-12-29T05:00:00.000Z,47.7728385925,48.0435783206,47.7204357428,47.7728385925,881700
2022-12-30T05:00:00.000Z,47.6855050568,47.8514457644,47.1265545992,47.3186950684,1166000
2023-01-03T05:00:00.000Z,47.6854986474,48.3667223412,47.371091556,48.3317871094,776500
2023-01-04T05:00:00.000Z,48.4016593794,48.6811379319,47.9213115517,48.2095222473,726100
2023-01-05T05:00:00.000Z,48.18331077,48.3405159709,47.406020239,47.5020904541,2831800
2023-01-06T05:00:00.000Z,47.7029677855,48.3230565092,47.685500169,48.1745834351,728500
2023-01-09T05:00:00.000Z,48.0872418273,48.2793789178,47.8426985634,48.0959739685,749300
2023-01-10T05:00:00.000Z,48.1920536723,48.3230591371,47.6855027622,48.2793884277,687300
2023-01-11T05:00:00.000Z,48.2531829582,48.9606063874,48.2531829582,48.8820037842,932800
2023-01-12T05:00:00.000Z,48.8820096883,48.9955442043,48.6374663755,48.681137085,1282700
2023-01-13T05:00:00.000Z,48.7422695798,49.1003473902,48.4191236709,48.9082069397,1438900
2023-01-16T05:00:00.000Z,48.8907434375,48.9693460529,48.6898708276,48.8994789124,911300
2023-01-17T05:00:00.000Z,48.8383332957,49.5020893552,48.8208690118,49.2400817871,2525200
2023-01-18T05:00:00.000Z,49.3448845195,49.4584223548,48.7684665328,48.7946662903,2349900
2023-01-19T05:00:00.000Z,48.698595954,49.0741413585,48.6461964391,48.8121337891,1698600
2023-01-20T05:00:00.000Z,48.7509989172,48.9344038831,48.3317861388,48.7946662903,4480900
2023-01-23T05:00:00.000Z,48.7073345732,48.8296045581,48.3667243778,48.5239295959,3414400
2023-01-24T05:00:00.000Z,48.4977288225,48.6724016656,48.2095214632,48.6374664307,1866300
2023-01-25T05:00:00.000Z,48.480259661,48.6724001155,48.3143222977,48.4453277588,2545900
2023-01-26T05:00:00.000Z,48.3754613033,48.3754613033,47.9999158375,48.0348510742,2480900
2023-01-27T05:00:00.000Z,47.9737109494,48.0348459414,47.6418328992,47.8077735901,2482900
2023-01-30T05:00:00.000Z,47.7379032945,48.0523137294,47.7029680614,47.746635437,3663200
2023-01-31T05:00:00.000Z,47.8427056623,47.921308271,47.545762844,47.746635437,1966700
2023-02-01T05:00:00.000Z,47.720438647,48.2619214677,47.4671631885,48.2182540894,1476200
2023-02-02T05:00:00.000Z,48.2182552114,48.8121408988,48.0086504579,48.5064659119,2326800
2023-02-03T05:00:00.000Z,48.4453195847,48.6287245339,47.580691017,48.0959739685,1406700
2023-02-06T05:00:00.000Z,48.0173777651,48.6025312503,47.9475106315,48.5937957764,2194500
2023-02-07T05:00:00.000Z,48.4977193837,48.4977193837,47.6592938978,47.694229126,1657200
2023-02-08T05:00:00.000Z,47.6855022963,47.6942377707,46.9431468874,47.2313575745,1322700
2023-02-09T05:00:00.000Z,47.2924885914,47.7903039803,46.7073351238,46.8296051025,2452300
2023-02-10T05:00:00.000Z,46.9693462384,48.6636684482,46.9693462384,48.3754577637,3605300
2023-02-13T05:00:00.000Z,48.3754588318,48.6898692831,48.1396509933,48.6374664307,2024300
2023-02-14T05:00:00.000Z,48.5183492368,48.8006888709,48.3065928284,48.641872406,2457400
2023-02-15T05:00:00.000Z,48.5271738418,48.694811958,48.2095408927,48.5359954834,1983200
2023-02-16T05:00:00.000Z,48.5183522273,48.659522053,47.9536695587,48.4830589294,1880500
2023-02-17T05:00:00.000Z,48.6418770131,49.268317925,48.5448221236,49.1800880432,3444300
2023-02-21T05:00:00.000Z,49.2418500467,49.4977180525,48.827162194,48.9065704346,3548300
2023-02-22T05:00:00.000Z,48.8006933719,49.1359696146,48.6859918332,48.7830467224,3925100
2023-02-23T05:00:00.000Z,48.880108779,48.8889304221,48.2448427678,48.3330726624,1659900
2023-02-24T05:00:00.000Z,48.3948191266,48.4036441327,47.9360197795,48.3507041931,1654600
2023-02-27T05:00:00.000Z,48.2007177594,48.9153885071,48.2007177594,48.2360076904,4576500
2023-02-28T05:00:00.000Z,48.147788569,48.200728526,47.5213475576,47.6448707581,4693300
2023-03-01T05:00:00.000Z,47.4860405008,47.7242651895,46.7978380884,47.1860542297,2630900
2023-03-02T05:00:00.000Z,47.0890077688,47.4507556868,46.8419613952,47.3448791504,2677500
2023-03-03T05:00:00.000Z,47.477223368,48.1389575553,47.3625218331,48.0860176086,2326600
2023-03-06T05:00:00.000Z,48.218369229,48.3595390644,47.8036813651,47.9801445007,2210900
2023-03-07T05:00:00.000Z,48.1830742997,48.4124740123,47.4066385484,47.6625099182,1539500
2023-03-08T05:00:00.000Z,47.5654531118,47.7948528151,47.1772369347,47.6889762878,2522100
2023-03-09T05:00:00.000Z,47.8389704654,48.2624799343,47.3272277534,47.4948692322,1413000
2023-03-10T05:00:00.000Z,47.441926662,47.5654498296,46.8772474013,47.0007705688,2072200
2023-03-13T04:00:00.000Z,46.8066689366,48.5712936155,46.8066689366,48.2801322937,2524900
2023-03-14T04:00:00.000Z,48.5095225788,48.8889170802,48.2889445368,48.7565689087,2266700
2023-03-15T04:00:00.000Z,48.8095168107,50.124163636,48.5095304901,49.9477005005,2781700
2023-03-16T04:00:00.000Z,49.9388740801,50.547671712,49.6300661261,50.4770851135,1602300
2023-03-17T04:00:00.000Z,50.5035522955,51.156461445,50.0712178324,51.0946998596,3729900
2023-03-20T04:00:00.000Z,50.8476554315,51.1035234236,50.6094307224,50.6888389587,1830500
2023-03-21T04:00:00.000Z,50.7417808847,50.7417808847,49.0830361189,49.4006690979,1276100
2023-03-22T04:00:00.000Z,49.285964847,49.5771261512,48.8801020031,48.888923645,1156400
2023-03-23T04:00:00.000Z,48.8712789908,48.9153939338,48.0419066196,48.1036682129,1284400
2023-03-24T04:00:00.000Z,48.0595451881,49.5947664858,48.0595451881,49.5506515503,1325600
2023-03-27T04:00:00.000Z,49.5153589634,50.0888632309,49.4094824434,50.0712165833,2992100
2023-03-28T04:00:00.000Z,49.9741641582,50.5476684539,49.9124025714,50.1682739258,688400
2023-03-29T04:00:00.000Z,50.2476867586,50.6094346713,50.2388617506,50.3800315857,983000
2023-03-30T04:00:00.000Z,50.4682640052,51.0682366357,50.4682640052,50.927066803,880700
2023-03-31T04:00:00.000Z,51.0152935458,51.2623398964,50.5476691347,50.6888389587,1422200
2023-04-03T04:00:00.000Z,50.4329710371,50.5917875207,49.9212316523,50.2035713196,1299300
2023-04-04T04:00:00.000Z,50.4065055032,50.8741299717,50.2653356618,50.8388366699,577600
2023-04-05T04:00:00.000Z,50.9358870121,52.2328871278,50.9358870121,52.2152404785,1392500
2023-04-06T04:00:00.000Z,52.2770058135,52.7093403383,52.0652493723,52.6475753784,2610900
2023-04-10T04:00:00.000Z,52.5769923127,52.6475755495,52.1623044372,52.612285614,700100
2023-04-11T04:00:00.000Z,52.5593438209,53.1769631085,52.4887605866,53.0887298584,887100
2023-04-12T04:00:00.000Z,53.1769628589,53.5034174683,52.9563847834,53.0004997253,635500
2023-04-13T04:00:00.000Z,52.8681536015,52.938740204,52.1270144698,52.665222168,1036700
2023-04-14T04:00:00.000Z,52.2770045208,52.4269959983,51.985839842,52.312297821,913300
2023-04-17T04:00:00.000Z,52.3299392738,52.6740405031,52.127007866,52.4622840881,2829300
2023-04-18T04:00:00.000Z,52.3652308415,52.5858089047,52.1622994273,52.4005241394,2740700
2023-04-19T04:00:00.000Z,52.4622948085,52.929922672,52.4622948085,52.7005195618,864900
2023-04-20T04:00:00.000Z,52.4622900727,52.8946245932,52.4005284792,52.5240516663,2003900
2023-04-21T04:00:00.000Z,52.8063831446,53.1504877254,52.6210983927,52.779914856,1263600
2023-04-24T04:00:00.000Z,52.7181621198,52.9210935534,52.4269974332,52.665222168,1991700
2023-04-25T04:00:00.000Z,52.6740451159,53.115201267,52.612283524,53.0004997253,1309200
2023-04-26T04:00:00.000Z,52.8769776577,52.9916792018,52.4799364401,52.8152160645,726200
2023-04-27T04:00:00.000Z,52.938735568,53.1593136329,52.6740425633,52.8328590393,679400
2023-04-28T04:00:00.000Z,52.8681454221,53.0534335421,52.2681762224,52.4887542725,1028200
2023-05-01T04:00:00.000Z,52.4887637924,52.9210949641,52.4093555454,52.5152320862,1850500
2023-05-02T04:00:00.000Z,52.4358201399,52.6211049147,52.0387789326,52.585811615,2068900
2023-05-03T04:00:00.000Z,52.9387379672,54.0857432833,52.8946230254,53.362247467,1770700
2023-05-04T04:00:00.000Z,53.5210650369,53.6534132308,52.4975828834,53.5563583374,830100
2023-05-05T04:00:00.000Z,53.3887173664,53.9622217246,53.176964293,53.6798820496,1300200
2023-05-08T04:00:00.000Z,54.085741057,54.2710258244,53.6004699854,54.0592727661,3024500
2023-05-09T04:00:00.000Z,53.8298788972,54.2445668089,53.7416490021,54.0504570007,881100
2023-05-10T04:00:00.000Z,54.2180915608,54.5357245276,53.6445872189,54.1386833191,2473100
2023-05-11T04:00:00.000Z,54.2886759161,54.7033637831,53.8386981143,53.9533996582,2118000
2023-05-12T04:00:00.000Z,54.2004398519,54.6327709542,54.1563249141,54.3063163757,2820200
2023-05-15T04:00:00.000Z,54.3592611137,54.5092525885,53.644586942,54.10338974,2691300
2023-05-16T04:00:00.000Z,53.68930786,53.8139797827,52.959083687,53.0570411682,1825300
2023-05-17T04:00:00.000Z,53.0570327118,53.083747149,51.9795039869,52.1932296753,3942500
2023-05-18T04:00:00.000Z,51.4273875155,52.2911906093,51.4273875155,51.6233024597,4230400
2023-05-19T04:00:00.000Z,51.6767280374,52.3179017071,51.6767280374,52.2288513184,1582000
2023-05-23T04:00:00.000Z,52.0240248543,52.3268009061,51.6411054978,51.7123451233,2023800
2023-05-24T04:00:00.000Z,51.6945343672,52.0151211746,51.6232947417,51.8815422058,1630500
2023-05-25T04:00:00.000Z,51.5431516389,51.5876768326,50.8574527857,51.1958503723,2247800
2023-05-26T04:00:00.000Z,51.1068000925,51.195853883,50.7684024827,51.1691360474,1988400
2023-05-29T04:00:00.000Z,50.9999351211,51.2403752419,50.7683986801,51.1067962646,312500
2023-05-30T04:00:00.000Z,51.0889775937,51.3205139987,50.5546685616,50.5902900696,1618800
2023-05-31T04:00:00.000Z,50.5101546784,51.0355601496,50.305336057,50.8485488892,2186800
2023-06-01T04:00:00.000Z,50.8574483539,51.1246028898,50.4567148516,50.5724830627,1331900
2023-06-02T04:00:00.000Z,50.1628463862,51.4719046441,50.1005070434,51.3294219971,1971300
2023-06-05T04:00:00.000Z,51.2314647158,51.9260705948,51.1067928239,51.3205184937,1884600
2023-06-06T04:00:00.000Z,51.4006685836,51.8281165543,50.7149697357,50.8574523926,1372800
2023-06-07T04:00:00.000Z,50.973216922,51.2047499488,50.6259122862,50.8930702209,763100
2023-06-08T04:00:00.000Z,50.8930776498,51.1602322266,50.8218346176,51.0711784363,2724100
2023-06-09T04:00:00.000Z,51.0800779058,51.2492749865,50.8396378034,51.1335067749,929000
2023-06-12T04:00:00.000Z,51.142421862,51.4451979571,51.0088428741,51.2403793335,1106600
2023-06-13T04:00:00.000Z,51.1157066927,51.1869463274,50.510154511,50.625919342,1669400
2023-06-14T04:00:00.000Z,50.5635796623,50.7862090245,50.2608035937,50.3053321838,1907300
2023-06-15T04:00:00.000Z,50.5012434516,50.6704439401,50.0559847294,50.2340888977,1432800
2023-06-16T04:00:00.000Z,50.2608109858,50.6793553354,50.2251928644,50.3587684631,4544300
2023-06-19T04:00:00.000Z,50.4656219573,50.5012434703,50.171752967,50.2964248657,233000
2023-06-20T04:00:00.000Z,50.3231389843,50.5635791004,50.0025555597,50.0381736755,2475000
2023-06-21T04:00:00.000Z,49.9224089758,50.2875209908,49.7264940517,50.2429924011,1092800
2023-06-22T04:00:00.000Z,50.1806640245,50.3320537788,49.762123074,49.9313201904,507500
2023-06-23T04:00:00.000Z,50.3587639953,50.4300070259,49.3168601498,49.3613853455,785300
2023-06-26T04:00:00.000Z,49.3880966181,50.0470810212,49.2545210398,49.9402198792,632600
2023-06-27T04:00:00.000Z,50.0114594259,50.2875210559,49.7888300653,50.2608032227,2032400
2023-06-28T04:00:00.000Z,50.3854822997,50.4032896605,50.002559499,50.0737991333,1148600
2023-06-29T04:00:00.000Z,49.9580348361,50.1361390314,49.5751120053,50.1094245911,640800
2023-06-30T04:00:00.000Z,50.153942724,50.8930738412,50.153942724,50.839641571,1118600
2023-07-04T04:00:00.000Z,50.7951202126,50.8663598478,50.4923441196,50.6704483032,251300
2023-07-05T04:00:00.000Z,50.536861906,51.0711709814,50.4834296396,50.8930702209,756600
2023-07-06T04:00:00.000Z,50.8040236748,50.8663596292,50.3676719937,50.4923439026,1357800
2023-07-07T04:00:00.000Z,50.2608029777,50.2608029777,49.8155442587,49.8511657715,536800
2023-07-10T04:00:00.000Z,49.9669370826,49.9669370826,48.9784621217,49.0675125122,1241800
2023-07-11T04:00:00.000Z,49.0764122571,49.4059027292,48.9428332943,49.3702812195,753100
2023-07-12T04:00:00.000Z,49.3702897366,50.1895676157,49.2901430245,50.1450424194,1336400
2023-07-13T04:00:00.000Z,50.1806530653,50.6170080767,50.1183171204,50.5813865662,1561200
2023-07-14T04:00:00.000Z,50.5012441691,51.0800818749,50.430004539,51.0622711182,934900
2023-07-17T04:00:00.000Z,51.0711778498,51.0711778498,50.1094207053,50.3231430054,1420700
2023-07-18T04:00:00.000Z,50.4478221314,50.5279688492,49.3792003588,49.9046058655,1873300
2023-07-19T04:00:00.000Z,50.064895902,50.608112131,50.064895902,50.4923439026,1518400
2023-07-20T04:00:00.000Z,50.4389121875,51.2403793206,50.1895683669,51.1780433655,2496800
2023-07-21T04:00:00.000Z,51.2047613188,51.5876841534,51.1335182811,51.1513290405,1389500
2023-07-24T04:00:00.000Z,51.0800817563,51.1602284631,50.6971589789,50.8574523926,1255200
2023-07-25T04:00:00.000Z,50.7951205443,51.169136275,50.6793523146,51.1157073975,391200
2023-07-26T04:00:00.000Z,51.1869431955,51.5164337046,50.8752634433,51.0533676147,1710100
2023-07-27T04:00:00.000Z,50.8930774007,50.9999385514,50.3231433369,50.4745330811,812900
2023-07-28T04:00:00.000Z,50.4121968238,50.750594429,49.9224128723,49.9224128723,1485400
2023-07-31T04:00:00.000Z,50.0203667962,50.1628528586,49.7888337388,50.0559883118,1577100
2023-08-01T04:00:00.000Z,49.9847482407,50.3320495223,49.4593427797,49.46824646,1268500
2023-08-02T04:00:00.000Z,49.7175937046,49.9313160025,49.1565667279,49.3613853455,1924900
2023-08-03T04:00:00.000Z,48.8894142498,48.9428431281,47.1707151278,47.348815918,2675600
2023-08-04T04:00:00.000Z,47.3755307246,48.2304266921,47.3488128902,47.8564109802,1678200
2023-08-08T04:00:00.000Z,47.8564107077,48.1591867857,47.7762639989,47.9543647766,935400
2023-08-09T04:00:00.000Z,47.892029666,48.8092649934,47.8831259857,48.7113075256,617300
2023-08-10T04:00:00.000Z,48.8716007707,49.1120409005,48.4174349488,48.4886779785,758000
2023-08-11T04:00:00.000Z,48.4174309845,48.5777243912,48.2749483337,48.5599136353,774000
2023-08-14T04:00:00.000Z,48.5421064357,48.7023998542,48.105754772,48.2571411133,2251200
2023-08-15T04:00:00.000Z,48.087947715,48.087947715,47.5536385437,47.6961212158,4765300
2023-08-16T04:00:00.000Z,47.6872105164,48.2393304045,47.5625386124,47.9810829163,2295800
2023-08-17T04:00:00.000Z,47.9810904904,48.4174422234,47.9454689702,48.0256156921,1525600
2023-08-18T04:00:00.000Z,48.1740957607,48.3990822022,47.9131140976,48.3360862732,3207100
2023-08-21T04:00:00.000Z,48.2461018433,48.2910984532,47.5981396753,47.8411254883,3133700
2023-08-22T04:00:00.000Z,47.850117026,48.1381028433,47.7331265426,48.102104187,2320300
2023-08-23T04:00:00.000Z,48.5610718038,48.6870636594,48.16509691,48.2640914917,919000
2023-08-24T04:00:00.000Z,48.2550933053,48.6600696059,48.138102822,48.1651000977,1442700
2023-08-25T04:00:00.000Z,48.2550910905,48.516076187,48.0661033033,48.0841026306,1209900
2023-08-28T04:00:00.000Z,48.2190974802,48.3270900147,47.9131157717,48.0031089783,2529600
2023-08-29T04:00:00.000Z,48.0841069889,48.4710839787,47.9131185135,48.372089386,990300
2023-08-30T04:00:00.000Z,48.4440860835,48.6690725429,48.1381043614,48.2730941772,1015000
2023-08-31T04:00:00.000Z,48.3180848732,48.4440801588,47.445139852,47.6881256104,2760400
2023-09-01T04:00:00.000Z,47.9131148306,48.120101948,47.796120918,48.0571060181,905700
2023-09-05T04:00:00.000Z,48.0661066354,48.1920985023,47.3461506581,47.6071357727,789700
2023-09-06T04:00:00.000Z,47.5711400679,47.841123147,47.1211671251,47.1931610107,1420800
2023-09-07T04:00:00.000Z,47.346148958,48.156098116,47.3191516827,48.0031089783,1487900
2023-09-08T04:00:00.000Z,48.1561012762,48.2011013154,47.7691277162,48.0301094055,1038700
2023-09-11T04:00:00.000Z,48.0481148963,48.6060804377,48.0391169471,48.5520858765,846700
2023-09-12T04:00:00.000Z,48.5340741151,48.9030517318,48.0661019176,48.7950592041,1309900
2023-09-13T04:00:00.000Z,48.8310561298,49.8659951419,48.7770615806,49.6590080261,1352400
2023-09-14T04:00:00.000Z,49.9739931575,50.5949580062,49.8660006142,50.4599647522,1549300
2023-09-15T04:00:00.000Z,50.4059641224,50.9009370723,50.3969661746,50.8469390869,4109100
2023-09-18T04:00:00.000Z,50.7569506629,50.9279391498,50.4239682047,50.7299499512,1527000
2023-09-19T04:00:00.000Z,50.5859520757,50.6399500591,49.3350279758,49.479019165,1698700
2023-09-20T04:00:00.000Z,49.533017708,49.8569987456,49.3440299137,49.7670021057,1153500
2023-09-21T04:00:00.000Z,49.5330221287,49.695012662,48.8850599956,48.9210586548,1173500
2023-09-22T04:00:00.000Z,48.7680660698,49.0380525806,48.4170877254,48.9210586548,933200
2023-09-25T04:00:00.000Z,48.8220689815,48.8580676443,48.4980878823,48.5520858765,1033500
2023-09-26T04:00:00.000Z,48.5070741121,48.5160720585,47.5711297697,47.5801277161,893100
2023-09-27T04:00:00.000Z,47.5081424691,47.5891377334,46.3112128352,46.3922080994,1214300
2023-09-28T04:00:00.000Z,46.3652053913,46.7791796118,46.1312175741,46.5361938477,966700
2023-09-29T04:00:00.000Z,46.8781687758,46.9681619671,46.221208867,46.4281959534,1206000
2023-10-02T04:00:00.000Z,46.3292111618,46.4012084764,44.8353012134,45.5642585754,1900300
2023-10-03T04:00:00.000Z,45.3662693932,45.8342416393,44.8443025942,45.5642585754,1596400
2023-10-04T04:00:00.000Z,45.8702383476,47.2201570424,45.6182511901,46.9951705933,2131700
2023-10-05T04:00:00.000Z,47.1571633759,47.9761139528,47.0221701268,47.958114624,1345500
2023-10-06T04:00:00.000Z,47.5171380378,48.3000899306,47.2651543098,48.102104187,1650900
2023-10-10T04:00:00.000Z,48.5070793559,48.8760569918,48.435082045,48.7230644226,1508300
2023-10-11T04:00:00.000Z,49.0380503758,49.9739914412,48.6690727184,49.8479995728,1839000
2023-10-12T04:00:00.000Z,49.7039989008,50.0369778371,49.2180274154,49.3620185852,1340100
2023-10-13T04:00:00.000Z,49.7490010528,49.9469902207,48.9300505396,48.9660491943,1065500
2023-10-16T04:00:00.000Z,48.9210521328,49.8479951683,48.9030528056,49.623008728,1238700
2023-10-17T04:00:00.000Z,49.4340274263,49.7760078217,48.7050700281,49.1730422974,1437500
2023-10-18T04:00:00.000Z,49.0920372558,49.1370338542,48.6240650798,48.8400535583,1594600
2023-10-19T04:00:00.000Z,48.9300522494,49.2090366837,48.5070800573,48.5700759888,1940400
2023-10-20T04:00:00.000Z,48.4980813285,48.7410671201,48.1471029961,48.1831016541,1450100
2023-10-23T04:00:00.000Z,47.9401044394,48.7140582356,47.6521221105,48.4350738525,2275700
2023-10-24T04:00:00.000Z,48.7140661751,49.1370383585,48.6060702094,48.8130607605,1957700
2023-10-25T04:00:00.000Z,48.7320647862,49.3620240784,48.6870647514,49.029045105,661700
2023-10-26T04:00:00.000Z,49.2000327573,50.1989730942,49.1910348102,49.9649887085,2180800
2023-10-27T04:00:00.000Z,49.8749915479,50.1989725655,49.4610173291,49.4880180359,924700
2023-10-30T04:00:00.000Z,49.4970189903,50.1539790122,49.3710271276,49.9559898376,1255600
2023-10-31T04:00:00.000Z,50.1899746014,50.2979671296,49.2810274767,49.5510139465,2896000
2023-11-01T04:00:00.000Z,49.7670007115,50.6309478322,49.6140115774,50.4149627686,1394700
2023-11-02T04:00:00.000Z,50.6039540868,51.6028945168,50.1539811675,51.5129013062,1418200
2023-11-03T04:00:00.000Z,51.7918814025,51.9538719252,50.9369321845,51.1619186401,1435900
2023-11-06T05:00:00.000Z,51.1619158433,51.2789097551,50.6039504251,50.8559341431,1592400
2023-11-07T05:00:00.000Z,50.7569454118,50.7749413071,50.1809772056,50.3069725037,2374500
2023-11-08T05:00:00.000Z,50.1989752518,50.3159691662,49.8929935448,50.2349739075,3494600
2023-11-09T05:00:00.000Z,50.2259733496,51.0089251878,50.2259733496,50.6219482422,1268700
2023-11-10T05:00:00.000Z,50.6219531647,50.8199423468,49.9469937892,50.1269836426,1218200
2023-11-13T05:00:00.000Z,50.0279875105,50.2169753059,49.8479976627,50.018989563,655300
2023-11-14T05:00:00.000Z,50.4239659911,50.9549341916,50.4239659911,50.7119483948,1426100
2023-11-15T05:00:00.000Z,50.8199385859,51.233912815,50.6939467278,51.0719223022,1418600
2023-11-16T05:00:00.000Z,51.3083671335,51.6266593439,51.2901821789,51.3720283508,1133100
2023-11-17T05:00:00.000Z,51.4720649608,51.5630070888,51.1628686638,51.3447494507,1396500
2023-11-20T05:00:00.000Z,51.2810877602,51.3356530328,50.8445759865,51.1810531616,2401100
2023-11-21T05:00:00.000Z,51.2810799651,51.5538993485,50.9446028412,51.0173530579,1708100
2023-11-22T05:00:00.000Z,51.2083356113,51.3447435841,50.9627970973,51.1173934937,1855900
2023-11-23T05:00:00.000Z,51.1446762085,51.2356148541,51.0355456709,51.1446762085,296000
2023-11-24T05:00:00.000Z,51.0264546074,51.1355816789,50.6717890231,50.6808815002,637900
2023-11-27T05:00:00.000Z,50.7172601708,50.753637019,50.3444061496,50.4717216492,2302500
2023-11-28T05:00:00.000Z,50.4444386412,50.9082312943,50.1989001298,50.2261810303,1414800
2023-11-29T05:00:00.000Z,50.1534323204,50.1716172752,49.2622168957,49.435005188,1519300
2023-11-30T05:00:00.000Z,49.435005188,49.6168859577,48.6074509814,49.435005188,3720700
2023-12-01T05:00:00.000Z,49.4713784773,49.9078902118,49.2713092981,49.8715133667,1457900
2023-12-04T05:00:00.000Z,49.8715173611,50.2807482291,49.5623210908,50.0533981323,991000
2023-12-05T05:00:00.000Z,50.1989020028,50.3444059258,49.8806097862,50.0352096558,1598900
2023-12-06T05:00:00.000Z,50.180721439,50.8445834085,50.171625491,50.6172332764,1243500
2023-12-07T05:00:00.000Z,50.6717850638,50.8445698693,50.4717158907,50.5171852112,1374700
2023-12-08T05:00:00.000Z,50.4808122858,50.5353775561,50.0261121073,50.3171234131,786500
2023-12-11T05:00:00.000Z,50.1898044491,50.3262158903,49.6532580997,50.3171234131,1753300
2023-12-12T05:00:00.000Z,49.8987976181,50.0533974858,48.8348008443,49.2349357605,1853800
2023-12-13T05:00:00.000Z,49.2167463698,50.7445392477,48.8347998849,50.6808815002,2485300
2023-12-14T05:00:00.000Z,50.8354774477,51.0355431519,50.2807427174,50.5353736877,1759600
2023-12-15T05:00:00.000Z,50.4535309023,50.4626268485,49.680541994,49.9169845581,3754500
2023-12-18T05:00:00.000Z,49.9169861193,50.1534321599,49.2440317833,49.3804397583,1027100
2023-12-19T05:00:00.000Z,49.4713800092,49.7441994181,49.3349685702,49.5714111328,623000
2023-12-20T05:00:00.000Z,49.4804702527,49.6805394291,48.689292962,48.7074813843,978000
2023-12-21T05:00:00.000Z,48.7438660669,49.0803467541,48.6438349245,48.7802429199,715500
2023-12-22T05:00:00.000Z,48.7893238052,49.3713393983,48.7893238052,49.0712356567,557800
2023-12-27T05:00:00.000Z,48.6256319133,49.5350321527,48.6256319133,49.3258705139,886800
2023-12-28T05:00:00.000Z,49.1712818354,49.3986319469,49.0803431784,49.3622550964,671900
2023-12-29T05:00:00.000Z,49.4440956399,49.5895995559,49.0985260076,49.5714111328,911700
2024-01-02T05:00:00.000Z,49.2894994338,49.9169844235,49.2804034877,49.7532920837,815100
2024-01-03T05:00:00.000Z,49.7714827635,50.1898061089,49.6987325365,50.0533981323,1263000
2024-01-04T05:00:00.000Z,50.1988964808,50.6263122562,49.8987927212,50.2807426453,963400
2024-01-05T05:00:00.000Z,50.2443715732,50.9991755624,50.0624908013,50.5990371704,1008200
2024-01-08T05:00:00.000Z,50.7172623522,51.0628354866,50.7172623522,50.9900817871,976000
2024-01-09T05:00:00.000Z,50.9627990515,51.1173954537,50.8263876044,50.835483551,1169000
2024-01-10T05:00:00.000Z,50.9264183277,51.0901106641,50.7445375684,50.8172912598,891900
2024-01-11T05:00:00.000Z,50.7536309704,50.7536309704,49.7351001572,49.9715461731,718800
2024-01-12T05:00:00.000Z,50.0806790338,50.3625944027,49.9169866866,50.0533981323,761500
2024-01-15T05:00:00.000Z,50.1170558956,50.4899099156,50.017021298,50.4171562195,224300
2024-01-16T05:00:00.000Z,50.1898044491,50.3534967909,49.7623886403,50.3171234131,520000
2024-01-17T05:00:00.000Z,50.0988671786,50.3625941219,49.3258782416,49.5986976624,1321500
2024-01-18T05:00:00.000Z,49.4895648738,49.7351033821,48.8347989875,48.9530220032,2079800
2024-01-19T05:00:00.000Z,49.0985280712,49.6714478132,48.8893629309,49.4531936646,1672900
2024-01-22T05:00:00.000Z,49.5168511257,49.7896705444,49.0803393619,49.2349357605,1381700
2024-01-23T05:00:00.000Z,49.2349353687,49.4713814071,48.6892965355,48.7438583374,1525800
2024-01-24T05:00:00.000Z,49.007581481,49.2076506565,48.4073774233,48.5256004333,2187500
2024-01-25T05:00:00.000Z,48.5347043653,48.8984659579,48.5256118866,48.7802429199,1195300
2024-01-26T05:00:00.000Z,48.7893312939,48.9439276918,48.5165084074,48.5619812012,697600
2024-01-29T05:00:00.000Z,48.7074852995,49.0621508905,48.4619467822,48.980304718,1487600
2024-01-30T05:00:00.000Z,48.9712067477,49.207652778,48.6529180175,49.1167106628,881600
2024-01-31T05:00:00.000Z,49.3258700246,49.6259702967,48.8984508062,49.0530471802,1272700
2024-02-01T05:00:00.000Z,49.1167145487,49.3440646509,48.8529910667,49.2622184753,937200
2024-02-02T05:00:00.000Z,49.0348644646,49.0803372567,48.1436525514,48.9893951416,1522200
2024-02-05T05:00:00.000Z,48.7802294538,48.7802294538,48.1072752033,48.5710678101,1681200
2024-02-06T05:00:00.000Z,48.4619503752,48.743862292,48.2982580182,48.6711120605,1302500
2024-02-07T05:00:00.000Z,48.7893231441,49.0894234125,47.9617690835,48.1800231934,1748500
2024-02-08T05:00:00.000Z,47.9890591963,48.0890937947,47.5070780977,47.6616744995,2850900
2024-02-09T05:00:00.000Z,47.5252613753,48.1982191693,47.0250918701,47.798084259,2178000
2024-02-12T05:00:00.000Z,47.9254037794,48.3528196263,47.8708385043,48.2346000671,2300900
2024-02-13T05:00:00.000Z,48.1800323187,48.3073478184,47.2433510257,47.4979820251,4067000
2024-02-14T05:00:00.000Z,47.4979802894,47.8617418203,47.3070070468,47.852645874,1772500
2024-02-15T05:00:00.000Z,48.0365890078,48.5884186766,48.0181943346,48.4412612915,2451300
2024-02-16T05:00:00.000Z,48.4136641149,48.7815505082,48.3676791928,48.6987762451,2624400
2024-02-20T05:00:00.000Z,48.671186048,49.5633083366,48.6527948846,49.3057899475,2591800
2024-02-21T05:00:00.000Z,49.3425847852,49.6092987858,49.2598105069,49.4713439941,1676400
2024-02-22T05:00:00.000Z,49.5173249041,49.5173249041,48.8919200758,49.4897346497,2010100
2024-02-23T05:00:00.000Z,49.4437459714,49.6184936042,48.7079766208,48.9011154175,2674400
2024-02-26T05:00:00.000Z,48.8551278359,48.9103118499,47.8434454724,47.9446144104,2735400
2024-02-27T05:00:00.000Z,47.8802391898,48.2205318692,47.7882658248,48.1837425232,1914400
2024-02-28T05:00:00.000Z,48.2021346302,48.4136680958,48.1101647785,48.229724884,655800
2024-02-29T05:00:00.000Z,48.2205289636,48.4780473532,48.0641760067,48.1285591125,4013600
2024-03-01T05:00:00.000Z,48.0641858907,48.2297344634,47.8250621238,48.0825805664,1662800
2024-03-04T05:00:00.000Z,47.9170185364,48.7907460892,47.8434433628,48.6987762451,1569000
2024-03-05T05:00:00.000Z,48.7447674829,49.1770335248,48.5516286802,48.7907524109,1610900
2024-03-06T05:00:00.000Z,48.9838939407,49.3517804022,48.8367400578,49.0206832886,1376500
2024-03-07T05:00:00.000Z,49.2046274573,49.8760172801,49.1218531773,49.8300323486,2124200
2024-03-08T05:00:00.000Z,49.9128081651,50.0231727057,49.6276959679,49.719669342,2891300
2024-03-11T04:00:00.000Z,49.5909034221,49.9036058573,49.4437495414,49.6644821167,1186700
2024-03-12T04:00:00.000Z,49.6000976803,49.6644772776,49.1218467374,49.3057899475,1190300
2024-03-13T04:00:00.000Z,49.3885650258,49.4989295503,48.9746936733,49.2322120667,1018000
2024-03-14T04:00:00.000Z,49.2046265193,49.2046265193,48.6528003355,49.0206832886,1434100
2024-03-15T04:00:00.000Z,48.9838879897,49.6552812266,48.8459332148,49.4805335999,4738800
2024-03-18T04:00:00.000Z,49.397767852,49.5541208341,49.0850653964,49.2690086365,795900
2024-03-19T04:00:00.000Z,49.3793736762,49.67368146,49.0942649841,49.0942649841,818200
2024-03-20T04:00:00.000Z,49.1862293003,49.4713414686,49.039075425,49.2230186462,1076600
2024-03-21T04:00:00.000Z,49.2781996939,49.5908985902,49.2046210065,49.3057899475,1072900
2024-03-22T04:00:00.000Z,49.5081333419,49.7472570858,49.4069643897,49.4713439941,1000800
2024-03-25T04:00:00.000Z,49.4713406211,49.6368891665,49.1126532755,49.1402435303,1102200
2024-03-26T04:00:00.000Z,49.0114850498,49.0206806321,48.5516287521,48.652797699,2780100
2024-03-27T04:00:00.000Z,48.7447653997,49.1494376607,48.7447653997,49.112651825,699100
2024-03-28T04:00:00.000Z,49.2046239733,49.3609734308,48.9563011509,49.2230186462,890900
2024-04-01T04:00:00.000Z,49.1034507751,49.1402401179,48.7723537073,49.1034507751,698400
2024-04-02T04:00:00.000Z,48.9287096546,49.2873969973,48.9195105642,49.1770324707,776700
2024-04-03T04:00:00.000Z,49.1862370119,49.2506166232,48.8183540202,48.9287185669,857600
2024-04-04T04:00:00.000Z,49.0666686872,49.1586420577,48.3952788708,48.6895866394,847500
2024-04-05T04:00:00.000Z,48.5976117898,48.6803860605,48.266514707,48.5056419373,908900
2024-04-08T04:00:00.000Z,48.5148376236,48.9471036503,48.4964429514,48.9195098877,891000
2024-04-09T04:00:00.000Z,49.0666648061,49.1310444061,48.7631614787,48.9838905334,1413300
2024-04-10T04:00:00.000Z,48.6803899171,48.6895854998,47.7698728673,48.0549850464,1303900
2024-04-11T04:00:00.000Z,48.1469529847,48.2849112774,47.4111836098,47.7514762878,1006500
2024-04-12T04:00:00.000Z,47.8710448594,48.1929464063,47.5123574713,47.6779060364,997700
2024-04-15T04:00:00.000Z,47.8250592945,47.9446229251,47.2640339991,47.5767364502,823900
2024-04-16T04:00:00.000Z,47.576727987,47.622712911,46.9237329432,47.1996459961,1690500
2024-04-17T04:00:00.000Z,47.2732282942,47.8250544421,47.05249573,47.6687049866,2807700
2024-04-18T04:00:00.000Z,47.6778996594,48.2573195595,47.4479715174,48.1745452881,1822300
2024-04-19T04:00:00.000Z,48.1285636362,48.7079800673,48.1285636362,48.6436004639,1794100
2024-04-22T04:00:00.000Z,48.5332331667,49.1678335826,48.5332331667,49.1586380005,2481800
2024-04-23T04:00:00.000Z,49.1862290662,49.2965935951,49.0390751917,49.0850601196,2678500
2024-04-24T04:00:00.000Z,48.9195160196,49.4713457307,48.8091514807,49.3425865173,1483300
2024-04-25T04:00:00.000Z,49.112651797,49.4621400416,48.6711866836,49.4069595337,1179500
2024-04-26T04:00:00.000Z,49.3425878345,49.5725160099,49.0114907007,49.0942649841,1310800
2024-04-29T04:00:00.000Z,49.1678376855,49.7564532233,49.0942624975,49.7104682922,2578300
2024-04-30T04:00:00.000Z,49.7840489497,49.958793098,49.5357261021,49.719669342,1190700
2024-05-01T04:00:00.000Z,49.5357224542,50.2347025042,48.9563025191,49.9955787659,1272600
2024-05-02T04:00:00.000Z,50.3634615055,50.3818561789,49.9679883068,50.0139732361,1136500
2024-05-03T04:00:00.000Z,50.2439007049,50.5382084585,50.0415628087,50.2071113586,825000
2024-05-06T04:00:00.000Z,50.3082819866,50.4738305421,49.9128052717,50.3726615906,1736800
2024-05-07T04:00:00.000Z,50.4830211602,50.7865279849,50.2714876954,50.7405395508,1061500
2024-05-08T04:00:00.000Z,50.6761696513,51.3199692593,50.6669740678,51.0256614685,1526000
2024-05-09T04:00:00.000Z,51.0256567064,51.752230532,50.9612771024,51.5314979553,1749000
2024-05-10T04:00:00.000Z,51.8166120211,52.1661038184,51.6142741107,51.678653717,1127200
2024-05-13T04:00:00.000Z,51.6602602391,51.8901884122,51.1636180517,51.3107719421,1476200
2024-05-14T04:00:00.000Z,51.4487208196,51.5314950927,51.0532441268,51.1820068359,3515400
2024-05-15T04:00:00.000Z,51.4211289726,51.7890153991,51.2647795218,51.4303245544,3323400
2024-05-16T04:00:00.000Z,51.4303301429,51.895090024,51.3931485014,51.6441192627,2943500
2024-05-17T04:00:00.000Z,51.6812961644,51.718477805,51.160767379,51.5790519714,5347100
2024-05-21T04:00:00.000Z,51.7184801592,52.0995831284,51.4861002134,51.9415664673,3451200
2024-05-22T04:00:00.000Z,51.7463636428,52.0345160466,51.4117395058,51.4860992432,2617200
2024-05-23T04:00:00.000Z,51.3094922515,51.4953969155,50.3520844728,50.6681213379,3153000
2024-05-24T04:00:00.000Z,50.5844664258,50.8540280221,50.4357433978,50.6867141724,2191000
2024-05-27T04:00:00.000Z,50.6402367235,50.7053028238,50.5472861647,50.5937614441,684100
2024-05-28T04:00:00.000Z,50.4450373066,50.5937603249,49.7200130356,49.8315544128,1437300
2024-05-29T04:00:00.000Z,49.5248153085,49.5434061305,48.9206295477,48.976398468,5035100
2024-05-30T04:00:00.000Z,49.0321726437,49.6456556098,49.0321726437,49.6177711487,2440200
2024-05-31T04:00:00.000Z,49.7571923846,50.6867121589,49.6270601835,50.6681213379,2546700
2024-06-03T04:00:00.000Z,50.5472821383,50.9190878898,50.314902214,50.5565757751,1692300
2024-06-04T04:00:00.000Z,50.5101076294,51.3652641697,50.3056121324,51.1421813965,1251400
2024-06-05T04:00:00.000Z,51.1421772932,51.9508584863,51.1421772932,51.8021354675,1537000
2024-06-06T04:00:00.000Z,51.6998911722,51.9973372296,51.5883497871,51.6905975342,801400
2024-06-07T04:00:00.000Z,51.5511641715,51.6441182735,51.0027473805,51.1886520386,1152500
2024-06-10T04:00:00.000Z,51.086406553,51.2444267603,50.8261421477,51.012046814,1422700
2024-06-11T04:00:00.000Z,50.7331866141,51.1049923643,50.5101003273,50.7145957947,1293200
2024-06-12T04:00:00.000Z,50.9098028187,51.1793644273,50.1847784674,50.2777290344,1190800
2024-06-13T04:00:00.000Z,50.2312400833,50.3985538951,49.8408400071,50.2219429016,1662600
2024-06-14T04:00:00.000Z,50.0453475134,50.0918227955,49.7571950912,49.9059181213,1018500
2024-06-17T04:00:00.000Z,49.8687385057,49.9523954292,49.3389125053,49.4969291687,1571000
2024-06-18T04:00:00.000Z,49.2645502733,49.5341118711,48.9206289341,49.0600547791,1013600
2024-06-19T04:00:00.000Z,49.0228723585,49.1715953742,48.5116336678,48.6417694092,685700
2024-06-20T04:00:00.000Z,48.632472788,49.1065298437,48.6045883303,49.0228729248,1058700
2024-06-21T04:00:00.000Z,49.0321701668,49.3203225855,48.7254269263,48.9856948853,4747400
2024-06-24T04:00:00.000Z,49.143711544,50.0360532597,49.0786454407,49.9895744324,1263400
2024-06-25T04:00:00.000Z,49.9895722932,49.9895722932,49.3853865678,49.6642417908,1384400
2024-06-26T04:00:00.000Z,49.3203245018,49.4876383584,49.0879445393,49.2738456726,940700
2024-06-27T04:00:00.000Z,49.208781108,49.8036768089,49.1808966463,49.6456565857,846100
2024-06-28T04:00:00.000Z,49.7571893109,49.7943709506,49.2831358155,49.4225616455,865900
2024-07-02T04:00:00.000Z,49.2645492554,49.6921275111,48.9671032039,49.2645492554,1300900
2024-07-03T04:00:00.000Z,49.3853927132,49.9431032284,49.3853927132,49.794380188,847000
2024-07-04T04:00:00.000Z,49.738599884,49.9895706401,49.6363556908,49.7571907043,227300
2024-07-05T04:00:00.000Z,49.8222542448,50.036046895,49.5062174066,49.552696228,737800
2024-07-08T04:00:00.000Z,49.5991796496,49.8129687891,49.4504566158,49.7386054993,500400
2024-07-09T04:00:00.000Z,49.6921238413,49.8966193163,49.5341071894,49.7664871216,406200
2024-07-10T04:00:00.000Z,49.8687356148,50.5472846014,49.8687356148,50.4171524048,1395000
2024-07-11T04:00:00.000Z,50.630937468,50.9469742971,50.5751650114,50.6123466492,857500
2024-07-12T04:00:00.000Z,50.705307625,50.9655755968,50.575175412,50.6216506958,625900
2024-07-15T04:00:00.000Z,50.4636335043,50.4636335043,50.054642501,50.2405471802,965200
2024-07-16T04:00:00.000Z,50.3241998594,50.6774183654,50.2219521172,50.5937614441,1182300
2024-07-17T04:00:00.000Z,50.5008076376,51.5232779022,50.4915104549,51.2072410583,2103700
2024-07-18T04:00:00.000Z,51.0956994311,51.8950869465,51.0399269722,51.8671989441,2110000
2024-07-19T04:00:00.000Z,51.8207287032,51.9601580912,51.6162332131,51.6998901367,640300
2024-07-22T04:00:00.000Z,51.8579121686,52.1088829482,51.7370735979,51.8765029907,2974000
2024-07-23T04:00:00.000Z,51.8950867438,51.9322648371,51.5139802614,51.5976371765,1007700
2024-07-24T04:00:00.000Z,51.8579096341,52.685181675,51.672004968,52.4806861877,1938100
2024-07-25T04:00:00.000Z,52.4899838293,52.796723517,52.2297158761,52.3226699829,1307100
2024-07-26T04:00:00.000Z,52.3970312332,52.8153158611,52.3784404113,52.7316589355,1450900
2024-07-29T04:00:00.000Z,52.7688383774,53.0105119602,52.6294089919,52.8710861206,2528500
2024-07-30T04:00:00.000Z,52.7874299287,53.4102064884,52.7316574645,53.0941696167,1027600
2024-07-31T04:00:00.000Z,53.6054033465,53.8563741095,52.759540499,53.6518821716,1577400
2024-08-01T04:00:00.000Z,53.7820169649,54.1817107683,53.5682278333,53.8191986084,2024000
2024-08-02T04:00:00.000Z,53.8006049963,54.9810955234,53.7169480756,54.8509597778,1735500
2024-08-06T04:00:00.000Z,53.5868147557,54.5256281386,53.4473853755,54.3211326599,2791600
2024-08-07T04:00:00.000Z,54.4698556543,54.8788466116,54.0422774225,54.5535125732,2116900
2024-08-08T04:00:00.000Z,54.4326838895,55.2134807081,54.4326838895,54.953212738,1057700
2024-08-09T04:00:00.000Z,55.0182756961,55.0182756961,54.4791560559,54.8323745728,1655400
2024-08-12T04:00:00.000Z,54.9346205634,54.9718022076,54.5349267526,54.6185836792,1735800
2024-08-13T04:00:00.000Z,54.7580038212,55.4086683018,54.5442147218,55.3714866638,1055900
2024-08-14T04:00:00.000Z,55.2506481134,55.7618867705,54.981090103,55.3714866638,2628800
2024-08-15T04:00:00.000Z,55.1391109467,55.706118558,54.8881401902,55.6782341003,2119300
2024-08-16T04:00:00.000Z,55.7618947816,55.7897792412,55.4551515433,55.7154159546,939300
2024-08-19T04:00:00.000Z,55.7154109825,56.1151047475,55.6131667914,55.8455467224,1893700
2024-08-20T04:00:00.000Z,55.854929554,55.854929554,55.4324965974,55.7704429626,3687700
2024-08-21T04:00:00.000Z,55.6296318547,55.9112562184,55.5169842578,55.6953468323,1682500
2024-08-22T04:00:00.000Z,55.7141228371,56.042683427,55.6108646207,55.7610626221,2589300
2024-08-23T04:00:00.000Z,55.8830935353,56.0520667269,55.7235097327,55.8455467224,1096900
2024-08-26T04:00:00.000Z,55.7892247521,55.8924865516,55.4606677365,55.5451507568,3842600
2024-08-27T04:00:00.000Z,55.4418924756,55.5733152817,55.122721269,55.3386306763,2897000
2024-08-28T04:00:00.000Z,55.3104680772,55.6014782875,55.1508842586,55.3949546814,1432200
2024-08-29T04:00:00.000Z,55.3104680772,55.4982164845,54.8598740483,55.3949546814,2440900
2024-08-30T04:00:00.000Z,55.4043411294,55.9206465363,55.4043411294,55.6671867371,1379200
2024-09-03T04:00:00.000Z,55.6671818832,56.7185678031,55.6577960756,56.6904067993,2975100
2024-09-04T04:00:00.000Z,56.6434786202,57.1128478486,56.6059282225,56.803062439,978700
2024-09-05T04:00:00.000Z,57.000199625,57.488344047,56.9532598379,57.3850822449,1189300
2024-09-06T04:00:00.000Z,57.3850814262,57.5446652409,56.6153161974,56.8124504089,1742100
2024-09-09T04:00:00.000Z,56.9438712504,57.4320156486,56.9438712504,57.26304245,1533400
2024-09-10T04:00:00.000Z,57.0471341021,57.3944663141,56.7279628967,56.8406105042,2113300
2024-09-11T04:00:00.000Z,56.6997976554,57.0659050381,56.3712370849,57.0283546448,1358000
2024-09-12T04:00:00.000Z,57.0189727405,57.7887379521,57.009583351,57.5822143555,1471600
2024-09-13T04:00:00.000Z,57.676081757,58.1454509224,57.478947567,58.0515785217,1096000
2024-09-16T04:00:00.000Z,58.051582066,58.4270788536,57.9952564735,58.1923942566,1078600
2024-09-17T04:00:00.000Z,58.1923918807,58.4740126694,57.7417943215,57.8826065063,1294100
2024-09-18T04:00:00.000Z,57.6854790062,57.8169018175,57.2161097769,57.4038581848,787200
2024-09-19T04:00:00.000Z,57.2442677334,57.2912039376,56.5871501311,56.7748985291,1564400
2024-09-20T04:00:00.000Z,56.7749027393,56.9344901427,56.1177850883,56.887550354,2752600
2024-09-23T04:00:00.000Z,56.8499971287,57.1691683186,56.7279601376,57.0659065247,759000
2024-09-24T04:00:00.000Z,56.746740882,57.0940731111,56.699804675,56.9626502991,747700
2024-09-25T04:00:00.000Z,57.0189728203,57.3287546347,56.7936740254,56.9814224243,825300
2024-09-26T04:00:00.000Z,56.9626492277,57.6009916579,56.943874029,57.3850822449,1051500
2024-09-27T04:00:00.000Z,57.385075016,57.9952527808,57.385075016,57.7981185913,1242300
2024-09-30T04:00:00.000Z,57.8450620274,57.9389380205,57.3944680031,57.6854782104,1253800
2024-10-01T04:00:00.000Z,57.6854709946,57.8919909917,57.516497809,57.7981185913,715300
2024-10-02T04:00:00.000Z,57.6291533008,58.3050461357,57.6197674918,58.004650116,944400
2024-10-03T04:00:00.000Z,57.9952522199,58.1923899885,56.9532521126,57.1316146851,1145100
2024-10-04T04:00:00.000Z,56.8030638702,56.8875504767,56.4651210253,56.6340942383,912200
2024-10-07T04:00:00.000Z,56.4557250237,56.8499970014,55.7328960488,55.8643188477,2452400
2024-10-08T04:00:00.000Z,56.0802313129,56.1365533227,55.5357613441,55.8455467224,928700
2024-10-09T04:00:00.000Z,55.8267731123,55.8830951237,55.4231153187,55.7892227173,857000
2024-10-10T04:00:00.000Z,55.8361599366,56.1083949336,55.507602927,55.6671867371,1201900
2024-10-11T04:00:00.000Z,55.5733187039,56.1647249487,55.5733187039,56.0802383423,1079300
2024-10-15T04:00:00.000Z,56.3524659119,57.6291507294,56.3524659119,57.5352783203,1321900
2024-10-16T04:00:00.000Z,57.610373004,58.1079067772,57.5915978068,57.9201583862,1023700
2024-10-17T04:00:00.000Z,57.9577107745,58.1736201782,57.6385395732,57.9764823914,2386200
2024-10-18T04:00:00.000Z,58.0046493246,58.502179554,57.8544513167,58.2862701416,1199300
2024-10-21T04:00:00.000Z,58.2111671239,58.6429895133,58.1266805239,58.2299423218,2484900
2024-10-22T04:00:00.000Z,57.9858730943,58.2111683116,57.6103762909,58.0609703064,621200
2024-10-23T04:00:00.000Z,58.0703585757,58.3613651907,57.995257784,58.2768821716,1666800
2024-10-24T04:00:00.000Z,57.9201601801,58.2674923866,57.0095827833,57.5165023804,1246500
2024-10-25T04:00:00.000Z,57.3944670171,57.6948630281,57.0752958078,57.1597824097,1001200
2024-10-28T04:00:00.000Z,57.1222257102,57.5164976693,57.0752895101,57.2442626953,3278500
2024-10-29T04:00:00.000Z,56.8875436602,57.0377416558,56.2304296675,56.5589866638,3145800
2024-10-30T04:00:00.000Z,56.5026637392,56.7373483422,55.9957477182,56.4275665283,2196700
2024-10-31T04:00:00.000Z,56.2961441253,57.0565199527,55.8737111206,56.5402145386,1332600
2024-11-01T04:00:00.000Z,56.5402181919,56.605929599,55.88310054,56.0802383423,797500
2024-11-04T05:00:00.000Z,55.8830948182,56.1365546115,55.291692215,55.582698822,2347500
2024-11-05T05:00:00.000Z,55.3855635572,57.3663020811,55.3855635572,57.25365448,1286100
2024-11-06T05:00:00.000Z,56.5965443423,57.0940745954,56.3524703299,57.000202179,3570300
2024-11-07T05:00:00.000Z,56.9532553416,57.3756883255,56.7091849404,57.0659065247,1976400
2024-11-08T05:00:00.000Z,57.122229952,57.8356731381,57.0471327424,57.7042503357,1194900
2024-11-11T05:00:00.000Z,57.7793501733,58.3144307968,57.7793501733,57.8732261658,509600
2024-11-12T05:00:00.000Z,58.0234230887,58.2017820995,57.6667014861,57.9483222961,3314600
2024-11-13T05:00:00.000Z,58.0609670951,58.2299402892,57.5071113103,57.8262825012,2464100
2024-11-14T05:00:00.000Z,57.8919931754,58.7274733272,57.8732215594,58.4552383423,1421400
2024-11-15T05:00:00.000Z,58.4928017872,58.5491238097,58.1360801267,58.3989257812,2663400
2024-11-18T05:00:00.000Z,58.2329914833,58.7734182255,58.185586644,58.7544555664,2511100
2024-11-19T05:00:00.000Z,58.5174247951,59.3422805316,58.2235090191,59.2569503784,1591900
2024-11-20T05:00:00.000Z,59.3233178735,59.4560528637,59.0199225769,59.2569503784,2757700
2024-11-21T05:00:00.000Z,59.1716286396,59.3991769528,58.6786103083,59.3328094482,2306700
2024-11-22T05:00:00.000Z,59.4750249458,60.0533734519,59.4560622847,59.8542709351,2032800
2024-11-25T05:00:00.000Z,59.9585655962,60.1102632732,59.2095567338,59.6362075806,3815600
2024-11-26T05:00:00.000Z,59.4655380249,60.0059611414,59.1242174004,59.4655380249,2100400
2024-11-27T05:00:00.000Z,59.4465805786,59.9870037424,59.3328082327,59.6172409058,984000
2024-11-28T05:00:00.000Z,59.5887971282,59.7689406001,59.3991777508,59.4276199341,357600
2024-11-29T05:00:00.000Z,59.3138429752,59.4560574972,59.0578524956,59.3422851562,1724300
2024-12-02T05:00:00.000Z,59.266434719,59.9111506809,58.7544573748,59.7784156799,1694000
2024-12-03T05:00:00.000Z,59.8921892409,60.4420955324,59.0483707604,59.0768165588,1287600
2024-12-04T05:00:00.000Z,58.9630378091,59.9395948639,58.8113401526,59.6077537537,2064900
2024-12-05T05:00:00.000Z,59.7310104357,59.8447827762,59.2759174569,59.7215309143,1182600
2024-12-06T05:00:00.000Z,59.6551634095,59.7973815563,59.418135576,59.7120513916,1373200
2024-12-09T05:00:00.000Z,59.7025688613,59.9301135447,58.726011777,58.9820022583,3287200
2024-12-10T05:00:00.000Z,58.8587507992,58.915635162,58.261439672,58.6122398376,1716300
2024-12-11T05:00:00.000Z,58.5079474297,58.716533073,57.7399795918,57.8253097534,1652600
2024-12-12T05:00:00.000Z,57.8347896976,58.033892204,56.8392735491,57.0668182373,3328700
2024-12-13T05:00:00.000Z,56.9340800305,57.4745031555,56.8866751912,57.1331825256,1084700
2024-12-16T05:00:00.000Z,57.0573324672,57.2185096356,56.7634166923,56.7918624878,1036100
2024-12-17T05:00:00.000Z,56.6022441265,57.0857792878,56.497951307,56.8771972656,1040800
2024-12-18T05:00:00.000Z,56.668609399,56.9530420484,56.1945537777,56.2324790955,974400
2024-12-19T05:00:00.000Z,55.8816789248,56.5169153789,55.388660613,56.2229995728,980500
2024-12-20T05:00:00.000Z,56.2229981704,57.0573371093,55.9859703504,56.896156311,3424700
2024-12-23T05:00:00.000Z,56.8108249544,57.1711082458,56.545354959,57.1711082458,1119900
2024-12-24T05:00:00.000Z,56.9340858459,57.0857835173,56.7160206695,56.9340858459,398400
2024-12-27T05:00:00.000Z,56.8866759922,57.3607316255,56.8297880142,57.2185134888,672500
2024-12-31T05:00:00.000Z,56.7254971929,57.05733468,56.5074284251,56.6306838989,858400
2025-01-02T05:00:00.000Z,56.8013508647,57.0573413634,56.4031458336,56.5263977051,669600
2025-01-03T05:00:00.000Z,56.5074350145,57.1616341607,56.5074350145,56.9246063232,637700
2025-01-06T05:00:00.000Z,56.7823819418,56.9246000754,56.0428563273,56.270401001,777700
2025-01-07T05:00:00.000Z,56.5453525595,57.2848781534,56.5263899011,56.9151153564,1023700
2025-01-08T05:00:00.000Z,56.8297920003,57.2754054842,56.4600291591,57.2280006409,783800
2025-01-09T05:00:00.000Z,57.2185126815,57.3133259769,56.8013450322,57.1237030029,1464200
2025-01-10T05:00:00.000Z,56.8392737839,57.0573389513,55.6825768279,55.8627166748,3115400
2025-01-13T05:00:00.000Z,55.6920573586,55.8153092191,55.0947462483,55.5782814026,2593500
2025-01-14T05:00:00.000Z,55.4076247073,55.5024380101,54.9714943644,55.1326751709,1173600
2025-01-15T05:00:00.000Z,55.5119151053,55.8911610666,55.2748872836,55.7015380859,1321900
2025-01-16T05:00:00.000Z,55.777385773,57.1047393339,55.6256845031,57.009929657,1593900
2025-01-17T05:00:00.000Z,57.1521489862,57.8253107695,57.1142272823,57.5408744812,1216400
2025-01-20T05:00:00.000Z,57.5788026229,57.8158304635,57.3417747822,57.4176254272,375600
2025-01-21T05:00:00.000Z,57.5882859264,58.2045561439,57.5408774647,57.8632354736,1408500
2025-01-22T05:00:00.000Z,57.7779013035,57.9864869468,57.3038456536,57.4271011353,2060600
2025-01-23T05:00:00.000Z,57.4081398731,57.7968653708,57.1331867215,57.5693206787,1376300
2025-01-24T05:00:00.000Z,57.4365864686,57.7115360073,57.3417731649,57.6546516418,1437500
2025-01-27T05:00:00.000Z,57.5598363059,59.4086540691,57.5598363059,59.0862960815,2880000
2025-01-28T05:00:00.000Z,58.9440743015,59.1147346148,58.1097390109,58.2898788452,1662500
2025-01-29T05:00:00.000Z,58.2614398827,58.6975702109,57.7210167331,57.815826416,1601900
2025-01-30T05:00:00.000Z,57.9485659637,58.9820075024,57.9296033022,58.7260169983,1377100
2025-01-31T05:00:00.000Z,58.6596454795,59.0578541087,58.470022495,58.6880912781,1161700
2025-02-03T05:00:00.000Z,57.3607332172,59.4845041045,57.3607332172,59.0294075012,2706100
2025-02-04T05:00:00.000Z,58.6880854119,58.6975649326,58.0244068408,58.0812911987,1547400
2025-02-05T05:00:00.000Z,58.2709199799,59.2664361276,58.223515138,59.1052589417,1356500
2025-02-06T05:00:00.000Z,59.3422829364,59.3422829364,58.621719982,59.0957756042,1713700
2025-02-07T05:00:00.000Z,58.9725223346,59.1242199947,58.5363920139,58.9345970154,785400
2025-02-10T05:00:00.000Z,59.067332017,59.6741226575,58.9251174951,59.3422851562,2498900
2025-02-11T05:00:00.000Z,59.2948779167,59.5413852481,58.8777066556,59.5034599304,1741200
2025-02-12T05:00:00.000Z,59.0199319603,59.6456853111,59.0199319603,59.4465827942,1592400
2025-02-13T05:00:00.000Z,59.7310170739,60.2050727649,59.569839875,59.6267242432,2354200
2025-02-14T05:00:00.000Z,59.9680362653,61.0488825062,59.8827061085,60.3377990723,4062600
2025-02-18T05:00:00.000Z,60.2851477673,60.2851477673,58.3416984426,59.2511940002,2045300
2025-02-19T05:00:00.000Z,59.0405720468,59.9117758472,58.7629395637,59.8447570801,1973100
2025-02-20T05:00:00.000Z,59.6341418949,59.9213500633,59.289490632,59.4043731689,3569700
2025-02-21T05:00:00.000Z,59.4330942283,60.1702604927,59.3086360211,60.0553779602,2494200
2025-02-24T05:00:00.000Z,60.0745286882,60.4861950734,59.6437146047,60.064956665,2190600
2025-02-25T05:00:00.000Z,60.1319733925,60.6872420523,60.1319733925,60.5053443909,2026100
2025-02-26T05:00:00.000Z,60.3138723428,60.802125893,59.9405013365,60.3234443665,1324500
2025-02-27T05:00:00.000Z,60.0075135699,60.5244904701,59.7585971429,60.064956665,1934200
2025-02-28T05:00:00.000Z,60.3042969934,60.7734028184,59.6437141859,60.7351074219,3207900
2025-03-03T05:00:00.000Z,60.4766233194,61.3191074948,60.447903596,61.2712364197,4019000
2025-03-04T05:00:00.000Z,61.1755015736,61.7307739066,60.9648805297,61.2712364197,3004700
2025-03-05T05:00:00.000Z,60.9648771989,61.3191041445,60.2277072377,60.8499946594,2459700
2025-03-06T05:00:00.000Z,60.5244885161,60.849992074,59.806466284,59.8351860046,1404700
2025-03-07T05:00:00.000Z,59.7586023862,61.5584496719,59.691587262,61.4627075195,1688000
2025-03-10T04:00:00.000Z,61.5392883804,62.4775072718,61.510568661,62.1137046814,2599000
2025-03-11T04:00:00.000Z,62.0084000556,62.2668921633,61.2137906422,61.2999534607,1800100
2025-03-12T04:00:00.000Z,60.9265824644,61.5680139396,60.6010788891,61.2999534607,1131200
2025-03-13T04:00:00.000Z,61.481855438,62.0658474752,61.4339843645,61.9605369568,3649500
2025-03-14T04:00:00.000Z,61.7977863644,62.4200664892,61.3765442949,61.7594909668,1102000
2025-03-17T04:00:00.000Z,61.5967301872,62.1998735349,61.5967301872,61.9222373962,905100
2025-03-18T04:00:00.000Z,61.7499083953,62.0945596312,61.4435525528,61.8743629456,702500
2025-03-19T04:00:00.000Z,61.7499117689,61.9796768373,61.5680104667,61.9222373962,713700
2025-03-20T04:00:00.000Z,61.9892539978,62.132859908,61.6063073385,61.9892539978,844200
2025-03-21T04:00:00.000Z,62.1615820358,62.4009227941,61.4627038078,61.7977867126,2717500
2025-03-24T04:00:00.000Z,61.702042037,62.2477386514,61.3382467288,61.6158828735,1264800
2025-03-25T04:00:00.000Z,61.366966856,61.5871635598,60.7063877005,60.7351074219,1195200
2025-03-26T04:00:00.000Z,60.6489468753,61.4531356237,60.6489468753,61.0031738281,852700
2025-03-27T04:00:00.000Z,61.2137906422,61.6350290594,61.0031732596,61.2999534607,964900
2025-03-28T04:00:00.000Z,61.4626991199,62.4966528698,61.012741012,62.0562667847,1636800
2025-03-31T04:00:00.000Z,62.0275481194,63.4348728634,62.0275481194,62.7551460266,1936100
2025-04-01T04:00:00.000Z,62.6594036263,63.5689028326,62.4392142329,63.2146759033,1728000
2025-04-02T04:00:00.000Z,63.5210324658,63.5210324658,62.7742905077,63.291267395,776000
2025-04-03T04:00:00.000Z,62.9274717463,64.641145049,62.6498356062,63.8369636536,865000
2025-04-04T04:00:00.000Z,64.1433205178,64.5741309429,62.8604576134,62.9083213806,2763600
2025-04-07T04:00:00.000Z,61.1850684485,62.7455711423,60.5532090222,61.5775871277,2357800
2025-04-08T04:00:00.000Z,62.2190224451,62.6306888479,60.3234440483,60.7446861267,2582300
2025-04-09T04:00:00.000Z,60.0841020969,60.4383290471,58.7055006498,60.0075149536,2535100
2025-04-10T04:00:00.000Z,60.0170845407,60.8404172966,59.5001113015,60.5340614319,1433400
2025-04-11T04:00:00.000Z,60.8116961491,62.0754113223,60.534060012,61.8839416504,1630500
2025-04-14T04:00:00.000Z,61.8839439575,63.1380871547,61.7116183248,62.9849128723,1011600
2025-04-15T04:00:00.000Z,63.0423521042,63.4923138829,62.946617265,63.3199882507,2132400
2025-04-16T04:00:00.000Z,63.5306116207,63.9327023426,63.0519301029,63.2529754639,2009500
2025-04-17T04:00:00.000Z,63.3774319019,64.1146055514,63.3774319019,63.8561134338,2695400
2025-04-21T04:00:00.000Z,63.9231267251,64.1911945108,63.2816952437,63.7508010864,1350900
2025-04-22T04:00:00.000Z,64.0954520222,64.7943302488,64.0380125776,64.7560348511,3305500
2025-04-23T04:00:00.000Z,64.7560321759,64.784751897,63.5976238324,64.2007598877,1357300
2025-04-24T04:00:00.000Z,64.1528989916,64.5645653887,63.645497752,64.4209594727,1500900
2025-04-25T04:00:00.000Z,64.2582049473,64.6411442907,64.1528944367,64.4688186646,1800100
2025-04-28T04:00:00.000Z,64.3635220148,64.554991706,63.6167726893,64.3156509399,2357600
2025-04-29T04:00:00.000Z,64.3443620572,64.7081573434,64.3443620572,64.6602935791,1222800
2025-04-30T04:00:00.000Z,64.8613434586,65.464479521,64.4305330288,65.3591690063,1349200
2025-05-01T04:00:00.000Z,65.263437489,65.7229749677,64.8900664831,64.9092178345,1359900
2025-05-02T04:00:00.000Z,64.7177351977,64.7751819426,63.9326978558,64.219909668,2021000
2025-05-05T04:00:00.000Z,64.2103281639,64.5262596678,63.769942115,64.4496688843,1265400
2025-05-06T04:00:00.000Z,64.2869233983,65.0815363979,64.2869233983,64.650718689,1930200
2025-05-07T04:00:00.000Z,65.0336649707,66.077187072,64.9570741823,65.9048614502,1551900
2025-05-08T04:00:00.000Z,66.2878170812,66.2878170812,64.6220073806,64.6411514282,1987600
2025-05-09T04:00:00.000Z,64.5837123636,64.5932880396,63.7699552082,64.0571670532,933600
2025-05-12T04:00:00.000Z,63.8561081099,63.9326989016,62.1998742379,62.5828208923,2636500
2025-05-13T04:00:00.000Z,62.6498397956,62.6498397956,61.9413858857,62.1232872009,1648700
2025-05-14T04:00:00.000Z,62.2860329048,62.3721993708,61.3286699284,62.1711540222,1590900
2025-05-15T04:00:00.000Z,62.4200628832,63.3199864146,62.0371235375,63.2146759033,1344700
2025-05-16T04:00:00.000Z,63.4031261258,63.751017665,63.103555723,63.6833724976,2994600
2025-05-20T04:00:00.000Z,63.9249646385,64.6110820281,63.780008599,64.2535247803,3590100
2025-05-21T04:00:00.000Z,64.3404952041,64.5627547204,63.8089922341,64.4951095581,2639800
2025-05-22T04:00:00.000Z,64.4178055515,64.5047747426,63.7026911299,63.9346237183,3355600
2025-05-23T04:00:00.000Z,64.2341906433,64.2535146715,63.4321070737,64.1085586548,1691000
2025-05-26T04:00:00.000Z,64.1858719798,64.388807462,63.7993250446,64.0312576294,801800
2025-05-27T04:00:00.000Z,64.0409092018,65.2005498852,64.0409092018,64.8140029907,2582400
2025-05-28T04:00:00.000Z,64.6400702815,64.6787257161,63.7606831079,64.011932373,1158100
2025-05-29T04:00:00.000Z,63.8379858667,64.4178100049,63.606060635,64.3308334351,1292800
2025-05-30T04:00:00.000Z,64.2438583809,65.0169448734,64.1665475198,64.7946853638,4183100
2025-06-02T04:00:00.000Z,64.5337649898,64.9493016647,64.0505831527,64.4951095581,1841900
2025-06-03T04:00:00.000Z,64.7173786686,64.7753581318,64.0215956196,64.1955413818,1322100
2025-06-04T04:00:00.000Z,64.0602430048,64.3308236293,63.4707606275,63.6930274963,1317500
2025-06-05T04:00:00.000Z,63.654378693,63.8669725109,63.113210015,63.461101532,1515300
2025-06-06T04:00:00.000Z,63.4707670901,63.4900911198,62.7846497589,62.8522949219,1839300
2025-06-09T04:00:00.000Z,62.649361021,62.8329651122,62.117858032,62.6010398865,1282500
2025-06-10T04:00:00.000Z,62.6107004349,62.9779159599,62.4850758172,62.7459907532,1628800
2025-06-11T04:00:00.000Z,62.7363213384,62.7846424662,62.243481225,62.5817070007,1576700
2025-06-12T04:00:00.000Z,62.7749790415,63.0842151009,62.5623778682,63.0552253723,1840100
2025-06-13T04:00:00.000Z,63.161527821,63.4900879182,62.8909471826,63.2484970093,1800000
2025-06-16T04:00:00.000Z,63.2871572351,63.6447144616,62.427094124,62.6010398865,1240400
2025-06-17T04:00:00.000Z,62.5043957603,62.5913649423,62.0598694045,62.5237197876,661500
2025-06-18T04:00:00.000Z,62.552725761,62.774985284,62.2821377309,62.6493606567,1079200
2025-06-19T04:00:00.000Z,62.5140694502,62.7749844025,62.1178567985,62.2531471252,337000
2025-06-20T04:00:00.000Z,62.5720471989,62.7653169825,62.0212202058,62.4464225769,2147700
2025-06-23T04:00:00.000Z,62.5237243924,63.3354736816,62.5237243924,63.0842170715,985000
2025-06-24T04:00:00.000Z,62.8812845306,63.0648959896,62.5817141483,62.7943153381,688800
2025-06-25T04:00:00.000Z,62.5720455388,62.6010352683,61.7699619501,61.8182830811,913600
2025-06-26T04:00:00.000Z,61.7313098611,62.2241536915,61.7023164453,62.0888633728,736900
2025-06-27T04:00:00.000Z,62.243484514,62.7846457837,62.2144874121,62.4657440186,970300
2025-06-30T04:00:00.000Z,62.3884394242,62.9296081211,62.2338250628,62.8329658508,999200
2025-07-02T04:00:00.000Z,62.7749880129,62.7846537148,61.7023236658,61.8086242676,1686400
2025-07-03T04:00:00.000Z,61.8472752818,62.282135987,61.7409746876,61.9632415771,478200
2025-07-04T04:00:00.000Z,61.9535764981,62.2048331209,61.8182861719,62.1371879578,259800
2025-07-07T04:00:00.000Z,62.1371918937,62.3207959921,61.8086243858,61.8666038513,912700
2025-07-08T04:00:00.000Z,61.9535769809,62.1661781731,61.4027499705,61.9245872498,919600
2025-07-09T04:00:00.000Z,61.8182871377,62.1661786599,61.6346756752,61.9342460632,654400
2025-07-10T04:00:00.000Z,61.7023208519,62.494738792,61.5960239413,62.2628135681,1102800
2025-07-11T04:00:00.000Z,62.1371895576,62.5237291438,61.9245883616,62.4367599487,1217400
2025-07-14T04:00:00.000Z,62.4754180908,63.026245135,62.3304620534,62.4754180908,1360200
2025-07-15T04:00:00.000Z,62.4754137758,62.6686835639,62.1951674221,62.3594474792,727400
2025-07-16T04:00:00.000Z,62.3691146635,62.6976747857,62.2821380959,62.378780365,720800
2025-07-17T04:00:00.000Z,62.2338217524,62.5140681011,61.9825651341,62.3981018066,1147200
2025-07-18T04:00:00.000Z,62.5720510154,62.9392665757,62.2531492176,62.6686859131,900600
2025-07-21T04:00:00.000Z,63.0745521538,63.7026900005,63.0745521538,63.6447105408,1801600
2025-07-22T04:00:00.000Z,63.8959687986,64.7270421483,63.8089922341,64.4951095581,2484200
2025-07-23T04:00:00.000Z,64.6304088061,64.7850305542,64.0022782292,64.0699234009,1230200
2025-07-24T04:00:00.000Z,64.0795711925,64.804343929,63.9829363021,64.6883850098,1280000
2025-07-25T04:00:00.000Z,64.8430067431,65.171574255,64.6304055366,65.0169525146,737100
2025-07-28T04:00:00.000Z,64.9396374424,65.0556037402,64.0892400439,64.185874939,1359400
2025-07-29T04:00:00.000Z,64.649733027,65.1039251458,64.3211655351,64.9589691162,1835400
2025-07-30T04:00:00.000Z,64.7753583989,65.944657605,64.7173789355,65.5194625854,987800
2025-07-31T04:00:00.000Z,65.2198848214,65.7127323786,65.1715710595,65.5194625854,1165000
2025-08-01T04:00:00.000Z,66.0509557655,67.3555452532,65.8286962488,66.4761581421,2012000
2025-08-05T04:00:00.000Z,67.2782388301,68.5731625602,66.7370701817,67.0946273804,2219300
2025-08-06T04:00:00.000Z,67.0656442978,67.4908393253,66.5341412975,66.9690093994,1499000
2025-08-07T04:00:00.000Z,66.8723573611,67.5971300523,66.6887532928,67.4908294678,1132000
2025-08-08T04:00:00.000Z,67.5488288658,67.964365581,67.4618522928,67.5584945679,1124400
2025-08-11T04:00:00.000Z,67.452180184,67.8870408417,67.3458796014,67.4715042114,621900
2025-08-12T04:00:00.000Z,67.3555479972,67.597138926,66.9593427078,67.287902832,767500
2025-08-13T04:00:00.000Z,67.0753068024,67.5391572417,67.0753068024,67.1429519653,2046400
2025-08-14T04:00:00.000Z,67.1719448859,67.9836868796,67.1429551537,67.7420959473,668300
2025-08-15T04:00:00.000Z,67.9547006051,67.9547006051,67.4715187159,67.7904205322,2230200
2025-08-18T04:00:00.000Z,67.7517589374,68.0030155613,67.2975668232,67.4811782837,1318200
2025-08-19T04:00:00.000Z,67.4665478157,68.0612680059,67.1838188162,67.9150314331,2706400
2025-08-20T04:00:00.000Z,68.0417759281,69.1239712544,68.0320243433,68.7632369995,1901200
2025-08-21T04:00:00.000Z,68.7047322564,69.0849621866,68.7047322564,68.8412246704,2459900
2025-08-22T04:00:00.000Z,68.9289768837,69.2409606535,68.2757620281,68.2952651978,1215600
2025-08-25T04:00:00.000Z,68.2562635948,68.2562635948,67.6225444956,67.8467788696,1211400
2025-08-26T04:00:00.000Z,67.7492816356,67.788280533,66.9205755228,67.1740646362,2229100
2025-08-27T04:00:00.000Z,67.193561524,67.2520635901,66.6280886604,67.2228088379,2204500
2025-08-28T04:00:00.000Z,67.242314617,67.271561932,66.1406161611,66.5013504028,1754700
2025-08-29T04:00:00.000Z,66.559842475,66.9303282869,66.3453596933,66.637840271,1665000
2025-09-02T04:00:00.000Z,66.5598449707,66.8035825137,66.3161074277,66.5598449707,1434500
2025-09-03T04:00:00.000Z,66.61834453,66.7450853698,66.3356080982,66.462348938,1382200
2025-09-04T04:00:00.000Z,66.8523305131,67.0668207331,66.5695940811,66.988822937,2393100
2025-09-05T04:00:00.000Z,67.0960744853,67.3105647259,66.3356144965,66.4721069336,781500
2025-09-08T04:00:00.000Z,66.403859378,66.4136109628,65.5556500178,65.8968811035,1312400
2025-09-09T04:00:00.000Z,65.8383801531,66.4720992162,65.6628888346,66.1796112061,688600
2025-09-10T04:00:00.000Z,66.0723788971,66.4331131877,66.0138842591,66.1991271973,707300
2025-09-11T04:00:00.000Z,66.2673670013,66.3941078509,66.0626283496,66.3648605347,906800
2025-09-12T04:00:00.000Z,66.5208561983,66.686595949,66.3356132779,66.6573486328,509900
2025-09-15T04:00:00.000Z,66.589108666,66.6670990371,66.1211292477,66.316116333,1603500
2025-09-16T04:00:00.000Z,66.1211178939,66.2576103178,65.653138556,65.7018890381,1454700
2025-09-17T04:00:00.000Z,65.6726480007,66.2186177486,65.6726480007,65.8286361694,1110700
2025-09-18T04:00:00.000Z,65.6726429416,66.1016233895,65.467904302,65.6921386719,984700
2025-09-19T04:00:00.000Z,66.2966156663,66.4233565185,65.8871383547,66.2381210327,2735800
2025-09-22T04:00:00.000Z,66.4038633546,66.7060955575,66.1991246909,66.2771224976,1333200
2025-09-23T04:00:00.000Z,66.2576090296,66.5695927693,65.9261295603,66.5305938721,900700
2025-09-24T04:00:00.000Z,66.5891024104,67.3203150689,66.5306003397,67.0083312988,891800
2025-09-25T04:00:00.000Z,66.988830615,67.6323013487,66.988830615,67.2813186646,940800
2025-09-26T04:00:00.000Z,67.4470507841,67.8662796406,67.3398056739,67.4568023682,662500
2025-09-29T04:00:00.000Z,67.3008080137,68.2757581688,67.2813122835,67.973526001,1397800
2025-09-30T04:00:00.000Z,68.1002704967,68.909480954,68.0222726949,68.8217315674,995900
2025-10-01T04:00:00.000Z,68.8997295004,69.1824659536,68.509747929,68.5292510986,917100
2025-10-02T04:00:00.000Z,68.7534829701,68.7534829701,68.100268139,68.4317550659,1036300
2025-10-03T04:00:00.000Z,68.2855097071,69.0849685362,68.2855097071,68.3830032349,755300
2025-10-06T04:00:00.000Z,68.2562648906,68.6852379162,67.525052248,68.6559906006,622300
2025-10-07T04:00:00.000Z,68.6559931035,68.9484811465,68.2660115256,68.5779953003,728000
2025-10-08T04:00:00.000Z,68.60724627,68.636493585,68.0807722846,68.5487442017,724500
2025-10-09T04:00:00.000Z,68.6949895631,68.8607293103,68.2757606834,68.4220046997,601900
2025-10-10T04:00:00.000Z,68.6364923505,69.6991844483,68.3732516434,69.6699371338,773300
2025-10-14T04:00:00.000Z,69.9039231571,70.3329036056,69.6894403711,69.7869338989,1657800
2025-10-15T04:00:00.000Z,69.7089386663,70.3816566784,69.7089386663,70.3524093628,925300
2025-10-16T04:00:00.000Z,70.4889042317,70.7423859346,70.1671688723,70.5083999634,1181700
2025-10-17T04:00:00.000Z,70.4791488692,70.7033832434,70.235411326,70.6546401978,627700
2025-10-20T04:00:00.000Z,70.7521388012,71.1226172156,70.3134141674,70.6156463623,1340000
2025-10-21T04:00:00.000Z,70.5181540431,70.810634658,70.2841606253,70.6058959961,1363800
2025-10-22T04:00:00.000Z,70.4889030076,71.5905940648,70.4499041067,71.0446243286,2172400
2025-10-23T04:00:00.000Z,71.2298533993,71.2688522967,70.4011472848,70.4498977661,1673000
2025-10-24T04:00:00.000Z,70.4791526568,70.722890213,70.0891710791,70.1574172974,878400
2025-10-27T04:00:00.000Z,70.0794119043,70.1964085964,69.3774540665,69.7479324341,2027900
2025-10-28T04:00:00.000Z,69.7186915396,69.9039270213,68.7827402314,68.8802337646,2143300
2025-10-29T04:00:00.000Z,68.7339884622,69.104466857,67.720039371,68.2465133667,1806300
2025-10-30T04:00:00.000Z,68.4220047659,69.016724978,68.4122531813,68.8899841309,1073200
2025-10-31T04:00:00.000Z,68.9972191698,68.9972191698,68.3147570369,68.7339859009,987200
2025-11-03T05:00:00.000Z,68.6169929867,68.8997294397,68.0612716655,68.2367630005,1808400
2025-11-04T05:00:00.000Z,68.3927597902,70.1574173176,68.2367641837,69.4554519653,1500500
2025-11-05T05:00:00.000Z,69.7771797928,70.2061602258,69.3871982571,69.5139465332,1138200
2025-11-06T05:00:00.000Z,69.3969599014,70.4109090658,69.3969599014,70.3134155273,1486900
2025-11-07T05:00:00.000Z,70.1574172974,70.9178772827,70.1086742491,70.1574172974,1043800
2025-11-10T05:00:00.000Z,70.206161499,70.6838849838,69.728430576,70.206161499,1549600
2025-11-11T05:00:00.000Z,70.3329060698,70.8496284801,70.2646598541,70.8203811646,885700
2025-11-12T05:00:00.000Z,71.093363437,71.9805716474,70.771628101,71.8928222656,4013600
2025-11-13T05:00:00.000Z,71.9025663032,72.1463038161,71.2201042424,71.6003341675,2970000
2025-11-14T05:00:00.000Z,71.6978340343,71.8245748745,71.064114957,71.4930953979,3625200
2025-11-17T05:00:00.000Z,71.512764176,72.0537109375,71.4045748237,72.0537109375,2521700
2025-11-18T05:00:00.000Z,71.9946955561,72.2602539742,71.0898459543,71.4832611084,4118900
2025-11-19T05:00:00.000Z,71.4340816544,71.748812278,70.6866011132,71.247215271,2203100
2025-11-20T05:00:00.000Z,71.0209957916,71.512762837,70.8537967971,71.3750686646,1418500
2025-11-21T05:00:00.000Z,71.4734300982,71.8471779049,70.9816629873,71.4636001587,1567200
2025-11-24T05:00:00.000Z,71.4930986149,71.5619457041,70.8931421927,71.365234375,4877600
2025-11-25T05:00:00.000Z,71.5324421905,72.0438766479,71.4242528334,72.0438766479,3000200
2025-11-26T05:00:00.000Z,72.2897585404,72.4176152759,71.7979914755,72.3782730103,834300
2025-11-27T05:00:00.000Z,72.2307460495,72.3389353998,72.0143673488,72.034034729,300900
2025-11-28T05:00:00.000Z,72.2012425546,72.3192618453,71.7783225875,72.0537109375,2281400
2025-12-01T05:00:00.000Z,72.1225575155,72.2209094249,71.5521059353,71.8668365479,1728500
2025-12-02T05:00:00.000Z,72.0438762256,72.0438762256,70.8636382514,71.0800094604,2837100
2025-12-03T05:00:00.000Z,71.0800091596,71.306225314,69.8309241006,70.1161499023,2835000
2025-12-04T05:00:00.000Z,70.1161462388,70.6767603704,69.8505878321,69.9391098022,1147800
2025-12-05T05:00:00.000Z,69.821082741,69.821082741,69.3489905813,69.5161895752,1316600
2025-12-08T05:00:00.000Z,69.3588261388,69.3686635815,68.9064013225,69.0047607422,2109500
2025-12-09T05:00:00.000Z,68.9949199538,69.4080024829,68.3752886564,68.4736480713,1581500
2025-12-10T05:00:00.000Z,68.4933177988,68.6605168039,67.9228661893,67.9720458984,1569400
2025-12-11T05:00:00.000Z,67.9720470276,68.5621660283,67.9720470276,68.1097412109,1145300
2025-12-12T05:00:00.000Z,68.2966149415,69.0834377727,68.1195784913,69.0047607422,1790700
2025-12-15T05:00:00.000Z,68.9457421241,69.8899340037,68.9457421241,69.8801040649,1126600
2025-12-16T05:00:00.000Z,69.8899331875,69.9194380109,69.1719574715,69.3883361816,1360700
2025-12-17T05:00:00.000Z,69.4375058802,70.0866419873,68.8965666281,70.0079574585,1470900
2025-12-18T05:00:00.000Z,69.7817377082,70.0669634826,69.6440435418,69.712890625,1142300
2025-12-19T05:00:00.000Z,69.9292815963,69.9686238655,68.8080531849,68.9457473755,3997800
2025-12-22T05:00:00.000Z,68.7391989255,69.2801456921,68.2277644857,69.2506408691,1896700
2025-12-23T05:00:00.000Z,69.2014600408,69.8014164436,69.2014600408,69.7719116211,832200
2025-12-24T05:00:00.000Z,69.68339369,69.8801050241,69.476852417,69.476852417,302500
2025-12-29T05:00:00.000Z,69.8309237898,70.2636812117,69.6538873448,69.8112564087,1906600
2025-12-30T05:00:00.000Z,69.8112503177,70.3128472816,69.7227283511,70.1358108521,749900
2025-12-31T05:00:00.000Z,70.3226917393,70.3226917393,69.9686188449,70.1849975586,786500
2026-01-02T05:00:00.000Z,70.4308779935,70.5882395487,69.9096061175,70.0768051147,666500
2026-01-05T05:00:00.000Z,69.8899332521,70.076807139,68.5621636702,69.2703094482,1085900
2026-01-06T05:00:00.000Z,69.2211304843,69.9096088887,68.9555795666,69.8801040649,684300
2026-01-07T05:00:00.000Z,69.8210830688,70.2636779124,69.5555321657,69.8210830688,1384100
2026-01-08T05:00:00.000Z,69.8014183974,70.8833044395,69.8014183974,70.4013748169,1080800
2026-01-09T05:00:00.000Z,70.3521943535,70.9619882088,70.3521943535,70.4505462646,529000
2026-01-12T05:00:00.000Z,70.5587404381,70.627587531,69.6538907875,70.1063156128,1601400
2026-01-13T05:00:00.000Z,70.03746285,70.2931838189,69.2703074473,70.0768051147,1231400
2026-01-14T05:00:00.000Z,70.36203011,71.0406710372,70.2341733789,70.9029693604,2490200
2026-01-15T05:00:00.000Z,71.0898486254,71.384911878,70.3521979977,70.6275863647,1703000
2026-01-16T05:00:00.000Z,70.3915354375,71.1685282791,70.3226883504,71.08984375,1700600
2026-01-19T05:00:00.000Z,71.0603406295,71.3554038689,70.5193938585,71.2963867188,1213700
2026-01-20T05:00:00.000Z,71.2865555818,71.4340796953,70.1063101477,71.2767181396,3560700
2026-01-21T05:00:00.000Z,71.4340785531,71.7389792249,70.8537970394,71.1390228271,1716700
2026-01-22T05:00:00.000Z,71.2963844994,71.6799621964,70.8931394221,70.9029693604,1174800
2026-01-23T05:00:00.000Z,70.9128131655,71.0210025261,70.1948374133,71.001335144,1561200
2026-01-26T05:00:00.000Z,71.2275441017,71.5914544527,70.9324883476,71.3062286377,1985900
2026-01-27T05:00:00.000Z,71.325895054,72.0733831279,71.3062276722,71.7094802856,1191400
2026-01-28T05:00:00.000Z,71.4635940464,71.8766765833,70.9914943586,71.1291885376,2659800
2026-01-29T05:00:00.000Z,71.266879558,71.7389792249,71.0111585925,71.1390228271,2484900
2026-01-30T05:00:00.000Z,71.5422733459,71.5521107887,70.1849988942,71.4045791626,2407000
2026-02-02T05:00:00.000Z,72.2995974667,72.5356435616,70.2341772525,70.843963623,3152100
2026-02-03T05:00:00.000Z,71.0111647489,72.594655378,70.7259464402,72.5553131104,2348900
2026-02-04T05:00:00.000Z,72.6634964214,73.6962102253,72.4667926034,72.9979019165,2528800
2026-02-05T05:00:00.000Z,73.1946098801,74.2469911238,72.9388964029,74.0207824707,1673600
2026-02-06T05:00:00.000Z,73.9224267406,74.2371573533,72.447125587,72.5258026123,1934300
2026-02-09T05:00:00.000Z,72.5553045739,72.7520158889,71.7291395622,72.1815643311,1218700
2026-02-10T05:00:00.000Z,72.2897595415,73.0274101491,72.0438760057,72.7520217896,2046300
2026-02-11T05:00:00.000Z,72.8405298231,73.1060882204,72.3290954153,72.7716827393,1783300
2026-02-12T05:00:00.000Z,73.4208237899,75.99767839,73.2044450823,75.0633239746,3071600
2026-02-13T05:00:00.000Z,75.6731180875,76.3124092667,75.1911809629,76.1452102661,2457800
2026-02-17T05:00:00.000Z,76.412980724,77.4245443935,76.2741388,77.0675201416,3156100
2026-02-18T05:00:00.000Z,77.2559491146,77.3551208332,76.1452061942,76.5419006348,2308700
2026-02-19T05:00:00.000Z,76.4129836954,77.1369441032,76.2939730847,76.7402496338,2138200
2026-02-20T05:00:00.000Z,77.0377675765,77.2063602564,75.6691796871,76.3534698486,2098500
2026-02-23T05:00:00.000Z,76.5319862996,77.6923113736,76.4427340168,77.5931396484,2007800
2026-02-24T05:00:00.000Z,77.702226025,77.8212366277,76.6410727416,77.2063598633,1704900
2026-02-25T05:00:00.000Z,77.3551262159,77.5138070298,76.1749622537,77.1666946411,1780600
2026-02-26T05:00:00.000Z,77.1369381893,77.2559487909,76.6509914739,76.9088439941,2114700
2026-02-27T05:00:00.000Z,77.2460291004,78.3071823706,77.1766081413,77.8212356567,4127100
2026-03-02T05:00:00.000Z,77.6923082714,77.8609085204,77.1865302232,77.3749542236,3231200
2026-03-03T05:00:00.000Z,77.1666922296,77.9799124592,76.3336406821,77.7319793701,3055400
2026-03-04T05:00:00.000Z,77.6427292629,78.1385954549,76.9881822575,78.0790939331,1958600
2026-03-05T05:00:00.000Z,77.7617387994,78.2080153396,76.7600869866,77.6625595093,1414700
2026-03-06T05:00:00.000Z,77.6923058741,77.9799091532,77.0278470394,77.9402389526,1447100
2026-03-09T04:00:00.000Z,77.731978461,78.3964448824,77.3452034519,77.8609085083,1740500
2026-03-10T04:00:00.000Z,77.7716504207,78.307186807,77.5038860107,77.5435562134,1356500
2026-03-11T04:00:00.000Z,77.3551265312,78.02950486,76.9782709463,77.2857055664,1544700
2026-03-12T04:00:00.000Z,77.5237184351,79.0906574136,77.5237184351,78.5055389404,1137100
2026-03-13T04:00:00.000Z,78.7237104544,79.4377589501,78.7237104544,79.2592468262,887000
2026-03-16T04:00:00.000Z,79.2592472745,79.70553137,78.8923111489,79.4377593994,1351800
2026-03-17T04:00:00.000Z,79.5567744298,79.7749567686,79.0014067064,79.1600799561,1445600
2026-03-18T04:00:00.000Z,78.9914866097,79.0113179284,78.0890065003,78.3766098022,863800
2026-03-19T04:00:00.000Z,78.0691720154,78.3369364214,75.9369459438,76.5815734863,2368800
2026-03-20T04:00:00.000Z,76.5914902704,77.0774369878,74.8262003882,75.0245513916,3162900
2026-03-23T04:00:00.000Z,75.0939750032,75.6493426998,74.5286878644,75.0642242432,861000
2026-03-24T04:00:00.000Z,74.9055475525,75.8179395518,74.6972846548,75.2129821777,782700
2026-03-25T04:00:00.000Z,75.7683539921,76.452644177,75.3518282158,75.847694397,1218500
2026-03-26T04:00:00.000Z,75.9865352709,76.6014044845,75.8179350212,76.462562561,655700
2026-03-27T04:00:00.000Z,76.2939691,76.6609127891,76.0559554574,76.6509933472,1179000
2026-03-30T04:00:00.000Z,77.1567821044,78.1584263594,77.0774416982,77.4146270752,1563800
2026-03-31T04:00:00.000Z,77.35512064,77.8509867979,76.5319810019,76.9683456421,1293000
2026-04-01T04:00:00.000Z,77.037771809,77.6228902831,76.4328144501,77.5336380005,1021900
2026-04-02T04:00:00.000Z,78.1286703237,78.7137963222,77.7418953273,78.36668396,1612600
2026-04-06T04:00:00.000Z,78.1980921205,78.6642075227,77.9997486825,78.1782608032,1098900
2026-04-07T04:00:00.000Z,78.0394245095,79.3782617282,78.0394245095,78.9220657349,934300
2026-04-08T04:00:00.000Z,78.5352862076,79.0708225776,77.6030553893,78.6542892456,1495800
2026-04-09T04:00:00.000Z,78.8823923084,79.5766019293,78.5947890179,78.6443786621,1004900
2026-04-10T04:00:00.000Z,78.4261973474,80.0228870625,78.4261973474,79.0609054565,883500
2026-04-13T04:00:00.000Z,79.0410634104,79.0410634104,77.612974005,77.8113174438,1595800
2026-04-14T04:00:00.000Z,77.6427258622,77.9600799086,77.0575998467,77.741897583,1118500
2026-04-15T04:00:00.000Z,77.4443742767,77.8113179639,77.1369396746,77.5038833618,877400
2026-04-16T04:00:00.000Z,77.5733076339,77.7716510825,76.6906664248,77.2956237793,1103200
2026-04-17T04:00:00.000Z,77.1071934333,77.3749578498,76.1948014491,77.2857055664,1348300
2026-04-20T04:00:00.000Z,77.3947956226,77.731980999,76.0757897451,76.3237228394,1229000
2026-04-21T04:00:00.000Z,76.2245473071,76.4427296298,75.331986699,75.8080215454,1834300
2026-04-22T04:00:00.000Z,75.9270254352,76.313800442,74.9055423369,75.133644104,1333500
2026-04-23T04:00:00.000Z,75.2824034147,76.918755676,75.272483973,76.8493347168,1608100
2026-04-24T04:00:00.000Z,76.7402475139,77.1766121748,76.284051535,76.3931427002,1417600
2026-04-27T04:00:00.000Z,76.3633901332,76.7204143807,76.0162853277,76.1650466919,2969400
2026-04-28T04:00:00.000Z,76.7402468564,77.29562212,76.4526435657,76.6410751343,2302900
2026-04-29T04:00:00.000Z,76.3237190894,76.9088450977,76.095624891,76.3534698486,1476700
2026-04-30T04:00:00.000Z,76.7005801818,77.3650466402,76.5617382512,77.0377731323,1988300
2026-05-01T04:00:00.000Z,76.9286820879,77.8410740815,76.789840157,77.0972747803,604900
2026-05-04T04:00:00.000Z,76.8493398873,77.4642166858,76.4427335466,76.869178772,3475000
2026-05-05T04:00:00.000Z,77.1865297655,78.0890022596,76.9286772388,77.6823959351,1940200
2026-05-06T04:00:00.000Z,77.5038833783,77.5435535796,75.9270250335,75.9865341187,1607300
2026-05-07T04:00:00.000Z,76.0460395182,76.1848814467,75.4609134771,76.0162887573,964000
2026-05-08T04:00:00.000Z,75.9369447332,76.6609126683,75.7286818504,76.1055374146,1716900
2026-05-11T04:00:00.000Z,76.1551312526,76.8493409002,76.1551312526,76.2543029785,1554500
