Date,Open,High,Low,Close,Volume
2021-01-04T05:00:00.000Z,45.1018178662,46.4578557019,44.6588474377,44.9029312134,46102500
2021-01-05T05:00:00.000Z,44.7040506944,45.9516065439,44.5955686267,45.7527198792,24866600
2021-01-06T05:00:00.000Z,45.5990336117,47.1449194523,45.382069477,46.195690155,36809600
2021-01-07T05:00:00.000Z,46.5482536134,47.6330809675,46.3764866384,47.1810684204,32092300
2021-01-08T05:00:00.000Z,47.4161365559,47.4884568001,46.3493862262,46.6929168701,34625400
2021-01-11T05:00:00.000Z,46.3674537808,47.2262784188,46.3312919448,46.593460083,32925000
2021-01-12T05:00:00.000Z,46.9189159792,48.6817626128,46.6115472292,48.1303100586,39883900
2021-01-13T05:00:00.000Z,53.7895053091,54.4675242836,51.4390409103,51.4842414856,124070700
2021-01-14T05:00:00.000Z,52.8402798947,54.3680814223,52.2888239055,53.5634994507,74680900
2021-01-15T05:00:00.000Z,53.2018848253,53.9251077875,51.9814521117,52.0537757874,50265400
2021-01-19T05:00:00.000Z,52.37922301,52.7408344982,51.6198416437,52.4244270325,35647100
2021-01-20T05:00:00.000Z,52.65043777,53.536382197,52.5148325884,53.0391654968,28701300
2021-01-21T05:00:00.000Z,53.3736512731,57.8124150865,52.6323508484,56.4654159546,86519500
2021-01-22T05:00:00.000Z,53.2018946618,53.89799465,51.2130414939,51.2220802307,85729300
2021-01-25T05:00:00.000Z,50.9689456589,51.0774277256,48.8716073096,50.1191596985,61968500
2021-01-26T05:00:00.000Z,49.9745134847,50.8062184874,49.5857823609,49.9112319946,31485900
2021-01-27T05:00:00.000Z,49.3688108731,49.5857749641,48.1845367599,48.4467048645,49722900
2021-01-28T05:00:00.000Z,49.5315502731,51.8910570131,49.4501878528,50.6887016296,49202600
2021-01-29T05:00:00.000Z,50.607330849,51.6740808729,50.0468361844,50.1824378967,37256200
2021-02-01T05:00:00.000Z,50.5802220458,51.8820173861,50.3632544314,51.2491989136,26926600
2021-02-02T05:00:00.000Z,51.7012023626,52.6865900146,51.4209567446,52.4334640503,23580900
2021-02-03T05:00:00.000Z,52.3340247858,52.7317981304,51.8729733938,52.1441802979,21893200
2021-02-04T05:00:00.000Z,52.3970239785,53.5521054528,52.0150268638,53.470249176,29853800
2021-02-05T05:00:00.000Z,53.6612473444,53.7340100231,52.8608752261,52.9154472351,23432600
2021-02-08T05:00:00.000Z,53.0973515404,53.8613423349,52.7062608082,53.8067703247,34358300
2021-02-09T05:00:00.000Z,53.4520537093,53.9431913257,52.6971566171,53.4611473083,28754100
2021-02-10T05:00:00.000Z,53.9341008004,54.0432413496,52.860875569,53.5339164734,16325100
2021-02-11T05:00:00.000Z,53.7521985373,55.4711804341,53.5339174348,55.1710395813,27539100
2021-02-12T05:00:00.000Z,55.1164632612,56.8536322227,54.9618477815,56.2169761658,26214200
2021-02-16T05:00:00.000Z,56.3897886534,57.1810637486,56.1169355313,56.8172607422,26326300
2021-02-17T05:00:00.000Z,55.9259352886,56.5625913784,55.6712693832,56.2533569336,21055400
2021-02-18T05:00:00.000Z,55.1619410558,56.3715910201,55.1528439868,56.0350723267,17846100
2021-02-19T05:00:00.000Z,56.3079252779,57.5357659078,56.2533532726,57.3083877563,28290100
2021-02-22T05:00:00.000Z,56.280646239,57.0264463674,55.1710396468,55.2165145874,32288200
2021-02-23T05:00:00.000Z,55.0073289179,55.9350323092,53.8158660051,55.5894165039,27374600
2021-02-24T05:00:00.000Z,55.0527996081,57.5539593962,54.9163747922,57.4721031189,24669900
2021-02-25T05:00:00.000Z,56.7626893743,57.7904397313,54.6890014589,54.9345703125,36394000
2021-02-26T05:00:00.000Z,55.3802288389,56.1078383193,54.2797192829,55.2801818848,38216800
2021-03-01T05:00:00.000Z,56.1351242638,57.3720620757,56.0714586531,57.190158844,28495400
2021-03-02T05:00:00.000Z,57.117396387,57.4266308412,55.5803211859,55.6985588074,23320000
2021-03-03T05:00:00.000Z,55.1528500834,55.9532222382,54.2979093865,54.4798126221,28740400
2021-03-04T05:00:00.000Z,54.4161450824,54.7890451409,52.66987894,53.0518760681,40210400
2021-03-05T05:00:00.000Z,53.8977230336,55.6439892852,53.2155884838,55.2438049316,39511700
2021-03-08T05:00:00.000Z,54.9982226117,56.1169225831,54.3160882289,54.4343223572,33112400
2021-03-09T05:00:00.000Z,55.6439850263,57.4539132836,55.334750582,56.9991569519,36387500
2021-03-10T05:00:00.000Z,57.4993891519,58.3179519006,56.5080202538,56.6171607971,27160300
2021-03-11T05:00:00.000Z,57.2447194613,58.290656827,56.7444882456,57.5812416077,30701800
2021-03-12T05:00:00.000Z,56.9809767561,57.5721579783,56.6080766571,57.20835495,20173000
2021-03-15T04:00:00.000Z,57.8541020764,58.0996709161,56.8263517775,58.0178146362,21247400
2021-03-16T04:00:00.000Z,58.3452452352,59.7822770686,58.2815796192,58.9182357788,30186600
2021-03-17T04:00:00.000Z,58.4089059569,60.2915969443,57.9450525429,59.8277435303,32394700
2021-03-18T04:00:00.000Z,59.691317483,59.754983096,57.8904861782,57.9632453918,30094200
2021-03-19T04:00:00.000Z,57.4630163259,59.1092321973,57.2265410659,57.9905319214,54951700
2021-03-22T04:00:00.000Z,58.954600344,60.3734376325,58.7181251496,59.6913032532,34380100
2021-03-23T04:00:00.000Z,60.0278350313,60.0733134395,57.4539125608,57.7358627319,35160000
2021-03-24T04:00:00.000Z,60.5553507698,61.3375321635,56.3806877835,56.4261627197,74584700
2021-03-25T04:00:00.000Z,56.0805491383,56.7899678859,55.4620802667,56.4079742432,35401400
2021-03-26T04:00:00.000Z,56.207884362,59.0910414352,56.1806000912,59.0000915527,34705800
2021-03-29T04:00:00.000Z,58.2179073287,59.2365570673,57.8541008768,58.6635665894,26161600
2021-03-30T04:00:00.000Z,57.9996261597,58.2088136674,57.4357292487,57.9996261597,20709500
2021-03-31T04:00:00.000Z,58.217902153,58.6544643052,57.8268114662,58.2088050842,33013200
2021-04-01T04:00:00.000Z,58.8636685476,59.0182840557,57.826824528,58.7090530396,31416300
2021-04-05T04:00:00.000Z,59.0728380937,60.7008664115,58.8454599534,60.5189666748,27947500
2021-04-06T04:00:00.000Z,60.0824037271,60.5553541932,59.3820820364,59.6276473999,28771400
2021-04-07T04:00:00.000Z,59.7276918932,60.5462546363,59.4457452025,60.2552108765,17793300
2021-04-08T04:00:00.000Z,60.9100483146,61.2010920136,60.3552451793,60.9828109741,22224200
2021-04-09T04:00:00.000Z,60.7554332982,62.2106518032,60.600810911,62.0833206177,27177100
2021-04-12T04:00:00.000Z,62.0287524469,62.2925119162,58.8545556255,59.4912185669,51266900
2021-04-13T04:00:00.000Z,59.6731336516,59.6913208539,58.3998143803,59.3184242249,26822000
2021-04-14T04:00:00.000Z,59.4002643329,59.4639299359,58.0632832006,58.3816146851,25768400
2021-04-15T04:00:00.000Z,58.1815248308,59.3184156335,57.9177653319,59.1365089417,24927700
2021-04-16T04:00:00.000Z,59.4184606001,59.5912632779,58.7272290722,58.8909416199,24625500
2021-04-19T04:00:00.000Z,58.8454702435,58.881851585,57.3629670071,57.8722953796,23997700
2021-04-20T04:00:00.000Z,57.8813918617,57.9905324221,56.7626915761,57.0264511108,19872100
2021-04-21T04:00:00.000Z,57.1082911752,58.0087066147,56.66262852,57.9359474182,24364200
2021-04-22T04:00:00.000Z,57.6176295675,58.126957941,56.6444512323,56.9082107544,38257600
2021-04-23T04:00:00.000Z,53.8067615626,54.5707522327,52.6607772923,53.879524231,77479500
2021-04-26T04:00:00.000Z,53.7521970912,54.1341942145,53.170109541,53.4429626465,39645900
2021-04-27T04:00:00.000Z,53.2610617572,53.3247273648,52.5425459348,52.7244491577,38167700
2021-04-28T04:00:00.000Z,52.3151666109,52.8972541358,51.9786479111,52.4061164856,30387400
2021-04-29T04:00:00.000Z,52.6425942614,53.024587917,52.2696942058,53.0063972473,23290600
2021-04-30T04:00:00.000Z,52.3970272077,53.1428273443,51.905889517,52.3242645264,30731800
2021-05-03T04:00:00.000Z,52.6244030677,52.6425937372,51.696699738,52.0786933899,22281700
2021-05-04T04:00:00.000Z,51.7330796252,51.8240295008,50.7599013837,51.7512702942,35323600
2021-05-05T04:00:00.000Z,51.8058345954,52.1150690047,51.3510783153,51.7057876587,21001900
2021-05-06T04:00:00.000Z,51.8137732857,52.3902963011,51.4751819552,52.3353881836,25529300
2021-05-07T04:00:00.000Z,52.8020987487,53.0857819633,52.381146985,52.7746429443,19959000
2021-05-10T04:00:00.000Z,52.2987990954,52.3720064458,51.1366031721,51.218963623,35046500
2021-05-11T04:00:00.000Z,50.377050457,50.9078185208,49.6907146102,50.3679008484,35968100
2021-05-12T04:00:00.000Z,49.7730703425,50.0110020351,48.8854082809,49.0684318542,30232300
2021-05-13T04:00:00.000Z,49.4527869237,49.7730755927,48.9220188541,49.4253311157,29192500
2021-05-14T04:00:00.000Z,49.9652487713,51.1091418612,49.6541097112,50.6515846252,28158300
2021-05-17T04:00:00.000Z,50.5966724818,51.1457396871,50.1116595099,50.6332778931,20010200
2021-05-18T04:00:00.000Z,51.2006530643,51.3745235493,50.1482700733,50.1848754883,18703400
2021-05-19T04:00:00.000Z,49.4802376156,50.7247938157,49.2697617128,50.660736084,23769700
2021-05-20T04:00:00.000Z,50.8529086152,51.4660370988,50.6607354226,51.2006530762,23145200
2021-05-21T04:00:00.000Z,51.6307614515,51.89614551,51.2281123046,51.3196258545,17723100
2021-05-24T04:00:00.000Z,51.841236637,52.5184193966,51.6124580172,52.1249198914,19164400
2021-05-25T04:00:00.000Z,52.6739879548,52.6739879548,51.6307545702,52.0425567627,22309900
2021-05-26T04:00:00.000Z,52.2072799152,52.3720007994,51.786328096,52.0883140564,15173600
2021-05-27T04:00:00.000Z,52.2621779961,52.9668164228,52.161514865,52.8295478821,32387600
2021-05-28T04:00:00.000Z,52.6648350885,52.7563486266,52.1066147241,52.2713356018,20303900
2021-06-01T04:00:00.000Z,52.7197393279,52.9119125075,51.7863222531,52.0608558655,20326400
2021-06-02T04:00:00.000Z,52.0791655068,52.7929536922,51.9418969369,52.6007804871,18483600
2021-06-03T04:00:00.000Z,52.1432204824,52.253033238,51.3287691876,51.4660377502,21831300
2021-06-04T04:00:00.000Z,51.7497208795,52.8478589055,51.740571271,52.5001144409,21493800
2021-06-07T04:00:00.000Z,52.5367252264,52.5641775453,51.9602020929,52.243888855,17364400
2021-06-08T04:00:00.000Z,52.5733240986,52.7471945816,51.7954747475,52.1615219116,33254500
2021-06-09T04:00:00.000Z,52.4909636612,52.6007764141,52.1340695961,52.1615219116,13904800
2021-06-10T04:00:00.000Z,52.298790004,53.1040881725,52.0974637164,52.5092658997,26738100
2021-06-11T04:00:00.000Z,52.5916282263,53.0217296413,52.1157682964,52.9393692017,18119700
2021-06-14T04:00:00.000Z,53.0949395775,53.2596604539,52.3719983409,53.2505073547,21784500
2021-06-15T04:00:00.000Z,53.2688124335,53.4609856343,52.8936156406,53.067489624,20806500
2021-06-16T04:00:00.000Z,53.2139030342,53.4152258257,51.9510442019,52.3628463745,21879700
2021-06-17T04:00:00.000Z,52.2072784987,52.9851278731,51.8869898386,52.3262443542,21498800
2021-06-18T04:00:00.000Z,51.8686835282,51.9327412558,50.4228011269,50.9444160461,55118300
2021-06-21T04:00:00.000Z,51.0176286539,51.2830126721,50.6698841986,51.1274414062,19254600
2021-06-22T04:00:00.000Z,51.1914991361,51.5026381769,50.78885005,51.1274414062,18682800
2021-06-23T04:00:00.000Z,51.1274418533,51.2189553902,50.541769181,50.5692214966,20287900
2021-06-24T04:00:00.000Z,50.7797059776,51.3379228994,50.642437404,51.3104705811,21209700
2021-06-25T04:00:00.000Z,51.2647103863,51.6216044526,51.0176290732,51.1640472412,21101200
2021-06-28T04:00:00.000Z,51.5758532353,52.8295591097,51.5575505266,52.6007804871,22480900
2021-06-29T04:00:00.000Z,52.6648339066,52.9210683167,51.1365945086,51.9327430725,26360000
2021-06-30T04:00:00.000Z,51.5575544022,51.5941598224,50.6881948729,51.3745307922,29891600
2021-07-01T04:00:00.000Z,51.3653704368,51.8320772283,51.1274387463,51.2555541992,24871600
2021-07-02T04:00:00.000Z,51.749721335,52.1523739263,51.5392454309,51.9418945312,17219400
2021-07-06T04:00:00.000Z,52.0883089916,52.1706694257,50.9718718184,51.3287658691,26186600
2021-07-07T04:00:00.000Z,51.5849974826,51.6582083099,50.9810221214,51.2098007202,14857400
2021-07-08T04:00:00.000Z,50.6149831171,50.9901799141,50.1391231689,50.6881904602,19162000
2021-07-09T04:00:00.000Z,50.797997127,51.3470678434,50.6149770458,51.2372550964,18708000
2021-07-12T04:00:00.000Z,51.4843390476,51.941896287,51.3470739702,51.9144439697,15392800
2021-07-13T04:00:00.000Z,51.8137781547,52.4360562477,51.5575472309,52.0425567627,15716000
2021-07-14T04:00:00.000Z,52.3170894261,52.5824734442,51.5483966688,51.7222671509,16263600
2021-07-15T04:00:00.000Z,51.61246182,51.61246182,50.8529150707,51.0725440979,18917000
2021-07-16T04:00:00.000Z,51.2921623927,52.0974640573,50.2397829073,50.3038406372,25263800
2021-07-19T04:00:00.000Z,49.7913818329,50.1574290442,49.3887326932,50.0018577576,27007700
2021-07-20T04:00:00.000Z,50.2580825661,50.8437587306,49.6632602841,50.5509223938,19867000
2021-07-21T04:00:00.000Z,50.4960130516,51.5026374988,50.3404417877,51.4568824768,18497200
2021-07-22T04:00:00.000Z,51.3013142543,51.7405687451,50.9535698066,51.2098007202,36691000
2021-07-23T04:00:00.000Z,49.9469506894,50.06591306,47.8787899809,48.5010681152,67742300
2021-07-26T04:00:00.000Z,48.3271918583,49.9103393232,48.2814333464,49.6998634338,32881200
2021-07-27T04:00:00.000Z,48.6108786194,48.6840894511,47.8696381489,48.6657867432,39878000
2021-07-28T04:00:00.000Z,48.5285152834,49.342966537,48.4461548481,48.565120697,28478800
2021-07-29T04:00:00.000Z,48.94032104,49.5076910294,48.7939028656,49.1416473389,16886600
2021-07-30T04:00:00.000Z,49.095892523,49.3246711396,48.72984534,49.1599502563,16465700
2021-08-02T04:00:00.000Z,49.4070273236,49.8462818107,48.995225151,49.1233406067,18098100
2021-08-03T04:00:00.000Z,49.3155171377,49.562598458,48.7389940569,49.4710884094,16375900
2021-08-04T04:00:00.000Z,49.6449536971,49.8188241676,49.1416415006,49.3246650696,17612700
2021-08-05T04:00:00.000Z,49.7280983759,49.755729089,49.3504634043,49.6359901428,15310000
2021-08-06T04:00:00.000Z,49.6083509489,49.8570378652,49.4886120232,49.6636123657,19256000
2021-08-09T04:00:00.000Z,49.8109899373,50.1149382974,49.580724644,49.7833557129,14670100
2021-08-10T04:00:00.000Z,49.9583623463,50.0965194218,49.2859845607,49.6820411682,16215700
2021-08-11T04:00:00.000Z,49.9767716133,50.0688798275,49.5899276542,49.8662452698,18590800
2021-08-12T04:00:00.000Z,49.8938760159,49.9030885941,49.0557105905,49.3136100769,15070100
2021-08-13T04:00:00.000Z,49.2767757472,49.3320406858,48.8715100714,49.2675666809,15281100
2021-08-16T04:00:00.000Z,49.0280892648,49.2675671542,48.8162456017,49.2491455078,17690300
2021-08-17T04:00:00.000Z,48.9728172214,48.9820298,48.0978119833,48.530708313,22014900
2021-08-18T04:00:00.000Z,48.4478139074,48.8438704733,47.9964959224,48.0701789856,15061700
2021-08-19T04:00:00.000Z,47.9412284831,48.5122853686,47.508332165,48.3004417419,22999400
2021-08-20T04:00:00.000Z,48.0425490044,48.2451835799,47.3609622137,47.9043884277,25728300
2021-08-23T04:00:00.000Z,48.438605237,49.313614018,48.3372879499,49.0280838013,23976300
2021-08-24T04:00:00.000Z,49.3320363488,49.7096712789,49.1017710618,49.5623016357,20348800
2021-08-25T04:00:00.000Z,49.8109885673,49.9491456314,49.4886150574,49.5623016357,15048400
2021-08-26T04:00:00.000Z,49.5070348423,49.5070348423,48.7886082982,48.9359779358,19570000
2021-08-27T04:00:00.000Z,49.1478288052,49.6820425026,48.742559607,49.6359901428,16525000
2021-08-30T04:00:00.000Z,49.9767804789,50.5386283878,49.5162498668,49.6820411682,14581300
2021-08-31T04:00:00.000Z,50.1425689223,50.1978338574,49.4241423327,49.7925682068,22350100
2021-09-01T04:00:00.000Z,49.838614913,49.8846672636,49.3043978074,49.4333457947,18615000
2021-09-02T04:00:00.000Z,49.5530909451,49.6359865921,49.13861271,49.4886169434,15869500
2021-09-03T04:00:00.000Z,49.2215100354,49.810992164,49.1109836734,49.2859840393,13456200
2021-09-07T04:00:00.000Z,49.3412456722,49.6912498941,49.2215067386,49.414932251,13915000
2021-09-08T04:00:00.000Z,49.4886172081,49.663617569,48.8070338966,49.3412475586,18235100
2021-09-09T04:00:00.000Z,49.4241438607,49.6359875151,49.1294045577,49.1846694946,13495800
2021-09-10T04:00:00.000Z,49.5991405534,50.6399406164,49.5623007784,49.589931488,20324700
2021-09-13T04:00:00.000Z,50.299150439,51.1096852424,50.1149375045,50.6491546631,22639200
2021-09-14T04:00:00.000Z,50.9991518994,51.0636258951,49.9859860993,50.2162513733,22072700
2021-09-15T04:00:00.000Z,50.3544121543,50.796524605,50.1241468633,50.7688903809,18796200
2021-09-16T04:00:00.000Z,50.5294159889,50.6123116341,49.9583590513,50.5017852783,19863100
2021-09-17T04:00:00.000Z,50.2807279871,50.2807279871,49.4333499076,49.976776123,35359200
2021-09-20T04:00:00.000Z,49.0096685266,49.2767771338,48.189924572,48.7978248596,35051900
2021-09-21T04:00:00.000Z,49.0004583942,49.2307237029,48.6596667212,48.6965065002,17968900
2021-09-22T04:00:00.000Z,49.1846630282,49.6175593462,48.8162371912,49.2767677307,18594100
2021-09-23T04:00:00.000Z,49.5070385332,50.0136214806,49.3688779504,49.7649345398,16474300
2021-09-24T04:00:00.000Z,49.534660862,50.1241393565,49.4886085134,49.9399299622,12976200
2021-09-27T04:00:00.000Z,49.6820307042,50.5386177433,49.5715043644,50.3451957703,13899900
2021-09-28T04:00:00.000Z,49.9030998116,50.2807347912,49.7004652082,49.7373085022,24691300
2021-09-29T04:00:00.000Z,49.7373063617,49.7833587204,48.9820364351,49.2675666809,20514300
2021-09-30T04:00:00.000Z,49.516247587,49.7188821713,49.0557169961,49.0741386414,20534100
2021-10-01T04:00:00.000Z,49.4149344683,49.8386217744,48.8622956437,49.6083564758,19895100
2021-10-04T04:00:00.000Z,49.6728328339,50.0412587345,48.8899321873,49.2491455078,27353300
2021-10-05T04:00:00.000Z,49.3228277676,50.0504669768,49.2583537631,49.6912536621,18129400
2021-10-06T04:00:00.000Z,49.2583529111,49.8017791635,48.8807179569,49.7188835144,20059600
2021-10-07T04:00:00.000Z,50.0320394244,50.6491521978,49.8478264989,49.9030914307,20704400
2021-10-08T04:00:00.000Z,50.2438849176,50.2715191413,49.4609843473,49.5623016357,16068000
2021-10-11T04:00:00.000Z,49.5623070324,50.114942376,49.2030901942,49.2215118408,14398800
2021-10-12T04:00:00.000Z,49.3412408922,49.4794014571,47.9043843682,48.0517539978,32784300
2021-10-13T04:00:00.000Z,48.245181045,48.4293939664,47.7754379199,48.1346511841,18534000
2021-10-14T04:00:00.000Z,48.7241301576,49.7372958907,48.5675479546,49.6451911926,26586700
2021-10-15T04:00:00.000Z,49.9215173048,50.1886258937,49.5623040021,50.1609916687,25231100
2021-10-18T04:00:00.000Z,49.9123046401,50.2530998103,49.4794082698,50.1702041626,22407600
2021-10-19T04:00:00.000Z,50.3175663536,50.8609925159,50.078088512,50.8517799377,18392900
2021-10-20T04:00:00.000Z,50.8886267868,51.1096830012,50.7320480832,50.9991531372,16850300
2021-10-21T04:00:00.000Z,50.5938906354,51.6438998129,50.5017859233,51.5794258118,38390900
2021-10-22T04:00:00.000Z,46.4122702772,46.559639919,45.2609438523,45.555683136,109971900
2021-10-25T04:00:00.000Z,45.8964796277,46.1175323401,45.4175273993,45.5096321106,43178800
2021-10-26T04:00:00.000Z,45.5004250043,45.5372647823,44.1464639065,44.4688339233,68405400
2021-10-27T04:00:00.000Z,44.6898886651,44.9662063151,44.0911974955,44.1096191406,41081500
2021-10-28T04:00:00.000Z,44.3398797938,44.5425143555,44.1004054591,44.2846183777,31317200
2021-10-29T04:00:00.000Z,44.3030397179,45.3898921513,44.1372484306,45.1319961548,42301000
2021-11-01T04:00:00.000Z,45.5004232548,45.6846326781,45.1319973809,45.6385803223,28013700
2021-11-02T04:00:00.000Z,45.6938489161,45.9609575203,45.3438446593,45.9241142273,27193300
2021-11-03T04:00:00.000Z,45.9885860973,46.467538344,45.7859515085,46.412273407,23962100
2021-11-04T04:00:00.000Z,46.5959090926,46.697927415,46.122899292,46.6608314514,24806000
2021-11-05T04:00:00.000Z,46.8834276123,47.8387204469,46.8741545047,47.2265892029,36816200
2021-11-08T05:00:00.000Z,47.7274180838,48.2189776609,47.3564336622,47.8108901978,31647800
2021-11-09T05:00:00.000Z,47.8016095591,48.0149263639,47.0874601491,47.4862709045,22508400
2021-11-10T05:00:00.000Z,47.2822335768,47.6624946345,47.0318172405,47.0781898499,25040700
2021-11-11T05:00:00.000Z,47.3100630893,47.3657123512,46.7535846224,46.8648796082,25420000
2021-11-12T05:00:00.000Z,46.9297939931,47.2080367173,46.5402598402,46.6608314514,23884800
2021-11-15T05:00:00.000Z,46.7535809124,46.9576246518,46.4846148082,46.6701087952,24695800
2021-11-16T05:00:00.000Z,46.7164819754,47.4399081794,46.6886591153,46.93907547,30927800
2021-11-17T05:00:00.000Z,46.9297933149,47.2451319981,46.3547652001,46.5866317749,23546900
2021-11-18T05:00:00.000Z,46.5959167654,46.5959167654,45.4180339301,46.0765342712,30658200
2021-11-19T05:00:00.000Z,46.0023303878,46.1229020062,45.6684454676,45.9281349182,27607600
2021-11-22T05:00:00.000Z,45.9559670542,47.1616728671,45.8261223027,46.2156600952,33389600
2021-11-23T05:00:00.000Z,46.5217088305,46.7906749029,45.1119596492,45.5385932922,44713300
2021-11-24T05:00:00.000Z,45.3160049389,46.1692722546,45.1026881099,46.1507225037,26035800
2021-11-26T05:00:00.000Z,45.3531121844,45.612801666,44.6296859258,45.2418136597,25269000
2021-11-29T05:00:00.000Z,45.7240905628,46.4938893352,45.1861619171,46.3733177185,31478900
2021-11-30T05:00:00.000Z,45.909590707,46.7443119533,45.1490684773,45.6313514709,49460800
2021-12-01T05:00:00.000Z,46.2249310947,46.6608414875,45.000675582,45.0748710632,35093500
2021-12-02T05:00:00.000Z,45.084139565,46.1785501344,44.8244501208,45.9095840454,37240800
2021-12-03T05:00:00.000Z,46.0765260938,46.4289642786,45.2232552575,45.6777153015,32224900
2021-12-06T05:00:00.000Z,45.8910353424,47.4955517302,45.6127961403,47.2915115356,40336000
2021-12-07T05:00:00.000Z,50.6953133363,51.0106520542,48.4230199463,48.7569084167,91731500
2021-12-08T05:00:00.000Z,48.7569057918,49.0444216343,47.6532221077,47.996383667,37143400
2021-12-09T05:00:00.000Z,47.5790226362,47.8479887245,46.7721279093,46.8185005188,31694200
2021-12-10T05:00:00.000Z,47.1523873601,47.3657041869,46.4196881258,46.9205207825,23783600
2021-12-13T05:00:00.000Z,47.1616627045,47.3193338245,46.3269451084,46.3733177185,35726900
2021-12-14T05:00:00.000Z,46.2063724841,46.6237330421,45.742639317,46.0950775146,34120400
2021-12-15T05:00:00.000Z,46.2527405429,47.0967346824,45.7519114606,46.9947128296,32590300
2021-12-16T05:00:00.000Z,47.0596438848,47.6717715307,46.9112494111,47.1431159973,33132300
2021-12-17T05:00:00.000Z,46.9205261387,47.3193369807,46.382593919,46.948348999,50102300
2021-12-20T05:00:00.000Z,46.2898504685,46.49389422,45.4087566316,46.0023345947,30140300
2021-12-21T05:00:00.000Z,46.3176721743,47.1523933753,46.3176721743,47.0874710083,31956300
2021-12-22T05:00:00.000Z,46.9668912812,47.319329454,46.5680805026,47.2729568481,23307900
2021-12-23T05:00:00.000Z,47.3749819657,47.977832959,47.3471555699,47.5882987976,25198200
2021-12-27T05:00:00.000Z,47.6254058317,48.2839097697,47.5790332118,48.1726112366,20985400
2021-12-28T05:00:00.000Z,48.1633244896,48.3395418102,47.8850853116,48.0056533813,19290400
2021-12-29T05:00:00.000Z,48.0520412181,48.358103327,47.9129198262,48.0705909729,14174800
2021-12-30T05:00:00.000Z,48.1540546527,48.3580983965,47.9036418336,47.9871139526,18359400
2021-12-31T05:00:00.000Z,48.1262262176,48.3766425456,47.7274154216,47.7645149231,16319000
2022-01-03T05:00:00.000Z,47.9036414222,49.3690365081,47.8572652714,49.3504867554,33857600
2022-01-04T05:00:00.000Z,49.6843752616,50.0275368424,48.8311078633,49.2855644226,45681400
2022-01-05T05:00:00.000Z,50.2593972689,52.095780109,49.9255123745,49.9626083374,59109300
2022-01-06T05:00:00.000Z,50.6489387594,50.704584477,49.5452515207,50.0924568176,35757900
2022-01-07T05:00:00.000Z,50.2594044473,50.4448984404,49.2948420513,49.5638046265,30717200
2022-01-10T05:00:00.000Z,50.0553613112,51.2981663932,49.4432336462,51.2054176331,49260800
2022-01-11T05:00:00.000Z,51.474383704,52.0123158986,50.7602341722,51.8546447754,39795200
2022-01-12T05:00:00.000Z,52.0679639659,52.1978086979,50.8344354738,51.6969795227,29136800
2022-01-13T05:00:00.000Z,51.9381174712,52.1328845626,50.7973342441,50.9550018311,29605400
2022-01-14T05:00:00.000Z,50.8715329923,51.7248039598,50.5747440135,51.6598815918,30151500
2022-01-18T05:00:00.000Z,51.2981685923,51.6135073144,50.7138637613,50.7880592346,35313800
2022-01-19T05:00:00.000Z,50.6674902653,50.8715304668,49.6751015034,49.7307472229,30595100
2022-01-20T05:00:00.000Z,49.9533388381,50.1666556769,48.1726015828,48.2653503418,28582600
2022-01-21T05:00:00.000Z,48.3024498454,49.2762888182,48.1818782277,48.2653503418,46372400
2022-01-24T05:00:00.000Z,47.7459774736,48.348832145,46.2620324117,48.1726112366,64198400
2022-01-25T05:00:00.000Z,47.3100581717,47.8758132258,46.6051852843,47.3007850647,44095400
2022-01-26T05:00:00.000Z,47.4213559661,48.8960276197,47.0689177588,47.9407348633,54895400
2022-01-27T05:00:00.000Z,46.3547766109,46.4289756314,44.3143495432,44.5647659302,89642800
2022-01-28T05:00:00.000Z,44.2494212862,44.7038813809,42.941693798,44.2679710388,61945400
2022-01-31T05:00:00.000Z,44.2215966831,45.3252803867,43.8784351178,45.2789077759,51828400
2022-02-01T05:00:00.000Z,45.2418077918,45.4736743812,44.8522736198,45.3994789124,35386100
2022-02-02T05:00:00.000Z,44.7502589618,45.9837911143,44.6018644622,45.9188652039,37962700
2022-02-03T05:00:00.000Z,45.6777158109,46.085799714,44.7502495,44.7780723572,42145800
2022-02-04T05:00:00.000Z,44.7266818385,45.0818048359,44.0444742152,44.866859436,32431500
2022-02-07T05:00:00.000Z,44.9790080795,45.4743086997,44.8201358496,45.0257339478,27558500
2022-02-08T05:00:00.000Z,44.8388237889,45.7359732303,44.7640631179,45.6144866943,28051200
2022-02-09T05:00:00.000Z,46.1004486178,46.6985483113,45.6331827866,46.6424751282,35217300
2022-02-10T05:00:00.000Z,45.9602627373,46.6611614124,45.5677576255,45.6612129211,32762700
2022-02-11T05:00:00.000Z,45.7453191593,45.8948440617,44.3902477263,44.5117378235,37208200
2022-02-14T05:00:00.000Z,44.7827488923,45.0257290848,44.0257806399,44.4650115967,28456900
2022-02-15T05:00:00.000Z,44.5771559205,45.2873983343,44.1005428307,45.2687072754,35837900
2022-02-16T05:00:00.000Z,44.9135877071,45.3154365599,44.4837004835,45.0724563599,26022900
2022-02-17T05:00:00.000Z,44.7266805937,45.1004910751,44.2781058771,44.4556655884,32030600
2022-02-18T05:00:00.000Z,43.1660061727,43.1846972294,41.5959930595,42.0912971497,76520100
2022-02-22T05:00:00.000Z,41.7642097473,42.4370735406,40.9792031768,41.7642097473,57093300
2022-02-23T05:00:00.000Z,42.2127827324,42.7174305572,41.6333742474,41.7268295288,38176700
2022-02-24T05:00:00.000Z,41.0259336018,43.726729022,40.7736096731,43.6613121033,72740100
2022-02-25T05:00:00.000Z,43.8575573062,44.6612548516,43.2220756919,44.5864906311,39266300
2022-02-28T05:00:00.000Z,43.9229832628,44.6892988558,43.782802103,44.5771560669,41946100
2022-03-01T05:00:00.000Z,44.4276283779,44.7640602883,43.1940470827,43.7547645569,53853000
2022-03-02T05:00:00.000Z,44.4089352592,45.7826976416,44.3715531454,45.6705513,46936500
2022-03-03T05:00:00.000Z,45.0257318945,45.3715075815,44.5023929253,44.792098999,36389900
2022-03-04T05:00:00.000Z,44.2687551089,45.109834865,44.2687551089,44.9229278564,38310700
2022-03-07T05:00:00.000Z,44.8668537632,45.3621578605,44.4836960077,44.5584602356,43813700
2022-03-08T05:00:00.000Z,44.567803221,45.5303730312,43.8201787798,44.3902435303,44813900
2022-03-09T05:00:00.000Z,45.2406712769,45.2873971405,43.8201829219,44.5117378235,36076500
2022-03-10T05:00:00.000Z,44.1940034467,44.2126945079,43.1379816634,43.6052474976,36456000
2022-03-11T05:00:00.000Z,44.0631674872,44.1846540316,42.7735128482,42.8295860291,27082100
2022-03-14T04:00:00.000Z,42.8949955897,42.969756253,41.3997431095,41.4931983948,35993900
2022-03-15T04:00:00.000Z,41.5866519822,41.9604660103,41.1848031498,41.8763580322,34448900
2022-03-16T04:00:00.000Z,42.3342733226,43.5772018433,42.3062385204,43.5772018433,38885500
2022-03-17T04:00:00.000Z,43.2874983966,44.193995084,42.736124674,44.0538139343,28555000
2022-03-18T04:00:00.000Z,43.7547652653,44.4836987065,43.3155343123,44.3435211182,46237100
2022-03-21T04:00:00.000Z,44.352861985,44.7547107957,43.988395288,44.2874450684,32910900
2022-03-22T04:00:00.000Z,44.390248541,45.2967452836,44.2967968122,45.2219810486,27923300
2022-03-23T04:00:00.000Z,45.2873962825,46.3340741443,44.9135858161,45.1098365784,37126400
2022-03-24T04:00:00.000Z,45.4743077806,48.2685588496,45.4088908534,48.2405204773,51677900
2022-03-25T04:00:00.000Z,47.3714024435,48.5769489847,47.1471168704,48.4367713928,33239800
2022-03-28T04:00:00.000Z,47.9975368046,48.1937875575,47.2499123427,48.137714386,22932400
2022-03-29T04:00:00.000Z,48.5956403376,48.8666553413,47.9227764845,48.8292732239,27303700
2022-03-30T04:00:00.000Z,48.8292694718,49.0722460862,47.8667031952,48.062953949,24623300
2022-03-31T04:00:00.000Z,47.84801505,47.9040846602,46.2686544827,46.3153839111,43698300
2022-04-01T04:00:00.000Z,46.5677032899,46.6331202054,44.2313746937,44.960308075,46598600
2022-04-04T04:00:00.000Z,45.0163806316,46.0069853047,44.7827477566,45.9789505005,23784900
2022-04-05T04:00:00.000Z,45.6331689553,45.7733465232,44.8761972548,44.9789962769,25779200
2022-04-06T04:00:00.000Z,44.3341760829,45.0163836963,44.1472726222,44.4276313782,31518700
2022-04-07T04:00:00.000Z,44.3248256822,44.7734003375,43.7080350856,44.4463157654,24117000
2022-04-08T04:00:00.000Z,44.1846499097,44.4650122227,43.7828010638,43.9416732788,22167300
2022-04-11T04:00:00.000Z,43.8295305415,44.2033410175,43.4837513058,43.5211334229,30352500
2022-04-12T04:00:00.000Z,44.2220346138,44.7734083952,43.3716110083,43.4557189941,29861400
2022-04-13T04:00:00.000Z,43.6893468388,44.1753036378,43.5024398291,43.9323234558,22171300
2022-04-14T04:00:00.000Z,43.6893494851,43.6893494851,42.6333278469,42.6800537109,36181800
2022-04-18T04:00:00.000Z,42.5492173337,43.8201807226,42.5398735875,43.5865478516,25593100
2022-04-19T04:00:00.000Z,43.5491702841,44.8575159246,43.3061936414,44.792098999,31483100
2022-04-20T04:00:00.000Z,45.1939409346,45.5584076252,44.8388179898,44.960308075,22787100
2022-04-21T04:00:00.000Z,45.436917748,45.6985889761,44.296791812,44.3902435303,27316900
2022-04-22T04:00:00.000Z,44.3435188917,44.5304258983,43.4557132836,43.4930953979,28219900
2022-04-25T04:00:00.000Z,43.1847070781,44.0538218056,43.1566722691,43.9790611267,35999300
2022-04-26T04:00:00.000Z,43.6332712802,43.773452421,42.5305239051,42.5398712158,35356600
2022-04-27T04:00:00.000Z,42.5024866299,43.0445165401,42.0632557416,42.2595100403,28320900
2022-04-28T04:00:00.000Z,42.7921991897,44.1753054126,42.5585663095,43.7734565735,41097000
2022-04-29T04:00:00.000Z,42.044578429,42.3903541243,40.6521247706,40.7362327576,70765900
2022-05-02T04:00:00.000Z,40.8577159029,42.0445712655,40.6614615901,42.0165328979,45446500
2022-05-03T04:00:00.000Z,41.8576652425,42.5118379821,41.3343263378,42.1099891663,40158400
2022-05-04T04:00:00.000Z,42.1099892524,43.5865471188,41.5025423719,43.4930953979,44625600
2022-05-05T04:00:00.000Z,42.9514936419,43.2434897484,41.5668755202,42.0095748901,52996700
2022-05-06T04:00:00.000Z,41.9059642267,42.5276304203,41.2937156391,41.7269973755,40916600
2022-05-09T04:00:00.000Z,41.265460926,41.6328086565,40.3800550187,40.5684394836,44925800
2022-05-10T04:00:00.000Z,41.7740908342,42.1414421272,40.9734614162,41.4538383484,42770000
2022-05-11T04:00:00.000Z,41.4632664282,41.717584938,40.2952855234,40.3423843384,40351700
2022-05-12T04:00:00.000Z,40.2481835699,40.4177292147,39.5700009906,40.3517951965,42329600
2022-05-13T04:00:00.000Z,40.8981118024,41.2937195594,40.4742512249,41.0676574707,32034100
2022-05-16T04:00:00.000Z,40.8981107139,41.0770775774,40.3047044839,40.5778617859,25071900
2022-05-17T04:00:00.000Z,41.2748753337,41.8400250916,41.1147508864,41.8211898804,28596600
2022-05-18T04:00:00.000Z,41.4255834409,41.4255834409,39.7678081321,39.8902549744,35218400
2022-05-19T04:00:00.000Z,39.8619996038,40.2199297204,39.2968498138,39.5700035095,29181000
2022-05-20T04:00:00.000Z,39.7960648491,39.8337424593,37.968743875,39.2309150696,44802300
2022-05-23T04:00:00.000Z,39.2685927208,39.7960685321,38.9295049776,39.5605888367,27199500
2022-05-24T04:00:00.000Z,39.2780082327,39.4569714818,38.7128548895,39.24974823,29837500
2022-05-25T04:00:00.000Z,39.0331060585,40.050379886,38.9860108464,39.748966217,26283100
2022-05-26T04:00:00.000Z,39.7207056999,41.1430048003,39.6359364751,40.9546203613,28826700
2022-05-27T04:00:00.000Z,41.0582375207,41.9624786377,41.0205599092,41.9624786377,30553300
2022-05-31T04:00:00.000Z,41.6799024015,42.1508617506,41.1147526197,41.8400268555,41111500
2022-06-01T04:00:00.000Z,42.1697008698,42.3204077189,41.0017200942,41.548034668,29885500
2022-06-02T04:00:00.000Z,41.6233852695,42.2733114597,41.3879055989,42.2356338501,28727600
2022-06-03T04:00:00.000Z,41.548040501,41.6799085633,40.8227625648,40.8698577881,33174700
2022-06-06T04:00:00.000Z,41.265464528,41.482105424,40.577864225,40.8227615356,25437100
2022-06-07T04:00:00.000Z,40.5590173032,41.0582330248,40.1822484158,41.0017166138,25168700
2022-06-08T04:00:00.000Z,39.7960577745,39.8054753788,38.6469160215,38.8353004456,59649900
2022-06-09T04:00:00.000Z,38.6280835372,38.9483360326,37.686164856,37.686164856,39047200
2022-06-10T04:00:00.000Z,37.5354569427,37.7521013952,36.9043731689,36.9043731689,43066200
2022-06-13T04:00:00.000Z,36.3109587338,36.5558595645,35.4820694185,35.5762634277,50335900
2022-06-14T04:00:00.000Z,35.8023261105,35.9812929526,35.3596267907,35.7269744873,31351700
2022-06-15T04:00:00.000Z,36.3203899761,36.894957422,35.71755893,36.4051628113,37652300
2022-06-16T04:00:00.000Z,35.5103368932,35.5951097227,34.7850590388,35.171245575,45576500
2022-06-17T04:00:00.000Z,35.3031117797,35.9059391615,34.4742223333,34.8227348328,71393200
2022-06-21T04:00:00.000Z,35.1900843678,35.8211681929,35.1618279557,35.5385932922,34004900
2022-06-22T04:00:00.000Z,35.1618243121,35.5762672173,35.0582126875,35.2089195251,32571000
2022-06-23T04:00:00.000Z,35.4255670982,35.4349847054,34.7662232111,35.2371826172,30163000
2022-06-24T04:00:00.000Z,35.6516210144,36.3957376426,35.5480129767,36.3674812317,38159900
2022-06-27T04:00:00.000Z,36.6123805075,36.7913473681,36.2356151664,36.3863220215,29585300
2022-06-28T04:00:00.000Z,36.3392235305,36.7536664462,35.5480117145,35.58568573,37824200
2022-06-29T04:00:00.000Z,35.3596289984,35.416141821,34.8698308413,35.1241493225,25437200
2022-06-30T04:00:00.000Z,35.0487981361,35.7929148601,34.5966775375,35.2371826172,35141000
2022-07-01T04:00:00.000Z,34.9357633377,35.0393749655,33.7960426184,34.2293243408,40596300
2022-07-05T04:00:00.000Z,33.8431376936,34.6060931007,33.4757899916,34.5589942932,33215000
2022-07-06T04:00:00.000Z,34.6814437719,35.2465935143,34.3423524892,34.8415718079,26258300
2022-07-07T04:00:00.000Z,35.6893021036,36.1037486676,35.5385952421,35.9247817993,33165400
2022-07-08T04:00:00.000Z,35.4726619274,35.9247825211,35.2183434198,35.7834968567,22566300
2022-07-11T04:00:00.000Z,35.4726570318,35.4820746375,34.8792472626,35.0393753052,25904300
2022-07-12T04:00:00.000Z,35.4632403183,35.5103355344,34.8415741231,35.0487937927,30546300
2022-07-13T04:00:00.000Z,34.549578034,35.2560170555,34.4930616187,35.0487937927,27059200
2022-07-14T04:00:00.000Z,34.8415734973,35.9436166264,34.1822297037,35.5197525024,36690700
2022-07-15T04:00:00.000Z,36.0472258266,36.4239911167,35.5385889121,36.3768959045,32892300
2022-07-18T04:00:00.000Z,36.8290176189,37.0550796749,36.2921242782,36.4616699219,30814400
2022-07-19T04:00:00.000Z,37.0362401511,38.3643452724,36.9608885294,37.8839683533,53095300
2022-07-20T04:00:00.000Z,37.8745423695,38.3078240211,37.2622974948,38.2042160034,36387900
2022-07-21T04:00:00.000Z,38.1571258571,38.2889974965,37.5072032323,38.2513198853,29661200
2022-07-22T04:00:00.000Z,38.025257119,38.1571251628,36.6783130833,36.9232139587,41350000
2022-07-25T04:00:00.000Z,36.9985692583,37.1210197082,36.3109689665,36.8855400085,32263400
2022-07-26T04:00:00.000Z,36.8290230538,37.2717260325,36.6218033644,36.6971549988,35925500
2022-07-27T04:00:00.000Z,36.9891485128,38.0723528834,36.9514709017,37.8462944031,42571600
2022-07-28T04:00:00.000Z,37.7615174211,37.7897738298,36.7725035939,37.4035873413,56662300
2022-07-29T04:00:00.000Z,33.5323076186,34.4930652193,33.1932198711,34.2010726929,125292400
2022-08-01T04:00:00.000Z,33.9561704213,35.5009166056,33.9561704213,34.8133163452,52513400
2022-08-02T04:00:00.000Z,34.4648059432,34.5307399658,33.9090737573,33.9184913635,53929400
2022-08-03T04:00:00.000Z,33.9938357257,34.464794933,33.2120417169,34.3988609314,59513900
2022-08-04T04:00:00.000Z,34.2609157811,34.346544434,33.6424898472,33.9279174805,54046300
2022-08-05T04:00:00.000Z,33.632966345,33.9564518948,33.4712253849,33.6710243225,40205100
2022-08-08T04:00:00.000Z,33.642485292,34.2133404813,33.4902569996,33.6615142822,41534600
2022-08-09T04:00:00.000Z,33.5092847222,33.5853970508,32.7291142993,32.8432846069,48202300
2022-08-10T04:00:00.000Z,33.2904604747,33.6805457294,32.9098879012,33.6520004272,42243300
2022-08-11T04:00:00.000Z,33.9088835266,34.5273129994,33.7661715455,33.8613128662,35569700
2022-08-12T04:00:00.000Z,34.0611160898,34.384601702,33.9374294539,34.3560600281,37675200
2022-08-15T04:00:00.000Z,34.3465382641,34.6605111449,33.9754820445,34.5748825073,25400600
2022-08-16T04:00:00.000Z,34.4036291953,34.8032307596,33.9659732771,34.4321708679,25000200
2022-08-17T04:00:00.000Z,34.0706290407,34.3275149688,33.5568571846,34.0420837402,29176100
2022-08-18T04:00:00.000Z,33.9469381054,34.5653675163,33.8422804855,34.4416809082,24598200
2022-08-19T04:00:00.000Z,34.0611121888,34.2799401324,33.4807406897,33.6615142822,31425500
2022-08-22T04:00:00.000Z,33.2999757749,33.3570627542,32.0916619327,32.1963195801,51006100
2022-08-23T04:00:00.000Z,32.3295136552,32.7195988772,32.2629140048,32.3009719849,30687100
2022-08-24T04:00:00.000Z,32.3200049333,32.3390339257,31.9679740188,32.21534729,25105700
2022-08-25T04:00:00.000Z,32.2248557921,33.2333704798,32.1772851321,33.1953125,29799100
2022-08-26T04:00:00.000Z,33.2523999857,33.3285123171,31.7301134357,31.7396297455,44851500
2022-08-29T04:00:00.000Z,31.6159456054,31.7872029011,31.2163476684,31.3400306702,32976800
2022-08-30T04:00:00.000Z,31.435172183,31.4637138527,30.5884021079,30.6930561066,40182500
2022-08-31T04:00:00.000Z,30.8167439785,30.8167439785,30.2268597948,30.3695735931,44074500
2022-09-01T04:00:00.000Z,30.0365725111,30.2839439334,29.6179438106,30.2173442841,36440700
2022-09-02T04:00:00.000Z,30.6454884344,30.807233047,29.5513468321,29.7035751343,34893300
2022-09-06T04:00:00.000Z,29.8653148254,29.8653148254,28.8568019748,28.885345459,46989600
2022-09-07T04:00:00.000Z,28.9424326547,29.2944617258,28.5904035835,29.1612606049,37329500
2022-09-08T04:00:00.000Z,28.8948593433,29.3515441926,28.4572016683,29.256401062,37359500
2022-09-09T04:00:00.000Z,29.6750311773,29.9699732632,29.5703735471,29.9319152832,34069500
2022-09-12T04:00:00.000Z,30.1983149237,30.312487046,29.5894017776,30.0270576477,38305500
2022-09-13T04:00:00.000Z,29.3325188765,29.4276620191,27.8292630315,27.8673210144,71417900
2022-09-14T04:00:00.000Z,28.1146882181,28.3240034766,27.6009181963,27.7626609802,40767200
2022-09-15T04:00:00.000Z,27.7341167271,27.9814881436,27.3154880365,27.4391746521,39919100
2022-09-16T04:00:00.000Z,27.305979742,27.8958639868,27.0395792935,27.8197498322,72748000
2022-09-19T04:00:00.000Z,27.6104329378,28.067117809,27.4962608127,28.0100326538,33151900
2022-09-20T04:00:00.000Z,27.6580042666,27.7531474041,27.3154896976,27.5533466339,31129000
2022-09-21T04:00:00.000Z,27.7341179043,28.1527466127,27.077632264,27.087146759,39977300
2022-09-22T04:00:00.000Z,27.0205483936,27.1156915338,26.6780356292,26.706577301,36092700
2022-09-23T04:00:00.000Z,26.5448341392,26.5448341392,25.8693213007,26.1832923889,43491100
2022-09-26T04:00:00.000Z,26.2213500319,26.3545511598,25.5553516513,25.6600074768,44786400
2022-09-27T04:00:00.000Z,26.0691173283,26.2594035848,25.3270049204,25.5838890076,44121400
2022-09-28T04:00:00.000Z,25.5553526454,25.9549524152,25.3079811865,25.8122367859,40433400
2022-09-29T04:00:00.000Z,25.4792358831,25.4792358831,24.9178933636,25.0986633301,41831300
2022-09-30T04:00:00.000Z,25.0225489233,25.2794348495,24.4897498951,24.5182933807,43821000
2022-10-03T04:00:00.000Z,25.0510942569,25.9264079179,24.8037228076,25.6600074768,44096200
2022-10-04T04:00:00.000Z,26.0976634799,26.4496907312,25.7741778996,26.354549408,42427500
2022-10-05T04:00:00.000Z,26.0405783497,26.4877487395,25.58389165,26.2974624634,30120000
2022-10-06T04:00:00.000Z,26.1071794146,26.4116360211,25.6885506733,25.8598079681,33985100
2022-10-07T04:00:00.000Z,24.8988634908,25.0035211206,24.4041206411,24.4707202911,57215500
2022-10-10T04:00:00.000Z,24.6800351341,24.7276057934,23.8713212232,23.9759788513,43409300
2022-10-11T04:00:00.000Z,23.7952098692,24.2423802889,23.4907532588,23.8237533569,48134900
2022-10-12T04:00:00.000Z,23.8332623802,24.280434546,23.46220617,24.0996627808,39634100
2022-10-13T04:00:00.000Z,23.5288072882,25.5363203759,23.3956079869,25.1367206573,62447000
2022-10-14T04:00:00.000Z,25.1747795615,25.3365223655,24.508781168,24.6514949799,48185400
2022-10-17T04:00:00.000Z,25.0320630265,25.4506917351,24.8988637252,25.1367206573,39416500
2022-10-18T04:00:00.000Z,25.4411788112,25.6504922711,24.2994665554,24.6134376526,51126900
2022-10-19T04:00:00.000Z,24.4897520367,24.974980446,24.4421813713,24.7371234894,33882300
2022-10-20T04:00:00.000Z,24.8798339778,25.6409772262,24.6895495268,24.8132343292,33247700
2022-10-21T04:00:00.000Z,24.5944093419,25.7361216293,24.5373241812,25.6600074768,53058700
2022-10-24T04:00:00.000Z,25.4506937226,26.1452355831,25.2318657635,25.8598079681,43831600
2022-10-25T04:00:00.000Z,25.859806317,26.2213480604,25.6885490331,26.0786342621,32205300
2022-10-26T04:00:00.000Z,25.8693204503,26.4496901308,25.6790341787,25.8883476257,37111100
2022-10-27T04:00:00.000Z,26.1166941247,26.2498934375,24.8608078905,24.9940090179,56305100
2022-10-28T04:00:00.000Z,26.8112364819,27.8007204793,26.5067798673,27.6580066681,91695700
2022-10-31T04:00:00.000Z,27.6675170654,27.762660197,26.6875458945,27.0490894318,59507700
2022-11-01T04:00:00.000Z,27.4011193933,27.4486918712,26.5353202569,26.9254055023,44418700
2022-11-02T04:00:00.000Z,26.8968640073,27.4486920519,26.0786355288,26.0881500244,51956100
2022-11-03T04:00:00.000Z,26.1166916145,26.5258040094,25.8502911999,26.0596046448,39678200
2022-11-04T04:00:00.000Z,26.5851385411,27.231204738,26.4308542409,27.1926345825,43051900
2022-11-07T05:00:00.000Z,27.3469189107,27.4529882177,26.893707169,27.3951320648,34389800
2022-11-08T05:00:00.000Z,27.7326277448,27.9158410286,26.9322773022,27.4626293182,36258000
2022-11-09T05:00:00.000Z,27.2119157339,27.2890578755,26.5369224548,26.5369224548,30544800
2022-11-10T05:00:00.000Z,27.8483415644,28.764406194,27.6265581158,28.6969070435,62943900
2022-11-11T05:00:00.000Z,27.896557011,29.5358281653,27.8387008581,29.3429737091,49826500
2022-11-14T05:00:00.000Z,29.2561879951,29.8829681844,29.1019036975,29.2658309937,39395300
2022-11-15T05:00:00.000Z,29.9890341501,30.2204605566,29.0922556752,29.6129646301,40933200
2022-11-16T05:00:00.000Z,29.0344015251,29.1501138167,28.3883354061,28.4751205444,35582800
2022-11-17T05:00:00.000Z,28.0315524822,28.8801178893,27.9640533374,28.822259903,31983300
2022-11-18T05:00:00.000Z,29.179048199,29.179048199,28.5522679592,28.802980423,27122200
2022-11-21T05:00:00.000Z,28.600477817,28.6583339668,27.8772695071,27.9061985016,36086800
2022-11-22T05:00:00.000Z,28.0990534753,28.7933346429,28.0219113276,28.7547626495,25584100
2022-11-23T05:00:00.000Z,28.667976923,29.0054745017,28.4365504849,28.6101207733,23143900
2022-11-25T05:00:00.000Z,28.6197628339,28.6197628339,28.2919082642,28.2919082642,11314900
2022-11-28T05:00:00.000Z,28.060484618,28.1472697679,27.5204895598,27.7037010193,28267900
2022-11-29T05:00:00.000Z,27.8194149431,28.1376265441,27.7133437964,27.8676280975,24361500
2022-11-30T05:00:00.000Z,27.7422702447,29.0054735337,27.211916399,28.9958305359,72072500
2022-12-01T05:00:00.000Z,29.1597599483,29.3911863956,28.4654806064,28.7644062042,38896300
2022-12-02T05:00:00.000Z,28.127982886,28.3786953293,27.6844141513,28.3594093323,31546000
2022-12-05T05:00:00.000Z,28.3690525398,28.6872641356,27.857984651,28.1279830933,34040400
2022-12-06T05:00:00.000Z,28.1472703182,28.2629826276,27.3276337964,27.5783462524,27701200
2022-12-07T05:00:00.000Z,27.2697781002,27.5301317204,27.1444209505,27.3179912567,28239900
2022-12-08T05:00:00.000Z,27.3083466777,27.5783451206,27.0672772305,27.4240608215,28486100
2022-12-09T05:00:00.000Z,27.3758462894,27.751915884,27.182991832,27.2312049866,25641300
2022-12-12T05:00:00.000Z,27.1251337226,27.6844147734,26.8647801143,27.6651306152,35117900
2022-12-13T05:00:00.000Z,28.7258368214,29.0151194285,27.3565622586,27.7037010193,58546800
2022-12-14T05:00:00.000Z,27.4915577085,28.0797676997,27.009418854,27.2504882812,37141100
2022-12-15T05:00:00.000Z,26.9419198178,26.9997759656,26.1512123873,26.1801395416,45682700
2022-12-16T05:00:00.000Z,26.035502829,26.170501144,25.5051507293,25.958360672,81104200
2022-12-19T05:00:00.000Z,25.9390713935,26.0065705424,25.553360657,25.8330020905,37662500
2022-12-20T05:00:00.000Z,25.5919325227,25.9101441086,25.4762183827,25.4955043793,31863300
2022-12-21T05:00:00.000Z,25.6401460504,26.0065707938,25.630503052,25.8715724945,28100900
2022-12-22T05:00:00.000Z,25.5051482857,25.5051482857,24.4444423486,25.0422935486,47478300
2022-12-23T05:00:00.000Z,24.9940812718,25.2544367257,24.7626548147,25.1580085754,23600900
2022-12-27T05:00:00.000Z,24.9265796492,25.1676490813,24.7337233678,25.0133647919,29548100
2022-12-28T05:00:00.000Z,24.9169376234,25.1869360601,24.5890830358,24.6276550293,26176900
2022-12-29T05:00:00.000Z,24.8494370124,25.3508618626,24.8301510168,25.2737178802,30944800
2022-12-30T05:00:00.000Z,24.9747910939,25.51478607,24.8783629598,25.4858589172,31030100
2023-01-03T05:00:00.000Z,26.0837131719,26.1029991688,25.4280058274,25.775144577,31308000
2023-01-04T05:00:00.000Z,26.430852457,26.9226343205,26.1897830243,26.6912078857,37665200
2023-01-05T05:00:00.000Z,26.4597843631,26.7876389748,26.4019263686,26.5754966736,33552600
2023-01-06T05:00:00.000Z,26.9322795075,27.8001291681,26.4019256089,27.7037010193,31788600
2023-01-09T05:00:00.000Z,27.8097733939,28.8029802434,27.8097733939,28.2629833221,37493200
2023-01-10T05:00:00.000Z,28.1954817991,28.4558372387,27.8869132067,28.388338089,23008100
2023-01-11T05:00:00.000Z,28.6197660105,28.8126204711,27.9640567982,28.7836933136,30375400
2023-01-12T05:00:00.000Z,28.9090460581,29.2947567843,28.4172641925,29.2079734802,28963900
2023-01-13T05:00:00.000Z,28.8994027153,29.0922589957,28.7451184267,29.0344028473,31361900
2023-01-17T05:00:00.000Z,29.1019026309,29.1790447769,28.4654794665,28.5426216125,34759100
2023-01-18T05:00:00.000Z,28.7354785646,28.7547645626,27.6072734313,27.7808437347,44199600
2023-01-19T05:00:00.000Z,27.5879889196,27.7326302243,27.2312053183,27.4047756195,36886600
2023-01-20T05:00:00.000Z,27.4047736817,28.1858381428,27.2408463909,28.1761951447,35158500
2023-01-23T05:00:00.000Z,28.2822648194,29.4008268024,28.1376235325,29.1886863708,38795800
2023-01-24T05:00:00.000Z,28.8704746549,29.1115440783,28.6679753829,28.8511886597,24855100
2023-01-25T05:00:00.000Z,28.4654792431,28.8222609759,28.1279816672,28.63904953,28268000
2023-01-26T05:00:00.000Z,28.9861905561,29.0344055503,28.2822681937,29.0151195526,56088100
2023-01-27T05:00:00.000Z,26.1030030057,27.2312082459,25.8233633652,27.1540660858,148548200
2023-01-30T05:00:00.000Z,26.7297795008,27.4915598327,26.6815663473,26.9515647888,55145800
2023-01-31T05:00:00.000Z,26.7876372972,27.279419184,26.5465678531,27.2504901886,52621600
2023-02-01T05:00:00.000Z,26.8937052547,28.3786938392,26.6912078146,28.0315532684,63330600
2023-02-02T05:00:00.000Z,28.2051258177,29.2176167781,27.7712000695,29.1115474701,62230700
2023-02-03T05:00:00.000Z,28.5619107522,30.0565406854,28.4751255985,29.2369041443,57603100
2023-02-06T05:00:00.000Z,28.8416101159,28.9392132323,27.9241456624,28.0022277832,48726400
2023-02-07T05:00:00.000Z,27.963185139,28.5683229569,27.7484597773,28.3535957336,50780800
2023-02-08T05:00:00.000Z,28.2559934869,28.4219182165,27.5337315851,27.5630130768,36479100
2023-02-09T05:00:00.000Z,27.9924676862,28.1291109341,26.9090766162,27.06524086,43906400
2023-02-10T05:00:00.000Z,26.9676373487,27.3190078229,26.6845903592,27.133562088,31232500
2023-02-13T05:00:00.000Z,27.2018844445,27.8655815125,27.0554788453,27.8655815125,32347500
2023-02-14T05:00:00.000Z,27.6996552135,28.0315046595,27.3190051449,27.9534225464,27928900
2023-02-15T05:00:00.000Z,27.6801387314,28.1876715842,27.4849324992,28.1583919525,23359400
2023-02-16T05:00:00.000Z,27.8167828684,28.1388718587,27.4556518857,27.5239753723,28972500
2023-02-17T05:00:00.000Z,27.3287683157,27.3970899386,26.7236304838,26.9481182098,32086200
2023-02-21T05:00:00.000Z,26.4601040354,26.6162682741,25.4157549905,25.4352741241,63668400
2023-02-22T05:00:00.000Z,25.2888695347,26.2551364277,24.6934922308,24.8594169617,89195300
2023-02-23T05:00:00.000Z,25.161986051,25.4547935148,24.7130124966,24.9960613251,56473200
2023-02-24T05:00:00.000Z,24.6154108392,24.7422954461,24.3226033581,24.5373287201,44089900
2023-02-27T05:00:00.000Z,24.9375008975,24.9667823915,24.2835624238,24.3030834198,37657000
2023-02-28T05:00:00.000Z,24.3421255341,24.5178107759,24.1371587981,24.332365036,50255300
2023-03-01T05:00:00.000Z,24.4299689087,25.2986327849,24.3714059185,24.722776413,47823400
2023-03-02T05:00:00.000Z,24.6056497285,25.6695197377,24.5178089757,25.5719184875,48309300
2023-03-03T05:00:00.000Z,25.571919804,25.8452062972,25.3864740682,25.767124176,36744900
2023-03-06T05:00:00.000Z,25.8354436771,25.9037671564,25.3083898681,25.3669509888,37879800
2023-03-07T05:00:00.000Z,25.2205481669,25.3669519045,24.8886987019,24.9179801941,43164600
2023-03-08T05:00:00.000Z,24.947261385,25.3864744872,24.8398996302,25.3571929932,36071900
2023-03-09T05:00:00.000Z,25.3571921107,26.3332195378,25.347431613,25.8061656952,54886100
2023-03-10T05:00:00.000Z,25.9135245437,26.8602722335,25.6890387074,26.5674629211,65187000
2023-03-13T04:00:00.000Z,26.0989711998,26.6553064932,25.972088463,26.303937912,50977000
2023-03-14T04:00:00.000Z,26.6943516072,27.4263722078,26.5967484881,27.3385295868,47689800
2023-03-15T04:00:00.000Z,27.0652419698,27.8167835872,26.996920343,27.7289409637,49322800
2023-03-16T04:00:00.000Z,27.7094186135,29.5443512556,27.7094186135,29.4565086365,75779500
2023-03-17T04:00:00.000Z,29.2027405807,30.2568501234,28.7342478643,29.0953769684,80628500
2023-03-20T04:00:00.000Z,29.0856154133,29.1832185245,27.9436632951,28.4609584808,38780100
2023-03-21T04:00:00.000Z,28.3047942543,28.4707189847,27.3092458717,27.7777385712,55650800
2023-03-22T04:00:00.000Z,27.7972602967,28.4219191074,27.4263706986,27.4556503296,37415500
2023-03-23T04:00:00.000Z,27.6996584968,28.4609605858,27.5434942521,28.3340778351,43785500
2023-03-24T04:00:00.000Z,28.3438375954,29.0953773053,28.2364739819,28.6561660767,55912100
2023-03-27T04:00:00.000Z,28.6659259237,29.0172945263,28.3828770805,28.4804801941,34758200
2023-03-28T04:00:00.000Z,28.3828762228,28.6268830686,27.9436631558,28.5878429413,37407900
2023-03-29T04:00:00.000Z,29.0563372107,31.1255143321,29.046576713,30.7643852234,85556200
2023-03-30T04:00:00.000Z,31.0864743106,31.798975756,31.0474323194,31.3207206726,70077600
2023-03-31T04:00:00.000Z,31.0376713021,32.1113037011,30.9693496803,31.8868141174,59765000
2023-04-03T04:00:00.000Z,32.1503402357,32.755479886,31.7599315215,32.1015396118,57038300
2023-04-04T04:00:00.000Z,32.0624964622,33.028765162,32.0527378271,32.3065032959,55714100
2023-04-05T04:00:00.000Z,32.0137006525,32.1991482569,31.5647289046,32.0429840088,39615700
2023-04-06T04:00:00.000Z,31.8184918042,32.2089042541,31.6818485637,32.0234603882,28551900
2023-04-10T04:00:00.000Z,31.8184901029,31.9746543299,31.4280813971,31.7404098511,30534400
2023-04-11T04:00:00.000Z,31.8770556216,32.3162687085,31.5452061474,31.5744857788,27059100
2023-04-12T04:00:00.000Z,31.9844200332,32.1015422849,31.1938364571,31.2523994446,37070800
2023-04-13T04:00:00.000Z,31.0571904609,31.6525677493,30.8912657343,31.3597602844,29722300
2023-04-14T04:00:00.000Z,31.2328786,31.4671268278,30.9303106099,31.1255149841,24623600
2023-04-17T04:00:00.000Z,31.1840744248,31.8575319526,31.0083892048,31.36951828,29601100
2023-04-18T04:00:00.000Z,31.6525705014,31.6818501334,31.0181530312,31.0669536591,26041400
2023-04-19T04:00:00.000Z,30.3544548336,30.7643864474,30.3349338373,30.4032554626,25746600
2023-04-20T04:00:00.000Z,30.0226037184,30.5008569317,29.9738012303,30.1202068329,30255100
2023-04-21T04:00:00.000Z,30.1006831258,30.1006831258,29.5053058564,29.5736274719,28655800
2023-04-24T04:00:00.000Z,29.4077029749,29.6419511751,28.9001701723,28.9489707947,38732500
2023-04-25T04:00:00.000Z,28.7342464241,28.8611291636,28.1779111185,28.187669754,38289900
2023-04-26T04:00:00.000Z,28.5000013356,29.0953767943,28.1486308695,28.3535957336,41218800
2023-04-27T04:00:00.000Z,28.0607873945,29.2320210043,27.8265410449,29.1441783905,60186200
2023-04-28T04:00:00.000Z,31.213357863,31.7892142159,30.0714056553,30.3154125214,80252400
2023-05-01T04:00:00.000Z,30.3642109527,30.491093687,29.5541083401,29.5736274719,36918500
2023-05-02T04:00:00.000Z,29.57363265,29.8469210215,29.036818267,29.0563392639,33463400
2023-05-03T04:00:00.000Z,29.9054807435,30.3642148406,29.5248306302,29.9152412415,45554500
2023-05-04T04:00:00.000Z,29.8319404685,31.0863703869,29.7731376642,30.6159591675,46104000
2023-05-05T04:00:00.000Z,30.7531595508,30.7825609507,30.1161441744,30.3709506989,35024600
2023-05-08T04:00:00.000Z,30.0867464229,30.2239492253,29.7829375475,30.1553478241,30882800
2023-05-09T04:00:00.000Z,29.7731372191,29.9691428255,29.312526474,29.4987316132,30706500
2023-05-10T04:00:00.000Z,29.6849357804,29.7927371781,28.9009152496,29.3713264465,40526500
2023-05-11T04:00:00.000Z,29.0087183977,29.0871202635,28.2442988038,28.2835006714,47144400
2023-05-12T04:00:00.000Z,28.4501059704,28.518707372,28.146297093,28.3717041016,24153800
2023-05-15T04:00:00.000Z,28.3227037128,29.2341266693,28.3031027769,29.2047252655,28717500
2023-05-16T04:00:00.000Z,29.0283198758,29.3027254768,28.626508203,28.63630867,22812000
2023-05-17T04:00:00.000Z,28.9303160108,28.9695160083,28.1070954997,28.2933006287,41667300
2023-05-18T04:00:00.000Z,28.4207032667,29.1655219214,28.2933009366,29.0871200562,36529200
2023-05-19T04:00:00.000Z,29.008718684,29.6359336169,28.9107158834,29.3321266174,40683000
2023-05-22T04:00:00.000Z,29.2537220563,29.8417369363,29.2243206581,29.6751327515,28693400
2023-05-23T04:00:00.000Z,29.4497271691,29.596732298,28.9009141273,28.9205150604,29400900
2023-05-24T04:00:00.000Z,28.7245128166,28.9009174965,28.2443011154,28.4207057953,28045800
2023-05-25T04:00:00.000Z,27.7248897987,27.7248897987,26.3234546771,26.8526668549,78009400
2023-05-26T04:00:00.000Z,26.8918683518,28.5089081352,26.5586599274,28.4207057953,71910600
2023-05-30T04:00:00.000Z,29.1067203071,29.439928694,28.4207026001,29.3909263611,54874800
2023-05-31T04:00:00.000Z,29.1067220039,31.6449850509,29.0773206025,30.811964035,136243800
2023-06-01T04:00:00.000Z,31.1647702341,31.3019748995,30.4003525196,30.5081539154,52667400
2023-06-02T04:00:00.000Z,30.7727631136,30.9589682569,30.2141495532,30.6845607758,36521000
2023-06-05T04:00:00.000Z,30.684559065,30.7727613979,29.2341236084,29.2635250092,48244100
2023-06-06T04:00:00.000Z,29.1753232791,30.8217643694,29.1067218785,30.341550827,42295300
2023-06-07T04:00:00.000Z,30.4101548279,30.7433632408,30.3121520237,30.6551609039,39098000
2023-06-08T04:00:00.000Z,30.8021630814,31.2137733492,30.4395532793,31.1843719482,35199000
2023-06-09T04:00:00.000Z,31.2921751141,31.3509760467,30.0671447815,30.7139606476,40218000
2023-06-12T04:00:00.000Z,30.7727604034,32.6348060639,30.7335604063,32.4094009399,59881600
2023-06-13T04:00:00.000Z,33.0954174504,33.2718221042,32.4093997675,33.2326202393,51990000
2023-06-14T04:00:00.000Z,33.1934257413,34.888867523,33.1248243316,34.8692703247,74404300
2023-06-15T04:00:00.000Z,34.5752552926,35.6924823701,34.5164562286,35.1044692993,67676300
2023-06-16T04:00:00.000Z,35.6336797967,36.0648890902,34.888859326,35.6434783936,110240300
2023-06-20T04:00:00.000Z,36.0354933446,36.3687017504,34.0264443116,34.3008499146,65970200
2023-06-21T04:00:00.000Z,34.2224434565,34.34984765,32.1741964563,32.2427978516,70973500
2023-06-22T04:00:00.000Z,32.0369939135,32.5760102843,31.4881826828,32.0565948486,45740300
2023-06-23T04:00:00.000Z,31.566584884,32.7818167794,31.3901801937,32.3408050537,46327100
2023-06-26T04:00:00.000Z,32.5270022884,33.3110246497,32.4387999597,32.6740074158,38952400
2023-06-27T04:00:00.000Z,32.5564083666,33.5462312624,32.3506004228,33.4188270569,33038900
2023-06-28T04:00:00.000Z,32.9386121108,33.1346176875,32.3701963123,32.8994102478,33906900
2023-06-29T04:00:00.000Z,32.6740123985,32.6740123985,31.8409931857,32.2526016235,38313000
2023-06-30T04:00:00.000Z,32.6936108043,32.8896164094,32.4976051993,32.7720108032,33811300
2023-07-03T04:00:00.000Z,32.8700176594,33.2130246872,32.4780064233,32.9484176636,15753000
2023-07-05T04:00:00.000Z,32.6446065892,32.6642075213,31.8507856622,31.860584259,37664700
2023-07-06T04:00:00.000Z,31.2627718193,31.3999764794,30.7531587832,31.3313732147,41693600
2023-07-07T04:00:00.000Z,31.3607769957,31.7625868015,31.1843723261,31.2137737274,28356300
2023-07-10T04:00:00.000Z,31.2333765369,32.1742008753,31.1353737291,32.0859985352,36305700
2023-07-11T04:00:00.000Z,32.1643963836,32.693610389,31.8507889149,32.6348075867,28148800
2023-07-12T04:00:00.000Z,33.0170158235,33.3992284235,32.3996032343,33.3012237549,37762200
2023-07-13T04:00:00.000Z,33.4678297432,33.6148311381,32.9484143468,33.1934204102,32745800
2023-07-14T04:00:00.000Z,33.1052169802,33.1934193096,32.3407992843,32.4878044128,30438700
2023-07-17T04:00:00.000Z,32.4976050485,33.908838669,32.4094027135,33.6834335327,34111200
2023-07-18T04:00:00.000Z,33.5952302596,34.0068423907,33.1542223357,33.810836792,29662200
2023-07-19T04:00:00.000Z,33.7128302806,34.1440395355,33.6442288932,33.7716293335,26486700
2023-07-20T04:00:00.000Z,33.0268209282,33.5266316955,32.5662082932,32.7034111023,37878000
2023-07-21T04:00:00.000Z,33.05621567,33.5658287004,32.7524068235,33.340423584,79737000
2023-07-24T04:00:00.000Z,33.1640179841,33.7716319213,32.8896124135,32.9582138062,25225800
2023-07-25T04:00:00.000Z,33.0268195809,33.6540345333,32.7328130393,33.4188270569,31771100
2023-07-26T04:00:00.000Z,33.0464224019,33.8402397358,33.0268214663,33.6736373901,32643200
2023-07-27T04:00:00.000Z,34.1244435705,34.3302477626,33.4286272607,33.8598365784,58890800
2023-07-28T04:00:00.000Z,36.0158879596,36.2510954034,34.8006563535,36.094291687,90863000
2023-07-31T04:00:00.000Z,36.133494743,36.4471022186,34.9574648403,35.0554695129,55630700
2023-08-01T04:00:00.000Z,35.1044703195,35.3004759283,34.5752562974,35.0848693848,24702200
2023-08-02T04:00:00.000Z,34.4478539728,34.477253504,33.5952301813,33.7030334473,39052000
2023-08-03T04:00:00.000Z,33.605030748,34.3302465632,33.4482270254,34.1734428406,24817900
2023-08-04T04:00:00.000Z,33.9128077532,34.9750436858,33.9128077532,34.5619506836,26674900
2023-08-07T04:00:00.000Z,34.8275100577,34.965206476,34.1783671201,34.6504707336,22486900
2023-08-08T04:00:00.000Z,34.0996753975,34.5226021815,33.3030023291,34.4439201355,34753600
2023-08-09T04:00:00.000Z,34.4242483221,34.5226018165,33.6669144088,33.716091156,28720200
2023-08-10T04:00:00.000Z,34.129191412,34.5127753753,33.9128091755,34.1095199585,30957300
2023-08-11T04:00:00.000Z,33.8931360775,34.3750772849,33.7947825667,34.3160629272,28783700
2023-08-14T04:00:00.000Z,34.0996757802,35.1225686531,33.902968787,35.0930633545,36896100
2023-08-15T04:00:00.000Z,34.8275037499,35.0438859406,34.1783609298,34.1980323792,27420300
2023-08-16T04:00:00.000Z,33.9521478939,34.0603389988,32.9095834989,32.9784317017,35757300
2023-08-17T04:00:00.000Z,33.0079382717,33.0374435701,31.8178399591,32.0440597534,39906700
2023-08-18T04:00:00.000Z,31.6998190651,32.3686334289,31.6506423108,32.211265564,23701100
2023-08-21T04:00:00.000Z,32.063730696,32.6243539342,31.4932736079,32.5948486328,43718200
2023-08-22T04:00:00.000Z,32.6735341972,33.2439912811,32.2899502741,32.3489608765,23425300
2023-08-23T04:00:00.000Z,32.3391320338,33.5882412537,32.2604462158,33.4210357666,32324300
2023-08-24T04:00:00.000Z,33.1653105194,33.5292230053,31.9555443486,32.0538978577,37931000
2023-08-25T04:00:00.000Z,31.9948800665,32.8505712617,31.8178407676,32.703037262,27324800
2023-08-28T04:00:00.000Z,32.9489305969,33.2243234431,32.663700148,33.0669555664,22341800
2023-08-29T04:00:00.000Z,32.9390909589,33.9128033521,32.9194195088,33.7456016541,29943600
2023-08-30T04:00:00.000Z,33.4997167453,34.0898452867,33.2243201743,33.9619827271,26279200
2023-08-31T04:00:00.000Z,33.7554398838,34.9750436858,33.7357684311,34.5619506836,48157600
2023-09-01T04:00:00.000Z,35.2012560098,36.1454631257,35.1422416581,36.0077667236,43808500
2023-09-05T04:00:00.000Z,35.9782622594,36.7946068415,35.8602335533,36.1061210632,43379400
2023-09-06T04:00:00.000Z,35.9585919841,36.4306955684,35.4373078946,36.3716812134,39643400
2023-09-07T04:00:00.000Z,36.2241461817,37.709304944,36.1454603854,37.5519371033,67659700
2023-09-08T04:00:00.000Z,37.4929262114,38.1912495864,37.0896708479,37.3847351074,44255200
2023-09-11T04:00:00.000Z,37.6109553657,38.1027303881,37.217533847,37.9551963806,36349300
2023-09-12T04:00:00.000Z,38.0142119154,39.4108512215,38.0142119154,38.2207565308,55326600
2023-09-13T04:00:00.000Z,38.1617427723,38.5059875552,37.6207909727,38.073223114,35407800
2023-09-14T04:00:00.000Z,38.1715784839,38.2600981378,37.6699658614,38.0338783264,30616500
2023-09-15T04:00:00.000Z,37.7879920883,37.886349347,37.0011527785,37.2568778992,68881200
2023-09-18T04:00:00.000Z,37.0011503232,37.7584842811,36.8929592218,37.3650665283,29322200
2023-09-19T04:00:00.000Z,37.4142462901,37.4732568942,35.4274746598,35.7422103882,53288100
2023-09-20T04:00:00.000Z,35.6241806025,35.6536859005,34.0603360225,34.1193466187,57660800
2023-09-21T04:00:00.000Z,34.0013236585,34.6701379676,33.8931325567,34.0800094604,45240600
2023-09-22T04:00:00.000Z,34.2373743212,34.3160563643,33.5783939188,33.6177368164,29232700
2023-09-25T04:00:00.000Z,33.4407026519,33.8046151302,33.2144865842,33.725933075,21729400
2023-09-26T04:00:00.000Z,33.5784004857,34.207871962,33.0866254259,33.2735023499,34198300
2023-09-27T04:00:00.000Z,33.3620165387,34.2570507033,33.3226773874,34.0406684875,44369100
2023-09-28T04:00:00.000Z,34.0800113216,35.0733952384,33.8144523533,34.6012916565,32265300
2023-09-29T04:00:00.000Z,35.0635557589,35.3192770844,34.5816146526,34.9651985168,28763700
2023-10-02T04:00:00.000Z,35.0242201139,35.388132605,34.4045824923,34.8766860962,26086200
2023-10-03T04:00:00.000Z,34.6898122207,35.9389212887,34.6898122207,35.1029014587,45292600
2023-10-04T04:00:00.000Z,35.9192457496,35.9192457496,34.7488226231,35.3389511108,39842200
2023-10-05T04:00:00.000Z,35.3782959416,35.5061547447,35.0143797275,35.2996101379,25771200
2023-10-06T04:00:00.000Z,35.2799374568,35.860232107,34.6012893074,35.5946731567,33262200
2023-10-09T04:00:00.000Z,35.1127373322,35.5750033017,34.916026573,35.4668159485,19376100
2023-10-10T04:00:00.000Z,35.5454962245,36.1356284727,35.2209266771,35.8307266235,24044100
2023-10-11T04:00:00.000Z,36.0176055476,36.4208609602,35.781555612,36.2733306885,19262600
2023-10-12T04:00:00.000Z,36.1946391858,36.6077321361,35.7913838366,36.2339820862,23639200
2023-10-13T04:00:00.000Z,36.1356337707,36.1848105272,35.2701085975,35.3782997131,28390100
2023-10-16T04:00:00.000Z,35.5454947151,36.3323339274,35.4864841191,35.9585876465,29555800
2023-10-17T04:00:00.000Z,35.3291157906,35.7520426099,34.4930997538,35.4668159485,24993600
2023-10-18T04:00:00.000Z,34.9357012307,35.427476298,34.8668530214,35.0537261963,22086000
2023-10-19T04:00:00.000Z,35.3684594846,35.761881012,34.9356988062,35.0832290649,29201800
2023-10-20T04:00:00.000Z,35.063560631,35.6831944584,34.296389044,34.3455657959,32303300
2023-10-23T04:00:00.000Z,34.030829639,34.6111243085,32.8407349996,33.2931671143,53924700
2023-10-24T04:00:00.000Z,33.0866228037,34.1390210482,33.0866228037,34.0209960938,52673900
2023-10-25T04:00:00.000Z,33.617742448,33.8833014231,32.0145547474,32.2899513245,44658500
2023-10-26T04:00:00.000Z,32.3489607645,32.6735340841,31.6211358236,31.9850482941,59142500
2023-10-27T04:00:00.000Z,34.0898467082,35.7815541003,34.0308323508,34.9553718567,84128200
2023-10-30T04:00:00.000Z,34.8865229897,35.368460434,34.3455674371,35.1029014587,36656300
2023-10-31T04:00:00.000Z,35.0733958732,35.9684263003,35.0340529693,35.8995780945,41185200
2023-11-01T04:00:00.000Z,35.8995768949,36.7060876374,35.6831946829,36.6765823364,41710700
2023-11-02T04:00:00.000Z,36.9618166457,37.1978665819,36.3028360904,37.0798416138,35440000
2023-11-03T04:00:00.000Z,37.3749035324,37.689639262,37.0503302008,37.5125999451,30502700
2023-11-06T05:00:00.000Z,37.5175303936,37.6951518254,37.349775146,37.4484558105,23877200
2023-11-07T05:00:00.000Z,37.7346273727,38.385904758,37.4780613869,38.2576217651,32052000
2023-11-08T05:00:00.000Z,38.3365633351,38.3760356051,37.2511022584,37.4188537598,33483400
2023-11-09T05:00:00.000Z,37.5471339503,38.0109236781,37.2708356091,37.3004379272,48955800
2023-11-10T05:00:00.000Z,37.7346266282,38.4747147225,37.7346266282,38.3464317322,38862500
2023-11-13T05:00:00.000Z,37.8431711939,38.0602649146,37.6359474228,37.7247581482,24558300
2023-11-14T05:00:00.000Z,38.2872250252,38.9681085114,37.5668730332,38.8891639709,45457400
2023-11-15T05:00:00.000Z,39.0667866998,40.3002669521,39.0569205141,40.0733070374,47392100
2023-11-16T05:00:00.000Z,40.4581507016,42.8264341996,40.280529251,42.77709198,86405700
2023-11-17T05:00:00.000Z,42.3429070257,43.2310142517,41.9975340846,43.2310142517,49735000
2023-11-20T05:00:00.000Z,43.2014079773,44.3362112317,43.2014079773,44.1487236023,44564900
2023-11-21T05:00:00.000Z,43.9118940846,44.0697793959,42.7277523677,43.0632591248,37252100
2023-11-22T05:00:00.000Z,43.4481040648,44.0401768017,42.9645819488,43.0928611755,31481200
2023-11-24T05:00:00.000Z,43.1027337661,43.4185044061,43.0336591739,43.379032135,13037100
2023-11-27T05:00:00.000Z,43.0731304738,43.9612339672,43.0731304738,43.4974479675,33339900
2023-11-28T05:00:00.000Z,43.1125976974,43.7934811628,43.0829953778,43.6454620361,24548900
2023-11-29T05:00:00.000Z,44.010574,44.7407959674,44.010574,44.34608078,38982000
2023-11-30T05:00:00.000Z,44.0599106639,44.4940943038,43.8230808285,44.109249115,46263000
2023-12-01T05:00:00.000Z,43.7737466636,43.7737466636,42.2935703992,43.1619415283,43928400
2023-12-04T05:00:00.000Z,42.7277517607,42.73762171,41.1390287209,41.7903060913,50417600
2023-12-05T05:00:00.000Z,41.3561234999,41.7311025302,41.0600890083,41.3659896851,31859300
2023-12-06T05:00:00.000Z,41.9185906005,42.0271374602,40.6259019977,40.7245826721,31992300
2023-12-07T05:00:00.000Z,41.1982375692,41.8791172661,40.6357709143,41.5929527283,29118700
2023-12-08T05:00:00.000Z,41.2870499754,42.3922471959,41.2574476548,42.135684967,42815000
2023-12-11T05:00:00.000Z,42.5896032597,44.1388540557,42.510662486,43.9513664246,48288200
2023-12-12T05:00:00.000Z,43.7737479394,43.8526887184,43.0533959214,43.4579772949,31452200
2023-12-13T05:00:00.000Z,43.4974463585,44.1289876009,42.7573582593,43.9809684753,35216100
2023-12-14T05:00:00.000Z,44.4151533658,46.4479300897,44.0599142304,44.5829086304,70620800
2023-12-15T05:00:00.000Z,45.3328635528,46.6452883097,45.0664313743,45.5499572754,84583400
2023-12-18T05:00:00.000Z,45.5400899509,45.6190307254,44.8000018397,45.0861663818,27895700
2023-12-19T05:00:00.000Z,44.9973576217,46.0630863553,44.9085468939,46.0433502197,35358800
2023-12-20T05:00:00.000Z,46.0236101739,46.3295146024,45.0960344679,45.1552391052,38159100
2023-12-21T05:00:00.000Z,45.8657290419,46.4972703259,45.4118092145,46.4578018188,28320500
2023-12-22T05:00:00.000Z,46.6255506277,47.5235240448,46.5762121736,47.3656387329,30095700
2023-12-26T05:00:00.000Z,48.273478874,49.8523357746,48.0662551057,49.8325996399,60287400
2023-12-27T05:00:00.000Z,49.9608816922,50.6022891199,49.5266942647,50.0891609192,52148000
2023-12-28T05:00:00.000Z,50.1385075737,50.1977122178,49.497096325,49.7240562439,27705200
2023-12-29T05:00:00.000Z,49.635241622,49.9016737922,49.112247231,49.5859031677,29288700
2024-01-02T05:00:00.000Z,48.5497808691,48.727402317,46.8229086088,47.1682815552,45905700
2024-01-03T05:00:00.000Z,46.4775305919,47.1781501786,46.1814961084,46.4281921387,35858400
2024-01-04T05:00:00.000Z,45.115772687,46.5367405124,44.6421167452,46.2505722046,47797800
2024-01-05T05:00:00.000Z,46.4084548046,47.1978850924,46.0236096097,46.2703056335,34344000
2024-01-08T05:00:00.000Z,46.4479292143,48.1155930574,46.3492523059,47.8096923828,42135100
2024-01-09T05:00:00.000Z,47.3755057576,47.9182400558,47.1682819879,47.4149780273,30097000
2024-01-10T05:00:00.000Z,47.6024718443,47.6616764876,46.3196493626,46.8426475525,31480200
2024-01-11T05:00:00.000Z,46.8130374725,47.2077526276,46.1124216481,47.01039505,31707900
2024-01-12T05:00:00.000Z,46.970924623,47.0399992132,45.9940104102,46.4972686768,27587900
2024-01-16T05:00:00.000Z,46.3591238426,46.5959537201,45.7670547954,46.4380683899,43720700
2024-01-17T05:00:00.000Z,45.8065178137,45.8065178137,45.0466973411,45.4512786865,33488000
2024-01-18T05:00:00.000Z,46.4084560998,46.9413204296,45.5598211517,46.1222915649,46681300
2024-01-19T05:00:00.000Z,46.3788533789,48.115591764,45.8262529197,47.5136566162,55979800
2024-01-22T05:00:00.000Z,48.2044083261,48.5201789799,47.0104003064,47.582736969,45639500
2024-01-23T05:00:00.000Z,47.4840531492,48.2932158665,46.694626567,48.2438774109,37224100
2024-01-24T05:00:00.000Z,48.520175364,49.1122481189,47.6320718782,48.4412345886,49375800
2024-01-25T05:00:00.000Z,49.3392066584,49.6352411455,48.3228202058,48.8951530457,84845100
2024-01-26T05:00:00.000Z,43.5961221184,44.8098661174,42.7770895033,43.0731277466,127665300
2024-01-29T05:00:00.000Z,43.1323333119,43.4086354273,42.2442298557,43.2606163025,51790900
2024-01-30T05:00:00.000Z,43.0928637153,43.2408828493,42.3231732526,42.3527755737,47958800
2024-01-31T05:00:00.000Z,42.0074000651,43.2112779069,41.8001763015,42.5106620789,51584200
2024-02-01T05:00:00.000Z,42.5797406336,42.9941881994,41.9284631984,42.7869644165,38819900
2024-02-02T05:00:00.000Z,42.4317177224,42.5698668988,41.0502184304,42.0370025635,53683500
2024-02-05T05:00:00.000Z,42.0567423665,42.5797405624,41.86925472,42.2047615051,28890300
2024-02-06T05:00:00.000Z,42.2591905648,42.3383627277,41.7049703229,42.2987785339,34068200
2024-02-07T05:00:00.000Z,42.4472286773,42.6550598567,42.110738483,42.3383636475,34269200
2024-02-08T05:00:00.000Z,42.2789864735,42.5264056288,41.8930131952,42.0612564087,33206500
2024-02-09T05:00:00.000Z,42.110735869,43.0707233174,41.9622866538,42.8628921509,51193000
2024-02-12T05:00:00.000Z,42.9420661207,44.5750339847,42.8727890622,43.5754585266,51107300
2024-02-13T05:00:00.000Z,42.5560912964,43.1795885748,42.3185672653,42.7144393921,36622200
2024-02-14T05:00:00.000Z,43.3676273334,43.8327765331,42.942066103,43.7338066101,36186200
2024-02-15T05:00:00.000Z,44.2979224628,44.8026596374,43.5655639012,43.5952529907,44024500
2024-02-16T05:00:00.000Z,43.575461471,43.7635024498,42.6748558751,43.0608291626,29975300
2024-02-20T05:00:00.000Z,43.8030838908,44.7036894301,42.9717554103,44.0604019165,61514100
2024-02-21T05:00:00.000Z,44.0208157781,44.228646963,42.6352707698,43.0212440491,57485200
2024-02-22T05:00:00.000Z,44.2187516676,44.2187516676,42.0909454253,42.5363006592,62809300
2024-02-23T05:00:00.000Z,42.684750095,43.0608244608,42.2196009145,42.5461959839,33810700
2024-02-26T05:00:00.000Z,43.0509293566,43.2290714353,42.3779490094,42.5461959839,27035400
2024-02-27T05:00:00.000Z,42.8035116641,42.8233056486,42.071149341,42.2888793945,25126400
2024-02-28T05:00:00.000Z,42.0018699665,42.0117688458,41.4773426213,41.5565185547,26928500
2024-02-29T05:00:00.000Z,41.9325951922,42.7045454837,41.9227000877,42.6055755615,48875100
2024-03-01T05:00:00.000Z,42.961862734,43.8129852474,42.6847544833,43.3676300049,41426100
2024-03-04T05:00:00.000Z,43.8129856673,46.128829175,43.3973195119,45.1391525269,59990800
2024-03-05T05:00:00.000Z,44.0999880607,44.4067853725,42.2492902094,42.7144393921,56655100
2024-03-06T05:00:00.000Z,43.4764923257,45.040179354,43.1103130493,44.0505027771,52652000
2024-03-07T05:00:00.000Z,45.079768133,45.9407857133,44.71358885,45.673576355,50378200
2024-03-08T05:00:00.000Z,45.9605781905,46.1486191535,43.5457687378,43.5457687378,54916600
2024-03-11T04:00:00.000Z,43.4171110598,44.4661696071,43.2092798814,44.3968925476,35051000
2024-03-12T04:00:00.000Z,44.5948300127,44.8026611975,44.0010217734,44.7729721069,31795800
2024-03-13T04:00:00.000Z,44.0505029237,44.5156521245,42.7540290198,42.7837181091,53195900
2024-03-14T04:00:00.000Z,42.7837181647,42.9024782974,42.0711498179,42.3086738586,38100000
2024-03-15T04:00:00.000Z,42.0117690337,42.7045433528,41.9127991165,42.1998062134,66952900
2024-03-18T04:00:00.000Z,42.6451669286,42.9321740627,42.1602237097,42.2690887451,27668300
2024-03-19T04:00:00.000Z,41.8138341972,41.8534221652,41.0121948334,41.6158981323,34673000
2024-03-20T04:00:00.000Z,42.5461962666,42.5659864752,40.9825055157,41.7643508911,74865000
2024-03-21T04:00:00.000Z,42.546197674,43.1498972142,41.8831124047,41.9820785522,50807600
2024-03-22T04:00:00.000Z,41.8138351104,42.3581564692,41.6554870102,42.130531311,28503100
2024-03-25T04:00:00.000Z,40.467875859,41.7841475586,40.1511796468,41.3981742859,47276500
2024-03-26T04:00:00.000Z,41.516930588,41.833626771,41.2299234924,41.5565185547,39109700
2024-03-27T04:00:00.000Z,42.1008439725,43.3775277078,42.0612560019,43.318145752,51017800
2024-03-28T04:00:00.000Z,43.3082449046,44.1395733718,43.2587618313,43.714012146,54204200
2024-04-01T04:00:00.000Z,43.8327767555,44.9412134711,43.7239117274,44.0604019165,31712600
2024-04-02T04:00:00.000Z,43.4764902413,43.6249432308,43.0509290316,43.4863853455,32748400
2024-04-03T04:00:00.000Z,40.9726156928,41.2200348606,39.8047969189,39.9136619568,83718000
2024-04-04T04:00:00.000Z,40.1709734029,40.3590105981,39.2901618317,39.3198509216,57307200
2024-04-05T04:00:00.000Z,38.9437753053,39.0526403427,38.1124467547,38.310382843,67263000
2024-04-08T04:00:00.000Z,38.2411037418,38.4588338049,37.518640267,37.5879173279,56967800
2024-04-09T04:00:00.000Z,37.6571912875,38.1817224167,36.9446267517,37.9343032837,78671700
2024-04-10T04:00:00.000Z,37.6275059087,37.8254419897,36.6378292792,36.8159713745,51108400
2024-04-11T04:00:00.000Z,37.0435952978,37.2811155667,36.6972099992,37.2415313721,41909100
2024-04-12T04:00:00.000Z,36.31123268,36.3211315601,35.2324850473,35.3215560913,80254800
2024-04-15T04:00:00.000Z,35.6679446478,36.3211310358,35.5194916515,35.9351577759,50751600
2024-04-16T04:00:00.000Z,35.8955685878,36.1330888435,35.3908314379,35.8856697083,30607500
2024-04-17T04:00:00.000Z,35.7273231191,35.7570159838,35.0048596669,35.3116607666,41173300
2024-04-18T04:00:00.000Z,35.0543428166,35.291866858,34.4110553017,34.6782684326,42334400
2024-04-19T04:00:00.000Z,34.7673385892,34.7673385892,33.8271451027,33.8469390869,59070300
2024-04-22T04:00:00.000Z,34.0646665281,34.2131195273,33.7281801107,34.0547714233,39909900
2024-04-23T04:00:00.000Z,33.9854950846,34.2428093432,33.8271469774,33.9261131287,46834000
2024-04-24T04:00:00.000Z,34.5001249499,34.8168211422,33.9854926937,34.1438407898,53261100
2024-04-25T04:00:00.000Z,34.2032220022,34.9355805153,34.1438400517,34.747543335,66549400
2024-04-26T04:00:00.000Z,31.4519238165,31.9071760455,30.3236911806,31.5508899689,119742500
2024-04-29T04:00:00.000Z,31.5310969962,31.580580071,30.7492515782,31.0362586975,58533300
2024-04-30T04:00:00.000Z,30.7195623423,30.8581164612,30.1059620243,30.1554450989,72346400
2024-05-01T04:00:00.000Z,29.8585424297,30.719561883,29.7100913206,30.0564785004,60654800
2024-05-02T04:00:00.000Z,30.2742061692,30.3533802186,29.8783359221,30.1950321198,50899400
2024-05-03T04:00:00.000Z,30.6601791451,30.7393531938,30.3830709185,30.5810050964,36794800
2024-05-06T04:00:00.000Z,30.9238324332,31.0033280685,30.536289553,30.7747764587,36185600
2024-05-07T04:00:00.000Z,30.8940200474,31.2517513442,30.4170462485,30.4866046906,44683400
2024-05-08T04:00:00.000Z,29.8108921051,29.9599461866,29.5425936213,29.8108921051,63734600
2024-05-09T04:00:00.000Z,29.7413326005,30.1984320201,29.6220882024,29.9003238678,45003400
2024-05-10T04:00:00.000Z,30.1388123585,30.2679920592,29.6519013398,29.6618385315,42931300
2024-05-13T04:00:00.000Z,29.8407027404,30.9337672336,29.8108911669,30.3176765442,51459100
2024-05-14T04:00:00.000Z,30.4269849772,30.9138959918,30.4170477856,30.8542728424,47759900
2024-05-15T04:00:00.000Z,31.1821927377,31.2020671209,30.6157860832,31.0728874207,36992900
2024-05-16T04:00:00.000Z,31.4306163014,32.0566441996,31.3213109863,31.8280944824,47752800
2024-05-17T04:00:00.000Z,31.8579079971,31.907592059,31.3908694754,31.6293563843,41449800
2024-05-20T04:00:00.000Z,31.6492313699,32.215636131,31.5597985405,31.8976535797,31989000
2024-05-21T04:00:00.000Z,31.7784096168,32.036772797,31.4206802106,31.5399227142,42975400
2024-05-22T04:00:00.000Z,31.7088520033,31.8678432758,30.9039584492,31.2219409943,36706400
2024-05-23T04:00:00.000Z,31.2517514353,31.3709939377,29.6817112545,29.8903865814,62014500
2024-05-24T04:00:00.000Z,30.0990640799,30.8244619781,29.9400709164,30.5263519287,42434500
2024-05-28T04:00:00.000Z,30.7449676203,31.1722573822,30.4667319417,30.8642101288,36799100
2024-05-29T04:00:00.000Z,30.2779280269,30.4766680611,29.9201986188,29.940071106,35848600
2024-05-30T04:00:00.000Z,30.0195673118,30.3077401773,29.8705132309,29.9996948242,33351000
2024-05-31T04:00:00.000Z,30.0295049422,30.764840061,29.7512711593,30.6555347443,95797500
2024-06-03T04:00:00.000Z,30.8343989576,30.8741458267,29.8605750773,30.0990638733,35544900
2024-06-04T04:00:00.000Z,30.5561646993,30.5561646993,29.7512711354,29.8407039642,51027200
2024-06-05T04:00:00.000Z,30.0791902593,30.6455968998,29.8208289698,30.585975647,44161700
2024-06-06T04:00:00.000Z,30.3574244805,30.3971732465,29.9698834882,30.2282447815,34248100
2024-06-07T04:00:00.000Z,30.0593155026,30.5859752664,30.0195667376,30.5462265015,34085500
2024-06-10T04:00:00.000Z,30.3574233481,30.7549034124,30.0990639598,30.7151546478,37396500
2024-06-11T04:00:00.000Z,30.5760378573,30.8343991418,30.3375509552,30.7250919342,25326900
2024-06-12T04:00:00.000Z,31.2616874075,31.2815617901,30.1984325773,30.5661010742,51323900
2024-06-13T04:00:00.000Z,30.1884963819,30.3872364239,29.9500094688,30.2679920197,33787200
2024-06-14T04:00:00.000Z,30.0990653656,30.3673619576,30.0195678328,30.2580566406,28125900
2024-06-17T04:00:00.000Z,30.1487486612,30.8045881278,29.9897573903,30.7847137451,36235300
2024-06-18T04:00:00.000Z,30.7946514797,31.271625301,30.3077404668,30.436920166,33294700
2024-06-20T04:00:00.000Z,30.367361638,30.9138957985,30.2580563221,30.426984787,43826300
2024-06-21T04:00:00.000Z,30.6555331809,31.1623185535,30.4766675322,30.8940200806,90795200
2024-06-24T04:00:00.000Z,30.9437049944,31.2219406661,30.3375514851,30.3772983551,40611800
2024-06-25T04:00:00.000Z,30.5064796318,30.6356593273,30.0990642675,30.5462265015,29323600
2024-06-26T04:00:00.000Z,30.4468565252,30.4866052902,30.0791899254,30.3474884033,30743000
2024-06-27T04:00:00.000Z,30.2282444646,30.4667313724,30.099064767,30.3971729279,30184300
2024-06-28T04:00:00.000Z,30.5561639357,31.1126333823,30.5263523617,30.7747764587,41467700
2024-07-01T04:00:00.000Z,30.7151559034,30.8244631151,30.4170477383,30.6455974579,32401800
2024-07-02T04:00:00.000Z,30.6654720771,31.1126343281,30.3971735892,30.8741474152,35999300
2024-07-03T04:00:00.000Z,30.9238329594,31.1424454862,30.7151557288,31.0331382751,24065700
2024-07-05T04:00:00.000Z,31.202066503,32.1361416473,31.1126336756,31.8181591034,45309400
2024-07-08T04:00:00.000Z,32.8217901728,33.8751096988,32.613114843,33.7757415771,82315900
2024-07-09T04:00:00.000Z,34.7992494547,34.9979894989,33.507444853,34.3719596863,97546900
2024-07-10T04:00:00.000Z,34.2229025073,34.7495641747,33.9148590506,34.6501922607,52256200
2024-07-11T04:00:00.000Z,34.8091841009,34.9284303996,33.1000288498,33.2888298035,55213700
2024-07-12T04:00:00.000Z,33.5571280134,35.2563479543,33.5571280134,34.2725906372,62792600
2024-07-15T04:00:00.000Z,34.4812637528,35.0079216,34.0937227868,34.2427749634,39847900
2024-07-16T04:00:00.000Z,34.1434095395,34.2328423688,33.6266869471,34.1235351562,28409900
2024-07-17T04:00:00.000Z,35.8525657633,36.9257558393,34.183155609,34.2427749634,112304200
2024-07-18T04:00:00.000Z,34.739625088,36.07117841,34.3123353345,34.6501922607,84188600
2024-07-19T04:00:00.000Z,34.3520835671,34.3620226537,32.6429245798,32.7721061707,69628700
2024-07-22T04:00:00.000Z,33.0702160647,33.1993976623,32.5534934649,33.1596488953,48503700
2024-07-23T04:00:00.000Z,32.7522334226,33.0205319136,32.623055616,32.7422981262,29466400
2024-07-24T04:00:00.000Z,32.3249414865,32.5932399595,31.4604267118,31.5001754761,62216700
2024-07-25T04:00:00.000Z,31.1722558407,31.7883465263,30.7549032911,30.9039573669,49774000
2024-07-26T04:00:00.000Z,31.2318775316,31.361057227,30.8244621673,31.152381897,38352500
2024-07-29T04:00:00.000Z,31.2219412036,31.2716252659,30.5959133008,30.6356601715,32342200
2024-07-30T04:00:00.000Z,30.6555337128,30.7151549649,29.8208286017,29.940071106,48256600
2024-07-31T04:00:00.000Z,30.3474883626,30.6754080923,30.0891270763,30.5462265015,56110600
2024-08-01T04:00:00.000Z,30.2381805482,30.516414316,28.7078872435,28.8668785095,107672500
2024-08-02T04:00:00.000Z,21.8017001116,21.841446983,20.2912810895,21.3445987701,300895900
2024-08-05T04:00:00.000Z,20.0726672295,20.2614681733,19.1684036936,19.9832344055,147385700
2024-08-06T04:00:00.000Z,20.1919109418,20.4999563012,19.625504286,19.7049999237,106670400
2024-08-07T04:00:00.000Z,19.9200000763,20.25,18.9500007629,18.9899997711,97972300
2024-08-08T04:00:00.000Z,19.1000003815,20.5499992371,18.8400001526,20.4899997711,96836800
2024-08-09T04:00:00.000Z,20.0799999237,20.1499996185,19.5,19.7099990845,76394500
2024-08-12T04:00:00.000Z,19.8700008392,19.9699993134,19.0,19.3600006104,54677600
2024-08-13T04:00:00.000Z,19.4799995422,20.4799995422,19.4699993134,20.4699993134,77511300
2024-08-14T04:00:00.000Z,20.4899997711,20.5,19.7900009155,19.9200000763,56758200
2024-08-15T04:00:00.000Z,20.3199996948,21.0599994659,20.2299995422,20.6900005341,84814900
2024-08-16T04:00:00.000Z,20.5300006866,20.8999996185,20.4099998474,20.8700008392,48582700
2024-08-19T04:00:00.000Z,20.8899993896,21.8600006104,20.8400001526,21.5200004578,65956300
2024-08-20T04:00:00.000Z,21.2099990845,21.2299995422,20.8199996948,20.9899997711,84161300
2024-08-21T04:00:00.000Z,21.0699996948,21.4400005341,21.0699996948,21.4099998474,57028900
2024-08-22T04:00:00.000Z,21.3899993896,21.3999996185,20.0400009155,20.1000003815,81444700
2024-08-23T04:00:00.000Z,20.3199996948,20.9300003052,20.2600002289,20.5400009155,73398400
2024-08-26T04:00:00.000Z,20.5300006866,20.5599994659,19.9500007629,20.1299991608,58534800
2024-08-27T04:00:00.000Z,20.1299991608,20.2600002289,19.8400001526,20.0699996948,43862000
2024-08-28T04:00:00.000Z,19.9799995422,20.1100006104,19.5100002289,19.6100006104,50144900
2024-08-29T04:00:00.000Z,19.7600002289,20.6000003815,19.75,20.1299991608,64529700
2024-08-30T04:00:00.000Z,21.25,22.1200008392,21.0,22.0400009155,177785400
2024-09-03T04:00:00.000Z,21.5400009155,21.6900005341,19.9899997711,20.1000003815,115305500
2024-09-04T04:00:00.000Z,19.7600002289,20.0499992371,19.2800006866,19.4300003052,85871900
2024-09-05T04:00:00.000Z,19.2800006866,19.8999996185,19.2399997711,19.3999996185,65388800
2024-09-06T04:00:00.000Z,19.4400005341,19.4899997711,18.6399993896,18.8899993896,92686500
2024-09-09T04:00:00.000Z,19.0,19.5400009155,18.9500007629,19.0699996948,64244100
2024-09-10T04:00:00.000Z,19.0300006866,19.1100006104,18.5100002289,18.9799995422,55621300
2024-09-11T04:00:00.000Z,19.0100002289,19.6900005341,18.5200004578,19.6399993896,71403100
2024-09-12T04:00:00.000Z,19.4300003052,19.5400009155,19.0400009155,19.3600006104,51520600
2024-09-13T04:00:00.000Z,19.4899997711,19.7999992371,19.4899997711,19.6599998474,44236300
2024-09-16T04:00:00.000Z,20.0300006866,21.0699996948,19.7600002289,20.9099998474,149337000
2024-09-17T04:00:00.000Z,21.7099990845,22.5799999237,21.2399997711,21.4699993134,196249800
2024-09-18T04:00:00.000Z,21.3600006104,21.7399997711,20.7199993134,20.7700004578,118727900
2024-09-19T04:00:00.000Z,21.2800006866,21.6900005341,21.0300006866,21.1399993896,99829200
2024-09-20T04:00:00.000Z,20.8899993896,23.1399993896,20.3500003815,21.8400001526,260377900
2024-09-23T04:00:00.000Z,22.4300003052,22.8199996948,22.0300006866,22.5599994659,184439100
2024-09-24T04:00:00.000Z,22.5300006866,23.1100006104,22.2900009155,22.8099994659,113082500
2024-09-25T04:00:00.000Z,22.7999992371,24.0599994659,22.7299995422,23.5400009155,117013400
2024-09-26T04:00:00.000Z,24.2800006866,24.4200000763,23.25,23.9200000763,95416900
2024-09-27T04:00:00.000Z,24.1599998474,24.6599998474,23.7000007629,23.9099998474,85883300
2024-09-30T04:00:00.000Z,23.7399997711,23.9500007629,23.0900001526,23.4599990845,66308200
2024-10-01T04:00:00.000Z,23.4599990845,23.7199993134,22.2600002289,22.6900005341,86344400
2024-10-02T04:00:00.000Z,22.6700000763,23.0699996948,22.3500003815,22.3899993896,59033900
2024-10-03T04:00:00.000Z,22.1399993896,22.7299995422,21.6499996185,22.2600002289,49565900
2024-10-04T04:00:00.000Z,22.7000007629,22.9099998474,22.2999992371,22.5900001526,49845500
2024-10-07T04:00:00.000Z,22.3999996185,22.6499996185,22.0200004578,22.3799991608,54928700
2024-10-08T04:00:00.000Z,22.25,23.4200000763,22.0499992371,23.3199996948,58650500
2024-10-09T04:00:00.000Z,23.25,23.4799995422,23.0599994659,23.4599990845,44759000
2024-10-10T04:00:00.000Z,23.1900005341,23.5300006866,22.9599990845,23.2199993134,44874600
2024-10-11T04:00:00.000Z,23.0499992371,23.8199996948,22.9799995422,23.5599994659,43585300
2024-10-14T04:00:00.000Z,23.5799999237,23.7700004578,23.2700004578,23.4400005341,35403600
2024-10-15T04:00:00.000Z,23.4099998474,23.7199993134,22.4699993134,22.6599998474,68900600
2024-10-16T04:00:00.000Z,22.3799991608,22.5400009155,21.7399997711,22.3099994659,62151800
2024-10-17T04:00:00.000Z,22.7199993134,22.8199996948,22.3999996185,22.4400005341,43807600
2024-10-18T04:00:00.000Z,22.6100006104,22.8199996948,22.5,22.7700004578,39971700
2024-10-21T04:00:00.000Z,22.6100006104,22.8799991608,22.25,22.8400001526,39727000
2024-10-22T04:00:00.000Z,22.7299995422,22.8199996948,22.1700000763,22.3999996185,50160400
2024-10-23T04:00:00.000Z,22.2999992371,22.4300003052,21.5799999237,21.9799995422,45799100
2024-10-24T04:00:00.000Z,22.0900001526,22.3700008392,21.9699993134,22.3400001526,40554400
2024-10-25T04:00:00.000Z,22.4200000763,23.3400001526,22.4099998474,22.6800003052,67503000
2024-10-28T04:00:00.000Z,22.6700000763,23.2700004578,22.5599994659,22.9200000763,41915000
2024-10-29T04:00:00.000Z,22.8700008392,23.1399993896,22.4099998474,22.8999996185,83422200
2024-10-30T04:00:00.000Z,22.4200000763,22.9300003052,22.2600002289,22.2999992371,50941200
2024-10-31T04:00:00.000Z,22.1499996185,22.25,21.4699993134,21.5200004578,112485500
2024-11-01T04:00:00.000Z,23.0,23.5799999237,21.9099998474,23.2000007629,173471100
2024-11-04T05:00:00.000Z,22.9599990845,23.0,22.0,22.5200004578,84616300
2024-11-05T05:00:00.000Z,22.5799999237,23.5799999237,22.3999996185,23.3199996948,59153300
2024-11-06T05:00:00.000Z,24.2999992371,25.1200008392,24.0499992371,25.0499992371,116760500
2024-11-07T05:00:00.000Z,25.4300003052,26.3799991608,25.1900005341,26.2299995422,101489300
2024-11-08T05:00:00.000Z,26.0,26.4300003052,25.8299999237,26.2000007629,76428000
2024-11-11T05:00:00.000Z,25.9599990845,26.2900009155,24.8299999237,25.0499992371,80185300
2024-11-12T05:00:00.000Z,24.6599998474,24.9599990845,23.8899993896,24.1599998474,62539700
2024-11-13T05:00:00.000Z,24.0599994659,25.1399993896,24.0200004578,24.9200000763,58202000
2024-11-14T05:00:00.000Z,25.1200008392,25.6100006104,24.9300003052,25.0300006866,49252100
2024-11-15T05:00:00.000Z,24.8099994659,24.8199996948,24.2299995422,24.3500003815,55104900
2024-11-18T05:00:00.000Z,24.3299999237,25.0200004578,24.1599998474,24.8400001526,59589500
2024-11-19T05:00:00.000Z,24.5,24.5400009155,24.1000003815,24.2000007629,61190900
2024-11-20T05:00:00.000Z,24.0699996948,24.2099990845,23.5499992371,24.0100002289,50191500
2024-11-21T05:00:00.000Z,24.0799999237,24.7700004578,23.8299999237,24.4400005341,58928400
2024-11-22T05:00:00.000Z,24.3500003815,24.6800003052,24.1399993896,24.5,36784700
2024-11-25T05:00:00.000Z,25.0400009155,25.5699996948,24.7600002289,24.8700008392,91128400
2024-11-26T05:00:00.000Z,24.9500007629,24.9899997711,23.8099994659,24.0499992371,69613600
2024-11-27T05:00:00.000Z,23.8299999237,23.9300003052,23.0599994659,23.6499996185,53992300
2024-11-29T05:00:00.000Z,23.7199993134,24.2800006866,23.6000003815,24.0499992371,36616800
2024-12-02T05:00:00.000Z,24.8400001526,25.4799995422,23.4400005341,23.9300003052,150497900
2024-12-03T05:00:00.000Z,23.6800003052,23.75,22.4400005341,22.4699993134,138160500
2024-12-04T05:00:00.000Z,22.5300006866,22.5400009155,21.8099994659,21.9599990845,104649000
2024-12-05T05:00:00.000Z,22.0400009155,22.1900005341,20.6599998474,20.7999992371,167993500
2024-12-06T05:00:00.000Z,20.9500007629,21.0499992371,20.6599998474,20.9200000763,78539100
2024-12-09T05:00:00.000Z,20.9200000763,21.0599994659,20.7299995422,20.8099994659,68818200
2024-12-10T05:00:00.000Z,20.8299999237,20.8600006104,19.9599990845,20.1599998474,90004800
2024-12-11T05:00:00.000Z,20.1399993896,20.25,19.8700008392,20.1200008392,75209300
2024-12-12T05:00:00.000Z,20.0200004578,20.8999996185,19.9200000763,20.7800006866,77695000
2024-12-13T05:00:00.000Z,20.6000003815,20.7999992371,20.25,20.3400001526,55104100
2024-12-16T05:00:00.000Z,20.1700000763,21.1000003815,20.0,20.8299999237,73832900
2024-12-17T05:00:00.000Z,20.6399993896,20.7700004578,20.2900009155,20.4400005341,51767200
2024-12-18T05:00:00.000Z,20.4799995422,20.5799999237,19.2099990845,19.2999992371,86041200
2024-12-19T05:00:00.000Z,19.5300006866,19.6900005341,19.0300006866,19.0599994659,69117800
2024-12-20T05:00:00.000Z,18.9699993134,19.7600002289,18.8999996185,19.5200004578,108453700
2024-12-23T05:00:00.000Z,19.5799999237,20.2299995422,19.5200004578,20.2000007629,57988400
2024-12-24T05:00:00.000Z,20.2199993134,20.3999996185,19.9599990845,20.3999996185,29884000
2024-12-26T05:00:00.000Z,20.2299995422,20.6700000763,20.0799999237,20.4400005341,39846200
2024-12-27T05:00:00.000Z,20.2099990845,20.6100006104,20.0900001526,20.2999992371,48260800
2024-12-31T05:00:00.000Z,19.9899997711,20.3999996185,19.8799991608,20.0499992371,49846700
2025-01-02T05:00:00.000Z,20.2299995422,20.4300003052,20.0,20.2199993134,46438500
2025-01-03T05:00:00.000Z,20.3899993896,20.6700000763,20.0599994659,20.5599994659,48983900
2025-01-06T05:00:00.000Z,20.8299999237,20.9799995422,19.7800006866,19.8700008392,83271000
2025-01-07T05:00:00.000Z,20.0200004578,20.3400001526,19.8999996185,20.0100002289,61726100
2025-01-08T05:00:00.000Z,19.8299999237,20.1200008392,19.7099990845,19.8799991608,47897100
2025-01-10T05:00:00.000Z,19.6599998474,19.6599998474,18.9099998474,19.1499996185,71244600
2025-01-13T05:00:00.000Z,18.9200000763,19.25,18.7299995422,19.2000007629,50669000
2025-01-14T05:00:00.000Z,19.3600006104,19.5200004578,18.8199996948,19.2000007629,47147500
2025-01-15T05:00:00.000Z,19.3999996185,19.7700004578,19.1700000763,19.7199993134,56306000
2025-01-16T05:00:00.000Z,19.75,19.9500007629,19.3999996185,19.6700000763,44898100
2025-01-17T05:00:00.000Z,21.2600002289,21.6200008392,20.7900009155,21.4899997711,166483900
2025-01-21T05:00:00.000Z,22.0300006866,22.4099998474,21.75,21.7700004578,96262200
2025-01-22T05:00:00.000Z,21.7299995422,22.2900009155,21.5699996948,21.8600006104,60972600
2025-01-23T05:00:00.000Z,21.6900005341,21.75,21.3500003815,21.5699996948,55778200
2025-01-24T05:00:00.000Z,21.3600006104,21.4099998474,20.75,20.8299999237,66300600
2025-01-27T05:00:00.000Z,20.8099994659,21.0599994659,20.1399993896,20.2900009155,83582100
2025-01-28T05:00:00.000Z,20.3400001526,20.3400001526,19.7399997711,19.7999992371,73411400
2025-01-29T05:00:00.000Z,19.8700008392,20.0799999237,19.6599998474,19.75,86506800
2025-01-30T05:00:00.000Z,19.7199993134,20.1000003815,19.4300003052,20.0100002289,108167000
2025-01-31T05:00:00.000Z,20.1000003815,20.3299999237,19.3799991608,19.4300003052,117081700
2025-02-03T05:00:00.000Z,18.9699993134,19.75,18.7800006866,19.3799991608,77523100
2025-02-04T05:00:00.000Z,19.1000003815,19.5300006866,19.0200004578,19.2900009155,54098200
2025-02-05T05:00:00.000Z,19.1900005341,19.7700004578,18.9099998474,19.6499996185,66059200
2025-02-06T05:00:00.000Z,19.5100002289,19.7000007629,19.2199993134,19.3799991608,45553800
2025-02-07T05:00:00.000Z,19.3500003815,19.3600006104,19.0300006866,19.1000003815,58277900
2025-02-10T05:00:00.000Z,19.25,20.0799999237,19.2399997711,19.7700004578,73007300
2025-02-11T05:00:00.000Z,19.8700008392,21.8799991608,19.8600006104,20.9699993134,150960700
2025-02-12T05:00:00.000Z,21.9799995422,22.5599994659,20.9300003052,22.4799995422,162631200
2025-02-13T05:00:00.000Z,22.8400001526,24.8299999237,22.7900009155,24.1299991608,248661300
2025-02-14T05:00:00.000Z,24.3600006104,25.1900005341,22.8600006104,23.6000003815,230254100
2025-02-18T05:00:00.000Z,24.6000003815,27.5499992371,24.4899997711,27.3899993896,284292200
2025-02-19T05:00:00.000Z,25.9799995422,26.3299999237,25.4599990845,25.7199993134,151881700
2025-02-20T05:00:00.000Z,25.5599994659,26.1200008392,24.4799995422,26.0900001526,144939600
2025-02-21T05:00:00.000Z,25.9599990845,26.2900009155,24.8400001526,24.8700008392,111630900
2025-02-24T05:00:00.000Z,24.5499992371,24.7999992371,23.6200008392,24.2700004578,91358100
2025-02-25T05:00:00.000Z,24.2099990845,24.2800006866,22.7700004578,22.9899997711,88886500
2025-02-26T05:00:00.000Z,23.25,23.8199996948,23.2099990845,23.5200004578,67449300
2025-02-27T05:00:00.000Z,23.7000007629,24.3999996185,23.0699996948,23.0900001526,97871900
2025-02-28T05:00:00.000Z,23.0200004578,24.4400005341,22.6399993896,23.7299995422,104133800
2025-03-03T05:00:00.000Z,25.0,25.0400009155,22.5200004578,22.7399997711,141348700
2025-03-04T05:00:00.000Z,22.5400009155,22.6299991608,20.7600002289,21.3299999237,152182200
2025-03-05T05:00:00.000Z,21.3299999237,21.3600006104,20.1800003052,20.8099994659,127219300
2025-03-06T05:00:00.000Z,20.2600002289,21.1299991608,20.0,20.75,96466400
2025-03-07T05:00:00.000Z,20.2700004578,21.2000007629,20.1100006104,20.6399993896,81099600
2025-03-10T04:00:00.000Z,20.2399997711,20.5100002289,19.6499996185,19.9300003052,82760600
2025-03-11T04:00:00.000Z,19.9699993134,20.0599994659,19.2900009155,19.7800006866,80789000
2025-03-12T04:00:00.000Z,20.7900009155,21.1700000763,20.2099990845,20.6800003052,128671100
2025-03-13T04:00:00.000Z,23.5,24.5300006866,23.1299991608,23.7000007629,243261000
2025-03-14T04:00:00.000Z,23.6800003052,24.3700008392,23.5200004578,24.0499992371,116901600
2025-03-17T04:00:00.000Z,24.4200000763,26.1499996185,24.3700008392,25.6900005341,160723600
2025-03-18T04:00:00.000Z,25.5499992371,26.4099998474,25.3899993896,25.9200000763,132488800
2025-03-19T04:00:00.000Z,24.8999996185,25.2299995422,24.0300006866,24.1200008392,135491400
2025-03-20T04:00:00.000Z,23.7700004578,24.3099994659,23.7299995422,23.9599990845,68937600
2025-03-21T04:00:00.000Z,23.6000003815,24.7000007629,23.4899997711,24.2600002289,94110700
2025-03-24T04:00:00.000Z,24.7199993134,24.9899997711,24.1299991608,24.2199993134,69169000
2025-03-25T04:00:00.000Z,24.1800003052,24.75,24.1100006104,24.2000007629,51743300
2025-03-26T04:00:00.000Z,24.25,24.4200000763,23.25,23.4200000763,59496700
2025-03-27T04:00:00.000Z,23.2900009155,23.7600002289,22.8600006104,23.6200008392,57720600
2025-03-28T04:00:00.000Z,23.3500003815,23.5799999237,22.5599994659,22.7099990845,58365300
2025-03-31T04:00:00.000Z,22.3799991608,22.75,21.75,22.7099990845,65832000
2025-04-01T04:00:00.000Z,22.5599994659,22.6200008392,21.6599998474,22.0499992371,64060400
2025-04-02T04:00:00.000Z,21.8899993896,22.3799991608,21.7000007629,21.9799995422,58878800
2025-04-03T04:00:00.000Z,21.3999996185,23.8999996185,20.8600006104,22.4300003052,242972100
2025-04-04T04:00:00.000Z,21.7000007629,22.2000007629,19.7000007629,19.8500003815,175014700
2025-04-07T04:00:00.000Z,19.1399993896,20.6700000763,18.5599994659,19.5699996948,142491200
2025-04-08T04:00:00.000Z,20.0599994659,20.3899993896,17.6700000763,18.1299991608,163982700
2025-04-09T04:00:00.000Z,18.0699996948,21.7299995422,17.9799995422,21.5300006866,224183500
2025-04-10T04:00:00.000Z,20.6800003052,20.8199996948,19.1599998474,19.8799991608,129064900
2025-04-11T04:00:00.000Z,19.25,19.7999992371,18.1800003052,19.7399997711,128425800
2025-04-14T04:00:00.000Z,20.5900001526,21.0499992371,19.9799995422,20.3099994659,101964400
2025-04-15T04:00:00.000Z,20.2000007629,20.4699993134,19.8099994659,19.8500003815,64056900
2025-04-16T04:00:00.000Z,19.3400001526,19.4300003052,18.7199993134,19.2299995422,89469700
2025-04-17T04:00:00.000Z,18.9099998474,19.1000003815,18.5599994659,18.9300003052,85646700
2025-04-21T04:00:00.000Z,18.9300003052,18.9899997711,18.25,18.8400001526,72409900
2025-04-22T04:00:00.000Z,19.0599994659,19.7399997711,19.0400009155,19.5100002289,83365600
2025-04-23T04:00:00.000Z,20.7199993134,21.0300006866,20.3099994659,20.5900001526,97188100
2025-04-24T04:00:00.000Z,21.0400009155,21.5499992371,20.8799991608,21.4899997711,117086200
2025-04-25T04:00:00.000Z,19.7299995422,20.1800003052,19.3400001526,20.0499992371,147711200
2025-04-28T04:00:00.000Z,20.1200008392,21.0799999237,20.0499992371,20.5100002289,96624400
2025-04-29T04:00:00.000Z,20.3099994659,20.8500003815,20.2199993134,20.3400001526,70031900
2025-04-30T04:00:00.000Z,19.7099990845,20.1800003052,19.5499992371,20.1000003815,68297300
2025-05-01T04:00:00.000Z,20.2199993134,20.6499996185,19.9400005341,19.9799995422,72607500
2025-05-02T04:00:00.000Z,20.2600002289,20.7800006866,20.2099990845,20.6200008392,63298500
2025-05-05T04:00:00.000Z,20.3899993896,20.5799999237,20.2399997711,20.2700004578,44237000
2025-05-06T04:00:00.000Z,19.9200000763,20.1200008392,19.7700004578,19.9400005341,51330800
2025-05-07T04:00:00.000Z,19.9699993134,20.3700008392,19.8199996948,20.3099994659,61002600
2025-05-08T04:00:00.000Z,21.0100002289,21.2399997711,20.6399993896,21.0,71651700
2025-05-09T04:00:00.000Z,21.2000007629,21.4500007629,20.8299999237,21.4200000763,51768600
2025-05-12T04:00:00.000Z,22.1800003052,22.6700000763,21.8799991608,22.1800003052,94578700
2025-05-13T04:00:00.000Z,22.3600006104,22.8799991608,22.2999992371,22.5599994659,76850400
2025-05-14T04:00:00.000Z,22.3500003815,22.4599990845,21.4599990845,21.5200004578,91584800
2025-05-15T04:00:00.000Z,21.2299995422,21.6299991608,21.1900005341,21.5499992371,66705500
2025-05-16T04:00:00.000Z,21.5300006866,21.7600002289,21.3500003815,21.6599998474,55795100
2025-05-19T04:00:00.000Z,21.1800003052,21.5599994659,21.0499992371,21.3799991608,64279100
2025-05-20T04:00:00.000Z,21.3299999237,21.4099998474,21.1200008392,21.2700004578,48497400
2025-05-21T04:00:00.000Z,21.1900005341,21.6299991608,20.5900001526,20.6900005341,62904700
2025-05-22T04:00:00.000Z,20.7299995422,20.8999996185,20.5100002289,20.5499992371,56077500
2025-05-23T04:00:00.000Z,20.1599998474,20.2700004578,19.9400005341,20.0499992371,68206100
2025-05-27T04:00:00.000Z,20.4400005341,20.6700000763,20.1800003052,20.5499992371,69504600
2025-05-28T04:00:00.000Z,20.5699996948,20.6399993896,20.3299999237,20.3700008392,46096500
2025-05-29T04:00:00.000Z,20.5400009155,20.6000003815,20.1000003815,20.25,66372200
2025-05-30T04:00:00.000Z,20.2600002289,20.2600002289,19.3099994659,19.5499992371,114281900
2025-06-02T04:00:00.000Z,19.4799995422,19.8199996948,19.3700008392,19.7399997711,67885500
2025-06-03T04:00:00.000Z,19.75,20.4099998474,19.3999996185,20.2900009155,80401900
2025-06-04T04:00:00.000Z,20.3400001526,20.5,20.0100002289,20.25,71166500
2025-06-05T04:00:00.000Z,20.2700004578,20.5499992371,19.8500003815,19.9899997711,72458400
2025-06-06T04:00:00.000Z,20.1700000763,20.4400005341,20.0300006866,20.0599994659,70072800
2025-06-09T04:00:00.000Z,20.2199993134,20.9599990845,20.2199993134,20.4799995422,92893900
2025-06-10T04:00:00.000Z,20.5,22.4400005341,20.2800006866,22.0799999237,171457000
2025-06-11T04:00:00.000Z,21.7800006866,21.8299999237,20.3799991608,20.6800003052,146784500
2025-06-12T04:00:00.000Z,20.5,20.9799995422,20.4099998474,20.7700004578,78175900
2025-06-13T04:00:00.000Z,20.3299999237,20.6000003815,20.1000003815,20.1399993896,87655900
2025-06-16T04:00:00.000Z,20.4099998474,20.9300003052,20.2999992371,20.7399997711,86745100
2025-06-17T04:00:00.000Z,20.6299991608,21.4799995422,20.6200008392,20.7999992371,87512200
2025-06-18T04:00:00.000Z,20.8099994659,21.6000003815,20.6599998474,21.4899997711,94200600
2025-06-20T04:00:00.000Z,21.7000007629,21.8899993896,20.8799991608,21.0799999237,133472800
2025-06-23T04:00:00.000Z,21.0699996948,21.5799999237,20.7299995422,21.1900005341,81461000
2025-06-24T04:00:00.000Z,21.3400001526,22.6900005341,21.3299999237,22.5499992371,130368700
2025-06-25T04:00:00.000Z,22.5799999237,22.7700004578,22.1299991608,22.2000007629,64975100
2025-06-26T04:00:00.000Z,22.3999996185,22.6200008392,22.2099990845,22.5,63229300
2025-06-27T04:00:00.000Z,22.7099990845,23.3799991608,22.4200000763,22.6900005341,95542400
2025-06-30T04:00:00.000Z,22.9699993134,22.9699993134,22.2700004578,22.3999996185,77102400
2025-07-01T04:00:00.000Z,22.3299999237,23.1599998474,22.2800006866,22.8500003815,79094900
2025-07-02T04:00:00.000Z,22.5300006866,22.7700004578,21.5200004578,21.8799991608,138245300
2025-07-03T04:00:00.000Z,22.1499996185,22.6299991608,21.9899997711,22.4899997711,61176000
2025-07-07T04:00:00.000Z,22.2099990845,22.3899993896,21.8600006104,22.0,80725200
2025-07-08T04:00:00.000Z,22.1800003052,23.7900009155,22.1299991608,23.5900001526,119545500
2025-07-09T04:00:00.000Z,23.2900009155,23.5300006866,23.1299991608,23.4400005341,70247700
2025-07-10T04:00:00.000Z,23.6299991608,24.0400009155,23.4799995422,23.8199996948,54599800
2025-07-11T04:00:00.000Z,23.5599994659,23.6599998474,23.1599998474,23.4300003052,49367900
2025-07-14T04:00:00.000Z,23.2399997711,23.3999996185,22.8799991608,23.2999992371,48420500
2025-07-15T04:00:00.000Z,23.5699996948,23.7800006866,22.8999996185,22.9200000763,66099400
2025-07-16T04:00:00.000Z,22.9899997711,23.1299991608,22.25,22.6900005341,58865900
2025-07-17T04:00:00.000Z,22.6599998474,23.0499992371,22.5900001526,22.7999992371,49384000
2025-07-18T04:00:00.000Z,23.2199993134,23.5900001526,22.8999996185,23.1000003815,60195600
2025-07-21T04:00:00.000Z,23.3999996185,23.8299999237,23.1599998474,23.2600002289,61658000
2025-07-22T04:00:00.000Z,23.3400001526,23.5400009155,23.0799999237,23.2399997711,53969800
2025-07-23T04:00:00.000Z,23.2600002289,23.6200008392,22.9200000763,23.4899997711,68711700
2025-07-24T04:00:00.000Z,23.4899997711,23.5799999237,22.6000003815,22.6299991608,131963300
2025-07-25T04:00:00.000Z,20.6800003052,21.0499992371,20.3600006104,20.7000007629,245077700
2025-07-28T04:00:00.000Z,20.8199996948,21.2900009155,20.6499996185,20.6800003052,86105600
2025-07-29T04:00:00.000Z,20.6900005341,20.8500003815,20.3400001526,20.4099998474,100831500
2025-07-30T04:00:00.000Z,20.4300003052,20.6200008392,20.0799999237,20.3400001526,67420300
2025-07-31T04:00:00.000Z,20.1700000763,20.2299995422,19.6599998474,19.7999992371,90665200
2025-08-01T04:00:00.000Z,19.5,19.5499992371,18.9699993134,19.3099994659,86496100
2025-08-04T04:00:00.000Z,19.5200004578,19.5900001526,19.3500003815,19.5,69249400
2025-08-05T04:00:00.000Z,19.7000007629,20.5400009155,19.6800003052,20.1900005341,97338200
2025-08-06T04:00:00.000Z,20.1200008392,20.4799995422,19.8700008392,20.4099998474,67074200
2025-08-07T04:00:00.000Z,20.0,20.4400005341,19.6000003815,19.7700004578,131382800
2025-08-08T04:00:00.000Z,20.0,20.0200004578,19.6100006104,19.9500007629,75415000
2025-08-11T04:00:00.000Z,20.4500007629,21.6000003815,20.4400005341,20.6499996185,175545600
2025-08-12T04:00:00.000Z,21.2000007629,21.8600006104,20.7600002289,21.8099994659,134153600
2025-08-13T04:00:00.000Z,21.6200008392,22.2999992371,21.3600006104,22.2199993134,86024400
2025-08-14T04:00:00.000Z,21.9899997711,24.2000007629,21.8999996185,23.8600006104,188052500
2025-08-15T04:00:00.000Z,25.0100002289,25.6499996185,24.1100006104,24.5599994659,310161100
2025-08-18T04:00:00.000Z,24.0,24.8999996185,23.2099990845,23.6599998474,212515600
2025-08-19T04:00:00.000Z,24.9400005341,26.5300006866,24.9400005341,25.3099994659,297659200
2025-08-20T04:00:00.000Z,24.8999996185,24.9300003052,23.3299999237,23.5400009155,161149400
2025-08-21T04:00:00.000Z,23.5300006866,23.5699996948,22.7800006866,23.5,97718300
2025-08-22T04:00:00.000Z,23.6499996185,25.2299995422,23.6499996185,24.7999992371,200266800
2025-08-25T04:00:00.000Z,25.5,25.8799991608,24.4400005341,24.5499992371,156825600
2025-08-26T04:00:00.000Z,24.5799999237,24.7399997711,24.1000003815,24.3500003815,78558200
2025-08-27T04:00:00.000Z,24.1900005341,24.9899997711,24.0499992371,24.8500003815,90934400
2025-08-28T04:00:00.000Z,24.9599990845,25.1399993896,24.6100006104,24.9300003052,60035100
2025-08-29T04:00:00.000Z,24.7600002289,24.9699993134,24.2800006866,24.3500003815,63734400
2025-09-02T04:00:00.000Z,23.8799991608,24.2399997711,23.6800003052,24.2099990845,57661800
2025-09-03T04:00:00.000Z,24.0900001526,24.0900001526,23.7199993134,24.0,47822900
2025-09-04T04:00:00.000Z,23.8500003815,24.6399993896,23.75,24.6100006104,59056500
2025-09-05T04:00:00.000Z,24.6000003815,24.7099990845,24.1700000763,24.4899997711,55975300
2025-09-08T04:00:00.000Z,24.4799995422,24.7399997711,24.1200008392,24.4799995422,51122100
2025-09-09T04:00:00.000Z,24.5300006866,24.8099994659,24.2700004578,24.4400005341,42146200
2025-09-10T04:00:00.000Z,24.4200000763,24.8700008392,24.2800006866,24.7700004578,61600700
2025-09-11T04:00:00.000Z,24.7600002289,24.9300003052,24.5699996948,24.6100006104,55536900
2025-09-12T04:00:00.000Z,24.6100006104,24.6299991608,24.0499992371,24.0799999237,52672800
2025-09-15T04:00:00.000Z,24.3299999237,25.4599990845,24.2199993134,24.7700004578,83951600
2025-09-16T04:00:00.000Z,24.8199996948,25.3400001526,24.6900005341,25.2700004578,60336600
2025-09-17T04:00:00.000Z,25.0799999237,25.2600002289,24.4500007629,24.8999996185,63093700
2025-09-18T04:00:00.000Z,31.7800006866,32.3800010681,30.1599998474,30.5699996948,523908000
2025-09-19T04:00:00.000Z,30.3799991608,30.6299991608,29.3299999237,29.5799999237,225702900
2025-09-22T04:00:00.000Z,29.6700000763,30.1000003815,28.7299995422,28.7600002289,130314500
2025-09-23T04:00:00.000Z,28.9899997711,30.2000007629,28.8199996948,29.3400001526,126317900
2025-09-24T04:00:00.000Z,29.3799991608,31.7000007629,29.2299995422,31.2199993134,164458500
2025-09-25T04:00:00.000Z,31.6100006104,34.25,31.2099990845,33.9900016785,295709300
2025-09-26T04:00:00.000Z,35.0200004578,36.2999992371,34.4900016785,35.5,268583300
2025-09-29T04:00:00.000Z,34.5200004578,35.0499992371,33.7299995422,34.4799995422,152605900
2025-09-30T04:00:00.000Z,33.9300003052,34.2400016785,33.0200004578,33.5499992371,124818400
2025-10-01T04:00:00.000Z,33.5299987793,36.0600013733,33.5,35.9399986267,162649700
2025-10-02T04:00:00.000Z,35.7599983215,37.5699996948,35.4399986267,37.2999992371,149361700
2025-10-03T04:00:00.000Z,37.9500007629,38.0800018311,36.4500007629,36.8300018311,125359300
2025-10-06T04:00:00.000Z,37.1899986267,38.6800003052,36.4300003052,36.5900001526,112086100
2025-10-07T04:00:00.000Z,36.6399993896,38.0499992371,36.3499984741,37.1699981689,111140200
2025-10-08T04:00:00.000Z,36.5499992371,37.7900009155,35.9099998474,37.4300003052,103202100
2025-10-09T04:00:00.000Z,37.5299987793,38.0999984741,36.8600006104,37.7999992371,89884700
2025-10-10T04:00:00.000Z,38.4599990845,39.6500015259,36.2999992371,36.3699989319,183063300
2025-10-13T04:00:00.000Z,36.4399986267,37.5099983215,36.2799987793,37.2200012207,104020700
2025-10-14T04:00:00.000Z,36.0,36.5499992371,34.6899986267,35.6300010681,117908300
2025-10-15T04:00:00.000Z,36.4000015259,37.4900016785,35.6399993896,37.1500015259,99242700
2025-10-16T04:00:00.000Z,37.1500015259,38.0200004578,36.4099998474,36.8400001526,83357800
2025-10-17T04:00:00.000Z,36.3600006104,38.3800010681,36.0800018311,37.0099983215,119394700
2025-10-20T04:00:00.000Z,37.5699996948,38.5200004578,37.5600013733,38.0999984741,80230200
2025-10-21T04:00:00.000Z,38.1399993896,38.3499984741,37.6699981689,38.1199989319,73134900
2025-10-22T04:00:00.000Z,37.8400001526,37.9300003052,36.0400009155,36.9199981689,87099900
2025-10-23T04:00:00.000Z,36.5999984741,38.4000015259,36.4300003052,38.1599998474,121974200
2025-10-24T04:00:00.000Z,40.0200004578,41.1199989319,37.8300018311,38.2799987793,246380000
2025-10-27T04:00:00.000Z,38.3899993896,40.6699981689,38.2299995422,39.5400009155,160007600
2025-10-28T04:00:00.000Z,39.5900001526,42.4799995422,39.5400009155,41.5299987793,181256400
2025-10-29T04:00:00.000Z,41.5999984741,42.0400009155,40.9199981689,41.3400001526,106962900
2025-10-30T04:00:00.000Z,40.9700012207,41.4300003052,40.1100006104,40.1599998474,84855500
2025-10-31T04:00:00.000Z,40.6800003052,40.8300018311,39.7900009155,39.9900016785,80471400
2025-11-03T05:00:00.000Z,40.25,40.4500007629,39.0499992371,39.5,61267500
2025-11-04T05:00:00.000Z,38.1399993896,38.25,36.6300010681,37.0299987793,102250300
2025-11-05T05:00:00.000Z,37.4199981689,38.6899986267,37.1100006104,38.3800010681,74631600
2025-11-06T05:00:00.000Z,38.3400001526,39.8400001526,36.7999992371,37.2400016785,77629900
2025-11-07T05:00:00.000Z,37.2599983215,38.2700004578,36.9700012207,38.1300010681,95521400
2025-11-10T05:00:00.000Z,38.9300003052,39.5299987793,37.9700012207,38.4500007629,77820300
2025-11-11T05:00:00.000Z,38.1500015259,38.2200012207,37.4900016785,37.8800010681,53741900
2025-11-12T05:00:00.000Z,38.0600013733,38.2000007629,37.3499984741,37.8899993896,53876000
2025-11-13T05:00:00.000Z,37.2700004578,37.3100013733,35.4500007629,35.9099998474,95593200
2025-11-14T05:00:00.000Z,35.0299987793,36.0999984741,34.6199989319,35.5200004578,71716200
2025-11-17T05:00:00.000Z,35.4500007629,35.7299995422,34.2299995422,34.7099990845,72580100
2025-11-18T05:00:00.000Z,34.25,34.7599983215,33.5699996948,34.3300018311,61504800
2025-11-19T05:00:00.000Z,34.3300018311,35.75,34.25,35.1100006104,67115500
2025-11-20T05:00:00.000Z,36.0,36.6800003052,33.4799995422,33.6199989319,96389100
2025-11-21T05:00:00.000Z,33.5099983215,34.9799995422,32.8899993896,34.5,105641700
2025-11-24T05:00:00.000Z,34.9700012207,36.1599998474,34.6899986267,35.7900009155,103804200
2025-11-25T05:00:00.000Z,35.5499992371,36.1300010681,34.6800003052,35.8300018311,62203300
2025-11-26T05:00:00.000Z,36.2000007629,37.2400016785,36.1300010681,36.8100013733,54563400
2025-11-28T05:00:00.000Z,37.4000015259,40.5900001526,37.3400001526,40.5600013733,95799500
2025-12-01T05:00:00.000Z,39.8600006104,40.3800010681,39.5999984741,40.0099983215,74534900
2025-12-02T05:00:00.000Z,40.4700012207,43.6800003052,40.0499992371,43.4700012207,167205800
2025-12-03T05:00:00.000Z,43.3899993896,44.0200004578,42.5099983215,43.7599983215,91957200
2025-12-04T05:00:00.000Z,43.2599983215,43.2799987793,40.1399993896,40.5,107850200
2025-12-05T05:00:00.000Z,41.1599998474,42.8300018311,41.1500015259,41.4099998474,103042000
2025-12-08T05:00:00.000Z,41.9399986267,42.1199989319,39.7000007629,40.2999992371,93953600
2025-12-09T05:00:00.000Z,40.7299995422,41.2599983215,40.0299987793,40.5,61877200
2025-12-10T05:00:00.000Z,40.1100006104,40.9900016785,38.8899993896,40.7799987793,75974900
2025-12-11T05:00:00.000Z,40.0699996948,40.1899986267,39.0800018311,39.5099983215,59096800
2025-12-12T05:00:00.000Z,39.25,40.0299987793,37.6199989319,37.8100013733,87784500
2025-12-15T05:00:00.000Z,38.3300018311,38.4799995422,37.3199996948,37.5099983215,60898500
2025-12-16T05:00:00.000Z,37.5800018311,37.9599990845,36.9199981689,37.3100013733,50490300
2025-12-17T05:00:00.000Z,37.5900001526,37.8400001526,35.9700012207,36.0499992371,54792000
2025-12-18T05:00:00.000Z,37.3800010681,37.4900016785,35.6699981689,36.2799987793,69468400
2025-12-19T05:00:00.000Z,36.4799995422,37.5800018311,36.4399986267,36.8199996948,163221300
2025-12-22T05:00:00.000Z,37.8899993896,37.9000015259,36.2900009155,36.3699989319,51685400
2025-12-23T05:00:00.000Z,36.2400016785,36.7999992371,36.0299987793,36.3499984741,35958000
2025-12-24T05:00:00.000Z,35.1699981689,36.1800003052,34.9500007629,36.1599998474,37443800
2025-12-26T05:00:00.000Z,36.1699981689,36.4900016785,35.8499984741,36.2000007629,28779400
2025-12-29T05:00:00.000Z,36.0099983215,36.7999992371,35.8199996948,36.6800003052,38062300
2025-12-30T05:00:00.000Z,36.9099998474,38.2599983215,36.8199996948,37.2999992371,61935300
2025-12-31T05:00:00.000Z,37.4000015259,37.5800018311,36.8699989319,36.9000015259,51524700
2026-01-02T05:00:00.000Z,37.7700004578,39.8600006104,37.7599983215,39.3800010681,95396400
2026-01-05T05:00:00.000Z,41.5900001526,42.0999984741,39.2700004578,39.3699989319,96665400
2026-01-06T05:00:00.000Z,39.8600006104,40.3100013733,38.9500007629,40.0400009155,66395100
2026-01-07T05:00:00.000Z,40.1800003052,44.5699996948,40.1199989319,42.6300010681,166028400
2026-01-08T05:00:00.000Z,42.6199989319,43.3400001526,40.6800003052,41.1100006104,88242000
2026-01-09T05:00:00.000Z,41.8300018311,45.7299995422,41.5699996948,45.5499992371,186691400
2026-01-12T05:00:00.000Z,44.2400016785,45.4500007629,43.8899993896,44.0600013733,101989100
2026-01-13T05:00:00.000Z,45.8899993896,48.2400016785,45.2200012207,47.2900009155,168656400
2026-01-14T05:00:00.000Z,48.9500007629,49.0,47.4199981689,48.7200012207,148225800
2026-01-15T05:00:00.000Z,49.3499984741,50.3899993896,47.8300018311,48.3199996948,132328900
2026-01-16T05:00:00.000Z,49.2700004578,50.2099990845,46.7099990845,46.9599990845,127314700
2026-01-20T05:00:00.000Z,47.2999992371,50.2299995422,47.0,48.5600013733,150153000
2026-01-21T05:00:00.000Z,50.3199996948,54.4099998474,50.1500015259,54.25,220565300
2026-01-22T05:00:00.000Z,54.2099990845,54.5999984741,53.0800018311,54.3199996948,190066400
2026-01-23T05:00:00.000Z,46.8600006104,48.1300010681,44.4500007629,45.0699996948,294675400
2026-01-26T05:00:00.000Z,44.2799987793,44.4599990845,42.2799987793,42.4900016785,149407800
2026-01-27T05:00:00.000Z,43.9700012207,44.5299987793,43.0999984741,43.9300003052,121832200
2026-01-28T05:00:00.000Z,46.5999984741,49.2900009155,46.3199996948,48.7799987793,201995100
2026-01-29T05:00:00.000Z,47.5600013733,48.7700004578,46.9900016785,48.6599998474,124256600
2026-01-30T05:00:00.000Z,48.9799995422,49.5800018311,45.9599990845,46.4700012207,114920100
2026-02-02T05:00:00.000Z,45.6300010681,49.8400001526,45.5,48.8100013733,101414600
2026-02-03T05:00:00.000Z,50.0600013733,51.4900016785,48.4300003052,49.25,122205100
2026-02-04T05:00:00.000Z,49.5400009155,49.7000007629,47.0,48.5999984741,128702300
2026-02-05T05:00:00.000Z,47.5900001526,50.8600006104,46.7900009155,48.2400016785,114307800
2026-02-06T05:00:00.000Z,49.0999984741,51.2999992371,48.8300018311,50.5900001526,115600200
2026-02-09T05:00:00.000Z,49.5900001526,51.2200012207,47.5900001526,50.2400016785,94841400
2026-02-10T05:00:00.000Z,50.4099998474,50.5400009155,46.7700004578,47.1300010681,99832900
2026-02-11T05:00:00.000Z,48.1100006104,49.5499992371,46.8600006104,48.2900009155,107681200
2026-02-12T05:00:00.000Z,47.7999992371,48.9500007629,46.1899986267,46.4799995422,88321200
2026-02-13T05:00:00.000Z,45.7599983215,47.6899986267,44.9700012207,46.7900009155,69740400
2026-02-17T05:00:00.000Z,45.9300003052,46.8300018311,45.4599990845,46.1800003052,65802200
2026-02-18T05:00:00.000Z,45.9199981689,46.7700004578,44.8800010681,45.4599990845,65306100
2026-02-19T05:00:00.000Z,44.9500007629,45.1699981689,43.9199981689,44.6199989319,72724900
2026-02-20T05:00:00.000Z,43.8899993896,44.3899993896,42.8800010681,44.1100006104,90743600
2026-02-23T05:00:00.000Z,44.0900001526,44.5499992371,43.1800003052,43.6300010681,57130900
2026-02-24T05:00:00.000Z,44.0999984741,46.5999984741,43.5400009155,46.1199989319,98872300
2026-02-25T05:00:00.000Z,46.0900001526,46.9700012207,45.0800018311,46.8800010681,75645300
2026-02-26T05:00:00.000Z,46.7700004578,46.9500007629,44.3899993896,45.4599990845,71457500
2026-02-27T05:00:00.000Z,44.4599990845,46.5600013733,44.4000015259,45.6100006104,79327200
2026-03-02T05:00:00.000Z,44.2000007629,45.8100013733,43.9500007629,45.5,60705100
2026-03-03T05:00:00.000Z,43.4399986267,43.6899986267,42.1399993896,43.0999984741,83971000
2026-03-04T05:00:00.000Z,44.0699996948,46.1300010681,43.2700004578,45.5800018311,96628100
2026-03-05T05:00:00.000Z,44.8699989319,46.4799995422,44.7000007629,45.9500007629,78229400
2026-03-06T05:00:00.000Z,44.6699981689,45.1800003052,43.2799987793,43.4199981689,74698300
2026-03-09T04:00:00.000Z,42.7400016785,45.7599983215,41.6399993896,45.5800018311,82937400
2026-03-10T04:00:00.000Z,45.4099998474,47.8800010681,45.4099998474,46.7799987793,85233300
2026-03-11T04:00:00.000Z,46.8199996948,48.8300018311,46.6599998474,47.9799995422,72480600
2026-03-12T04:00:00.000Z,47.4000015259,47.4399986267,45.1699981689,45.25,85110200
2026-03-13T04:00:00.000Z,45.9700012207,46.6500015259,45.3899993896,45.7700004578,68386200
2026-03-16T04:00:00.000Z,47.9099998474,49.1699981689,45.6899986267,45.7599983215,114199400
2026-03-17T04:00:00.000Z,46.0800018311,46.0800018311,43.9099998474,44.0600013733,89061600
2026-03-18T04:00:00.000Z,44.2000007629,45.7099990845,44.0499992371,45.0299987793,78056200
2026-03-19T04:00:00.000Z,43.9900016785,46.4399986267,43.6500015259,46.1800003052,74051500
2026-03-20T04:00:00.000Z,46.9500007629,47.5499992371,43.6399993896,43.8699989319,162814200
2026-03-23T04:00:00.000Z,44.5,45.4599990845,43.7400016785,44.0099983215,80772200
2026-03-24T04:00:00.000Z,43.5400009155,44.3100013733,43.2000007629,44.0600013733,65323500
2026-03-25T04:00:00.000Z,45.8499984741,47.8499984741,45.4500007629,47.1800003052,97467900
2026-03-26T04:00:00.000Z,46.2999992371,46.5999984741,43.9199981689,44.0999984741,82841400
2026-03-27T04:00:00.000Z,43.6199989319,44.1300010681,42.8600006104,43.1300010681,70002200
2026-03-30T04:00:00.000Z,43.7200012207,43.9900016785,40.6300010681,41.1899986267,84596000
2026-03-31T04:00:00.000Z,41.9500007629,44.2299995422,41.5999984741,44.1300010681,95294900
2026-04-01T04:00:00.000Z,45.0,48.7700004578,44.9799995422,48.0299987793,129598500
2026-04-02T04:00:00.000Z,46.0600013733,50.4900016785,46.0400009155,50.3800010681,117134200
2026-04-06T04:00:00.000Z,50.8800010681,52.3899993896,49.8699989319,50.7799987793,79978800
2026-04-07T04:00:00.000Z,51.9099998474,53.2700004578,51.2200012207,52.9099998474,129543800
2026-04-08T04:00:00.000Z,55.3699989319,59.1699981689,54.7999992371,58.9500007629,184599900
2026-04-09T04:00:00.000Z,58.4000015259,62.0800018311,58.3899993896,61.7200012207,155609900
2026-04-10T04:00:00.000Z,61.5200004578,63.3899993896,60.75,62.3800010681,98624400
2026-04-13T04:00:00.000Z,62.1800003052,65.6500015259,62.1800003052,65.1800003052,112111000
2026-04-14T04:00:00.000Z,65.1600036621,65.1800003052,62.0900001526,63.8100013733,112796100
2026-04-15T04:00:00.000Z,63.7700004578,65.8399963379,62.8800010681,64.9400024414,92051500
2026-04-16T04:00:00.000Z,64.9300003052,68.6100006104,64.2699966431,68.5,108328300
2026-04-17T04:00:00.000Z,68.8499984741,70.3300018311,67.7399978638,68.5,118831500
2026-04-20T04:00:00.000Z,68.4499969482,69.2099990845,64.4700012207,65.6999969482,96851100
2026-04-21T04:00:00.000Z,67.1399993896,67.6699981689,65.6399993896,66.2600021362,91402300
2026-04-22T04:00:00.000Z,67.9400024414,68.7699966431,64.9800033569,65.2699966431,90267300
2026-04-23T04:00:00.000Z,66.0999984741,68.2799987793,65.4199981689,66.7799987793,155141800
2026-04-24T04:00:00.000Z,82.1999969482,85.2200012207,79.6200027466,82.5400009155,281405200
2026-04-27T04:00:00.000Z,83.6699981689,87.0999984741,82.6100006104,84.9899978638,178820200
2026-04-28T04:00:00.000Z,81.2799987793,84.5899963379,80.8000030518,84.5199966431,147773500
2026-04-29T04:00:00.000Z,86.1399993896,94.9499969482,85.8700027466,94.75,235070900
2026-04-30T04:00:00.000Z,95.5999984741,95.6900024414,91.5,94.4800033569,160597300
2026-05-01T04:00:00.000Z,93.1999969482,100.4499969482,92.6100006104,99.6200027466,158502800
2026-05-04T04:00:00.000Z,99.1800003052,99.8199996948,95.5999984741,95.7799987793,119294000
2026-05-05T04:00:00.000Z,100.5100021362,110.4800033569,100.0800018311,108.1500015259,198482000
2026-05-06T04:00:00.000Z,110.9800033569,113.5,106.5800018311,113.0100021362,157320100
2026-05-07T04:00:00.000Z,111.0199966431,114.5100021362,109.1500015259,109.6200027466,122699900
2026-05-08T04:00:00.000Z,111.8099975586,130.5700073242,111.8000030518,124.9199981689,227681300
2026-05-11T04:00:00.000Z,130.8800048828,132.75,123.9199981689,129.4400024414,179486500
