Date,Open,High,Low,Close,Volume
2021-01-04T05:00:00.000Z,272.6405026545,272.8587908984,263.1351079166,266.8459777832,15106100
2021-01-05T05:00:00.000Z,266.2010125852,270.2789962128,266.1216185352,268.8601379395,9871600
2021-01-06T05:00:00.000Z,259.9599985721,265.6652275484,257.985502929,261.2597961426,24354100
2021-01-07T05:00:00.000Z,263.8296082715,269.4951398375,262.7183338081,266.6474914551,15789800
2021-01-08T05:00:00.000Z,266.2208311647,266.8558624092,261.1307705028,265.4866027832,18528300
2021-01-11T05:00:00.000Z,258.4518366027,261.418545889,253.9074808801,254.8401641846,30412300
2021-01-12T05:00:00.000Z,254.6317902343,257.6977267358,248.3510761021,249.1349182129,26383500
2021-01-13T05:00:00.000Z,249.5913226998,251.972629175,247.2596147904,249.6806182861,19528900
2021-01-14T05:00:00.000Z,251.4269125501,253.0442255138,242.7053619325,243.7273406982,29739400
2021-01-15T05:00:00.000Z,245.9697208793,251.8833200078,245.235492578,249.4027862549,24942900
2021-01-19T05:00:00.000Z,254.8996767061,260.1584271382,250.7522309802,259.066986084,28028500
2021-01-20T05:00:00.000Z,266.8359692388,268.2151605379,261.5474846079,265.397277832,25199900
2021-01-21T05:00:00.000Z,267.1634541084,271.4696576678,265.4072165883,270.7453308105,20838700
2021-01-22T05:00:00.000Z,269.8920079006,276.301698729,269.8820760758,272.3626098633,21954000
2021-01-25T05:00:00.000Z,275.9743295382,277.9190598871,269.3959479462,275.8453369141,19087000
2021-01-26T05:00:00.000Z,275.9742924509,283.1678407176,275.6468450213,279.8538208008,19373600
2021-01-27T05:00:00.000Z,280.3301102833,281.2429601285,266.0323085162,270.0210266113,35346200
2021-01-28T05:00:00.000Z,275.0217379559,284.5569256894,262.6389325267,262.9365844727,37758800
2021-01-29T05:00:00.000Z,263.2343042702,264.4845033252,252.8656884156,256.318572998,30389500
2021-02-01T05:00:00.000Z,257.4992770744,262.1130947983,252.9251866552,259.969909668,22914300
2021-02-02T05:00:00.000Z,261.9443921434,266.7566341914,261.2200653098,265.0003967285,17320800
2021-02-03T05:00:00.000Z,263.5517517489,267.1038931263,261.785612885,264.5737304688,14223400
2021-02-04T05:00:00.000Z,264.9309790273,266.0720186802,261.9444062213,264.4150085449,16060000
2021-02-05T05:00:00.000Z,264.7225554259,267.0741269071,263.6013795818,266.0124511719,12454400
2021-02-08T05:00:00.000Z,266.6574199343,267.7587625576,262.9366187259,264.5043029785,13755200
2021-02-09T05:00:00.000Z,264.3653866856,271.2612831267,263.6807568982,267.3519592285,14613400
2021-02-10T05:00:00.000Z,270.328613651,271.6680778178,265.6354323142,269.753112793,14687200
2021-02-11T05:00:00.000Z,269.7729577825,271.4497708315,266.3994074743,268.2846374512,12828600
2021-02-12T05:00:00.000Z,268.4136322008,269.0684968593,266.2506136586,268.3937988281,9097600
2021-02-16T05:00:00.000Z,268.6914612008,274.4463189005,267.9473009165,271.8367919922,15417200
2021-02-17T05:00:00.000Z,269.1280057387,271.836759753,267.4809275378,271.4398803711,12763200
2021-02-18T05:00:00.000Z,267.4710106032,269.8324836675,263.9585662016,267.2924194336,15249100
2021-02-19T05:00:00.000Z,267.7587369051,268.1655480985,258.1243517109,259.5233764648,25622600
2021-02-22T05:00:00.000Z,255.9415655896,261.0216954756,255.5248224643,258.3030090332,17434900
2021-02-23T05:00:00.000Z,257.4794524605,265.3774649516,252.9748089711,263.7899169922,21924600
2021-02-24T05:00:00.000Z,260.287359454,264.3058423792,256.3780660417,262.251953125,15736100
2021-02-25T05:00:00.000Z,260.2576408875,264.8615269808,252.061961192,252.7069091797,19053100
2021-02-26T05:00:00.000Z,254.4729894978,263.4822744693,254.4729894978,255.6140289307,26619500
2021-03-01T05:00:00.000Z,258.7891703787,264.5737626108,255.8918932096,262.8473205566,22157300
2021-03-02T05:00:00.000Z,263.7105447919,264.6332962266,256.6360565661,256.9833374023,15191700
2021-03-03T05:00:00.000Z,258.2633026837,258.9578340794,253.113711353,253.421295166,15513500
2021-03-04T05:00:00.000Z,254.4730231566,264.414992526,251.526147554,255.6339263916,31626500
2021-03-05T05:00:00.000Z,258.6402919676,263.3830710223,253.6196792195,262.2221679688,26820100
2021-03-08T05:00:00.000Z,263.4823254555,263.5120906541,253.0640971594,253.3220672607,18391800
2021-03-09T05:00:00.000Z,259.1463457225,266.4391218775,257.7870179093,263.6708374023,22039700
2021-03-10T05:00:00.000Z,266.5483021618,266.8757193587,260.8232097495,262.8374023438,14210300
2021-03-11T05:00:00.000Z,266.022434909,275.7362167642,265.7347147005,271.7475280762,21834000
2021-03-12T05:00:00.000Z,267.0444088724,267.6397128665,261.96424931,266.3101501465,20600200
2021-03-15T04:00:00.000Z,266.9848184673,273.8112527855,266.4093479104,271.6184692383,16844800
2021-03-16T04:00:00.000Z,273.9303423113,279.9431851324,272.6603099988,277.1054382324,22437700
2021-03-17T04:00:00.000Z,273.5632228614,284.0013300636,273.265570872,281.798614502,21315000
2021-03-18T04:00:00.000Z,277.6907979279,282.9693812152,276.1131820367,276.4505310059,18728300
2021-03-19T04:00:00.000Z,279.0303406042,290.5201620374,279.0105072308,287.8511047363,38930500
2021-03-22T04:00:00.000Z,288.1884580786,297.3763356107,284.5172555722,291.2543945312,28273100
2021-03-23T04:00:00.000Z,290.8674022096,295.6796440838,287.5534125169,288.3670349121,23000900
2021-03-24T04:00:00.000Z,288.7341747534,289.4485697991,278.970795983,279.9431762695,18675000
2021-03-25T04:00:00.000Z,278.7921896615,285.8170486624,275.5873288162,276.5696105957,24505600
2021-03-26T04:00:00.000Z,276.133034743,282.284771219,275.6071627424,280.8162841797,17629200
2021-03-29T04:00:00.000Z,283.5448455684,290.8971513556,282.483200119,288.5555419922,21718800
2021-03-30T04:00:00.000Z,287.5732141173,290.1926721891,284.4676114191,285.7574768066,17474500
2021-03-31T04:00:00.000Z,287.7320056974,294.1913257776,286.3627461154,292.2366638184,19498200
2021-04-01T04:00:00.000Z,296.0765179606,300.04537217,294.2905456784,296.3345031738,17616000
2021-04-05T04:00:00.000Z,298.5471874455,308.3502331272,298.338800772,306.5047302246,28237000
2021-04-06T04:00:00.000Z,306.4352641391,308.9257301235,302.8732207214,303.8753662109,17335200
2021-04-07T04:00:00.000Z,303.9547186666,311.8031320847,303.121262854,310.6521606445,22855200
2021-04-08T04:00:00.000Z,312.3984705544,313.4204493922,307.6358269152,310.5827026367,20894100
2021-04-09T04:00:00.000Z,308.9753250435,312.2893150062,307.9136491692,310.0270690918,15988600
2021-04-12T04:00:00.000Z,308.6280525198,309.7194936219,305.5323506883,309.1142578125,10881900
2021-04-13T04:00:00.000Z,309.7789885617,311.9817038865,306.9115071052,307.3480834961,14036900
2021-04-14T04:00:00.000Z,304.9072252058,305.6315520299,299.5989067039,300.4621276855,17421400
2021-04-15T04:00:00.000Z,303.9547002769,307.7251299969,301.7321515779,305.4231872559,14558300
2021-04-16T04:00:00.000Z,305.7705158864,306.544441378,302.2382071802,303.7959899902,13059200
2021-04-19T04:00:00.000Z,302.6351398285,305.3041973641,298.2197763211,299.8866882324,14553500
2021-04-20T04:00:00.000Z,299.6385923845,302.7243926012,294.8958123184,300.2934570312,16796400
2021-04-21T04:00:00.000Z,299.5989541652,299.6287193666,295.074461884,299.1226806641,14863500
2021-04-22T04:00:00.000Z,298.9837268917,300.5613732471,293.7349384661,294.2111816406,16375400
2021-04-23T04:00:00.000Z,296.4337672726,300.2339323252,294.8362875101,298.7853088379,17536800
2021-04-26T04:00:00.000Z,300.978071892,303.4189088866,299.2119328828,300.6804199219,16172600
2021-04-27T04:00:00.000Z,301.9107926158,302.9625367474,298.7654617678,301.2063293457,15309300
2021-04-28T04:00:00.000Z,304.9667867574,308.4990953692,302.992291194,304.7088317871,33907200
2021-04-29T04:00:00.000Z,327.5494800193,329.2263230737,319.1057343665,326.9442443848,56526800
2021-04-30T04:00:00.000Z,323.600541309,327.2518799011,321.9732965548,322.5487670898,26332400
2021-05-03T04:00:00.000Z,323.6303414936,325.9917845597,319.3340394064,320.0682678223,18719500
2021-05-04T04:00:00.000Z,317.5281817062,319.6812985165,310.6819140012,315.8811035156,24032600
2021-05-05T04:00:00.000Z,315.7125001461,318.5601488054,312.0412971055,312.5671691895,15577600
2021-05-06T04:00:00.000Z,312.0710532141,317.7465169928,310.8307860446,317.5282287598,19012200
2021-05-07T04:00:00.000Z,319.869812419,320.4254495903,316.2680723502,316.595489502,15916700
2021-05-10T04:00:00.000Z,311.902339962,312.1305297026,302.4564474517,303.5875854492,24239200
2021-05-11T04:00:00.000Z,298.4082258727,304.450802773,297.3564819296,304.1432189941,18920100
2021-05-12T04:00:00.000Z,298.7852875059,302.5854522871,295.8681770868,300.1942138672,24645500
2021-05-13T04:00:00.000Z,303.6966791737,306.455031351,300.4124550796,302.8830871582,18079200
2021-05-14T04:00:00.000Z,307.1298192161,314.3828985165,306.6733791392,313.4799804688,19245700
2021-05-17T04:00:00.000Z,311.1085610243,313.2219808293,309.1538990283,313.003692627,15401300
2021-05-18T04:00:00.000Z,313.1327381606,314.0356563194,307.3977438156,307.5465698242,14522400
2021-05-19T04:00:00.000Z,301.8214823571,312.2099608191,301.206314719,311.1482849121,19106200
2021-05-20T04:00:00.000Z,311.1383473902,316.7642121875,310.7216346081,316.1291809082,17320200
2021-05-21T04:00:00.000Z,316.8039636589,317.4389647673,313.3510486144,313.767791748,13600900
2021-05-24T04:00:00.000Z,315.7323004161,323.4120547384,315.5537092244,322.1023254395,16445400
2021-05-25T04:00:00.000Z,324.533207965,326.6168625617,322.2709621891,325.237701416,16437000
2021-05-26T04:00:00.000Z,325.7933334024,327.2617901142,323.2830342689,325.1087036133,9686900
2021-05-27T04:00:00.000Z,325.4461034349,331.181097583,324.2157680993,330.1591186523,20477700
2021-05-28T04:00:00.000Z,328.4227550113,330.2781899003,325.7735309453,326.1704406738,12037400
2021-06-01T04:00:00.000Z,327.5793383061,328.8394690509,324.0966889019,326.5672912598,11765900
2021-06-02T04:00:00.000Z,327.8075307847,329.2859193446,324.572904791,326.587097168,11654300
2021-06-03T04:00:00.000Z,323.2433270449,324.8308747708,320.9612480065,323.5013122559,12610800
2021-06-04T04:00:00.000Z,323.3624083347,329.8713271716,322.6480133268,327.7777709961,13289400
2021-06-07T04:00:00.000Z,326.9145364253,335.0606013188,326.3688007964,333.9592285156,20136700
2021-06-08T04:00:00.000Z,334.0783527891,335.6658704275,329.6530580459,331.0818481445,14580500
2021-06-09T04:00:00.000Z,333.1258016058,334.1775456538,327.4305049368,327.6785583496,13727900
2021-06-10T04:00:00.000Z,328.2143277063,331.3397943235,325.9917487705,329.871307373,13240200
2021-06-11T04:00:00.000Z,329.990362911,330.2384162938,326.3687895778,328.6806640625,13587900
2021-06-14T04:00:00.000Z,329.3156906835,334.1973949617,327.2419678749,334.1477661133,12250800
2021-06-15T04:00:00.000Z,334.3660512618,337.2732601216,332.4213210849,334.1279296875,15795200
2021-06-16T04:00:00.000Z,334.078372265,334.9217297046,326.1604958637,328.5021057129,17232200
2021-06-17T04:00:00.000Z,327.9167158463,335.3484174989,327.5793668015,333.8898620605,17794100
2021-06-18T04:00:00.000Z,331.9251840767,333.5325651171,326.4382445811,327.0931091309,23039500
2021-06-21T04:00:00.000Z,328.5120596133,330.3278278031,325.0988417583,329.7027282715,11337500
2021-06-22T04:00:00.000Z,330.0995368023,337.2732518528,330.0102412141,336.3901672363,15345300
2021-06-23T04:00:00.000Z,336.7076836521,340.7460001805,335.5666440937,337.9380187988,14817800
2021-06-24T04:00:00.000Z,339.1882731016,342.2145128969,339.1287426996,340.5079040527,12329100
2021-06-25T04:00:00.000Z,339.9224463575,341.440531922,337.0351012094,338.7119445801,14594400
2021-06-28T04:00:00.000Z,339.7935398652,355.351475738,339.1089098999,352.8709411621,29156100
2021-06-29T04:00:00.000Z,353.4959250233,353.9622666221,346.332141688,349.1500549316,21417300
2021-06-30T04:00:00.000Z,349.4278886007,350.1720488258,344.4668204337,345.0025939941,15107500
2021-07-01T04:00:00.000Z,344.1196102554,351.9084949327,343.8020945603,351.6306762695,17137000
2021-07-02T04:00:00.000Z,352.3350813175,353.6646440056,349.8743805078,351.9382019043,11521300
2021-07-06T04:00:00.000Z,353.7242090434,355.9963870554,346.461196979,350.0331726074,13488500
2021-07-07T04:00:00.000Z,352.4938652782,353.7142688072,347.2748112819,347.7609863281,14218900
2021-07-08T04:00:00.000Z,343.0379816827,345.6177125393,339.8926515881,342.9585876465,14406500
2021-07-09T04:00:00.000Z,342.6312626097,347.9792790265,342.5816337538,347.6915588379,13018700
2021-07-12T04:00:00.000Z,348.4952216329,351.4321656465,346.9176055157,350.4101867676,10018600
2021-07-13T04:00:00.000Z,348.7630778385,355.698641162,346.0840890262,349.3484802246,11456000
2021-07-14T04:00:00.000Z,351.7992818635,352.4343131565,344.0302620302,344.923248291,13894200
2021-07-15T04:00:00.000Z,346.5108023255,346.5108023255,337.5709471737,341.777923584,14781600
2021-07-16T04:00:00.000Z,342.2244329895,343.2960104689,337.4915845124,338.5036315918,11026100
2021-07-19T04:00:00.000Z,334.9415225131,337.144237721,331.935116783,334.3263549805,14372300
2021-07-20T04:00:00.000Z,336.1619482445,340.7757656079,331.8954419694,338.9996948242,11024300
2021-07-21T04:00:00.000Z,338.8409676195,343.8218693321,338.5929142025,343.5341491699,9279700
2021-07-22T04:00:00.000Z,343.9806423586,348.8028167438,342.522086991,348.4555358887,12385400
2021-07-23T04:00:00.000Z,358.0998134498,372.4075165827,354.4087776524,366.9106750488,33694300
2021-07-26T04:00:00.000Z,366.7022954251,371.5244693517,365.3528994398,369.5598754883,14925200
2021-07-27T04:00:00.000Z,369.0141571846,370.2444923376,361.7114494702,364.9460754395,15705400
2021-07-28T04:00:00.000Z,371.6435368809,374.6102459614,364.0729419974,370.3735046387,29676900
2021-07-29T04:00:00.000Z,358.1891240675,362.6739188199,353.9622842712,355.5299987793,33413200
2021-07-30T04:00:00.000Z,351.2436166184,357.9212250893,350.1918726181,353.5256958008,15976200
2021-08-02T04:00:00.000Z,355.3116713662,356.601536844,348.0089640354,349.209564209,13180400
2021-08-03T04:00:00.000Z,349.9835152953,351.0153956414,344.9926820804,348.5050964355,12406100
2021-08-04T04:00:00.000Z,349.6759769493,357.6732172113,348.7730588191,356.1253662109,14180600
2021-08-05T04:00:00.000Z,356.8397103759,361.0665196829,354.1210245464,360.1437683105,10247200
2021-08-06T04:00:00.000Z,358.5859790461,362.306779943,358.5859790461,360.6795654297,8925000
2021-08-09T04:00:00.000Z,360.9276254852,362.9318860379,357.9410528873,358.794342041,7798900
2021-08-10T04:00:00.000Z,359.0126160349,361.2649601761,356.2443620276,358.3180847168,7469900
2021-08-11T04:00:00.000Z,359.2805783649,359.5385333304,355.0239732137,357.1572265625,8400300
2021-08-12T04:00:00.000Z,355.6589843895,360.1735442509,354.3293914916,359.8262634277,7170700
2021-08-13T04:00:00.000Z,360.143816448,361.8206600632,358.6654276895,360.3521728516,7195700
2021-08-16T04:00:00.000Z,359.6972591713,364.0927883807,354.5972970724,363.7058105469,11222100
2021-08-17T04:00:00.000Z,360.1537232259,361.8305667245,352.3053095849,355.658996582,12328700
2021-08-18T04:00:00.000Z,353.4761318977,357.0580088333,352.3846907678,352.6823730469,10042400
2021-08-19T04:00:00.000Z,348.614284737,354.785855077,348.2670038908,352.3549194336,12004500
2021-08-20T04:00:00.000Z,351.8389597405,357.186975468,350.5589956776,356.5718078613,8697700
2021-08-23T04:00:00.000Z,356.6412542285,362.8425891489,356.3039052424,360.5208129883,10942000
2021-08-24T04:00:00.000Z,360.8284002547,365.0949066091,359.0225642413,362.6640014648,9235100
2021-08-25T04:00:00.000Z,362.7533218426,367.9723451282,362.5548669977,365.5216064453,9684500
2021-08-26T04:00:00.000Z,365.5116399263,366.5633838886,361.2947322519,361.5427856445,7888700
2021-08-27T04:00:00.000Z,362.2572389995,370.829949884,361.2451616154,369.7286071777,11219100
2021-08-30T04:00:00.000Z,369.6590785757,378.5195383294,367.6349544509,377.6960144043,13547300
2021-08-31T04:00:00.000Z,376.9915638839,379.7796816365,375.8504940367,376.425994873,12345400
2021-09-01T04:00:00.000Z,376.6343583249,381.3374411185,375.860432925,379.0751953125,11567200
2021-09-02T04:00:00.000Z,378.5295418663,378.7775953014,371.1474692172,372.3579711914,14832900
2021-09-03T04:00:00.000Z,371.8321003411,374.2233390963,370.2048552675,373.3303527832,7509600
2021-09-07T04:00:00.000Z,372.9532294217,379.9780879459,370.2444755628,379.2041625977,10793800
2021-09-08T04:00:00.000Z,377.1998953005,377.9043584212,371.8717135443,374.630065918,11067200
2021-09-09T04:00:00.000Z,374.6995803128,376.8725003661,373.6379044317,375.0567626953,9098900
2021-09-10T04:00:00.000Z,378.3905875634,380.8016897746,375.3147494355,375.741394043,11549600
2021-09-13T04:00:00.000Z,378.7080348549,378.7774970659,371.435123349,373.5783081055,13026300
2021-09-14T04:00:00.000Z,374.4614265998,375.6421632693,372.1892488559,373.5982055664,8711600
2021-09-15T04:00:00.000Z,374.0645804392,374.6202177119,364.8072395568,371.0085754395,17940300
2021-09-16T04:00:00.000Z,369.88735612,370.6513497732,366.8313209472,370.1552429199,11934200
2021-09-17T04:00:00.000Z,368.5181001758,368.5181001758,358.77455421,361.8801879883,26299000
2021-09-20T04:00:00.000Z,356.502334138,358.2188745657,347.0763049441,352.9303894043,19822800
2021-09-21T04:00:00.000Z,355.7085801874,357.2365976295,352.4243555514,354.6965332031,11751900
2021-09-22T04:00:00.000Z,344.5263463069,347.1160093218,338.0372607512,340.5376281738,43692900
2021-09-23T04:00:00.000Z,342.6708401598,346.9473082066,340.3292308319,343.2661743164,21806300
2021-09-24T04:00:00.000Z,340.5674128054,351.5909225024,339.7041917512,350.211730957,18801900
2021-09-27T04:00:00.000Z,347.0862091901,352.3846257561,344.3774553783,350.8268432617,15205800
2021-09-28T04:00:00.000Z,345.2605382785,346.8778511539,336.2810180731,337.9975280762,21710300
2021-09-29T04:00:00.000Z,340.4781434074,342.5419649712,336.2414015814,336.9656982422,14452200
2021-09-30T04:00:00.000Z,337.7991194421,340.1307970898,335.5170100805,336.7473754883,16547100
2021-10-01T04:00:00.000Z,338.9501099844,342.3335623595,336.0032643427,340.3392333984,14905300
2021-10-04T04:00:00.000Z,332.9174555015,333.3242667447,320.1873672849,323.6898803711,42885000
2021-10-05T04:00:00.000Z,326.0215312296,332.5701470429,323.6203912754,330.3674316406,35377900
2021-10-06T04:00:00.000Z,327.1725178507,331.7764037012,323.2631936641,331.042175293,26443000
2021-10-07T04:00:00.000Z,334.3759755971,336.201644946,326.4184336068,326.6565551758,28307500
2021-10-08T04:00:00.000Z,328.9287562673,330.8040243172,326.1505398838,327.4801025391,15946100
2021-10-11T04:00:00.000Z,325.0789731472,327.8869245412,322.7770301401,322.9159545898,14708200
2021-10-12T04:00:00.000Z,320.5148254262,321.854320124,314.8988916351,321.2490539551,31658700
2021-10-13T04:00:00.000Z,324.4241029423,324.453868141,320.1476644727,322.0130310059,14761500
2021-10-14T04:00:00.000Z,325.8032646994,327.9464498506,324.5530960711,325.9719543457,14302200
2021-10-15T04:00:00.000Z,326.120753011,326.5077308426,319.9988121641,322.2312927246,21596400
2021-10-18T04:00:00.000Z,326.3886531187,333.2746174459,324.9499313869,332.7288818359,21585000
2021-10-19T04:00:00.000Z,337.0053938788,339.7935120918,334.6538521378,337.3427429199,18786300
2021-10-20T04:00:00.000Z,340.7758108432,341.3016828983,336.8069560028,338.1265869141,13639500
2021-10-21T04:00:00.000Z,337.6304088855,339.6446010812,335.1697085024,339.217956543,16354400
2021-10-22T04:00:00.000Z,323.8089922003,327.0634523789,318.609771097,322.0825195312,35224500
2021-10-25T04:00:00.000Z,317.8059899971,326.9938972188,317.2305194576,326.1306762695,38409000
2021-10-26T04:00:00.000Z,325.7040861369,327.6388847272,307.1893744472,313.3510131836,65654000
2021-10-27T04:00:00.000Z,311.7436024898,316.7642010297,309.6301826155,309.7889404297,29971800
2021-10-28T04:00:00.000Z,310.5529092793,322.9853438478,305.7109023112,314.452331543,50806800
2021-10-29T04:00:00.000Z,317.6968807535,323.4616394514,317.1114783525,321.050567627,37059400
2021-11-01T04:00:00.000Z,323.5013507986,330.8536576668,323.4616537738,327.4106750488,31518900
2021-11-02T04:00:00.000Z,328.7997441561,332.1831961302,321.2787481904,325.5254211426,28353000
2021-11-03T04:00:00.000Z,324.9400252627,329.5637443163,320.6834506798,329.0378723145,20786500
2021-11-04T04:00:00.000Z,331.4092853821,334.6438812366,330.0598590951,333.234954834,22495300
2021-11-05T04:00:00.000Z,337.6601935331,344.0897482904,336.995427406,338.473815918,26872800
2021-11-08T05:00:00.000Z,341.7382250284,342.1053392195,335.7055493202,335.9833679199,18342500
2021-11-09T05:00:00.000Z,337.352589822,338.6523870839,331.8656503811,332.7586364746,17556700
2021-11-10T05:00:00.000Z,329.901171665,330.5957334685,322.9755384054,325.0889587402,21872600
2021-11-11T05:00:00.000Z,327.2518703945,329.8712983414,324.4538210013,325.1880493164,12376600
2021-11-12T05:00:00.000Z,327.6090584701,339.1981053183,327.2121791112,338.2356872559,25414300
2021-11-15T05:00:00.000Z,341.658860966,350.8963680674,340.5277530965,344.8537902832,25076600
2021-11-16T05:00:00.000Z,341.1527717253,343.9508212048,338.2158280944,340.2895507812,18181100
2021-11-17T05:00:00.000Z,341.5595899684,344.595761073,337.4518415303,338.116607666,13602800
2021-11-18T05:00:00.000Z,337.0748047225,339.7934602914,332.6892072961,336.0528259277,17487200
2021-11-19T05:00:00.000Z,339.5355508184,349.3584606981,337.2534410694,342.6113891602,26488500
2021-11-22T05:00:00.000Z,346.3322048015,351.0749854177,337.8587209952,338.3548278809,27116800
2021-11-23T05:00:00.000Z,336.2909656223,338.7417345526,330.9032527621,334.6240539551,17225000
2021-11-24T05:00:00.000Z,333.3837596662,339.1187528921,330.2185959541,338.4043579102,13566200
2021-11-26T05:00:00.000Z,333.1853399816,335.12016876,329.3157127048,330.5262145996,14750700
2021-11-29T05:00:00.000Z,334.2668415034,338.0174075573,332.6991271184,335.3979492188,16650900
2021-11-30T05:00:00.000Z,332.3915328438,333.1952233814,320.9116150244,321.93359375,25390000
2021-12-01T05:00:00.000Z,327.7183021105,327.9266585286,307.874026254,308.1816101074,30329600
2021-12-02T05:00:00.000Z,308.9753207502,312.1504165031,304.8080416395,307.9732055664,24396200
2021-12-03T05:00:00.000Z,311.2872340448,311.3070674192,297.1680213293,304.4508666992,27471000
2021-12-06T05:00:00.000Z,305.7308069155,317.6076059094,303.954735945,315.3949584961,21758300
2021-12-07T05:00:00.000Z,319.0661734649,323.9974768684,318.5006043768,320.2965087891,18794000
2021-12-08T05:00:00.000Z,322.4694694967,330.159126077,320.554504222,327.9861755371,19937700
2021-12-09T05:00:00.000Z,326.9740734971,333.512757393,325.4460560968,327.2518920898,16879200
2021-12-10T05:00:00.000Z,329.9705518712,332.4213206705,323.8287472745,327.182434082,14528000
2021-12-13T05:00:00.000Z,328.3731141036,338.4341446012,327.0236878165,331.8855285645,22948700
2021-12-14T05:00:00.000Z,325.4956896085,333.0861485777,325.0988101877,331.1413879395,20461000
2021-12-15T05:00:00.000Z,329.9010829873,339.4461727665,321.4573660256,338.9996948242,24681300
2021-12-16T05:00:00.000Z,336.3405763171,341.7778874544,331.1413564737,332.2923278809,22635000
2021-12-17T05:00:00.000Z,330.2086669704,334.4851050733,328.1746412454,331.1909790039,40012600
2021-12-20T05:00:00.000Z,327.2122265053,327.3312873023,320.0186773182,322.9159545898,17901800
2021-12-21T05:00:00.000Z,323.868456145,333.3837812684,321.229164243,331.5978088379,16116800
2021-12-22T05:00:00.000Z,331.2009056779,331.905399174,325.7040638349,327.8770141602,16764600
2021-12-23T05:00:00.000Z,327.5297372093,334.0485882622,325.80326484,332.629699707,13987700
2021-12-27T05:00:00.000Z,336.2115846994,345.1613404781,335.3781289083,343.4844970703,17795000
2021-12-28T05:00:00.000Z,343.9310116569,349.9636571383,342.5121534487,343.5242004395,16637600
2021-12-29T05:00:00.000Z,344.2088341974,346.9671868791,338.9798792654,340.269744873,10747000
2021-12-30T05:00:00.000Z,341.3214980378,344.5263590509,340.5475725964,341.6786804199,10593300
2021-12-31T05:00:00.000Z,340.3490963029,340.7658393358,333.6516545396,333.731048584,12870500
2022-01-03T05:00:00.000Z,335.6658703471,338.4242231212,334.5645277147,335.9040222168,14537900
2022-01-04T05:00:00.000Z,337.3030212442,340.418556164,329.285918499,333.9096374512,15998000
2022-01-05T05:00:00.000Z,330.4269709093,333.1456568355,321.3184570876,321.645904541,20564500
2022-01-06T05:00:00.000Z,320.3063845251,336.5290820753,320.2071571144,329.871307373,27962800
2022-01-07T05:00:00.000Z,330.1491276754,334.3759670974,326.3191978982,329.2065429688,14722000
2022-01-10T05:00:00.000Z,322.7770141339,325.7834202271,312.9739386071,325.5155334473,24942400
2022-01-11T05:00:00.000Z,324.2355217322,332.024403653,322.7472015032,331.766418457,16226800
2022-01-12T05:00:00.000Z,332.5701331726,333.7508697293,327.4602394039,330.6651000977,14104900
2022-01-13T05:00:00.000Z,332.3717433725,333.0166761967,323.2235321983,323.9379272461,14797100
2022-01-14T05:00:00.000Z,319.2844092916,330.139228038,318.7089084712,329.3156738281,16868500
2022-01-18T05:00:00.000Z,320.7727836078,321.685603278,315.166782118,315.6727905273,22645600
2022-01-19T05:00:00.000Z,317.0916001571,324.553065601,316.843546764,317.1015319824,20814700
2022-01-20T05:00:00.000Z,321.3779672147,325.2674577075,313.5196527473,314.095123291,16925000
2022-01-21T05:00:00.000Z,312.3588002522,315.8315482887,300.6804556132,300.8094482422,28710700
2022-01-24T05:00:00.000Z,295.5209166368,307.1198968928,286.7596832303,306.3062744141,38878100
2022-01-25T05:00:00.000Z,297.6145026799,303.8456033216,295.2629308448,297.8129272461,25108500
2022-01-26T05:00:00.000Z,304.6194847806,305.1155915444,288.5853105419,292.3358764648,28348800
2022-01-27T05:00:00.000Z,295.4316257497,299.3607834778,291.9688096665,292.3458557129,21629900
2022-01-28T05:00:00.000Z,293.3182310751,299.5493323657,290.7484010336,299.3608093262,21871600
2022-01-31T05:00:00.000Z,298.3387676848,311.3467032775,296.9893717698,310.8208312988,21579500
2022-02-01T05:00:00.000Z,312.1107129173,317.1710084196,309.6897092696,316.5161437988,18023800
2022-02-02T05:00:00.000Z,325.2674620596,325.4460532363,314.4027112801,320.4849853516,58458300
2022-02-03T05:00:00.000Z,242.7450579541,246.0689796628,233.9143627238,235.908706665,188119900
2022-02-04T05:00:00.000Z,233.140423819,240.7209348903,228.3182652618,235.2439117432,89342200
2022-02-07T05:00:00.000Z,235.8491731697,236.4445073945,222.265766363,223.1587677002,88613800
2022-02-08T05:00:00.000Z,219.1304031962,224.0120928167,214.4669866624,218.4656066895,94729700
2022-02-09T05:00:00.000Z,222.4542885459,231.5528855415,220.4797931497,230.1935577393,86563300
2022-02-10T05:00:00.000Z,226.4926291683,233.1702232371,224.9348463672,226.2941894531,49310400
2022-02-11T05:00:00.000Z,226.6811267269,228.6258569132,217.0665744777,217.8404998779,46156900
2022-02-14T05:00:00.000Z,217.6023779473,219.2792214751,213.1076512251,216.0049133301,38184000
2022-02-15T05:00:00.000Z,218.7533485483,219.4280465752,213.385468972,219.2792205811,42685500
2022-02-16T05:00:00.000Z,210.7560957141,215.7667774531,210.7064820058,214.8539276123,45817500
2022-02-17T05:00:00.000Z,212.3535626473,215.8064617969,205.546976626,206.0926971436,38747500
2022-02-18T05:00:00.000Z,207.7596250493,209.1090362805,203.5823987306,204.5547790527,37128400
2022-02-22T05:00:00.000Z,200.7645008533,205.8644782702,198.502255004,200.5065307617,39852400
2022-02-23T05:00:00.000Z,202.5703314527,205.3286840392,196.5079057737,196.9047851562,44481400
2022-02-24T05:00:00.000Z,189.5723154317,206.7276959173,188.7388596965,205.9835357666,49957200
2022-02-25T05:00:00.000Z,203.3442239396,209.6745505043,201.5979186031,208.8410797119,37627600
2022-02-28T05:00:00.000Z,206.0629040921,211.490313456,205.2195316533,209.3868255615,34239800
2022-03-01T05:00:00.000Z,208.2358604801,210.1012268669,200.6454326021,201.9055480957,27094900
2022-03-02T05:00:00.000Z,203.1855050567,207.5214737562,200.4470009002,206.4895782471,29452100
2022-03-03T05:00:00.000Z,207.3924981795,207.4520285752,199.8516684992,201.3896026611,27263500
2022-03-04T05:00:00.000Z,200.7942693857,204.286865636,197.2421427394,198.5022583008,32130900
2022-03-07T05:00:00.000Z,199.226578019,199.325805443,185.8217766611,186.0102996826,38560600
2022-03-08T05:00:00.000Z,186.3873155647,195.1683961222,184.6608585916,188.808303833,37508100
2022-03-09T05:00:00.000Z,194.2159025534,197.5497409758,192.4100664688,196.9544067383,31894700
2022-03-10T05:00:00.000Z,193.3229036139,194.7516936899,189.5822690604,193.690032959,24853000
2022-03-11T05:00:00.000Z,191.1400338062,192.0528685325,185.2165172013,186.1492004395,34694500
2022-03-14T04:00:00.000Z,185.5737135014,190.7927517305,184.3731434907,185.1768341064,31010500
2022-03-15T04:00:00.000Z,189.3143563018,190.7828281782,184.4624324446,190.5347747803,31721700
2022-03-16T04:00:00.000Z,193.1839886196,202.1436763893,193.0053974353,202.0444641113,40640300
2022-03-17T04:00:00.000Z,200.1294885322,206.4201193879,199.5440861171,206.2216796875,29499700
2022-03-18T04:00:00.000Z,205.090556526,215.1119203541,204.3960100054,214.8043365479,52128000
2022-03-21T04:00:00.000Z,212.8298347088,213.0382062436,206.0133315609,209.8432769775,30142300
2022-03-22T04:00:00.000Z,209.724201939,217.7512221642,208.5434652304,214.9630889893,31998800
2022-03-23T04:00:00.000Z,211.6689047409,215.1118867478,210.5080167793,211.7978973389,23717300
2022-03-24T04:00:00.000Z,213.3259280571,218.9517774593,213.1175565355,217.8603515625,31502300
2022-03-25T04:00:00.000Z,218.793021901,223.7441733605,217.1856406666,220.0928344727,40039000
2022-03-28T04:00:00.000Z,220.4004213594,222.2955379111,217.8305765177,221.8490447998,26224100
2022-03-29T04:00:00.000Z,224.3097380278,229.0921997541,223.5357974834,228.0702209473,31417900
2022-03-30T04:00:00.000Z,227.1276259848,229.3501748295,224.9447590239,226.075881958,25588000
2022-03-31T04:00:00.000Z,226.67120919,226.7109062151,220.5294041691,220.6286315918,24192300
2022-04-01T04:00:00.000Z,222.8015760439,225.5103150437,220.9659747526,223.0992431641,19544800
2022-04-04T04:00:00.000Z,224.2204341302,232.5252725922,224.1013733382,232.0688476562,28054800
2022-04-05T04:00:00.000Z,232.2573692886,235.0157219803,229.2211979907,230.0348052979,29727200
2022-04-06T04:00:00.000Z,225.1432171817,227.2070235209,219.6860417618,221.5613250732,28995100
2022-04-07T04:00:00.000Z,222.1863848672,223.7640160025,216.8582026635,221.2140197754,21037200
2022-04-08T04:00:00.000Z,220.6484601424,223.3770474797,218.31675218,220.5988464355,18375700
2022-04-11T04:00:00.000Z,216.7192968654,218.8922471136,213.5442163123,214.7745666504,20516600
2022-04-12T04:00:00.000Z,218.5251035334,220.3011590111,211.4704650447,212.4725952148,20128800
2022-04-13T04:00:00.000Z,210.1706941937,214.9233907253,209.6845040743,213.3160095215,19231800
2022-04-14T04:00:00.000Z,213.2167743689,213.3160017823,208.3648505963,208.5434417725,18379500
2022-04-18T04:00:00.000Z,208.3648517779,211.7185385228,206.6780917201,209.1288604736,16580800
2022-04-19T04:00:00.000Z,208.8807967104,216.7291942314,207.3726279046,215.6179199219,20089900
2022-04-20T04:00:00.000Z,211.946751324,212.4924718413,197.3711308685,198.8594512939,43036500
2022-04-21T04:00:00.000Z,200.030286658,201.3896145733,184.1350190496,186.6056365967,49954100
2022-04-22T04:00:00.000Z,188.8877045309,191.2194126252,181.8429968183,182.6764526367,36426800
2022-04-25T04:00:00.000Z,181.3072023719,185.7225502409,180.245541602,185.5340423584,29281100
2022-04-26T04:00:00.000Z,185.176858684,185.7324959666,178.1023697376,179.5410766602,31747400
2022-04-27T04:00:00.000Z,173.0718284502,179.799051266,167.6841153256,173.5877838135,71062900
2022-04-28T04:00:00.000Z,201.33997977,206.9062986129,191.3979953638,204.1280975342,100890600
2022-04-29T04:00:00.000Z,202.8680108147,210.8255534369,198.3435038247,198.909072876,49193400
2022-05-02T04:00:00.000Z,199.6036143008,210.2302289487,199.4250231144,209.4860687256,49915300
2022-05-03T04:00:00.000Z,208.8113443102,213.2266917011,206.4697196622,210.3790435791,41556300
2022-05-04T04:00:00.000Z,209.0097712515,222.5534948394,205.3485160922,221.670425415,41375900
2022-05-05T04:00:00.000Z,217.0368098945,218.4556680857,204.5547608988,206.6582489014,41129200
2022-05-06T04:00:00.000Z,205.7255439399,207.7496679631,199.454762478,202.1833496094,34747200
2022-05-09T04:00:00.000Z,198.2839452236,200.9926990206,194.0571210997,194.682220459,36303200
2022-05-10T04:00:00.000Z,197.9565563564,201.3797058461,192.6779871713,196.111038208,34452500
2022-05-11T04:00:00.000Z,194.801298619,199.1075020252,186.8040593961,187.270401001,31153400
2022-05-12T04:00:00.000Z,185.6034850677,196.5079186562,183.3412391311,189.7509460449,38262200
2022-05-13T04:00:00.000Z,191.0804776725,198.3335559361,189.7905970944,197.0734405518,24549800
2022-05-16T04:00:00.000Z,195.5156825403,203.7708913818,194.4043930721,198.4823913574,27112600
2022-05-17T04:00:00.000Z,200.5462210485,203.8602261948,196.81550312,201.0423278809,24872700
2022-05-18T04:00:00.000Z,198.4427367999,199.4349504839,190.1379131097,190.7431640625,23960000
2022-05-19T04:00:00.000Z,189.7112262654,193.7693760199,188.1236936816,189.8005218506,24446900
2022-05-20T04:00:00.000Z,193.4518780171,196.368988291,186.4071557211,192.0330047607,31465600
2022-05-23T04:00:00.000Z,193.6701766524,195.4561641755,189.7509359271,194.7020721436,25059200
2022-05-24T04:00:00.000Z,179.1441727909,182.249791138,174.7387418792,179.8684844971,50406300
2022-05-25T04:00:00.000Z,178.9953202209,184.0060017284,177.9237428989,182.3986206055,28030200
2022-05-26T04:00:00.000Z,181.4560248291,191.3285469479,180.8408421127,190.1378936768,23056500
2022-05-27T04:00:00.000Z,189.8700069928,193.8090964427,188.3221561023,193.6106567383,22562700
2022-05-31T04:00:00.000Z,193.3725303275,196.0614361569,190.5149499832,192.1322631836,26131100
2022-06-01T04:00:00.000Z,194.9798892911,197.9763786055,183.5595161935,187.1711730957,36623500
2022-06-02T04:00:00.000Z,186.9826523842,199.3754058637,186.2682573715,197.3115997314,31951600
2022-06-03T04:00:00.000Z,194.4540175931,195.0791170075,188.3022962851,189.2945098877,19465000
2022-06-06T04:00:00.000Z,192.4795329511,195.3867117016,186.9330470969,192.7375030518,30574200
2022-06-07T04:00:00.000Z,190.4355510704,194.9997397364,189.9989897992,194.1265869141,18828700
2022-06-08T04:00:00.000Z,193.1542397712,200.4569332318,192.8962696588,195.1089019775,22267200
2022-06-09T04:00:00.000Z,192.7672613455,197.8970039564,182.2497908922,182.5673065186,23501600
2022-06-10T04:00:00.000Z,181.6147632546,181.6743087858,173.6572214089,174.2029418945,27450800
2022-06-13T04:00:00.000Z,169.2617009551,171.2362113128,162.7527826781,162.9809875488,31749300
2022-06-14T04:00:00.000Z,164.7372336181,165.4516286682,160.1035976185,162.4551391602,27244300
2022-06-15T04:00:00.000Z,165.8981339672,170.8195207693,162.7032045196,168.0314025879,30008300
2022-06-16T04:00:00.000Z,162.4452315414,163.794642807,158.3672325443,159.6174163818,26944100
2022-06-17T04:00:00.000Z,160.4210696097,164.6082117438,158.6549308107,162.4650421143,31374200
2022-06-21T04:00:00.000Z,164.6379787622,166.4537312837,154.7555407821,155.8271331787,50724900
2022-06-22T04:00:00.000Z,157.1467889717,159.5380121524,154.2296786737,154.6364898682,47267800
2022-06-23T04:00:00.000Z,155.0532454376,158.5061450147,153.048969443,157.5139312744,40499200
2022-06-24T04:00:00.000Z,160.4707138332,168.9243786052,160.044069219,168.8350830078,68736000
2022-06-27T04:00:00.000Z,169.986009939,170.4126544413,166.7017708098,168.1702575684,29174600
2022-06-28T04:00:00.000Z,168.577089663,169.9661978288,159.3594317029,159.4288787842,27744500
2022-06-29T04:00:00.000Z,162.2963837423,165.0348877929,159.0716895836,162.6634979248,28595200
2022-06-30T04:00:00.000Z,160.8874320004,163.9434517587,157.2559416672,159.9944458008,35250600
2022-07-01T04:00:00.000Z,159.0617541338,159.3693379165,153.7931025277,158.7839355469,31423900
2022-07-05T04:00:00.000Z,156.9086522735,166.9399320027,155.7973779276,166.8804016113,28618600
2022-07-06T04:00:00.000Z,166.8903373777,170.2539411358,164.1716815934,168.4481201172,23085900
2022-07-07T04:00:00.000Z,168.1305727527,171.3751151023,166.4735780422,170.8492431641,24083400
2022-07-08T04:00:00.000Z,168.6564676481,171.0576228025,166.8407148986,169.5494689941,19249200
2022-07-11T04:00:00.000Z,165.769132761,166.1858606545,160.6493069717,161.6117553711,21885600
2022-07-12T04:00:00.000Z,163.5168192561,164.6181770584,160.8378453192,161.9987335205,16639700
2022-07-13T04:00:00.000Z,158.9129522683,163.695414503,158.3672316969,162.2170257568,16555100
2022-07-14T04:00:00.000Z,159.9646662646,161.3239939538,156.0553425402,156.8193511963,23765200
2022-07-15T04:00:00.000Z,159.2899748083,163.6954058947,158.5755948997,163.4175872803,23342800
2022-07-18T04:00:00.000Z,165.4516286429,170.3531665705,164.3502708691,165.9278869629,23574300
2022-07-19T04:00:00.000Z,169.0434363846,175.1157942781,168.1901320315,174.411315918,25933700
2022-07-20T04:00:00.000Z,176.1079959031,182.1704215561,175.324138687,181.6643829346,24784300
2022-07-21T04:00:00.000Z,179.2235433303,182.4184722607,177.4772377445,181.7437591553,27195800
2022-07-22T04:00:00.000Z,171.7224260588,174.232725417,167.0987067519,167.9520111084,42583900
2022-07-25T04:00:00.000Z,167.6841099094,169.2418926355,163.5267322177,165.3524017334,26166300
2022-07-26T04:00:00.000Z,164.647952224,164.7074826266,156.720158905,157.9108123779,28468400
2022-07-27T04:00:00.000Z,161.32404796,169.5395775145,160.7584939322,168.2596282959,43846600
2022-07-28T04:00:00.000Z,159.8059005852,160.252393623,153.6442633559,159.4685516357,73214300
2022-07-29T04:00:00.000Z,156.4621508541,158.8930709262,153.961768569,157.8611755371,42065400
2022-08-01T04:00:00.000Z,156.0255825637,163.9037606653,154.02130693,158.6847076416,40596700
2022-08-02T04:00:00.000Z,157.0773518642,160.9767596634,156.7796847197,158.9427185059,27374500
2022-08-03T04:00:00.000Z,161.4232458145,168.2199004297,160.3119713391,167.4856719971,31721900
2022-08-04T04:00:00.000Z,166.9895381399,170.809551101,165.5012178626,169.2418670654,23938200
2022-08-05T04:00:00.000Z,165.6897618394,170.2737840292,164.5090251808,165.8088226318,25832700
2022-08-08T04:00:00.000Z,166.6918966823,176.1278432405,165.8286756335,168.9243774414,27299100
2022-08-09T04:00:00.000Z,167.6344860774,168.2099717869,165.3027931821,167.2177581787,18655100
2022-08-10T04:00:00.000Z,174.6196924151,179.0747221849,172.595568013,176.951385498,30262100
2022-08-11T04:00:00.000Z,178.3106862679,181.6742892673,174.9966818291,176.1079711914,24079100
2022-08-12T04:00:00.000Z,179.4021425161,180.0470904542,177.5169426909,179.0945587158,21274000
2022-08-15T04:00:00.000Z,177.5665565818,180.0272421269,176.812464539,179.4815216064,15878700
2022-08-16T04:00:00.000Z,178.0428056048,179.5807396679,175.6614839504,178.0725708008,21156700
2022-08-17T04:00:00.000Z,175.383687824,176.7529475721,172.8138579795,173.488571167,20118100
2022-08-18T04:00:00.000Z,172.9825027146,174.3914441066,170.5218174061,173.3000183105,18844500
2022-08-19T04:00:00.000Z,168.874755242,170.9782584134,165.7492883923,166.6522064209,26240800
2022-08-22T04:00:00.000Z,164.2014295647,164.2014295647,160.9965688247,161.7804260254,19499700
2022-08-23T04:00:00.000Z,161.2148729276,163.7648693277,159.4487338055,159.8555450439,18111800
2022-08-24T04:00:00.000Z,159.3494931444,164.1716513294,158.5259541278,161.9887695312,20891500
2022-08-25T04:00:00.000Z,163.8938450807,167.5650477345,162.7428887416,167.4658203125,15550500
2022-08-26T04:00:00.000Z,167.1681532012,169.589156954,160.4111805988,160.520324707,24023600
2022-08-29T04:00:00.000Z,159.4090526296,161.7804427068,157.7718909821,157.9306488037,20052700
2022-08-30T04:00:00.000Z,159.1014583934,160.4012557999,154.6960275434,155.9362945557,19567900
2022-08-31T04:00:00.000Z,165.769125067,166.5331185997,160.8775043926,161.6613464355,40953000
2022-09-01T04:00:00.000Z,162.3062945613,166.0568605746,159.1014490294,164.0724334717,30145700
2022-09-02T04:00:00.000Z,166.146174142,166.6224324591,157.9802599691,159.0717010498,22634200
2022-09-06T04:00:00.000Z,158.8534079701,160.4310240058,156.462169492,157.3055419922,19339800
2022-09-07T04:00:00.000Z,156.531632111,159.7067281492,155.5890320984,159.1411590576,16831200
2022-09-08T04:00:00.000Z,157.4742198971,160.9668007082,156.511771538,160.7981262207,22530800
2022-09-09T04:00:00.000Z,161.9788623591,168.2198789394,161.7506574814,167.8329162598,22086800
2022-09-12T04:00:00.000Z,166.0866417457,170.0554963332,165.9774976389,167.6444244385,23220400
2022-09-13T04:00:00.000Z,160.2821885074,160.3714992435,151.4812581588,151.9376831055,44444100
2022-09-14T04:00:00.000Z,152.1361216429,152.3444780322,147.8894484077,150.2906036377,43064200
2022-09-15T04:00:00.000Z,148.6336125024,152.9993466446,147.5421713968,148.385559082,34606300
2022-09-16T04:00:00.000Z,146.8972457963,147.4231178621,143.1665124808,145.1509399414,40122800
2022-09-19T04:00:00.000Z,144.1091095455,147.423099355,143.9702002463,146.8674621582,22169500
2022-09-20T04:00:00.000Z,144.644900331,147.6810715862,144.0892631261,144.9524841309,23217400
2022-09-21T04:00:00.000Z,145.2501694024,148.4351821827,140.8943516711,141.0134124756,38338600
2022-09-22T04:00:00.000Z,140.4478464501,143.4542526255,139.7731332892,141.7079620361,34418500
2022-09-23T04:00:00.000Z,140.3188570527,141.5095104428,137.8085576492,139.3167266846,31710700
2022-09-26T04:00:00.000Z,139.0289675786,141.132470748,135.1295753195,135.3081665039,30497000
2022-09-27T04:00:00.000Z,136.8460807818,138.3344009957,133.0756665454,133.3534851074,30826500
2022-09-28T04:00:00.000Z,133.5718059126,140.9241131988,133.2245401952,140.5073852539,32658500
2022-09-29T04:00:00.000Z,138.2748815723,138.7511398393,134.1472695516,135.3478546143,38985400
2022-09-30T04:00:00.000Z,134.9906491862,139.8921862799,134.4449287353,134.6235198975,33166400
2022-10-03T04:00:00.000Z,136.0721759609,138.5328615123,135.0402804522,137.5307312012,27723100
2022-10-04T04:00:00.000Z,139.3960851272,141.2812847897,138.2550304768,139.187713623,34670700
2022-10-05T04:00:00.000Z,137.1636140301,139.1182760406,133.7305482996,137.8978424072,27979300
2022-10-06T04:00:00.000Z,136.6476727993,140.3486256835,135.5363982934,137.9871673584,36231100
2022-10-07T04:00:00.000Z,135.6951285748,137.213214195,131.4087736296,132.4109039307,33214800
2022-10-10T04:00:00.000Z,132.5101389064,135.050203484,130.8432120649,132.748260498,24024000
2022-10-11T04:00:00.000Z,130.5951430974,131.6270536717,126.0011970689,127.5391235352,38481400
2022-10-12T04:00:00.000Z,127.3208397197,128.66031882,125.2669505699,126.5072174072,34605200
2022-10-13T04:00:00.000Z,122.5681537213,130.1189003727,121.5759400491,129.2755126953,34325700
2022-10-14T04:00:00.000Z,129.9799784372,130.7638205005,125.5348582865,125.7729949951,23559400
2022-10-17T04:00:00.000Z,129.2854381124,133.7404675903,129.1663621824,132.996307373,29612200
2022-10-18T04:00:00.000Z,136.0225343522,136.7666944185,130.3768375602,131.7659454346,25445000
2022-10-19T04:00:00.000Z,131.855262709,135.9332611491,131.1904814238,132.1926116943,30691000
2022-10-20T04:00:00.000Z,131.8949215781,135.7050325862,130.2875406956,130.5058288574,26356300
2022-10-21T04:00:00.000Z,125.3264934865,129.1068247623,124.4632725262,128.9976806641,46348600
2022-10-24T04:00:00.000Z,126.2591619782,132.4406475553,123.6000296196,128.7099304199,63563400
2022-10-25T04:00:00.000Z,129.8609194734,137.2727562001,129.5731690539,136.4392852783,38433200
2022-10-26T04:00:00.000Z,130.6546917767,134.4945690623,127.5292247009,128.8091888428,82791500
2022-10-27T04:00:00.000Z,97.2171033975,101.701906071,95.6295553931,97.1774139404,232316600
2022-10-28T04:00:00.000Z,98.804635442,100.0647434258,96.7507535235,98.4275894165,95928300
2022-10-31T04:00:00.000Z,97.4552221721,98.5466556312,91.878978948,92.4346237183,121361400
2022-11-01T04:00:00.000Z,93.5955116094,96.7309026793,92.8215862051,94.458732605,110189600
2022-11-02T04:00:00.000Z,93.4764520762,94.4587415229,89.7754992023,89.8350296021,71821100
2022-11-03T04:00:00.000Z,89.3786236552,89.7556621856,87.7216283753,88.2177352905,60664000
2022-11-04T04:00:00.000Z,89.646500057,90.6784031417,87.4040951311,90.0830764771,55638100
2022-11-07T05:00:00.000Z,94.0420142946,96.1256615732,92.3750949578,95.9669113159,81987300
2022-11-08T05:00:00.000Z,95.1731362487,97.0385028488,94.0519374934,95.7188568115,52088300
2022-11-09T05:00:00.000Z,100.9279697847,104.0832093725,99.9555971146,100.6799163818,107677300
2022-11-10T05:00:00.000Z,106.285932162,111.872092457,103.7954737048,110.9989471436,80671000
2022-11-11T05:00:00.000Z,108.3794936606,114.0053428936,107.9627582,112.1399765015,59961700
2022-11-14T05:00:00.000Z,110.1257967392,115.3646838781,109.9372812833,113.3306503296,53395000
2022-11-15T05:00:00.000Z,115.16624279,117.8154515277,113.5191719996,116.1683807373,50670500
2022-11-16T05:00:00.000Z,113.6084584803,115.1761578028,111.7827890693,112.3483505249,33287800
2022-11-17T05:00:00.000Z,109.5503263224,111.45537495,108.9450753152,110.5822219849,35093800
2022-11-18T05:00:00.000Z,112.9139097967,113.4298575338,109.7586702714,111.1775360107,33357700
2022-11-21T05:00:00.000Z,110.651655884,111.4950434889,108.3398039797,109.0045852661,24351100
2022-11-22T05:00:00.000Z,109.0045966941,110.7508949097,107.4765867016,110.5722961426,29029000
2022-11-23T05:00:00.000Z,110.8501029865,111.7927028648,109.8678136565,111.3660507202,21343100
2022-11-25T05:00:00.000Z,110.4333821382,111.8522479587,110.1555559577,110.5425262451,12007600
2022-11-28T05:00:00.000Z,109.9174259392,111.1676172465,107.5361116868,107.9329986572,23309400
2022-11-29T05:00:00.000Z,108.6870754357,110.0761759485,107.694861865,108.6076965332,23899200
2022-11-30T05:00:00.000Z,108.6573161495,117.2399655163,108.5283235336,117.1804275513,43348600
2022-12-01T05:00:00.000Z,118.2718546168,120.2562817585,117.4780883021,119.502204895,36551400
2022-12-02T05:00:00.000Z,116.9125324967,123.0741781598,116.6942442894,122.5284576416,39950500
2022-12-05T05:00:00.000Z,120.8019943423,123.6992559627,120.4051074259,121.4766998291,35474900
2022-12-06T05:00:00.000Z,118.9763402628,119.6113563817,112.8543763993,113.2314224243,43689200
2022-12-07T05:00:00.000Z,112.8742179658,114.9777058917,112.0010651784,113.0428924561,29461100
2022-12-08T05:00:00.000Z,115.4837432268,116.4263431427,113.6977556735,114.4319992065,30619400
2022-12-09T05:00:00.000Z,114.4022319434,116.624788304,112.9833661822,114.9975585938,26033400
2022-12-12T05:00:00.000Z,114.2831674892,114.8189637638,112.2590507529,113.8168258667,24747100
2022-12-13T05:00:00.000Z,121.1790486703,122.3399443779,117.7162251993,119.2144699097,44701100
2022-12-14T05:00:00.000Z,118.4603825922,123.1733972516,118.4603825922,120.6432495117,36922000
2022-12-15T05:00:00.000Z,117.408646858,117.7063064208,113.1222840528,115.2456207275,34531000
2022-12-16T05:00:00.000Z,119.2938425599,122.3498546461,117.8948177726,118.5000686646,67064000
2022-12-19T05:00:00.000Z,115.9203158462,116.8827642423,113.4397818646,113.5886154175,29769900
2022-12-20T05:00:00.000Z,112.3781262176,116.4164356895,111.5843522266,116.1782989502,28742500
2022-12-21T05:00:00.000Z,115.7913132802,119.4029698413,114.7197284454,118.8274917603,20392800
2022-12-22T05:00:00.000Z,116.2874249196,117.6963739124,113.4893830141,116.2080535889,23618100
2022-12-23T05:00:00.000Z,115.1265514103,117.2598123239,114.6403688295,117.1209030151,17796600
2022-12-27T05:00:00.000Z,117.0117599514,117.6765413023,115.1464009524,115.9699325562,21392300
2022-12-28T05:00:00.000Z,115.3448336786,117.2300410764,114.6105977172,114.7197418213,19612500
2022-12-29T05:00:00.000Z,115.4936559527,120.0876018533,114.8685565864,119.323600769,22366200
2022-12-30T05:00:00.000Z,117.2399661726,119.4823635264,116.8232306947,119.4029846191,19583800
2023-01-03T05:00:00.000Z,121.8636667241,125.3860278204,121.3278705039,123.7687149048,35528500
2023-01-04T05:00:00.000Z,126.3881591778,128.0451615582,124.8700736586,126.3782424927,32397100
2023-01-05T05:00:00.000Z,125.1479009427,127.5192984547,123.5702849233,125.9515991211,25447100
2023-01-06T05:00:00.000Z,127.9657868469,129.3151979237,125.0586007497,129.0076141357,27584500
2023-01-09T05:00:00.000Z,130.1387422467,131.9147979678,128.2733757932,128.4618988037,26649100
2023-01-10T05:00:00.000Z,126.2790420547,132.4010067143,126.1599812481,131.9545135498,28684400
2023-01-11T05:00:00.000Z,129.9403053223,132.8078021444,129.3251225686,131.8552703857,25423000
2023-01-12T05:00:00.000Z,132.4009655822,136.6079409331,130.7340391085,135.6455078125,30757700
2023-01-13T05:00:00.000Z,133.9190926783,136.3202481657,133.7901000444,135.9134368896,22423800
2023-01-17T05:00:00.000Z,135.1196375331,135.6852065387,133.2046725983,134.3060302734,21147600
2023-01-18T05:00:00.000Z,134.7525221202,136.1813120792,131.7659647337,131.9842529297,20215500
2023-01-19T05:00:00.000Z,131.4583691847,136.3797395585,131.1110884114,135.0898590088,28625200
2023-01-20T05:00:00.000Z,134.8319061913,138.8503743199,133.561873988,138.2848052979,28688600
2023-01-23T05:00:00.000Z,138.2054431926,142.6406397577,137.5803588406,142.1544647217,27470100
2023-01-24T05:00:00.000Z,140.5867449929,143.8709695301,140.2593126937,142.0254516602,21970200
2023-01-25T05:00:00.000Z,140.1203900526,142.0552033271,139.2174721445,140.3982086182,26622000
2023-01-26T05:00:00.000Z,143.2756624121,146.3614478441,142.1842363484,146.1530914307,25482100
2023-01-27T05:00:00.000Z,147.0857395732,151.9971935332,146.2423520142,150.5584869385,35771900
2023-01-30T05:00:00.000Z,148.2466558121,149.943332798,145.8058033948,145.9149475098,28040100
2023-01-31T05:00:00.000Z,146.7979965004,148.7129765874,146.3713519271,147.8100585938,29842100
2023-02-01T05:00:00.000Z,146.8774005275,152.3841898802,145.9149519766,151.9277648926,55661000
2023-02-02T05:00:00.000Z,181.9521400462,195.6248426363,178.7572109511,187.3001708984,150475700
2023-02-03T05:00:00.000Z,182.041434932,195.2378791683,181.4659492129,185.0776062012,76809700
2023-02-06T05:00:00.000Z,185.0775934136,189.2151221259,184.0754631723,184.6112518311,42483800
2023-02-07T05:00:00.000Z,184.1349968797,192.2711451585,182.9641769896,190.1279602051,47080700
2023-02-08T05:00:00.000Z,188.5205745351,189.3441135985,181.495700783,182.0017242432,36139100
2023-02-09T05:00:00.000Z,184.6807494895,185.1966897369,175.8897350895,176.5346679688,37118800
2023-02-10T05:00:00.000Z,174.976888556,177.4971046421,172.0002475155,172.7940063477,33433600
2023-02-13T05:00:00.000Z,176.8323126878,179.5906653421,174.4510060542,178.0328826904,31463200
2023-02-14T05:00:00.000Z,175.7805915051,180.0967122317,174.5105591168,178.0825195312,24034600
2023-02-15T05:00:00.000Z,175.0463350421,176.8025574892,173.964825768,175.7805786133,25308900
2023-02-16T05:00:00.000Z,171.4049043591,174.4807726641,170.452372614,171.0973205566,25827500
2023-02-17T05:00:00.000Z,168.8946130194,171.8315570199,168.3786576691,171.5339050293,24171300
2023-02-21T05:00:00.000Z,172.9527597749,176.7827050886,170.5416878605,170.7401275635,34592600
2023-02-22T05:00:00.000Z,169.7379990849,171.4148274627,168.3687393813,169.7875976562,22433200
2023-02-23T05:00:00.000Z,170.6607423112,172.3375857482,168.0611474766,170.7004241943,20017800
2023-02-24T05:00:00.000Z,167.3269043623,169.3907105098,166.3545392534,169.0632781982,19791300
2023-02-27T05:00:00.000Z,170.5416858407,171.7720210687,167.7436360996,168.2198944092,19277000
2023-02-28T05:00:00.000Z,170.5615125066,176.1675284544,170.5317473097,173.5778503418,46051100
2023-03-01T05:00:00.000Z,173.2305750266,176.4652011687,171.7025726892,172.0696868896,30998400
2023-03-02T05:00:00.000Z,171.037782615,173.6472940482,170.0951675973,173.1710357666,17352000
2023-03-03T05:00:00.000Z,177.526872175,185.1669145848,175.6714374135,183.8075866699,45877700
2023-03-06T05:00:00.000Z,186.5361649818,188.1832432636,183.2023265339,183.4602966309,33209400
2023-03-07T05:00:00.000Z,187.5283628157,188.8777738627,182.5772117015,183.0733184814,36701500
2023-03-08T05:00:00.000Z,181.4461150647,183.8175052098,179.9280293099,183.5297698975,19432400
2023-03-09T05:00:00.000Z,184.8990182785,187.4589161521,178.8961227152,180.2752990723,26582800
2023-03-10T05:00:00.000Z,179.6005793197,183.3313121668,177.4077957295,178.1122589111,25665000
2023-03-13T04:00:00.000Z,176.5743444613,182.3490199218,173.4587942651,179.4914398193,24728000
2023-03-14T04:00:00.000Z,186.1194491595,192.8069750017,185.1073869382,192.5093078613,41642600
2023-03-15T04:00:00.000Z,191.4475924916,196.2399855308,189.3540213934,196.2102203369,42123600
2023-03-16T04:00:00.000Z,196.7162573591,204.15785915,194.5631557244,203.3343200684,50447100
2023-03-17T04:00:00.000Z,198.9983686369,200.3279313038,193.9083077314,194.0869140625,50141100
2023-03-20T04:00:00.000Z,196.9345720153,197.8077249208,192.1322613146,196.2697906494,25186300
2023-03-21T04:00:00.000Z,201.6178178123,201.9650986581,196.4086959648,200.5859222412,31827000
2023-03-22T04:00:00.000Z,200.9232840907,205.7553602016,198.1153173654,198.2542266846,28477800
2023-03-23T04:00:00.000Z,201.2606172411,206.2613826175,200.5759873862,202.6894073486,27389700
2023-03-24T04:00:00.000Z,203.5824056125,205.9637276457,201.9651075297,204.4059448242,27716400
2023-03-27T04:00:00.000Z,203.2152822867,204.2571096834,199.7921481034,201.2606201172,18527200
2023-03-28T04:00:00.000Z,198.5915291708,199.4646819096,196.3590487598,199.117401123,19127300
2023-03-29T04:00:00.000Z,201.974997299,204.1181823012,200.9629351912,203.7510681152,18851100
2023-03-30T04:00:00.000Z,201.7964153233,206.469733098,201.2407781062,206.2216796875,22608300
2023-03-31T04:00:00.000Z,205.6263483347,210.5179540303,205.1600067396,210.2897491455,25440300
2023-04-03T04:00:00.000Z,207.2139203307,211.8277234505,206.5789041228,211.4109954834,17924600
2023-04-04T04:00:00.000Z,211.7284650227,214.5562799125,210.8850773847,213.0481109619,21026400
2023-04-05T04:00:00.000Z,212.4825521982,213.5144628974,208.3053411097,209.8333435059,19396600
2023-04-06T04:00:00.000Z,207.6206746171,215.250798845,207.0253404618,214.4173431396,26104400
2023-04-10T04:00:00.000Z,213.0381837191,213.980783589,209.0197157054,213.0778656006,16106100
2023-04-11T04:00:00.000Z,213.8021886681,214.3379925065,211.7483143276,212.1848907471,16710100
2023-04-12T04:00:00.000Z,213.1671961419,215.1516236207,210.9247985412,212.3337402344,18972200
2023-04-13T04:00:00.000Z,214.0502251828,219.428020814,214.0105433023,218.634262085,23310400
2023-04-14T04:00:00.000Z,216.1834893999,220.380548405,215.8560571172,219.7653808594,21591200
2023-04-17T04:00:00.000Z,218.0786352323,219.2593719185,215.4393583842,217.1558837891,15481900
2023-04-18T04:00:00.000Z,218.1976961187,218.7235681148,214.5265088316,216.1934204102,12281000
2023-04-19T04:00:00.000Z,211.8078451358,215.6377903591,211.2720412964,214.0204772949,15898100
2023-04-20T04:00:00.000Z,211.8177916232,215.062334894,211.1133283241,211.4109954834,16475400
2023-04-21T04:00:00.000Z,208.5732204898,211.7483008749,207.9481210981,211.2323455811,17717200
2023-04-24T04:00:00.000Z,212.016202465,212.254339188,209.069341895,211.1331329346,15750900
2023-04-25T04:00:00.000Z,209.178487555,209.6150488405,205.5172167887,205.9339447021,19198200
2023-04-26T04:00:00.000Z,210.8453841214,212.4428485785,207.2535758344,207.7695159912,41992700
2023-04-27T04:00:00.000Z,238.022145436,239.8081331356,234.9264435167,236.7024993896,71196500
2023-04-28T04:00:00.000Z,237.1489789055,238.557920471,233.9143678587,238.4487915039,39554000
2023-05-01T04:00:00.000Z,236.7620073728,242.1001214529,234.6188374761,241.2864990234,29143900
2023-05-02T04:00:00.000Z,241.2865062992,243.0129634874,237.129143855,237.3771972656,24350100
2023-05-03T04:00:00.000Z,237.6053753853,239.8676210239,230.9376992484,235.1843719482,34463900
2023-05-04T04:00:00.000Z,234.2219524668,236.3452890783,231.1163188886,231.7017364502,17889400
2023-05-05T04:00:00.000Z,230.4316948313,232.8526833284,228.0603049029,230.9674835205,27000500
2023-05-08T04:00:00.000Z,229.6181033474,233.7853980538,228.4770635951,231.453704834,16400500
2023-05-09T04:00:00.000Z,229.6577855946,234.0433682541,229.2807395505,231.5529022217,16865600
2023-05-10T04:00:00.000Z,234.3310729635,234.906558641,228.9235121284,231.2651367188,19119000
2023-05-11T04:00:00.000Z,231.235400006,236.355226203,230.4912397497,233.9540557861,20449000
2023-05-12T04:00:00.000Z,234.8966344072,235.114922593,229.6478164029,231.989440918,16161400
2023-05-15T04:00:00.000Z,235.0752556882,238.3892456392,233.4976396213,237.0001525879,20653200
2023-05-16T04:00:00.000Z,233.954043274,237.7740717748,233.6861564969,236.9604644775,18163800
2023-05-17T04:00:00.000Z,236.5933314852,241.9413622196,236.2857476895,240.6018829346,21193100
2023-05-18T04:00:00.000Z,239.421144242,245.1660543132,239.3120001406,244.9279327393,22943300
2023-05-19T04:00:00.000Z,245.5430933479,246.7535951144,241.5147086766,243.7273406982,21733600
2023-05-22T04:00:00.000Z,243.4991597216,251.5956268802,243.2114092797,246.386505127,27738500
2023-05-23T04:00:00.000Z,244.8882642258,249.650893079,244.7295063981,244.8188171387,17748100
2023-05-24T04:00:00.000Z,243.3701694042,247.6466079283,243.0427370741,247.2695770264,17724300
2023-05-25T04:00:00.000Z,251.4269210658,253.6296364767,247.2298617623,250.7224578857,22371400
2023-05-26T04:00:00.000Z,250.9605825231,260.2675510821,250.7423094564,259.9996643066,25727200
2023-05-30T04:00:00.000Z,263.1846450146,266.5581650398,259.2554878219,260.4758911133,23816500
2023-05-31T04:00:00.000Z,257.9755335994,262.9366015532,256.4376146457,262.658782959,25473700
2023-06-01T04:00:00.000Z,263.8296499543,271.8665879911,263.8197484064,270.4873962402,25609500
2023-06-02T04:00:00.000Z,270.5370250995,273.2060827105,269.0090073309,270.4873962402,19416900
2023-06-05T04:00:00.000Z,268.1952856354,273.4242699392,267.4610573659,269.2768249512,20742900
2023-06-06T04:00:00.000Z,268.0365917187,274.4165177872,267.5900834946,269.0089416504,19419000
2023-06-07T04:00:00.000Z,269.5546870369,272.1145848492,260.7537268064,261.5475158691,26163600
2023-06-08T04:00:00.000Z,258.5907395371,265.5660009036,256.8642973227,262.5198974609,20899400
2023-06-09T04:00:00.000Z,260.4362549502,265.8636649352,259.6623294989,262.8870239258,16949800
2023-06-12T04:00:00.000Z,265.089750398,269.6340758696,263.264050524,268.9395141602,15442500
2023-06-13T04:00:00.000Z,272.7397063232,273.5731621965,266.9947805298,269.2074279785,16164000
2023-06-14T04:00:00.000Z,269.7730254956,272.8488640616,266.2308149509,271.2216491699,19175100
2023-06-15T04:00:00.000Z,270.1797937138,281.7787749467,269.3066710435,279.6355895996,25973500
2023-06-16T04:00:00.000Z,282.5328125869,285.6086806939,277.9487907621,278.8120117188,43127700
2023-06-20T04:00:00.000Z,276.5597466645,282.5824610538,274.0692804874,282.1161193848,20701600
2023-06-21T04:00:00.000Z,281.3222892324,281.7886307833,276.1925321728,279.4470214844,20556200
2023-06-22T04:00:00.000Z,276.9069772717,283.0388807556,275.627043441,282.6618347168,17563100
2023-06-23T04:00:00.000Z,279.3180586775,287.4145252422,276.777994298,286.481842041,51092000
2023-06-26T04:00:00.000Z,286.4520518647,287.5335609548,275.4384758702,276.3016967773,24232700
2023-06-27T04:00:00.000Z,279.8142359496,287.0970819339,278.4648093756,284.8149719238,26108300
2023-06-28T04:00:00.000Z,282.6023228848,287.2954744657,281.8482307576,283.0686645508,16722100
2023-06-29T04:00:00.000Z,282.2847661968,284.3386555942,278.5044348435,279.337890625,15395700
2023-06-30T04:00:00.000Z,282.5427981718,286.7993733732,282.2054491291,284.745513916,19694900
2023-07-03T04:00:00.000Z,284.4676971196,287.1466561038,282.6320956075,283.79296875,8629300
2023-07-05T04:00:00.000Z,285.4102348014,295.7987123615,284.1302707843,292.077911377,33865500
2023-07-06T04:00:00.000Z,293.5860878117,295.798704694,289.0417327035,289.7164306641,47600500
2023-07-07T04:00:00.000Z,289.9049686852,293.8936868231,286.4123876381,288.2678222656,25586000
2023-07-10T04:00:00.000Z,293.2487196393,295.8086477039,284.814903974,291.8100280762,37058300
2023-07-11T04:00:00.000Z,291.6115749293,297.8426752104,289.6271477024,295.9674072266,27585900
2023-07-12T04:00:00.000Z,299.4004382499,307.0404946851,297.763291951,306.9313354492,36677100
2023-07-13T04:00:00.000Z,311.1780524413,313.7776474629,307.8739941786,310.9696960449,30281000
2023-07-14T04:00:00.000Z,309.3622732459,312.4282095018,304.9667441781,306.4649963379,23054100
2023-07-17T04:00:00.000Z,305.1453809143,309.2828946952,302.3373994521,308.201385498,25323100
2023-07-18T04:00:00.000Z,308.4593967152,311.7535534323,305.224770397,309.6202697754,20731900
2023-07-19T04:00:00.000Z,310.5926309624,316.1986319083,308.102165065,313.5494384766,21763700
2023-07-20T04:00:00.000Z,311.0590075129,313.083132021,299.8668377361,300.1644897461,23836900
2023-07-21T04:00:00.000Z,302.1984686155,303.0815228722,288.9325791561,291.96875,42139300
2023-07-24T04:00:00.000Z,293.47696087,295.2034029825,286.0551916476,289.3394165039,24915700
2023-07-25T04:00:00.000Z,292.8915495798,295.9773194949,289.5874611706,292.177154541,19585600
2023-07-26T04:00:00.000Z,298.8448649834,299.4203356414,289.6271906689,296.2452697754,47256900
2023-07-27T04:00:00.000Z,322.5885180118,322.8167380669,307.4274936655,309.2829284668,64229200
2023-07-28T04:00:00.000Z,314.4126657951,323.6601042667,311.8031390546,322.9457092285,39220300
2023-07-31T04:00:00.000Z,321.1696573496,323.1243195643,315.1171476789,316.1192932129,25799600
2023-08-01T04:00:00.000Z,315.0675078687,321.616123536,312.2099279208,320.1972351074,22817900
2023-08-02T04:00:00.000Z,315.5239417009,315.9109195601,308.2311652943,311.8626708984,20461100
2023-08-03T04:00:00.000Z,307.516837933,313.4899848187,307.516837933,310.7514648438,15180200
2023-08-04T04:00:00.000Z,312.5075910789,315.9307401558,307.7846748713,308.310546875,17612800
2023-08-07T04:00:00.000Z,310.7910654472,314.6011618981,308.0426144967,314.095123291,16236500
2023-08-08T04:00:00.000Z,311.9519945906,315.4148411423,307.6953891568,310.2057189941,15183500
2023-08-09T04:00:00.000Z,310.4438188052,311.1879790599,300.4919168778,302.8335266113,19955800
2023-08-10T04:00:00.000Z,305.5422570221,309.9079907863,301.5039404212,303.359375,14358900
2023-08-11T04:00:00.000Z,300.2140721691,302.3473253244,298.0212583412,299.2913208008,14046300
2023-08-14T04:00:00.000Z,298.6364534257,303.8257110563,295.9276994586,303.8058776855,15641900
2023-08-15T04:00:00.000Z,303.756284861,304.8377940472,297.6938440429,299.5989074707,11623600
2023-08-16T04:00:00.000Z,297.862489761,298.7356121617,291.9885728146,291.9985046387,18547700
2023-08-17T04:00:00.000Z,290.7682215551,293.744862746,282.7313145636,282.8702087402,23950100
2023-08-18T04:00:00.000Z,276.8573822014,283.4655289505,272.2435946407,281.0445251465,35347900
2023-08-21T04:00:00.000Z,281.2429708465,288.2380649581,279.6554229525,287.6427307129,20181500
2023-08-22T04:00:00.000Z,290.2720341372,290.6193149024,284.5172082104,285.3605957031,12980200
2023-08-23T04:00:00.000Z,286.2536771692,295.0843738057,285.4301530502,291.9489746094,18287000
2023-08-24T04:00:00.000Z,296.1757836978,297.1283003529,284.4081439787,284.5172729492,18360900
2023-08-25T04:00:00.000Z,283.9021075252,286.1445201507,273.8807432157,283.2770080566,23701400
2023-08-28T04:00:00.000Z,285.7575264634,289.1806756112,283.5746443576,287.9999389648,14239300
2023-08-29T04:00:00.000Z,286.3329750441,296.820679612,285.9360956772,295.669708252,20844500
2023-08-30T04:00:00.000Z,294.8561355598,295.9674099723,291.1452360208,292.8022460938,17717000
2023-08-31T04:00:00.000Z,293.4968252361,298.75557646,293.3579310519,293.586151123,17229900
2023-09-01T04:00:00.000Z,297.0390053645,299.3905469478,292.1771643749,294.0722961426,12842300
2023-09-05T04:00:00.000Z,294.7072936116,299.0432927883,293.209071559,297.8129272461,14956000
2023-09-06T04:00:00.000Z,299.3607463086,300.9383622438,293.3578663505,296.8405456543,15418100
2023-09-07T04:00:00.000Z,295.6796554631,304.659176512,289.9446620147,296.3444519043,33748700
2023-09-08T04:00:00.000Z,296.8901875519,302.8732350127,294.4691836768,295.5705566406,17548000
2023-09-11T04:00:00.000Z,299.0631442959,306.6337399082,298.934151666,305.1652526855,19489300
2023-09-12T04:00:00.000Z,303.9447777666,306.2566524038,297.8922990504,299.3111572266,13480400
2023-09-13T04:00:00.000Z,300.0057336745,304.7882111969,298.9738531803,302.6847229004,13210900
2023-09-14T04:00:00.000Z,304.3515816682,310.433855715,302.6549049369,309.2928161621,19343100
2023-09-15T04:00:00.000Z,309.1836501877,309.5706280071,296.4237984523,297.9716491699,28131100
2023-09-18T04:00:00.000Z,295.8681770868,301.2360563197,295.4811992468,300.1942138672,14234200
2023-09-19T04:00:00.000Z,300.1247810021,303.7860516131,297.4755573636,302.6946105957,15924400
2023-09-20T04:00:00.000Z,302.6747848474,305.6613578507,297.098548555,297.3367004395,19379500
2023-09-21T04:00:00.000Z,293.3975724498,297.9220640252,290.9864703988,293.4273376465,21319600
2023-09-22T04:00:00.000Z,296.9694783593,303.0021531914,295.9474997002,296.7511901855,25369600
2023-09-25T04:00:00.000Z,293.3379890529,298.6066398733,291.4130926021,298.4875488281,18987000
2023-09-26T04:00:00.000Z,295.3422756682,297.961703577,293.7051294402,296.6321411133,19417200
2023-09-27T04:00:00.000Z,298.1106435688,298.9540010614,284.5569996433,295.4217224121,36429800
2023-09-28T04:00:00.000Z,296.6123899591,303.9448340513,294.3898407804,301.5932922363,22167100
2023-09-29T04:00:00.000Z,304.9866213621,308.2212473893,297.029048907,297.8724365234,25373700
2023-10-02T04:00:00.000Z,300.3827511018,304.7881821359,299.2814084833,304.4309997559,16265600
2023-10-03T04:00:00.000Z,301.8909277481,304.3813633607,297.3069056375,298.5967712402,17362300
2023-10-04T04:00:00.000Z,296.403983533,304.510351795,296.1757635012,303.2006225586,16880500
2023-10-05T04:00:00.000Z,302.2580817648,303.8257661784,297.1680203445,302.4168395996,19130000
2023-10-06T04:00:00.000Z,299.0928789966,313.8470908273,298.567006984,312.9739379883,21803900
2023-10-09T04:00:00.000Z,310.0667464211,317.8357654963,309.3920484481,315.8811035156,22503700
2023-10-10T04:00:00.000Z,316.6351927443,322.1320644548,315.6826761861,319.3340148926,19038000
2023-10-11T04:00:00.000Z,320.4949713997,326.2795642088,320.4354409974,325.2675170898,22036300
2023-10-12T04:00:00.000Z,325.4460523015,327.966283258,320.1774006454,321.6359558105,20530500
2023-10-13T04:00:00.000Z,321.0108805983,322.5190344438,309.9377726437,312.2397155762,21341000
2023-10-16T04:00:00.000Z,316.1589177831,319.3141493821,313.0631862905,318.6493530273,16536100
2023-10-17T04:00:00.000Z,315.7025429738,321.8741133047,314.8293900863,321.4772338867,16387800
2023-10-18T04:00:00.000Z,318.8874887732,323.4020477673,313.1028675201,314.5018920898,16851000
2023-10-19T04:00:00.000Z,317.38934833,319.3837077145,309.3226454656,310.3743896484,18709200
2023-10-20T04:00:00.000Z,311.6940081054,312.844949284,304.0837161463,306.2467346191,22312300
2023-10-23T04:00:00.000Z,307.0901094127,314.8888937797,304.8675606368,311.5650024414,17796800
2023-10-24T04:00:00.000Z,314.3134690872,315.8712519348,308.2113606084,310.116394043,19525500
2023-10-25T04:00:00.000Z,307.5862636359,308.4594165839,296.5131545114,297.1977844238,42192500
2023-10-26T04:00:00.000Z,292.7029805201,292.7029805201,277.2244439688,286.1047668457,66684100
2023-10-27T04:00:00.000Z,292.1871053257,296.9794842399,290.6888529284,294.4195861816,29596300
2023-10-30T04:00:00.000Z,296.7611653844,306.990885295,296.7214683616,300.3033752441,28435100
2023-10-31T04:00:00.000Z,300.9482879287,301.3154020955,294.5484984511,298.9241638184,19434200
2023-11-01T04:00:00.000Z,299.4996189911,310.3048071046,299.4996189911,309.4217529297,20434600
2023-11-02T04:00:00.000Z,314.8293896072,316.337573785,305.9292316566,308.4494628906,21631800
2023-11-03T04:00:00.000Z,310.1163649869,313.0930059445,308.5982793097,312.1504211426,16764300
2023-11-06T05:00:00.000Z,313.5196859263,315.8513638237,312.0016002244,313.3410644531,12887700
2023-11-07T05:00:00.000Z,314.5912796126,318.5006040914,312.6663825736,316.3375854492,14055600
2023-11-08T05:00:00.000Z,315.6629157141,318.8280499071,312.4282890074,317.2901306152,13609700
2023-11-09T05:00:00.000Z,316.9328707359,321.6557867221,316.3176728895,318.0540466309,16103100
2023-11-10T05:00:00.000Z,317.448790078,326.5374693849,316.9725166965,326.2100219727,19096200
2023-11-13T05:00:00.000Z,323.6600915343,329.7423355254,323.1639847295,326.6268005371,16908900
2023-11-14T05:00:00.000Z,331.9351380867,335.4674159937,330.7345378585,333.6913452148,17179400
2023-11-15T05:00:00.000Z,335.298741069,335.7650826813,327.4503277076,330.1193847656,14531200
2023-11-16T05:00:00.000Z,326.8053532872,331.9747771065,323.8386446333,331.5878295898,18932600
2023-11-17T05:00:00.000Z,327.6884943121,332.887684221,326.7855762444,332.4312744141,14494400
2023-11-20T05:00:00.000Z,332.2824138936,339.2080451684,331.5878522891,337.322845459,16960500
2023-11-21T05:00:00.000Z,335.6956348738,337.25341759,333.2845629428,334.3561706543,12027900
2023-11-22T05:00:00.000Z,336.5688389233,340.24997397,335.9437393766,338.8310852051,10702700
2023-11-24T05:00:00.000Z,337.481604747,339.1981148355,334.1477514227,335.5964050293,5467500
2023-11-27T05:00:00.000Z,333.5624206354,337.2534571009,331.597856734,332.093963623,15684500
2023-11-28T05:00:00.000Z,330.8040237336,336.7374722413,330.8040237336,336.3504943848,12637200
2023-11-29T05:00:00.000Z,337.0450742453,337.2534306439,328.2044465428,329.6134033203,16024500
2023-11-30T05:00:00.000Z,329.3058049723,330.9032544248,319.8896767823,324.6026916504,23146400
2023-12-01T05:00:00.000Z,322.9456971366,324.3149264852,318.2624476797,322.2908325195,15276400
2023-12-04T05:00:00.000Z,314.8195046408,318.3616846641,311.2177639359,317.5282287598,19037100
2023-12-05T05:00:00.000Z,316.4962752498,319.3736883631,312.9342323945,315.8116455078,16952100
2023-12-06T05:00:00.000Z,319.4233078713,319.7408234814,314.5713992512,314.9782104492,11294300
2023-12-07T05:00:00.000Z,315.2956965956,325.6841739294,315.2956965956,324.0470275879,15905100
2023-12-08T05:00:00.000Z,320.5743303871,330.5758617421,320.485034785,330.1591186523,14087400
2023-12-11T05:00:00.000Z,326.8351687929,327.3213740696,317.5083665806,322.747253418,25802500
2023-12-12T05:00:00.000Z,322.0725548545,331.8656986746,322.0328578303,331.6176452637,18485500
2023-12-13T05:00:00.000Z,331.3299152783,335.7353465514,330.0499814003,332.133605957,16353300
2023-12-14T05:00:00.000Z,331.2505341987,332.0939218599,326.0811095435,330.5758361816,19607300
2023-12-15T05:00:00.000Z,329.4049859408,336.0230640275,328.6409923636,332.3121948242,31776900
2023-12-18T05:00:00.000Z,334.8522561593,344.8537559101,334.3958161024,341.9366455078,18993900
2023-12-19T05:00:00.000Z,342.8891779975,350.8467508069,342.4327681994,347.6319580078,17729400
2023-12-20T05:00:00.000Z,345.935264359,352.1961297304,345.0819752004,346.5603637695,16369900
2023-12-21T05:00:00.000Z,350.2315736785,353.63485912,346.4909089606,351.3329162598,15289600
2023-12-22T05:00:00.000Z,352.8112865517,354.4186979641,348.4852499374,350.6383666992,11772800
2023-12-26T05:00:00.000Z,352.2258964816,354.2004221377,350.6979093378,352.0671386719,9898600
2023-12-27T05:00:00.000Z,353.2975173123,356.2046960041,352.5434252579,355.0437927246,13207900
2023-12-28T05:00:00.000Z,356.8992890825,359.0821411101,355.0239906074,355.5300292969,11798800
2023-12-29T05:00:00.000Z,356.1947516692,357.1968970978,349.0805970921,351.203918457,14987100
2024-01-02T05:00:00.000Z,348.5844916793,350.4101610826,337.3625582065,343.5936584473,19042200
2024-01-03T05:00:00.000Z,342.2938804547,345.2407562458,340.5078776929,341.7878417969,15451100
2024-01-04T05:00:00.000Z,341.8175805412,345.4391540758,340.7261395401,344.417175293,12099900
2024-01-05T05:00:00.000Z,344.2882234706,350.7475443734,343.5639268458,349.2096252441,13920700
2024-01-08T05:00:00.000Z,351.9381524559,356.1848251682,349.3087623681,355.8673095703,13890200
2024-01-09T05:00:00.000Z,353.6249632198,357.8319699766,352.5930524742,354.6469421387,13463900
2024-01-10T05:00:00.000Z,357.3655998102,370.036157084,356.2840602969,367.5853881836,22117200
2024-01-11T05:00:00.000Z,369.2324630283,369.8773958319,360.1040855191,366.7916259766,17205400
2024-01-12T05:00:00.000Z,367.2778548714,374.1241238682,366.6626871752,371.5741271973,19310000
2024-01-16T05:00:00.000Z,370.740620776,372.6853510333,364.3706261598,364.598815918,15306900
2024-01-17T05:00:00.000Z,363.4478499675,365.6704291466,355.8177245328,365.501739502,12724800
2024-01-18T05:00:00.000Z,368.5974687405,373.915750077,368.061695128,373.2013549805,16354300
2024-01-19T05:00:00.000Z,376.0489622273,381.3672126996,375.0269834092,380.4643249512,21670800
2024-01-22T05:00:00.000Z,384.9292833279,387.3105899435,378.1921444164,378.8073120117,17680500
2024-01-23T05:00:00.000Z,381.6252132315,385.3559462843,379.1049820556,382.2007141113,15506100
2024-01-24T05:00:00.000Z,386.9633057964,393.0654134088,384.7903555799,387.6578674316,15698500
2024-01-25T05:00:00.000Z,387.1319879715,392.4105412335,382.6570950114,390.1185302734,15091100
2024-01-26T05:00:00.000Z,391.2794318131,393.7004353737,388.5409126393,391.0710754395,13163700
2024-01-29T05:00:00.000Z,391.9144746495,399.792653749,390.0392065262,397.8975219727,18742400
2024-01-30T05:00:00.000Z,400.4475204469,403.1959414738,396.4588323046,396.9450073242,18614700
2024-01-31T05:00:00.000Z,385.9710958324,394.9010183581,384.0858960219,387.1022338867,20180800
2024-02-01T05:00:00.000Z,390.8726294117,397.3815482287,389.9895447701,391.7060852051,29727100
2024-02-02T05:00:00.000Z,456.0214121917,482.1761501937,449.4827276912,471.2915649414,84707600
2024-02-05T05:00:00.000Z,466.2213328646,468.2255934429,455.6443322175,455.8328552246,40832400
2024-02-06T05:00:00.000Z,460.3871235847,463.4828252606,449.4727736721,451.1793823242,21655200
2024-02-07T05:00:00.000Z,454.4338116754,467.8485281411,452.6279757242,465.9335632324,23066000
2024-02-08T05:00:00.000Z,464.6735118903,466.925826014,461.4091204468,466.340423584,18815100
2024-02-09T05:00:00.000Z,469.2674591334,469.9024601255,463.8301174161,464.4651184082,18413100
2024-02-12T05:00:00.000Z,464.5445296788,475.4191832366,462.9470498932,465.2489929199,19382000
2024-02-13T05:00:00.000Z,453.3126287542,464.2468421541,451.5464897333,456.537322998,20916600
2024-02-14T05:00:00.000Z,464.2864998481,470.4183725928,462.4608304684,469.5948486328,16858400
2024-02-15T05:00:00.000Z,471.5793300047,484.815457238,468.5431584802,480.2611999512,24212300
2024-02-16T05:00:00.000Z,474.3872642071,475.2306518843,465.5565685818,469.6345825195,23324600
2024-02-20T05:00:00.000Z,466.0625897591,472.4722813616,462.9271910394,468.0767822266,18015500
2024-02-21T05:00:00.000Z,463.3587521836,465.8419180581,458.6804761634,464.8784484863,12921800
2024-02-22T05:00:00.000Z,477.0062141308,486.690560879,472.8543681331,482.8565673828,21625800
2024-02-23T05:00:00.000Z,484.7636413437,491.031149734,479.1020412034,480.7707214355,18374300
2024-02-26T05:00:00.000Z,480.2144859745,482.8665204802,477.3638163849,478.4961242676,12101400
2024-02-27T05:00:00.000Z,476.7480454387,483.988936093,476.6884518761,483.7704162598,10809600
2024-02-28T05:00:00.000Z,481.7341846503,487.7434340041,479.4993353401,480.7607727051,12715500
2024-02-29T05:00:00.000Z,485.1510587006,488.3891169704,479.3602984246,486.8296813965,17732000
2024-03-01T05:00:00.000Z,488.7962772843,500.8545450353,488.5380486517,498.9176635742,16273600
2024-03-04T05:00:00.000Z,499.6129971228,501.0234487422,493.0773175753,494.8353881836,12324100
2024-03-05T05:00:00.000Z,491.6668488599,492.2429300122,484.6047395806,486.9190368652,15325300
2024-03-06T05:00:00.000Z,494.2791504217,499.5831892201,490.9616443708,492.7495117188,11757900
2024-03-07T05:00:00.000Z,499.8910821446,516.3494823533,498.0038821619,508.7410888672,18586400
2024-03-08T05:00:00.000Z,510.7276263527,520.0444695551,495.9875573729,502.5431213379,18597100
2024-03-11T04:00:00.000Z,493.6633271933,493.9712373424,472.7947911046,480.3336791992,20428300
2024-03-12T04:00:00.000Z,489.9385682821,498.9276166024,481.4660075502,496.3848571777,15448200
2024-03-13T04:00:00.000Z,492.0542515512,497.6066070346,487.723594328,492.2330322266,12090700
2024-03-14T04:00:00.000Z,496.8914781059,497.9741348862,484.8729481405,488.5182189941,12620000
2024-03-15T04:00:00.000Z,485.7172126646,488.5182008794,478.0591068848,480.8402709961,29153600
2024-03-18T04:00:00.000Z,488.5976770139,494.0705845615,483.5320123265,493.6335449219,11755300
2024-03-19T04:00:00.000Z,484.8828618886,493.285886973,478.0392419831,492.8984985352,10903100
2024-03-20T04:00:00.000Z,496.1365749185,504.7780048648,491.8357446735,502.116027832,11711100
2024-03-21T04:00:00.000Z,511.2441248528,511.5718590861,502.6026958207,504.3409118652,9712500
2024-03-22T04:00:00.000Z,503.5860372884,506.5360395477,500.9439451713,506.148651123,8120600
2024-03-25T04:00:00.000Z,502.3841796013,503.8045431615,496.8715333477,499.6328125,8380600
2024-03-26T04:00:00.000Z,501.7286754112,506.5658780636,491.8754591124,492.5509033203,11205400
2024-03-27T04:00:00.000Z,495.9379177172,496.5239715872,484.7835550779,490.5345458984,9989700
2024-03-28T04:00:00.000Z,489.5213957869,489.5710772928,481.8831749512,482.3102722168,15212800
2024-04-01T04:00:00.000Z,483.9193934481,494.0804891365,478.5358763202,488.0414428711,9247000
2024-04-02T04:00:00.000Z,481.8335367248,494.1798308025,481.3865547199,494.020904541,11081000
2024-04-03T04:00:00.000Z,495.5704114496,503.824453038,495.3916307675,503.3278198242,12099200
2024-04-04T04:00:00.000Z,512.9426409502,526.4312162585,507.1419685443,507.4797058105,26476300
2024-04-05T04:00:00.000Z,513.3796505682,527.1264840478,510.9461357936,523.7891235352,19263300
2024-04-08T04:00:00.000Z,525.7160303935,527.9111101756,515.3959787113,515.7535400391,13260600
2024-04-09T04:00:00.000Z,518.7134382659,522.3289421325,503.3277530435,513.4193725586,10863800
2024-04-10T04:00:00.000Z,505.8606153224,519.0412485474,502.3940952347,516.3296508789,11418500
2024-04-11T04:00:00.000Z,517.6010230992,520.3325056145,513.806738294,519.6372070312,10369500
2024-04-12T04:00:00.000Z,514.2636784657,516.6872509061,505.9003620426,508.4530639648,11984500
2024-04-15T04:00:00.000Z,513.2405867963,515.0384571854,493.9315158039,496.8616638184,13512900
2024-04-16T04:00:00.000Z,494.7558921641,501.3710497609,493.7626258038,496.3948059082,9847900
2024-04-17T04:00:00.000Z,499.7123609724,499.7719545349,483.8598367936,490.8424987793,12193700
2024-04-18T04:00:00.000Z,496.454463812,508.7610501607,495.6797171631,498.4211120605,14808700
2024-04-19T04:00:00.000Z,499.4143166921,499.4143166921,472.5266192021,477.830657959,25215400
2024-04-22T04:00:00.000Z,486.4223944309,488.6969828425,470.2122804474,478.4862060547,17271100
2024-04-23T04:00:00.000Z,487.9421124118,495.401552675,485.6774662629,492.7594604492,15079200
2024-04-24T04:00:00.000Z,504.6388964662,506.5658355991,481.3169917894,490.176940918,37772700
2024-04-25T04:00:00.000Z,418.5624548831,442.7683522004,411.7089227858,438.4079284668,82890700
2024-04-26T04:00:00.000Z,438.4873592953,443.4338366861,429.0513288646,440.3050537109,32691400
2024-04-29T04:00:00.000Z,436.6001804858,436.7988458925,425.6742499825,429.7069091797,21502600
2024-04-30T04:00:00.000Z,428.1474559244,436.6597559755,426.8264249919,427.2734069824,18429500
2024-05-01T04:00:00.000Z,425.7139488551,446.9301028029,424.2339614329,436.232635498,20344900
2024-05-02T04:00:00.000Z,435.8849988023,440.9705176341,429.36917401,438.705871582,15221300
2024-05-03T04:00:00.000Z,442.9272615436,451.1117969789,440.8612808479,448.9166564941,16489100
2024-05-06T04:00:00.000Z,452.5123143515,463.0210903301,450.2874072113,462.5443115234,15094600
2024-05-07T04:00:00.000Z,463.1501848955,468.3548909827,458.2037074526,465.0870361328,13406800
2024-05-08T04:00:00.000Z,460.3789939622,472.3776391946,459.8823607432,469.4177246094,11683900
2024-05-09T04:00:00.000Z,466.8352023226,472.8742486238,464.4811658331,472.2187194824,9437700
2024-05-10T04:00:00.000Z,473.8774605672,474.2847034264,466.4379049714,472.9934692383,10750000
2024-05-13T04:00:00.000Z,469.5667158676,470.1626818021,459.7333840409,464.8586425781,14668800
2024-05-14T04:00:00.000Z,460.2498499696,469.3581162553,456.9819950045,468.6727600098,10478600
2024-05-15T04:00:00.000Z,471.7816304366,479.2509819791,468.027085096,478.297454834,13100500
2024-05-16T04:00:00.000Z,471.8015582324,474.4734473766,469.5667087461,470.0434875488,16608200
2024-05-17T04:00:00.000Z,467.6596161293,469.6163521931,465.265870727,468.7323608398,10807300
2024-05-20T04:00:00.000Z,466.7855553789,470.0136711691,463.8951465263,465.683013916,11745100
2024-05-21T04:00:00.000Z,463.9745662514,467.5304767108,459.157218457,461.5013427734,11742200
2024-05-22T04:00:00.000Z,464.7195478097,470.5301623382,462.5144951792,464.6301574707,10078600
2024-05-23T04:00:00.000Z,469.6958441033,471.1658590508,458.4322061887,462.6436462402,11747900
2024-05-24T04:00:00.000Z,464.4712476081,476.6189070761,463.160128633,474.9998779297,12024300
2024-05-28T04:00:00.000Z,473.3708791359,477.6220580396,471.6426053305,476.6884155273,10175800
2024-05-29T04:00:00.000Z,471.4638306252,476.6188856396,470.5103033736,471.1658325195,9226200
2024-05-30T04:00:00.000Z,468.4939760428,468.5535696018,461.5808200768,463.9050598145,10719600
2024-05-31T04:00:00.000Z,462.6634602949,465.9611118988,451.3998233629,463.6865234375,16919800
2024-06-03T04:00:00.000Z,467.6894189605,476.3705882132,465.0870657511,474.2747802734,11279400
2024-06-04T04:00:00.000Z,473.7880490528,475.6653370045,470.0434458249,473.7781066895,7088700
2024-06-05T04:00:00.000Z,481.1878989283,493.3057303004,480.651526608,491.7264404297,15690500
2024-06-06T04:00:00.000Z,489.6604950971,499.4342331213,487.5845718978,490.4352416992,10667300
2024-06-07T04:00:00.000Z,492.5708038782,495.5506034401,486.8694637498,489.6406555176,9380700
2024-06-10T04:00:00.000Z,490.534529302,499.2752918012,490.0875776096,499.2156982422,11220900
2024-06-11T04:00:00.000Z,496.7921122092,504.1820164412,494.9148242165,504.0528869629,9673700
2024-06-12T04:00:00.000Z,510.5290124392,510.5488971679,501.0731267567,505.4136962891,11983200
2024-06-13T04:00:00.000Z,502.3047412736,505.9301575612,497.9840263831,500.7055969238,9954600
2024-06-14T04:00:00.000Z,499.7610590142,504.2351956756,497.8719851589,501.2623901367,10243300
2024-06-17T04:00:00.000Z,498.7866860539,507.814485784,493.1592130256,503.718170166,11266600
2024-06-18T04:00:00.000Z,501.6600694233,503.0917955375,492.1748915017,496.6192016602,13060400
2024-06-20T04:00:00.000Z,499.1147614197,500.7751764666,493.9148098546,498.8164978027,11801200
2024-06-21T04:00:00.000Z,500.5564933752,500.5564933752,489.560061832,491.9363098145,22359200
2024-06-24T04:00:00.000Z,496.3309137735,504.8814619237,491.4491298298,496.0425720215,13525300
2024-06-25T04:00:00.000Z,494.1932637637,507.7747584999,492.6521843049,507.6654052734,12063200
2024-06-26T04:00:00.000Z,503.7380225205,510.856874054,501.7793438839,510.1708374023,8882300
2024-06-27T04:00:00.000Z,511.294373925,519.8747782878,510.9464098062,516.5738525391,10121200
2024-06-28T04:00:00.000Z,514.1776987032,518.8804935548,500.9441701664,501.3219909668,15855100
2024-07-01T04:00:00.000Z,502.0478255114,503.6684316425,490.3355319601,501.7793579102,10328200
2024-07-02T04:00:00.000Z,497.8819280151,507.5659383637,496.5794595722,506.571685791,7739500
2024-07-03T04:00:00.000Z,503.4597198066,508.3415040589,503.1117253036,507.029083252,6005600
2024-07-05T04:00:00.000Z,508.6595691082,537.7613279469,508.6595691082,536.8068237305,21354100
2024-07-08T04:00:00.000Z,539.2327877263,539.690165696,523.623072932,526.2777099609,14917500
2024-07-09T04:00:00.000Z,530.6823045263,534.3908471605,525.1542627135,526.9538574219,8753200
2024-07-10T04:00:00.000Z,527.7392732226,535.7828028102,525.3232468813,531.6168823242,10983300
2024-07-11T04:00:00.000Z,527.8387838595,532.3825255794,505.4481956135,509.753326416,16458300
2024-07-12T04:00:00.000Z,494.8991713059,505.1697870523,491.3894609308,496.0027770996,19750500
2024-07-15T04:00:00.000Z,495.7641546253,503.7678755283,490.5343764948,493.3083496094,12539200
2024-07-16T04:00:00.000Z,498.6176647047,501.0535956422,482.9979652992,486.9749755859,14075800
2024-07-17T04:00:00.000Z,476.4159983287,476.4159983287,456.4812168895,459.3347167969,28076600
2024-07-18T04:00:00.000Z,472.2699610515,476.4855821523,461.8700878787,473.1150817871,19267200
2024-07-19T04:00:00.000Z,473.3238978021,483.9126820909,472.9759033182,474.0497131348,15149400
2024-07-22T04:00:00.000Z,483.7834603951,489.2319760578,481.1188704689,484.5987548828,12023100
2024-07-23T04:00:00.000Z,487.0246709982,492.3737546329,484.9168604229,485.8812866211,9455500
2024-07-24T04:00:00.000Z,469.59542269,473.5624806823,457.9328292752,458.6188659668,17649700
2024-07-25T04:00:00.000Z,460.5975025539,460.8858139825,440.1059392055,450.804107666,18240500
2024-07-26T04:00:00.000Z,461.5320586337,467.0700224306,456.7795325267,463.0234375,14222400
2024-07-29T04:00:00.000Z,467.1794022789,471.2359394124,462.3473190125,463.0333557129,11339600
2024-07-30T04:00:00.000Z,464.3159317451,470.0130096681,454.0751428178,460.5278320312,11390400
2024-07-31T04:00:00.000Z,468.3128521422,473.7613673531,464.0674044324,472.1009521484,24285800
2024-08-01T04:00:00.000Z,518.0055973215,524.1401187857,489.2717036537,494.8792724609,43083100
2024-08-02T04:00:00.000Z,486.1895153173,498.2696781877,473.4133634987,485.3344726562,24044700
2024-08-05T04:00:00.000Z,448.7558769798,480.7012150181,448.2090198934,472.9957580566,21396200
2024-08-06T04:00:00.000Z,476.2469766387,499.6715645446,475.898982174,491.2502441406,20955000
2024-08-07T04:00:00.000Z,500.2383060346,507.2179482315,484.0617971195,486.1099853516,20105300
2024-08-08T04:00:00.000Z,494.6406395475,507.0290177226,491.876618695,506.7009277344,16156800
2024-08-09T04:00:00.000Z,504.7919803564,515.3609207187,502.7935532579,514.7941894531,13696600
2024-08-12T04:00:00.000Z,513.8893622668,515.0427292166,506.1739830538,512.9846191406,9767400
2024-08-13T04:00:00.000Z,517.021315002,528.4452679044,515.1720196918,525.5022583008,13743800
2024-08-14T04:00:00.000Z,525.0249990882,530.9308616621,520.1233412992,523.7324829102,11444200
2024-08-15T04:00:00.000Z,528.7336224827,536.667800309,523.6729102134,534.2418212891,13482100
2024-08-16T04:00:00.000Z,528.8429030867,530.5927364261,521.6444643649,524.3886108398,14776700
2024-08-19T04:00:00.000Z,523.8418543972,528.6043024311,519.7554908387,526.2380371094,9879700
2024-08-20T04:00:00.000Z,525.3133210272,528.0376240436,522.8575463081,523.7026367188,7944400
2024-08-21T04:00:00.000Z,524.120255537,536.2998492636,523.9014884203,532.0841674805,13423300
2024-08-22T04:00:00.000Z,533.913670932,541.102098144,525.5520328798,528.8728027344,15708300
2024-08-23T04:00:00.000Z,533.8341096092,536.7671670293,522.0422878822,524.9653930664,11323900
2024-08-26T04:00:00.000Z,524.5676767533,524.9654020892,511.9904170722,518.1249389648,9584000
2024-08-27T04:00:00.000Z,515.9971496313,520.9982688988,512.3482599013,516.1164550781,6282700
2024-08-28T04:00:00.000Z,514.694714161,518.0951016646,509.5047448415,513.8098754883,9106100
2024-08-29T04:00:00.000Z,516.0668849693,524.1700692689,512.7162580096,515.2416381836,8317400
2024-08-30T04:00:00.000Z,518.3535910328,520.5310067478,512.2389736904,518.3138427734,9157500
2024-09-03T04:00:00.000Z,516.6533790353,522.4697318345,505.6966971645,508.8186645508,12459100
2024-09-04T04:00:00.000Z,503.1613824373,513.6209384157,501.172877388,509.7930297852,8335200
2024-09-05T04:00:00.000Z,508.7789615117,518.6320088027,508.2122302255,513.8894042969,8640900
2024-09-06T04:00:00.000Z,518.880559665,521.5650538629,495.3863655136,497.394744873,14744500
2024-09-09T04:00:00.000Z,503.2508845942,508.3911533907,499.194317116,501.8887634277,11047800
2024-09-10T04:00:00.000Z,505.2393897347,511.2247792844,497.1561114839,501.8887634277,9899000
2024-09-11T04:00:00.000Z,504.0960008606,510.1708694465,492.7515754941,508.8882751465,10782500
2024-09-12T04:00:00.000Z,514.0782546318,523.6827679826,512.258755524,522.5791015625,11970500
2024-09-13T04:00:00.000Z,517.3493672278,524.5477455442,514.1378904205,521.6047363281,10321400
2024-09-16T04:00:00.000Z,522.0227773559,531.5368977015,514.9170874723,530.7208862305,9527600
2024-09-17T04:00:00.000Z,535.0200415339,539.4984461028,528.0238099823,533.7462158203,11690800
2024-09-18T04:00:00.000Z,534.4925654988,541.5883529192,531.3377955896,535.368347168,10323500
2024-09-19T04:00:00.000Z,547.3605650648,559.3726487545,543.897284927,556.4168701172,15647000
2024-09-20T04:00:00.000Z,557.3125698178,561.7909743967,553.6303139044,558.6560668945,22066800
2024-09-23T04:00:00.000Z,566.7670162501,571.2254976603,559.7110138514,561.7014160156,12830700
2024-09-24T04:00:00.000Z,563.9604859111,565.0253582523,551.5304353488,560.6265869141,12993000
2024-09-25T04:00:00.000Z,561.3431364724,574.1115828691,561.0147031202,565.5827026367,16543400
2024-09-26T04:00:00.000Z,572.9671422279,574.6291718932,559.6513458984,565.1150512695,14400800
2024-09-27T04:00:00.000Z,567.3641706266,568.1006705262,561.8010300244,564.6373291016,9398400
2024-09-30T04:00:00.000Z,564.9756885342,571.9221729212,562.0895809864,569.6929321289,12792300
2024-10-01T04:00:00.000Z,575.2062544394,580.2419690688,567.3640657015,573.7034912109,15259300
2024-10-02T04:00:00.000Z,572.101307396,573.2358512631,566.6078384594,570.0611572266,6524700
2024-10-03T04:00:00.000Z,567.413895412,580.5604622328,566.0006662054,579.9733276367,11581000
2024-10-04T04:00:00.000Z,580.9287120013,593.9857454242,578.639761646,593.0801391602,14169500
2024-10-07T04:00:00.000Z,595.3491375247,600.0564797528,581.2371940539,581.9736938477,12014200
2024-10-08T04:00:00.000Z,586.860144109,590.7115675396,583.1579643994,590.0447998047,7857400
2024-10-09T04:00:00.000Z,591.1394274753,591.537532169,578.8188343359,587.6761474609,9529700
2024-10-10T04:00:00.000Z,584.7503015704,587.3975096972,579.7245483018,581.0282592773,7740400
2024-10-11T04:00:00.000Z,582.0234717518,588.3728595793,579.9136502957,587.1188964844,8587100
2024-10-14T04:00:00.000Z,591.3682994416,597.2200860857,587.128794274,587.5865478516,8252000
2024-10-15T04:00:00.000Z,587.3278289153,587.7756815393,577.3559556316,583.4565429688,9564200
2024-10-16T04:00:00.000Z,578.6098955082,579.2866249106,571.2752688732,574.0219726562,11268400
2024-10-17T04:00:00.000Z,580.5306884411,582.1627721197,572.4396984468,574.1613769531,8701200
2024-10-18T04:00:00.000Z,578.3112766995,581.1674987096,572.4893751474,573.7034912109,7694300
2024-10-21T04:00:00.000Z,573.2657221535,574.4698766166,566.3788867667,572.3998413086,8171900
2024-10-22T04:00:00.000Z,571.5339961936,580.7297050327,569.3744268963,579.2169799805,8544500
2024-10-23T04:00:00.000Z,577.1867042399,582.1925945079,559.8005716422,560.9848632812,14248400
2024-10-24T04:00:00.000Z,564.4084538185,566.1500558951,558.8253897398,565.0553588867,7184700
2024-10-25T04:00:00.000Z,571.175752888,578.5004183142,568.9763366173,570.4990234375,11337900
2024-10-28T04:00:00.000Z,579.2069744936,580.9485762211,571.3647858559,575.3853759766,10925100
2024-10-29T04:00:00.000Z,577.3659870861,590.8210656933,572.6387814958,590.4329833984,13019100
2024-10-30T04:00:00.000Z,598.0958991586,598.3148749725,586.5515914383,588.9599609375,26864900
2024-10-31T04:00:00.000Z,582.1925226935,587.0690313686,560.3080647644,564.8561401367,26838400
2024-11-01T04:00:00.000Z,564.8860850679,570.9170013392,559.8603316322,564.4382324219,15303200
2024-11-04T05:00:00.000Z,561.3928894395,565.9608889972,555.2127297783,557.9893188477,12064600
2024-11-05T05:00:00.000Z,564.5775966719,570.7279324509,563.950615092,569.6829833984,9775400
2024-11-06T05:00:00.000Z,560.049450961,570.2502628177,552.505809185,569.3048095703,18305400
2024-11-07T05:00:00.000Z,574.1216080145,591.9456339469,572.4496773657,588.860534668,14653700
2024-11-08T05:00:00.000Z,588.7012959014,590.2538073435,581.715024783,586.5119018555,9415700
2024-11-11T05:00:00.000Z,583.5460314432,584.1829746479,573.7433260974,580.3713378906,10209100
2024-11-12T05:00:00.000Z,585.7155461176,596.7821758387,577.5947330801,582.0134277344,16287700
2024-11-13T05:00:00.000Z,579.8140126435,582.8295006874,572.4097151236,577.2165527344,10757600
2024-11-14T05:00:00.000Z,574.2310533345,577.9730193107,570.2602105354,574.3902587891,11053700
2024-11-15T05:00:00.000Z,568.4786575943,569.8222153224,548.8533240134,551.4209594727,17712900
2024-11-18T05:00:00.000Z,554.3668479608,557.2131695229,547.4502482972,551.7395629883,14327300
2024-11-19T05:00:00.000Z,549.2117126735,558.7357953255,547.9577494587,558.3974609375,9522400
2024-11-20T05:00:00.000Z,560.2284939812,563.6320644076,551.5404086525,562.8060913086,9797300
2024-11-21T05:00:00.000Z,566.7868914718,567.264568513,546.4150954692,560.3877563477,11154700
2024-11-22T05:00:00.000Z,560.8455974663,561.1242829453,551.928634013,556.4567871094,9164000
2024-11-25T05:00:00.000Z,559.4024455905,569.8421548761,553.7198868796,562.3980102539,13599800
2024-11-26T05:00:00.000Z,563.2837432513,574.7285542891,562.487594632,570.7875366211,10356600
2024-11-27T05:00:00.000Z,572.1312028239,572.2207369116,561.3929435568,566.4685058594,7200200
2024-11-29T05:00:00.000Z,566.2694266604,575.6840509463,564.1795286445,571.5639038086,7130500
2024-12-02T05:00:00.000Z,574.7286569744,591.6470763139,572.8079260678,589.9851074219,12522400
2024-12-03T05:00:00.000Z,592.1446155685,611.2524875807,588.4126116889,610.7051391602,14907200
2024-12-04T05:00:00.000Z,610.0184005823,614.815276485,602.1960748947,610.8344726562,14697000
2024-12-05T05:00:00.000Z,614.1186640968,616.9251382699,604.1367686828,606.0077514648,8081200
2024-12-06T05:00:00.000Z,607.1721685185,626.7676806622,605.6097562403,620.7766113281,16935500
2024-12-09T05:00:00.000Z,620.9257943921,623.3939341906,603.2609765431,610.6254882812,11426000
2024-12-10T05:00:00.000Z,614.5963977458,622.5878918503,609.7995210856,616.3479614258,10938900
2024-12-11T05:00:00.000Z,620.3784793969,635.3363804726,618.5473434637,629.6437988281,10837200
2024-12-12T05:00:00.000Z,628.4694319605,633.6046423977,624.2000415346,627.7628173828,7474700
2024-12-13T05:00:00.000Z,624.2099509122,628.0514729908,613.9295681709,617.3729248047,8453300
2024-12-16T05:00:00.000Z,627.4625362288,628.6279045963,616.108127904,621.7454833984,10885600
2024-12-17T05:00:00.000Z,623.6677474644,629.8429838266,614.0762250068,616.9646606445,12897800
2024-12-18T05:00:00.000Z,618.5183765194,624.8529462688,593.9370093659,594.803527832,17075500
2024-12-19T05:00:00.000Z,607.9507237965,609.0762128608,592.6222119922,593.1899414062,14958100
2024-12-20T05:00:00.000Z,588.2199108491,600.6998062071,577.6821741677,582.9111938477,48989400
2024-12-23T05:00:00.000Z,587.2437814772,598.6879155279,583.9071932608,597.4528198242,10205800
2024-12-24T05:00:00.000Z,600.3114214674,605.5603812991,596.885226525,605.3213500977,4726100
2024-12-26T05:00:00.000Z,603.0603356402,603.8770660163,596.546492951,600.9388427734,6081400
2024-12-27T05:00:00.000Z,597.0145990738,599.4448507289,587.4430173371,597.4130249023,8084200
2024-12-31T05:00:00.000Z,589.9032845791,591.5964426774,581.51688747,583.1702880859,6019500
2025-01-02T05:00:00.000Z,587.3633007502,602.4926001052,585.4709301049,596.8452758789,12682300
2025-01-03T05:00:00.000Z,602.3432915147,607.0643399859,594.0266229828,602.2138061523,11436800
2025-01-06T05:00:00.000Z,609.3850546998,628.4684617844,603.1998488848,627.681640625,14560800
2025-01-07T05:00:00.000Z,629.1756482272,629.574013295,605.7994061067,615.4208374023,12071500
2025-01-08T05:00:00.000Z,610.948762658,613.976592362,600.3811160103,608.2794189453,10085800
2025-01-10T05:00:00.000Z,607.5921461026,627.3926430727,594.9528571379,613.3988037109,19256600
2025-01-13T05:00:00.000Z,604.6739217603,606.5364441234,596.058524808,605.8990478516,10785000
2025-01-14T05:00:00.000Z,602.6520122965,603.070316861,586.1980104568,591.8752441406,13598000
2025-01-15T05:00:00.000Z,607.7715100134,619.9725567507,604.0763139738,614.6538696289,15524300
2025-01-16T05:00:00.000Z,609.0563296194,613.7873477154,607.2735046849,608.8571166992,8355300
2025-01-17T05:00:00.000Z,621.5561807032,622.4724872093,601.2576176947,610.3212890625,17280600
2025-01-21T05:00:00.000Z,615.3610413312,619.0163582351,606.5762805694,613.9965209961,11674000
2025-01-22T05:00:00.000Z,620.8091489006,631.1676126122,616.9546191043,621.0083618164,12274000
2025-01-23T05:00:00.000Z,624.8529151273,634.0559803028,618.6677705767,633.9066162109,9910200
2025-01-24T05:00:00.000Z,633.8568781379,649.3945139717,631.6656574969,644.9025268555,19065300
2025-01-27T05:00:00.000Z,624.105973613,661.2170877274,622.6019980349,657.2430419922,28399200
2025-01-28T05:00:00.000Z,663.3385855807,679.85234697,656.8346510498,671.6353149414,20950100
2025-01-29T05:00:00.000Z,672.302585114,678.328396126,663.0098523604,673.7866210938,21377800
2025-01-30T05:00:00.000Z,694.0354036841,707.9495481611,673.39817249,684.2546386719,29322900
2025-01-31T05:00:00.000Z,688.2385763659,702.4814175246,682.8402531792,686.4258422852,19303900
2025-02-03T05:00:00.000Z,673.2089204423,701.1866947109,672.5515846641,694.6728515625,21415700
2025-02-04T05:00:00.000Z,699.6926666805,704.8818683424,688.8461707523,701.3759155273,13826300
2025-02-05T05:00:00.000Z,700.738490291,715.2702130817,696.2166547369,702.0532226562,17778200
2025-02-06T05:00:00.000Z,703.0591459117,716.0271344481,700.6886520762,709.1447143555,13080700
2025-02-07T05:00:00.000Z,713.9355911922,722.1128051857,708.9057836003,711.6647338867,16427100
2025-02-10T05:00:00.000Z,715.6886020039,718.3180670443,708.487512837,714.5332641602,12904300
2025-02-11T05:00:00.000Z,710.4694377796,720.7680830266,707.2025161364,716.9235229492,12998000
2025-02-12T05:00:00.000Z,712.4415265911,724.1943596128,709.752304095,722.481262207,12016500
2025-02-13T05:00:00.000Z,718.6367143797,726.0868036942,715.1705796578,725.6485595703,12569100
2025-02-14T05:00:00.000Z,723.2381862179,737.9491204424,722.7202448086,733.7260742188,16901200
2025-02-18T05:00:00.000Z,733.0587606413,734.0547643922,703.6168921972,713.5072021484,21938700
2025-02-19T05:00:00.000Z,701.2862790989,704.1747145501,692.611124563,700.9576416016,17535500
2025-02-20T05:00:00.000Z,694.4935451126,702.8101523617,690.8680767624,692.063293457,12587400
2025-02-21T05:00:00.000Z,693.7963797726,701.0572259639,679.6331733954,680.8184204102,15660400
2025-02-24T05:00:00.000Z,683.5375152107,684.5235492434,659.8027276988,665.4600219727,15677000
2025-02-25T05:00:00.000Z,663.3086205527,665.3305374436,639.2949835591,654.8724975586,20579700
2025-02-26T05:00:00.000Z,657.0139106659,680.2805441244,655.3704801302,671.0077514648,14488700
2025-02-27T05:00:00.000Z,679.7227696837,685.8980050768,654.942191581,655.6094970703,12500000
2025-02-28T05:00:00.000Z,655.4102918835,666.9540022019,640.0319914083,665.5297241211,17534200
2025-03-03T05:00:00.000Z,670.9878686639,678.5276251291,648.2391746953,652.4323120117,10843800
2025-03-04T05:00:00.000Z,642.9304346143,647.1534810781,621.1578057315,637.4424438477,21495200
2025-03-05T05:00:00.000Z,638.4384086658,656.8644781827,635.1117293671,653.8465576172,13770000
2025-03-06T05:00:00.000Z,645.4105206986,647.9602882253,621.6159731774,625.420715332,13446500
2025-03-07T05:00:00.000Z,622.8709097783,632.2532488274,598.2098452417,623.1597290039,21375700
2025-03-10T04:00:00.000Z,605.6400157186,607.6718415111,584.5247237758,595.6002807617,21999900
2025-03-11T04:00:00.000Z,592.6720550865,612.4726156961,590.9589577128,603.2894897461,17401500
2025-03-12T04:00:00.000Z,627.3828123945,630.7990981034,606.9148858523,617.0841064453,15747000
2025-03-13T04:00:00.000Z,617.7713833075,618.0203842681,584.1662233883,588.2797241211,16480300
2025-03-14T04:00:00.000Z,600.9252068634,606.966357096,592.930191409,605.7102661133,12364500
2025-03-17T04:00:00.000Z,605.5707735579,611.1931864722,596.1401729972,603.018737793,15473900
2025-03-18T04:00:00.000Z,598.183814122,598.383204285,572.8727631896,580.548828125,20297700
2025-03-19T04:00:00.000Z,582.4629387558,590.4779127315,572.9825047894,582.2435913086,20537500
2025-03-20T04:00:00.000Z,580.9475159471,608.3021747926,577.7076240616,584.1774291992,24336500
2025-03-21T04:00:00.000Z,581.6054551262,595.6815348407,579.1431664199,594.3955688477,25015900
2025-03-24T04:00:00.000Z,613.0573552722,620.6038191496,610.296011612,616.9252929688,15741300
2025-03-25T04:00:00.000Z,624.8107952928,631.9086473292,619.2481319746,624.3621826172,15312500
2025-03-26T04:00:00.000Z,622.9465455616,624.8007461767,604.7233689444,609.0797729492,12609800
2025-03-27T04:00:00.000Z,600.1278413917,612.3397451409,598.2337258598,600.7060546875,10436500
2025-03-28T04:00:00.000Z,598.4430555668,599.8785796537,572.1351128924,574.9463500977,17602800
2025-03-31T04:00:00.000Z,561.7475141061,576.900254251,551.5792239532,574.5675048828,21124700
2025-04-01T04:00:00.000Z,569.0646064376,588.075241588,568.2271922245,584.1774291992,12836600
2025-04-02T04:00:00.000Z,573.1219255482,590.816720653,571.5767584265,582.1138916016,13470800
2025-04-03T04:00:00.000Z,544.521182246,550.8414911032,528.6507117753,529.9666137695,34777500
2025-04-04T04:00:00.000Z,505.0443845169,516.388997081,492.6630283031,503.1602783203,38589800
2025-04-07T04:00:00.000Z,483.5912949815,537.6924987241,480.401235143,514.6444091797,36606100
2025-04-08T04:00:00.000Z,541.5604660254,545.7274587203,501.2960662909,508.862487793,28034200
2025-04-09T04:00:00.000Z,507.6861310201,586.0616440019,500.5483953676,583.9482421875,39216600
2025-04-10T04:00:00.000Z,573.700202904,579.4921312343,533.6351923103,544.591003418,28173500
2025-04-11T04:00:00.000Z,533.8445253273,545.6975609576,526.9460641882,541.8794555664,17642300
2025-04-14T04:00:00.000Z,554.4403043855,556.0353649218,526.6370880204,529.8270874023,14130900
2025-04-15T04:00:00.000Z,530.4551018896,536.2669873918,515.8905541803,519.8980712891,15558700
2025-04-16T04:00:00.000Z,506.9285018767,511.7733722747,494.0885548668,500.7477722168,18735100
2025-04-17T04:00:00.000Z,503.6786437722,505.7222559865,496.4611703191,499.9203796387,14593500
2025-04-21T04:00:00.000Z,489.8019182717,491.9651828161,478.3077785405,483.1526794434,16166000
2025-04-22T04:00:00.000Z,490.3402726588,505.3036010874,484.8473990995,498.7241210938,17399400
2025-04-23T04:00:00.000Z,526.8863606431,533.675179879,514.9137006504,518.6520385742,18173900
2025-04-24T04:00:00.000Z,517.1167453309,532.2396108812,515.8905900656,531.4919433594,13910000
2025-04-25T04:00:00.000Z,545.0994232387,548.1499041121,534.5822462279,545.5679931641,17098900
2025-04-28T04:00:00.000Z,553.9119485027,556.7530605328,538.9087668679,548.0302734375,15179000
2025-04-29T04:00:00.000Z,544.3019441443,554.839078826,542.4277860624,552.7156982422,11835000
2025-04-30T04:00:00.000Z,536.7255930213,547.3922671996,527.8532478041,547.2926025391,29244000
2025-05-01T04:00:00.000Z,590.2386183513,591.1059077398,568.7257162039,570.4304199219,31159000
2025-05-02T04:00:00.000Z,581.6454434908,602.4605109209,576.5313930798,595.163269043,24739300
2025-05-05T04:00:00.000Z,589.381237358,601.3339987723,586.221113305,597.40625,13887700
2025-05-06T04:00:00.000Z,590.6871952991,594.1763099116,584.7556882888,585.4833984375,10600700
2025-05-07T04:00:00.000Z,588.5239054125,601.2043765511,584.8453792562,594.9538574219,13139100
2025-05-08T04:00:00.000Z,604.4043633227,609.3987915211,594.7644549027,596.1501464844,14622800
2025-05-09T04:00:00.000Z,601.8423939546,605.0822864134,589.8697963166,590.6473388672,10427300
2025-05-12T04:00:00.000Z,628.9578018482,638.3983814889,619.0986063028,637.4413452148,21965100
2025-05-13T04:00:00.000Z,643.5323193604,658.8644917291,640.8307865245,653.9897460938,18570800
2025-05-14T04:00:00.000Z,659.1536702462,660.6090907305,652.2751047887,657.309387207,12348200
2025-05-15T04:00:00.000Z,652.2451822041,655.2657270969,636.5939979037,641.8775024414,14341800
2025-05-16T04:00:00.000Z,635.9758470842,638.4481143502,624.202580825,638.348449707,18519000
2025-05-19T04:00:00.000Z,626.2960600859,641.000185651,625.8474474759,638.4381713867,9592400
2025-05-20T04:00:00.000Z,634.0320152877,637.3615937968,630.2936778075,635.1185913086,6743500
2025-05-21T04:00:00.000Z,629.825015294,644.5989301459,628.2100586075,633.5234985352,11464600
2025-05-22T04:00:00.000Z,632.0780887399,641.2494888568,628.7485102322,634.5902709961,8228400
2025-05-23T04:00:00.000Z,622.0593214689,630.4830536161,620.7135443904,625.1098022461,8454100
2025-05-27T04:00:00.000Z,633.4337833908,641.079972718,630.7820830337,640.3223266602,9508400
2025-05-28T04:00:00.000Z,640.6014366818,648.8557144049,640.5516043549,641.5784301758,9042900
2025-05-29T04:00:00.000Z,649.6233948045,651.2881840728,637.5111569297,643.0438842773,8858800
2025-05-30T04:00:00.000Z,640.5017862603,647.3902689718,630.8120452522,645.4762573242,16241000
2025-06-02T04:00:00.000Z,642.3859148546,671.166122188,642.2563142964,668.8134765625,15766300
2025-06-03T04:00:00.000Z,669.3617924489,673.4789529537,662.9617757833,664.7760620117,11585000
2025-06-04T04:00:00.000Z,667.2384203218,686.857208168,666.4907528237,685.8104858398,14031900
2025-06-05T04:00:00.000Z,689.5088052797,692.2203773049,680.1280985849,682.4907226562,13083100
2025-06-06T04:00:00.000Z,694.0047897527,700.6241529587,689.7181755673,695.5400390625,11728000
2025-06-09T04:00:00.000Z,696.2877068677,702.9967560909,691.7817452731,691.9013671875,12773200
2025-06-10T04:00:00.000Z,699.168732028,701.0428899747,689.4092014624,700.2155151367,10850100
2025-06-11T04:00:00.000Z,701.5213833723,706.665308264,689.8378026054,691.9811401367,9582500
2025-06-12T04:00:00.000Z,691.143802317,693.2173504862,684.8634076907,691.2036132812,7322700
2025-06-13T04:00:00.000Z,685.8104951474,692.4099021517,678.8920760381,680.7462768555,9274400
2025-06-16T04:00:00.000Z,697.6914734953,705.4931583929,691.8851025594,700.4749145508,13720300
2025-06-17T04:00:00.000Z,700.3551564611,704.3158251975,694.4290719323,695.5963134766,10066100
2025-06-18T04:00:00.000Z,696.5440968779,699.9461410541,693.271813864,694.1397705078,10068300
2025-06-20T04:00:00.000Z,699.1081963013,700.1756966801,677.0799110041,680.7512817383,22538600
2025-06-23T04:00:00.000Z,682.0881149489,697.412111814,677.1596869464,696.893371582,11080100
2025-06-24T04:00:00.000Z,703.2384409706,711.5189816994,700.464925347,710.5313110352,13823200
2025-06-25T04:00:00.000Z,711.6486741856,714.9010456371,703.7272754411,707.01953125,9320400
2025-06-26T04:00:00.000Z,712.686296042,726.5138085371,709.3840535476,724.3888549805,13964800
2025-06-27T04:00:00.000Z,724.8177454898,733.7068421057,724.1592578044,731.9110717773,18775700
2025-06-30T04:00:00.000Z,742.8054817669,746.1476691379,732.5296271968,736.3606567383,15402100
2025-07-01T04:00:00.000Z,735.1535081072,736.0214648413,713.6938959128,717.5348510742,13431200
2025-07-02T04:00:00.000Z,713.6540184351,718.6123446329,711.1299169277,711.8981323242,9336700
2025-07-03T04:00:00.000Z,724.9075473574,727.3219211703,712.7461059373,717.325378418,8601700
2025-07-07T04:00:00.000Z,715.9186273792,725.2966273859,711.8382444141,716.6668701172,9457100
2025-07-08T04:00:00.000Z,719.8793609596,721.2161872254,713.1351899703,718.9814453125,7770700
2025-07-09T04:00:00.000Z,721.0266226856,735.8019810021,721.0266226856,731.0631103516,11418000
2025-07-10T04:00:00.000Z,729.8359096435,734.0759515651,717.9138972384,725.5360107422,9913600
2025-07-11T04:00:00.000Z,720.8071559256,723.4608966552,708.0371589748,715.8288574219,10873900
2025-07-14T04:00:00.000Z,715.9186673173,726.2943248868,714.8711396041,719.2308959961,8939400
2025-07-15T04:00:00.000Z,722.2038798414,722.7724907094,708.1568531421,708.7255249023,11529500
2025-07-16T04:00:00.000Z,711.6985757605,712.2971456092,697.6316362881,701.2630615234,13067600
2025-07-17T04:00:00.000Z,702.7395996706,704.2460714208,695.4766277839,699.7665405273,11803300
2025-07-18T04:00:00.000Z,700.5447529445,703.0588680042,690.0294703607,702.6298828125,12779800
2025-07-21T04:00:00.000Z,705.1439727205,715.3200865486,704.1064313362,711.2994995117,9404400
2025-07-22T04:00:00.000Z,714.511971945,714.920984524,699.7665722015,703.1586303711,8921100
2025-07-23T04:00:00.000Z,704.7150127644,712.9556698247,703.278384162,711.9081420898,8771600
2025-07-24T04:00:00.000Z,715.3699112663,721.9245248031,712.3270697156,713.1251831055,10920800
2025-07-25T04:00:00.000Z,715.2402488644,718.9615509303,710.2320520647,711.0101928711,8271700
2025-07-28T04:00:00.000Z,713.5243091595,723.0419351595,711.0101939968,715.9486083984,8715700
2025-07-29T04:00:00.000Z,718.3130650112,722.7725627282,698.2701083907,698.3599243164,13267000
2025-07-30T04:00:00.000Z,706.4310043796,706.8400169758,689.5805622613,693.5811767578,27077300
2025-07-31T04:00:00.000Z,773.3836936233,782.9113054874,763.7163951695,771.6278076172,38831100
2025-08-01T04:00:00.000Z,758.9476005406,764.2052724882,743.5637464392,748.252746582,19028700
2025-08-04T04:00:00.000Z,758.2192643014,775.0297591596,756.6329629954,774.5509033203,15801700
2025-08-05T04:00:00.000Z,774.6308198377,781.2951615489,761.2123204895,761.6712646484,11640300
2025-08-06T04:00:00.000Z,768.1958857028,771.8273717766,758.6782598972,770.1812133789,9733900
2025-08-07T04:00:00.000Z,771.6776357206,773.1841074016,757.7702959208,760.0449829102,9019700
2025-08-08T04:00:00.000Z,760.9629170759,768.0961893608,756.8027042152,767.4975585938,7320800
2025-08-11T04:00:00.000Z,768.2756580429,771.647743304,762.8783000058,764.0755004883,7612000
2025-08-12T04:00:00.000Z,771.1888187457,791.810370756,770.6201469798,788.1489868164,14563100
2025-08-13T04:00:00.000Z,789.2963900548,793.5962894534,776.4066172801,778.2523193359,8811800
2025-08-14T04:00:00.000Z,776.0573823379,785.9641084065,770.6999694623,780.2974243164,8116200
2025-08-15T04:00:00.000Z,782.3127720209,794.3843975356,778.9905571139,783.3901977539,13375400
2025-08-18T04:00:00.000Z,773.2739649294,773.992248717,754.7873521126,765.5720214844,16513700
2025-08-19T04:00:00.000Z,765.3226078635,765.3724785335,747.604210382,749.7192382812,12286700
2025-08-20T04:00:00.000Z,745.8184665954,748.4423094324,729.2872824482,745.9680786133,11898200
2025-08-21T04:00:00.000Z,742.9651268478,743.7532539147,731.3922697285,737.3682250977,8876300
2025-08-22T04:00:00.000Z,737.4979443181,755.1265868651,732.6693186707,753.021484375,10612700
2025-08-25T04:00:00.000Z,753.0514312039,757.1019160115,748.3724176423,751.5349731445,6861200
2025-08-26T04:00:00.000Z,749.0408739151,753.1013452691,746.1875894693,752.3331298828,7601800
2025-08-27T04:00:00.000Z,750.5373617239,752.3830637407,741.0995653139,745.62890625,8315400
2025-08-28T04:00:00.000Z,742.2567713506,751.2855545764,739.0642569298,749.3500976562,7468000
2025-08-29T04:00:00.000Z,743.533776814,745.3894040667,733.6269900367,736.9691772461,9070500
2025-09-02T04:00:00.000Z,724.3388175548,734.2755025265,720.0389186102,733.3875732422,9350900
2025-09-03T04:00:00.000Z,734.2755314398,738.5155735711,732.2702311832,735.323059082,7699300
2025-09-04T04:00:00.000Z,746.816105449,759.3765729399,744.0725487077,746.8959350586,11439100
2025-09-05T04:00:00.000Z,750.8566574056,756.1741866261,743.2844743615,750.6870727539,9663400
2025-09-08T04:00:00.000Z,754.2286966166,764.7140814936,750.2580412178,750.5373535156,13087800
2025-09-09T04:00:00.000Z,755.7151592789,764.5045146421,751.6646744656,763.9059448242,10999000
2025-09-10T04:00:00.000Z,763.337292297,763.9059640844,749.2403942554,750.2180786133,12478300
2025-09-11T04:00:00.000Z,752.881838547,755.3260493506,746.6165236988,749.140625,7923300
2025-09-12T04:00:00.000Z,746.9757286441,755.7950435825,742.0174024328,753.8197021484,8248600
2025-09-15T04:00:00.000Z,755.6951631722,772.2563046936,750.2280226984,762.9082641602,10533800
2025-09-16T04:00:00.000Z,765.2028605666,779.5291993784,763.3072880544,777.1747436523,11782500
2025-09-17T04:00:00.000Z,778.1624807344,781.4547366858,764.5145401578,773.9024658203,9400900
2025-09-18T04:00:00.000Z,778.9207035005,786.9319184464,771.5480036493,778.421875,10955000
2025-09-19T04:00:00.000Z,784.5773532507,788.9470955167,767.3877436699,776.5562133789,23696800
2025-09-22T04:00:00.000Z,780.5445827585,784.4181095053,763.1935958899,763.8824462891,11706900
2025-09-23T04:00:00.000Z,767.9655831903,769.3133047219,749.8159456503,754.1387329102,10872600
2025-09-24T04:00:00.000Z,756.2352564498,759.8392144671,751.2735837512,759.3899536133,8828200
2025-09-25T04:00:00.000Z,752.1920046259,755.5064686568,743.3068402529,747.6595458984,10591100
2025-09-26T04:00:00.000Z,748.7477432379,750.6745134519,736.118840262,742.5081787109,9696300
2025-09-29T04:00:00.000Z,747.4698158948,749.5264347618,737.9158487633,742.1587524414,9246800
2025-09-30T04:00:00.000Z,741.010724848,741.7294934739,725.087343094,733.1538696289,16226800
2025-10-01T04:00:00.000Z,720.2853070691,720.6446913475,709.0141800953,716.1422729492,20419600
2025-10-02T04:00:00.000Z,721.3735522104,726.5548890985,716.9409630753,725.8360595703,11415300
2025-10-03T04:00:00.000Z,728.4117628789,729.7794705551,708.9942257917,709.3735961914,16154300
2025-10-06T04:00:00.000Z,704.0125981339,715.6830826309,689.357115571,714.4650878906,21654700
2025-10-07T04:00:00.000Z,716.5216106897,717.3003375901,704.5716259627,711.8894042969,12062900
2025-10-08T04:00:00.000Z,712.2587946669,718.4484549738,706.6281969142,716.6414794922,10790600
2025-10-09T04:00:00.000Z,717.0807271378,732.2852783203,711.2504512938,732.2852783203,12717200
2025-10-10T04:00:00.000Z,729.6995938835,734.0423674155,703.3337164569,704.1223754883,16980100
2025-10-13T04:00:00.000Z,711.8194939498,718.7379155876,706.4584651361,714.5050048828,9251800
2025-10-14T04:00:00.000Z,706.598254382,714.3552394377,698.1623510959,707.466796875,8829800
2025-10-15T04:00:00.000Z,715.8627565899,722.6913629779,708.3253746525,716.3519287109,10246800
2025-10-16T04:00:00.000Z,716.3519343648,724.2786798244,702.7047754672,710.8811035156,9017000
2025-10-17T04:00:00.000Z,705.8994251245,717.3402516819,704.941006074,715.7229614258,12232400
2025-10-20T04:00:00.000Z,719.9858621042,732.5448748735,718.977538709,730.9475097656,8900200
2025-10-21T04:00:00.000Z,734.7911237949,737.2669635645,727.5332426508,732.045715332,7647300
2025-10-22T04:00:00.000Z,732.6047674177,739.3634223568,722.821142313,732.1854248047,8734500
2025-10-23T04:00:00.000Z,733.4733185276,741.1704065099,731.8759534116,732.7744750977,9856000
2025-10-24T04:00:00.000Z,735.559811273,739.9724753797,729.9292742962,737.1271972656,9151300
2025-10-27T04:00:00.000Z,748.4781384033,754.488106164,746.7610395763,749.5663452148,11321100
2025-10-28T04:00:00.000Z,751.3733793283,757.1337649705,744.2752651342,750.1853637695,12193800
2025-10-29T04:00:00.000Z,753.4897913671,757.8924011645,741.2702382859,750.4149169922,26818600
2025-10-30T04:00:00.000Z,668.0328178882,679.8230975871,649.0844652814,665.3572387695,88440100
2025-10-31T04:00:00.000Z,673.3838120528,673.7631824593,644.4921293755,647.2674560547,56953200
2025-11-03T05:00:00.000Z,654.9047036721,658.2291607688,635.1177890022,636.6452636719,33003600
2025-11-04T05:00:00.000Z,626.9913515895,640.668489146,624.9647727273,626.2725830078,27356600
2025-11-05T05:00:00.000Z,631.2542465798,641.1576663615,625.4938610948,634.8881835938,20219900
2025-11-06T05:00:00.000Z,634.7882936523,634.9380675698,616.9681222612,617.9065551758,23628800
2025-11-07T05:00:00.000Z,615.4606203242,621.0912176886,600.1961723842,620.6719360352,29946800
2025-11-10T05:00:00.000Z,630.0363359131,633.9397808237,617.0779663602,630.7052001953,19245000
2025-11-11T05:00:00.000Z,626.9514668906,628.5088598169,618.3558571039,626.0330200195,13302200
2025-11-12T05:00:00.000Z,627.0812350987,627.9397845586,606.7552442025,607.9931640625,24493300
2025-11-13T05:00:00.000Z,612.0463872625,616.6187572691,601.9931934529,608.8717041016,20973800
2025-11-14T05:00:00.000Z,600.7852061056,612.6553687238,594.2062431482,608.4424438477,20724100
2025-11-17T05:00:00.000Z,608.0230519624,610.6686515784,594.4058732487,601.0048217773,16501300
2025-11-18T05:00:00.000Z,590.6122189099,602.6520806612,582.8053290855,596.6920776367,25500600
2025-11-19T05:00:00.000Z,592.7286370493,594.3359951432,580.2794874441,589.3343505859,24744700
2025-11-20T05:00:00.000Z,602.4923362369,605.706930556,582.3759563124,588.1663208008,20603000
2025-11-21T05:00:00.000Z,587.517412968,597.1213460929,580.8884847976,593.2578125,21052600
2025-11-24T05:00:00.000Z,597.7203367937,615.6703584886,596.6321908005,612.0264282227,23554900
2025-11-25T05:00:00.000Z,622.9580871826,635.9862849923,617.2675924688,635.1576538086,25213000
2025-11-26T05:00:00.000Z,636.6252677781,637.2941320349,630.5753884422,632.5520629883,15209500
2025-11-28T05:00:00.000Z,635.0179876535,646.9679727244,634.4389389877,646.8681640625,11033200
2025-12-01T05:00:00.000Z,638.4821234657,644.2425087258,636.6951341863,639.7999267578,13029900
2025-12-02T05:00:00.000Z,641.2675300699,646.7882651016,637.0046400682,646.01953125,11640900
2025-12-03T05:00:00.000Z,643.3340098225,647.766598847,636.4854785032,638.532043457,11134300
2025-12-04T05:00:00.000Z,674.8713487133,674.9711573798,658.9479666865,660.4255371094,29874600
2025-12-05T05:00:00.000Z,662.8913386215,673.5634922785,661.2840414154,672.2955932617,21207900
2025-12-08T05:00:00.000Z,668.2224435191,675.5801331064,663.959553552,665.6866455078,13161000
2025-12-09T05:00:00.000Z,662.6617867421,663.3705623263,652.2492080192,655.8631591797,12997100
2025-12-10T05:00:00.000Z,648.8648024836,653.4171862972,642.3257510862,649.0444946289,16910900
2025-12-11T05:00:00.000Z,642.2158631243,654.1858943512,639.7300304793,651.6201782227,13056700
2025-12-12T05:00:00.000Z,648.7150654102,709.8128965395,637.543746078,643.1543579102,14016900
2025-12-15T05:00:00.000Z,645.1476664751,652.4414097008,638.1536544262,646.9561157227,15549100
2025-12-16T05:00:00.000Z,642.9495426009,661.9732336091,642.649811421,656.587890625,14309100
2025-12-17T05:00:00.000Z,655.0491556478,660.6643432418,648.6446657988,648.9443969727,15598500
2025-12-18T05:00:00.000Z,656.467956497,669.9863502084,655.8984367998,663.8815917969,20260300
2025-12-19T05:00:00.000Z,665.8499012351,670.4260003995,657.6169598101,658.2064819336,49977100
2025-12-22T05:00:00.000Z,661.0840391474,673.0038267301,656.0883162217,660.9341430664,15659400
2025-12-23T05:00:00.000Z,659.4853234816,665.4302455294,657.6868755552,664.3711547852,8486800
2025-12-24T05:00:00.000Z,661.9632786179,667.6084088263,661.6335438359,666.9789428711,5627500
2025-12-26T05:00:00.000Z,667.4885344386,668.3777877623,660.7543096382,662.7225952148,7133800
2025-12-29T05:00:00.000Z,657.4471149031,659.6851889371,653.8302165118,658.1265258789,8506500
2025-12-30T05:00:00.000Z,658.1265110341,671.6449047755,657.2772625792,665.3803100586,9187500
2025-12-31T05:00:00.000Z,664.1813161962,664.4311023249,658.8758612621,659.5253295898,7940400
2026-01-02T05:00:00.000Z,662.1630447721,663.8216588672,642.9495146869,649.8535766602,13726500
2026-01-05T05:00:00.000Z,650.453127255,663.9715218042,647.1959061445,658.2264404297,12213700
2026-01-06T05:00:00.000Z,659.00578102,664.9507033149,651.3423593635,660.0548706055,11074400
2026-01-07T05:00:00.000Z,655.0791375151,658.58614459,644.2583851266,648.1350708008,12846300
2026-01-08T05:00:00.000Z,645.3274855181,646.5464125948,635.1761427603,645.5073242188,11921700
2026-01-09T05:00:00.000Z,644.8878661182,654.3897406244,642.3000548798,652.5013427734,11634900
2026-01-12T05:00:00.000Z,651.9718010113,653.4105105723,640.6814191818,641.4207763672,14797200
2026-01-13T05:00:00.000Z,641.7205998268,641.7205998268,623.5660991574,630.5501708984,18030400
2026-01-14T05:00:00.000Z,625.9640568169,627.9124008743,614.2940558609,614.9934692383,15527900
2026-01-15T05:00:00.000Z,617.9508982377,623.6360331341,613.7045339245,620.2689208984,13076100
2026-01-16T05:00:00.000Z,623.6460522406,628.5418850413,619.5495838845,619.7194213867,17012500
2026-01-20T05:00:00.000Z,607.3600037754,610.8770121629,599.4867397151,603.6032104492,15169600
2026-01-21T05:00:00.000Z,606.2209580964,617.7411240979,599.5666821865,612.4356689453,14494700
2026-01-22T05:00:00.000Z,628.8115971527,660.0049216654,626.0140046137,647.0759887695,21394700
2026-01-23T05:00:00.000Z,644.2184496994,665.9198400091,643.8987161261,658.196472168,22797700
2026-01-26T05:00:00.000Z,664.5609947255,674.7023359244,660.7242529636,671.7847900391,16327400
2026-01-27T05:00:00.000Z,674.0129574053,676.2410302657,664.0913982324,672.3942871094,13297400
2026-01-28T05:00:00.000Z,673.9229813666,677.1002536347,665.5301429727,668.1578979492,25709600
2026-01-29T05:00:00.000Z,736.7991536845,743.3635406558,711.9404325538,737.6784057617,59852900
2026-01-30T05:00:00.000Z,726.8776752395,731.5436633098,712.9796010925,715.8870849609,23744600
2026-02-02T05:00:00.000Z,713.9886602426,720.682940823,702.9181827037,705.8056640625,14365200
2026-02-03T05:00:00.000Z,706.7648539133,716.3866205151,685.8227628297,691.1082763672,13760700
2026-02-04T05:00:00.000Z,687.1416843315,688.2407799622,666.889065109,668.4177246094,16882800
2026-02-05T05:00:00.000Z,663.0123852285,680.9170392363,652.940990669,669.63671875,17131800
2026-02-06T05:00:00.000Z,664.9206857977,671.415125265,645.946940865,660.8941650391,18159300
2026-02-09T05:00:00.000Z,662.6126578425,682.7254419812,658.2164585285,676.640625,14837500
2026-02-10T05:00:00.000Z,677.0202983346,680.0677378888,669.2169821191,670.1461791992,10455800
2026-02-11T05:00:00.000Z,673.4234361527,678.6889475196,656.5378686275,668.117980957,14323800
2026-02-12T05:00:00.000Z,669.3968787036,675.4217499162,644.7280570616,649.2541503906,14960100
2026-02-13T05:00:00.000Z,644.5481137374,650.8727157055,634.0271535178,639.2227172852,12336400
2026-02-17T05:00:00.000Z,638.9529453385,642.0502690776,628.262086363,638.7431030273,12674700
2026-02-18T05:00:00.000Z,633.2578140287,644.4482453697,627.6126838179,642.6697387695,14649200
2026-02-19T05:00:00.000Z,638.0237449577,646.6363661317,636.1752909436,644.2284545898,10035700
2026-02-20T05:00:00.000Z,639.142811116,662.7825455011,638.2336163632,655.0991210938,14183500
2026-02-23T05:00:00.000Z,651.9817939677,657.1374142434,635.4559642721,636.7048950195,8605900
2026-02-24T05:00:00.000Z,632.5384628259,640.5615620293,628.4419334902,638.753112793,10135600
2026-02-25T05:00:00.000Z,641.9803720795,653.3206382422,641.5906910721,653.1307983398,11330700
2026-02-26T05:00:00.000Z,649.9935020297,660.4345752111,646.9461232211,656.4479980469,10637700
2026-02-27T05:00:00.000Z,642.8995542116,648.8844201349,637.5740968397,647.6254882812,15703000
2026-03-02T05:00:00.000Z,636.6149203669,659.3754626923,633.9572226725,653.0009155273,9816100
2026-03-03T05:00:00.000Z,647.7354225435,658.4762268569,638.2935549799,654.5196533203,12263800
2026-03-04T05:00:00.000Z,657.3971519258,672.1944798635,657.1073609852,667.1587524414,10810100
2026-03-05T05:00:00.000Z,661.3637658433,670.1262833419,649.7537106791,660.0049438477,13341400
2026-03-06T05:00:00.000Z,647.3457881163,648.9143914185,635.5658346648,644.3083496094,13159400
2026-03-09T04:00:00.000Z,634.2369839533,647.1958590298,626.2438278402,646.8361816406,13489700
2026-03-10T04:00:00.000Z,653.0009245575,659.7351492209,648.4448277448,653.5104980469,9859300
2026-03-11T04:00:00.000Z,654.1999146227,658.5561703534,647.8053649208,654.2998046875,8977200
2026-03-12T04:00:00.000Z,648.1950599903,652.9409968457,636.35522086,637.6340942383,11617500
2026-03-13T04:00:00.000Z,623.3562813254,628.6317326131,609.0285222576,613.1849975586,18957600
2026-03-16T04:00:00.000Z,632.0,634.75,623.0999755859,627.450012207,15134900
2026-03-17T04:00:00.000Z,627.9899902344,636.549987793,621.700012207,622.6599731445,10348800
2026-03-18T04:00:00.000Z,616.3400268555,622.6500244141,614.6099853516,615.6799926758,11726300
2026-03-19T04:00:00.000Z,612.1500244141,613.0,602.2600097656,606.700012207,13247700
2026-03-20T04:00:00.000Z,603.5300292969,603.9600219727,587.25,593.6599731445,21214900
2026-03-23T04:00:00.000Z,605.7899780273,608.6400146484,599.0100097656,604.0599975586,13638000
2026-03-24T04:00:00.000Z,599.0999755859,601.0,591.0,592.9199829102,10739700
2026-03-25T04:00:00.000Z,598.7399902344,603.6699829102,593.4000244141,594.8900146484,12585000
2026-03-26T04:00:00.000Z,582.4899902344,583.0,543.3499755859,547.5399780273,35780100
2026-03-27T04:00:00.000Z,540.0999755859,543.5999755859,520.2600097656,525.7199707031,30133000
2026-03-30T04:00:00.000Z,536.3800048828,539.549987793,528.5399780273,536.3800048828,22795200
2026-03-31T04:00:00.000Z,549.9799804688,573.6900024414,546.7700195312,572.1300048828,32898300
2026-04-01T04:00:00.000Z,580.1300048828,592.549987793,573.8200073242,579.2299804688,23608100
2026-04-02T04:00:00.000Z,566.0399780273,578.5,559.700012207,574.4600219727,13518500
2026-04-06T04:00:00.000Z,577.6900024414,582.7899780273,572.0,573.0200195312,9515700
2026-04-07T04:00:00.000Z,572.4799804688,575.2299804688,564.7600097656,575.049987793,9580800
2026-04-08T04:00:00.000Z,606.0,629.950012207,591.8300170898,612.4199829102,32036600
2026-04-09T04:00:00.000Z,626.9699707031,637.5,623.0,628.3900146484,19012900
2026-04-10T04:00:00.000Z,634.4699707031,638.5800170898,624.3300170898,629.8599853516,13294800
2026-04-13T04:00:00.000Z,629.5,635.0,624.4000244141,634.5300292969,9538900
2026-04-14T04:00:00.000Z,643.2199707031,666.2600097656,639.3699951172,662.4899902344,17818000
2026-04-15T04:00:00.000Z,667.0,678.5,664.2199707031,671.5800170898,14952600
2026-04-16T04:00:00.000Z,675.9899902344,677.5800170898,667.75,676.8699951172,9544800
2026-04-17T04:00:00.000Z,678.5999755859,691.5200195312,675.1300048828,688.549987793,16283500
2026-04-20T04:00:00.000Z,681.3599853516,683.3800048828,668.0,670.9099731445,12534000
2026-04-21T04:00:00.000Z,671.0,676.200012207,667.3300170898,668.8400268555,8660100
2026-04-22T04:00:00.000Z,674.3599853516,678.3800048828,669.75,674.7199707031,9215600
2026-04-23T04:00:00.000Z,663.700012207,669.5599975586,653.049987793,659.1500244141,11667000
2026-04-24T04:00:00.000Z,660.3200073242,680.6699829102,653.8400268555,675.0300292969,13348300
2026-04-27T04:00:00.000Z,671.0,682.5,670.8400268555,678.6199951172,12805200
2026-04-28T04:00:00.000Z,674.2399902344,678.1799926758,665.6300048828,671.3400268555,10606800
2026-04-29T04:00:00.000Z,668.9099731445,674.25,663.8099975586,669.1199951172,18947500
2026-04-30T04:00:00.000Z,619.3200073242,620.8499755859,600.0,611.9099731445,52765000
2026-05-01T04:00:00.000Z,614.6900024414,618.8800048828,606.1099853516,608.75,21404000
2026-05-04T04:00:00.000Z,607.9400024414,614.0,602.75,610.4099731445,16203900
2026-05-05T04:00:00.000Z,613.3099975586,614.3499755859,600.3599853516,604.9600219727,17171300
2026-05-06T04:00:00.000Z,601.049987793,619.950012207,598.0999755859,612.8800048828,19915500
2026-05-07T04:00:00.000Z,614.7199707031,624.9799804688,613.5399780273,616.8099975586,12307400
2026-05-08T04:00:00.000Z,615.200012207,616.7700195312,606.0599975586,609.6300048828,13557000
2026-05-11T04:00:00.000Z,604.5700073242,604.9099731445,598.0800170898,598.8599853516,15940600
