Date,Open,High,Low,Close,Volume
2021-01-04T05:00:00.000Z,41.6329994202,44.438999176,41.0009994507,42.5219993591,14679000
2021-01-05T05:00:00.000Z,42.1049995422,43.8400001526,40.6510009766,42.8629989624,11006000
2021-01-06T05:00:00.000Z,43.0839996338,48.3019981384,43.0839996338,48.0550003052,15360000
2021-01-07T05:00:00.000Z,52.1319999695,55.986000061,50.2109985352,53.5750007629,22844000
2021-01-08T05:00:00.000Z,56.5069999695,56.8660011292,51.3320007324,53.1640014648,16454000
2021-01-11T05:00:00.000Z,47.2140007019,51.1980018616,46.4510002136,49.5489997864,14727000
2021-01-12T05:00:00.000Z,50.2779998779,51.9949989319,48.8510017395,51.4239997864,6718000
2021-01-13T05:00:00.000Z,50.0730018616,52.3989982605,49.2340011597,51.9259986877,6175000
2021-01-14T05:00:00.000Z,54.2610015869,63.1599998474,53.8619995117,63.0999984741,19118000
2021-01-15T05:00:00.000Z,60.7099990845,62.2840003967,57.4000015259,57.8069992065,16089000
2021-01-19T05:00:00.000Z,61.6529998779,62.1450004578,57.9000015259,59.2210006714,10378000
2021-01-20T05:00:00.000Z,57.9249992371,58.9000015259,53.2000007629,55.0820007324,12317000
2021-01-21T05:00:00.000Z,51.4049987793,53.2550010681,50.4599990845,52.0460014343,11688000
2021-01-22T05:00:00.000Z,52.5009994507,58.25,52.5,57.702999115,11333000
2021-01-25T05:00:00.000Z,59.0299987793,59.908000946,55.1139984131,57.141998291,6834000
2021-01-26T05:00:00.000Z,55.5,56.4650001526,54.5999984741,55.9809989929,4789000
2021-01-27T05:00:00.000Z,53.3230018616,54.9469985962,50.5699996948,54.0099983215,6564000
2021-01-28T05:00:00.000Z,56.1300010681,60.533000946,55.1510009766,57.8380012512,7630000
2021-01-29T05:00:00.000Z,68.0,69.6480026245,60.75,61.7309989929,14354000
2021-02-01T05:00:00.000Z,62.0340003967,63.986000061,58.6049995422,63.4560012817,5555000
2021-02-02T05:00:00.000Z,65.0009994507,69.1279983521,63.8170013428,68.7919998169,5343000
2021-02-03T05:00:00.000Z,70.1640014648,75.3830032349,69.5989990234,74.1190032959,9212000
2021-02-04T05:00:00.000Z,77.0899963379,77.1230010986,71.75,76.5589981079,6365000
2021-02-05T05:00:00.000Z,77.1179962158,80.6009979248,74.5019989014,80.5999984741,7667000
2021-02-08T05:00:00.000Z,92.5830001831,105.0,89.0009994507,104.0999984741,20998000
2021-02-09T05:00:00.000Z,113.7740020752,131.5,106.5410003662,127.2939987183,23197000
2021-02-10T05:00:00.000Z,119.6009979248,119.9000015259,95.0360031128,97.4479980469,22973000
2021-02-11T05:00:00.000Z,113.7200012207,113.9919967651,97.702003479,100.9940032959,16132000
2021-02-12T05:00:00.000Z,101.5589981079,104.4889984131,96.1009979248,103.4309997559,7674000
2021-02-16T05:00:00.000Z,107.0839996338,108.2570037842,95.422996521,95.5,15017000
2021-02-17T05:00:00.000Z,93.9499969482,95.4000015259,87.8000030518,94.1800003052,18156000
2021-02-18T05:00:00.000Z,92.6900024414,96.0,90.2060012817,92.7779998779,7932000
2021-02-19T05:00:00.000Z,94.5,100.8000030518,91.4589996338,96.3720016479,11531000
2021-02-22T05:00:00.000Z,87.0999984741,93.2279968262,86.5,87.5999984741,7659000
2021-02-23T05:00:00.000Z,80.0009994507,80.1579971313,66.0,69.1230010986,18755000
2021-02-24T05:00:00.000Z,73.4000015259,82.2149963379,71.5879974365,81.7689971924,12005000
2021-02-25T05:00:00.000Z,84.09400177,84.5,72.6100006104,73.1610031128,7841000
2021-02-26T05:00:00.000Z,68.7119979858,80.40599823,68.1139984131,75.0410003662,11784000
2021-03-01T05:00:00.000Z,79.8399963379,80.5,75.8880004883,78.2440032959,7608000
2021-03-02T05:00:00.000Z,81.5100021362,81.7490005493,74.1070022583,74.8499984741,6440000
2021-03-03T05:00:00.000Z,78.1780014038,79.8000030518,72.78099823,73.1569976807,7721000
2021-03-04T05:00:00.000Z,71.297996521,73.7990036011,61.0,64.5660018921,12206000
2021-03-05T05:00:00.000Z,65.7649993896,66.3000030518,53.7220001221,62.0239982605,13548000
2021-03-08T05:00:00.000Z,64.5009994507,66.9459991455,61.7000007629,62.4189987183,6721000
2021-03-09T05:00:00.000Z,68.6569976807,73.547996521,68.1750030518,71.5989990234,8736000
2021-03-10T05:00:00.000Z,75.0,75.9029998779,71.0999984741,75.6549987793,6430000
2021-03-11T05:00:00.000Z,77.5,80.5,76.1129989624,80.375,5285000
2021-03-12T05:00:00.000Z,75.9800033569,81.0,75.0029983521,78.4000015259,4676000
2021-03-15T04:00:00.000Z,78.8330001831,80.9000015259,76.3669967651,76.9010009766,4375000
2021-03-16T04:00:00.000Z,75.8789978027,77.0,70.1429977417,72.4290008545,4151000
2021-03-17T04:00:00.000Z,70.2229995728,78.5070037842,69.827003479,77.0989990234,5432000
2021-03-18T04:00:00.000Z,75.452003479,80.8990020752,72.8010025024,73.2050018311,6195000
2021-03-19T04:00:00.000Z,74.9530029297,78.5270004272,71.4540023804,77.7040023804,9565000
2021-03-22T04:00:00.000Z,76.7200012207,77.5,72.1500015259,72.4560012817,4988000
2021-03-23T04:00:00.000Z,71.6809997559,73.5350036621,67.0009994507,67.7210006714,7169000
2021-03-24T04:00:00.000Z,70.5319976807,71.0500030518,61.5219993591,62.1570014954,7068000
2021-03-25T04:00:00.000Z,58.0699996948,62.641998291,56.5999984741,62.0909996033,8816000
2021-03-26T04:00:00.000Z,62.5999984741,64.2300033569,60.0379981995,62.4000015259,5241000
2021-03-29T04:00:00.000Z,65.8860015869,66.2929992676,62.7229995728,63.1339988708,4431000
2021-03-30T04:00:00.000Z,64.2460021973,66.6800003052,62.03099823,65.3980026245,5626000
2021-03-31T04:00:00.000Z,64.7610015869,69.4209976196,64.1380004883,67.8799972534,5615000
2021-04-01T04:00:00.000Z,68.8460006714,72.5830001831,68.7460021973,70.3560028076,4024000
2021-04-05T04:00:00.000Z,70.9749984741,73.6039962769,69.3290023804,72.0550003052,4859000
2021-04-06T04:00:00.000Z,72.1190032959,72.1190032959,67.6989974976,70.4580001831,5937000
2021-04-07T04:00:00.000Z,67.8000030518,69.5569992065,65.1999969482,65.6200027466,4522000
2021-04-08T04:00:00.000Z,67.0699996948,70.2710037231,66.43800354,69.0120010376,4361000
2021-04-09T04:00:00.000Z,70.9990005493,72.0,68.9459991455,71.0999984741,3447000
2021-04-12T04:00:00.000Z,73.5189971924,74.59400177,70.4850006104,71.8239974976,4812000
2021-04-13T04:00:00.000Z,74.5,86.9990005493,73.4789962769,84.8539962769,17022000
2021-04-14T04:00:00.000Z,88.0979995728,88.2099990845,73.0,73.5500030518,15825000
2021-04-15T04:00:00.000Z,75.3170013428,75.4940032959,70.9000015259,74.0149993896,6863000
2021-04-16T04:00:00.000Z,70.7099990845,72.0,68.5,69.3619995117,7628000
2021-04-19T04:00:00.000Z,65.0039978027,66.5,62.3499984741,63.7519989014,8799000
2021-04-20T04:00:00.000Z,63.9000015259,64.8000030518,61.4000015259,64.6449966431,5524000
2021-04-21T04:00:00.000Z,62.8400001526,66.5459976196,62.8400001526,65.0459976196,4179000
2021-04-22T04:00:00.000Z,64.2009963989,65.0500030518,59.4000015259,59.8199996948,7153000
2021-04-23T04:00:00.000Z,57.5890007019,61.8400001526,56.9000015259,61.3040008545,6621000
2021-04-26T04:00:00.000Z,63.6759986877,65.9800033569,62.7999992371,65.8820037842,4791000
2021-04-27T04:00:00.000Z,67.3000030518,68.5,65.5,67.6989974976,5113000
2021-04-28T04:00:00.000Z,67.3600006104,68.9000015259,66.5500030518,68.0820007324,2973000
2021-04-29T04:00:00.000Z,66.5,67.5,63.7910003662,65.5009994507,4397000
2021-04-30T04:00:00.000Z,64.702003479,67.5,64.6320037842,65.716003418,5597000
2021-05-03T04:00:00.000Z,67.3970031738,67.3970031738,63.438999176,63.5620002747,4645000
2021-05-04T04:00:00.000Z,61.9510002136,62.7999992371,59.888999939,61.6879997253,5146000
2021-05-05T04:00:00.000Z,63.0,65.1989974976,60.8899993896,62.3450012207,4975000
2021-05-06T04:00:00.000Z,61.2879981995,62.2770004272,58.7010002136,60.908000946,3552000
2021-05-07T04:00:00.000Z,60.8969993591,63.1800003052,60.8330001831,62.0460014343,3634000
2021-05-10T04:00:00.000Z,61.5859985352,61.5859985352,56.6469993591,56.9459991455,5227000
2021-05-11T04:00:00.000Z,53.5,58.4990005493,52.5279998779,57.6959991455,6630000
2021-05-12T04:00:00.000Z,55.6279983521,57.7799987793,53.8639984131,54.1879997253,4216000
2021-05-13T04:00:00.000Z,51.1199989319,54.297000885,47.8069992065,48.8079986572,9374000
2021-05-14T04:00:00.000Z,50.1259994507,52.3619995117,49.2000007629,52.1310005188,5616000
2021-05-17T04:00:00.000Z,48.4000015259,49.9510002136,46.8880004883,48.9350013733,8046000
2021-05-18T04:00:00.000Z,48.8909988403,50.4259986877,47.0569992065,48.7200012207,5982000
2021-05-19T04:00:00.000Z,42.2849998474,45.8489990234,41.158000946,45.486000061,15054000
2021-05-20T04:00:00.000Z,47.7659988403,49.2999992371,45.7280006409,47.2659988403,8614000
2021-05-21T04:00:00.000Z,47.1730003357,48.766998291,44.7770004272,45.0519981384,8530000
2021-05-24T04:00:00.000Z,46.5,47.8260002136,44.7249984741,47.2449989319,7575000
2021-05-25T04:00:00.000Z,46.4000015259,47.9879989624,45.8209991455,46.966999054,6722000
2021-05-26T04:00:00.000Z,47.7340011597,49.5989990234,47.6539993286,48.2789993286,5426000
2021-05-27T04:00:00.000Z,49.2000007629,50.2060012817,48.5069999695,49.3849983215,5039000
2021-05-28T04:00:00.000Z,48.2000007629,48.2919998169,46.763999939,47.0,4775000
2021-06-01T04:00:00.000Z,47.1240005493,48.4659996033,46.8979988098,47.7760009766,4325000
2021-06-02T04:00:00.000Z,48.2999992371,50.1300010681,47.8720016479,49.8499984741,3527000
2021-06-03T04:00:00.000Z,50.1199989319,50.1980018616,48.4000015259,48.8639984131,3955000
2021-06-04T04:00:00.000Z,48.1699981689,48.5989990234,47.4000015259,48.466999054,3172000
2021-06-07T04:00:00.000Z,48.25,48.8549995422,46.4070014954,46.9809989929,6104000
2021-06-08T04:00:00.000Z,45.7999992371,46.188999176,42.7929992676,45.9379997253,10917000
2021-06-09T04:00:00.000Z,47.0,51.5670013428,45.5589981079,51.2989997864,14822000
2021-06-10T04:00:00.000Z,51.2389984131,52.9869995117,49.5909996033,50.8650016785,9537000
2021-06-11T04:00:00.000Z,51.2999992371,52.0970001221,50.4000015259,51.6440010071,5004000
2021-06-14T04:00:00.000Z,54.4000015259,60.5690002441,54.4000015259,59.8489990234,15573000
2021-06-15T04:00:00.000Z,60.2050018311,63.5820007324,58.9169998169,63.0540008545,13100000
2021-06-16T04:00:00.000Z,61.6650009155,63.9879989624,60.8839988708,61.9819984436,10395000
2021-06-17T04:00:00.000Z,61.7400016785,64.1999969482,61.2550010681,63.0810012817,8848000
2021-06-18T04:00:00.000Z,61.5999984741,64.7649993896,61.5519981384,64.6460037231,15437000
2021-06-21T04:00:00.000Z,59.9169998169,61.4000015259,57.7000007629,58.3670005798,13781000
2021-06-22T04:00:00.000Z,53.5009994507,56.4199981689,51.3019981384,55.3720016479,25670000
2021-06-23T04:00:00.000Z,57.9480018616,58.65599823,55.1230010986,55.2999992371,10558000
2021-06-24T04:00:00.000Z,57.0,59.0,56.0999984741,58.1879997253,7935000
2021-06-25T04:00:00.000Z,56.7459983826,57.1209983826,53.9809989929,55.0050010681,10047000
2021-06-28T04:00:00.000Z,57.033000946,62.9510002136,56.5870018005,62.4169998169,17298000
2021-06-29T04:00:00.000Z,65.0,69.2990036011,64.6999969482,66.8990020752,16136000
2021-06-30T04:00:00.000Z,64.5009994507,66.9000015259,63.7430000305,66.4499969482,8589000
2021-07-01T04:00:00.000Z,65.0589981079,65.7239990234,63.7120018005,65.0859985352,5874000
2021-07-02T04:00:00.000Z,65.8970031738,66.1920013428,63.4259986877,63.561000824,5276000
2021-07-06T04:00:00.000Z,65.2080001831,65.3519973755,62.1290016174,63.4290008545,4862000
2021-07-07T04:00:00.000Z,64.5,64.7170028687,62.3209991455,63.986000061,4511000
2021-07-08T04:00:00.000Z,60.2999992371,62.5270004272,59.46900177,61.84400177,5180000
2021-07-09T04:00:00.000Z,62.1899986267,63.5929985046,61.5200004578,62.8660011292,3940000
2021-07-12T04:00:00.000Z,63.2249984741,63.2420005798,58.5209999084,58.8689994812,8263000
2021-07-13T04:00:00.000Z,58.5569992065,59.7000007629,57.2949981689,57.9879989624,7176000
2021-07-14T04:00:00.000Z,58.5,59.0439987183,56.0410003662,56.0429992676,6275000
2021-07-15T04:00:00.000Z,54.7000007629,55.9949989319,52.5069999695,54.1040000916,7338000
2021-07-16T04:00:00.000Z,54.3899993896,54.6380004883,52.0519981384,52.3089981079,6091000
2021-07-19T04:00:00.000Z,50.7659988403,52.2490005493,49.2000007629,49.8720016479,7287000
2021-07-20T04:00:00.000Z,48.7989997864,50.5880012512,47.2379989624,50.1780014038,7345000
2021-07-21T04:00:00.000Z,54.0,56.9809989929,52.8269996643,55.6940002441,10994000
2021-07-22T04:00:00.000Z,55.5419998169,56.8059997559,53.5009994507,55.59400177,7112000
2021-07-23T04:00:00.000Z,55.841999054,56.5890007019,53.3390007019,53.9710006714,5749000
2021-07-26T04:00:00.000Z,62.0999984741,69.5,62.0260009766,68.25,20169000
2021-07-27T04:00:00.000Z,66.375,67.7509994507,62.2270011902,63.061000824,9699000
2021-07-28T04:00:00.000Z,66.3949966431,67.6999969482,63.2200012207,64.6650009155,10825000
2021-07-29T04:00:00.000Z,64.1930007935,64.8600006104,61.9370002747,62.5009994507,5795000
2021-07-30T04:00:00.000Z,61.5569992065,63.5480003357,60.6910018921,62.6010017395,6326000
2021-08-02T04:00:00.000Z,62.2589988708,65.9000015259,61.5089988708,63.7789993286,12551000
2021-08-03T04:00:00.000Z,63.4620018005,63.4620018005,60.5130004883,62.5060005188,8444000
2021-08-04T04:00:00.000Z,63.0279998779,67.5,63.0009994507,67.0930023193,10015000
2021-08-05T04:00:00.000Z,64.3590011597,72.9680023193,63.3699989319,71.56199646,11665000
2021-08-06T04:00:00.000Z,72.0,75.0989990234,70.1299972534,74.8720016479,13120000
2021-08-09T04:00:00.000Z,79.6309967041,79.8000030518,76.2699966431,76.7730026245,14213000
2021-08-10T04:00:00.000Z,76.6630020142,77.702003479,74.4179992676,75.0490036011,7967000
2021-08-11T04:00:00.000Z,76.2239990234,77.0879974365,74.0110015869,74.7490005493,7283000
2021-08-12T04:00:00.000Z,72.4720001221,73.0800018311,71.2399978638,72.0989990234,7192000
2021-08-13T04:00:00.000Z,74.5,75.388999939,72.6100006104,72.8000030518,6574000
2021-08-16T04:00:00.000Z,74.0,74.0999984741,69.2210006714,69.7509994507,6663000
2021-08-17T04:00:00.000Z,69.1070022583,70.0,65.7480010986,66.3690032959,6615000
2021-08-18T04:00:00.000Z,65.9120025635,67.8000030518,65.2679977417,65.5049972534,5473000
2021-08-19T04:00:00.000Z,64.6340026855,67.8600006104,64.1429977417,67.6259994507,6727000
2021-08-20T04:00:00.000Z,68.6169967651,72.7990036011,68.3010025024,71.65599823,9821000
2021-08-23T04:00:00.000Z,74.1900024414,74.7779998779,71.0059967041,71.8509979248,8138000
2021-08-24T04:00:00.000Z,71.7929992676,71.7929992676,69.1220016479,71.5500030518,8114000
2021-08-25T04:00:00.000Z,71.4649963379,73.5100021362,70.5,72.6709976196,6649000
2021-08-26T04:00:00.000Z,71.1999969482,71.4499969482,69.1549987793,69.3659973145,5715000
2021-08-27T04:00:00.000Z,69.9499969482,72.1090011597,69.5049972534,70.7200012207,8109000
2021-08-30T04:00:00.000Z,70.2590026855,70.8320007324,69.3970031738,70.2990036011,5288000
2021-08-31T04:00:00.000Z,70.233001709,70.5,68.7089996338,69.4300003052,5307000
2021-09-01T04:00:00.000Z,70.0,71.6999969482,69.1009979248,70.25,8252000
2021-09-02T04:00:00.000Z,72.2890014648,73.2659988403,69.5,69.5709991455,7344000
2021-09-03T04:00:00.000Z,71.6100006104,72.8000030518,70.3499984741,71.2259979248,7329000
2021-09-07T04:00:00.000Z,69.9000015259,70.1999969482,64.4779968262,64.8010025024,18067000
2021-09-08T04:00:00.000Z,64.8099975586,65.8939971924,63.0629997253,63.8619995117,8218000
2021-09-09T04:00:00.000Z,64.5100021362,65.3820037842,63.2379989624,64.06199646,6504000
2021-09-10T04:00:00.000Z,63.8149986267,64.4359970093,61.202999115,61.5569992065,6829000
2021-09-13T04:00:00.000Z,60.9000015259,64.2730026245,60.03099823,64.2699966431,9331000
2021-09-14T04:00:00.000Z,64.5,65.1009979248,61.2919998169,61.8479995728,5726000
2021-09-15T04:00:00.000Z,62.7999992371,64.2369995117,62.0509986877,63.2999992371,5649000
2021-09-16T04:00:00.000Z,63.2120018005,63.3230018616,61.1479988098,63.2999992371,5107000
2021-09-17T04:00:00.000Z,63.2999992371,63.452999115,61.202999115,61.4290008545,21566000
2021-09-20T04:00:00.000Z,57.4420013428,59.3100013733,56.8289985657,58.8390007019,7755000
2021-09-21T04:00:00.000Z,58.8870010376,59.422000885,57.5999984741,58.1020011902,4633000
2021-09-22T04:00:00.000Z,58.9350013733,60.4970016479,58.4799995422,59.9609985352,3781000
2021-09-23T04:00:00.000Z,60.6730003357,61.7760009766,59.8670005798,61.6570014954,3976000
2021-09-24T04:00:00.000Z,58.0,60.233001709,57.5,59.938999176,4683000
2021-09-27T04:00:00.000Z,60.3250007629,60.5999984741,58.9729995728,59.4749984741,2756000
2021-09-28T04:00:00.000Z,58.5250015259,59.0,57.158000946,57.3510017395,3382000
2021-09-29T04:00:00.000Z,58.0709991455,58.6469993591,56.5260009766,56.6319999695,2928000
2021-09-30T04:00:00.000Z,58.2120018005,59.7350006104,57.4399986267,57.8400001526,3166000
2021-10-01T04:00:00.000Z,61.561000824,61.561000824,59.2260017395,61.2459983826,5112000
2021-10-04T04:00:00.000Z,61.1479988098,61.3629989624,58.2789993286,60.7249984741,4355000
2021-10-05T04:00:00.000Z,62.0320014954,65.2509994507,61.2799987793,65.1009979248,4490000
2021-10-06T04:00:00.000Z,67.0,68.2389984131,65.0,67.3809967041,7123000
2021-10-07T04:00:00.000Z,66.5,69.3840026855,66.3679962158,69.2789993286,5029000
2021-10-08T04:00:00.000Z,69.9169998169,71.2789993286,69.0490036011,70.8820037842,6862000
2021-10-11T04:00:00.000Z,72.0,75.1989974976,71.8249969482,73.1800003052,5771000
2021-10-12T04:00:00.000Z,72.84400177,73.9619979858,70.1940002441,71.0650024414,4133000
2021-10-13T04:00:00.000Z,71.0,72.7409973145,70.3489990234,72.6299972534,2897000
2021-10-14T04:00:00.000Z,73.8669967651,74.0920028687,71.8539962769,72.3949966431,2793000
2021-10-15T04:00:00.000Z,73.9990005493,76.1979980469,73.4000015259,74.9850006104,7323000
2021-10-18T04:00:00.000Z,74.8000030518,75.7379989624,73.8079986572,73.9639968872,5830000
2021-10-19T04:00:00.000Z,74.2249984741,75.0699996948,70.1009979248,72.7249984741,7486000
2021-10-20T04:00:00.000Z,73.5,77.7070007324,73.1569976807,75.8180007935,7379000
2021-10-21T04:00:00.000Z,75.2870025635,75.9530029297,72.9570007324,73.5429992676,4653000
2021-10-22T04:00:00.000Z,73.1429977417,73.8499984741,70.6999969482,71.8519973755,3686000
2021-10-25T04:00:00.000Z,73.6449966431,75.5490036011,73.3000030518,74.6019973755,3807000
2021-10-26T04:00:00.000Z,74.0319976807,75.4710006714,73.2460021973,73.486000061,3232000
2021-10-27T04:00:00.000Z,72.0,72.8820037842,70.9580001831,71.5019989014,3647000
2021-10-28T04:00:00.000Z,72.8939971924,74.8020019531,70.8000030518,71.7129974365,6714000
2021-10-29T04:00:00.000Z,72.4100036621,73.7180023193,69.1409988403,71.5059967041,6983000
2021-11-01T04:00:00.000Z,72.0999984741,74.5270004272,71.1190032959,73.6119995117,4408000
2021-11-02T04:00:00.000Z,75.6959991455,84.0999984741,74.0999984741,79.4140014648,14874000
2021-11-03T04:00:00.000Z,78.158996582,81.7630004883,77.8170013428,81.0250015259,6659000
2021-11-04T04:00:00.000Z,81.0,82.8740005493,79.0,80.0,3766000
2021-11-05T04:00:00.000Z,80.3870010376,81.2050018311,77.9100036621,79.7509994507,6188000
2021-11-08T05:00:00.000Z,84.1989974976,87.3190002441,84.0279998779,86.0,7178000
2021-11-09T05:00:00.000Z,88.4499969482,89.1380004883,83.5009994507,85.9010009766,5312000
2021-11-10T05:00:00.000Z,88.0,88.0,80.3679962158,81.6340026855,5572000
2021-11-11T05:00:00.000Z,81.233001709,83.7040023804,80.6999969482,81.8359985352,2878000
2021-11-12T05:00:00.000Z,81.1019973755,81.2580032349,78.5859985352,81.172996521,4630000
2021-11-15T05:00:00.000Z,81.9960021973,81.9960021973,78.1340026855,79.5,3915000
2021-11-16T05:00:00.000Z,76.8499984741,78.0,74.841003418,75.202003479,4937000
2021-11-17T05:00:00.000Z,76.3600006104,76.5,73.6999969482,75.3000030518,3576000
2021-11-18T05:00:00.000Z,75.0510025024,75.0510025024,71.6969985962,72.736000061,4989000
2021-11-19T05:00:00.000Z,73.5120010376,73.9000015259,71.8000030518,71.8310012817,4338000
2021-11-22T05:00:00.000Z,72.4710006714,72.5810012817,68.8389968872,69.0019989014,3991000
2021-11-23T05:00:00.000Z,69.4270019531,70.8990020752,68.0729980469,69.6770019531,3459000
2021-11-24T05:00:00.000Z,68.8000030518,70.3990020752,68.0999984741,70.0899963379,5555000
2021-11-26T05:00:00.000Z,68.1289978027,68.1289978027,65.5,66.3000030518,3722000
2021-11-29T05:00:00.000Z,69.0,70.452003479,67.1320037842,69.547996521,5870000
2021-11-30T05:00:00.000Z,69.8249969482,72.6600036621,69.0,72.1429977417,6640000
2021-12-01T05:00:00.000Z,73.263999939,74.3990020752,70.0,70.5469970703,7637000
2021-12-02T05:00:00.000Z,69.1520004272,71.1849975586,66.7060012817,68.3359985352,4994000
2021-12-03T05:00:00.000Z,67.5930023193,68.388999939,61.6240005493,63.0989990234,8091000
2021-12-06T05:00:00.000Z,59.4920005798,60.4010009766,56.5730018616,59.6469993591,6396000
2021-12-07T05:00:00.000Z,62.0999984741,64.71900177,62.0999984741,62.8170013428,3965000
2021-12-08T05:00:00.000Z,62.3670005798,64.1500015259,61.2000007629,63.6539993286,2270000
2021-12-09T05:00:00.000Z,62.1500015259,62.5279998779,58.7439994812,59.1879997253,3761000
2021-12-10T05:00:00.000Z,61.361000061,61.952999115,58.1349983215,60.0839996338,3514000
2021-12-13T05:00:00.000Z,59.4949989319,59.4990005493,56.5559997559,57.1640014648,3758000
2021-12-14T05:00:00.000Z,56.5,58.4500007629,55.6539993286,58.0379981995,3646000
2021-12-15T05:00:00.000Z,57.7610015869,60.2999992371,54.7999992371,59.8590011597,5289000
2021-12-16T05:00:00.000Z,59.5719985962,60.2080001831,55.9659996033,56.6940002441,4018000
2021-12-17T05:00:00.000Z,55.3549995422,58.0839996338,52.8810005188,57.158000946,7456000
2021-12-20T05:00:00.000Z,55.2820014954,56.3650016785,54.2999992371,54.638999939,3438000
2021-12-21T05:00:00.000Z,56.7700004578,57.4760017395,55.6780014038,56.75,2827000
2021-12-22T05:00:00.000Z,56.8359985352,57.8520011902,56.2000007629,56.9990005493,2714000
2021-12-23T05:00:00.000Z,56.8300018311,60.0,56.3009986877,59.7210006714,5451000
2021-12-27T05:00:00.000Z,60.0,62.1520004272,59.8400001526,60.827999115,3122000
2021-12-28T05:00:00.000Z,59.0,59.0229988098,56.2620010376,56.797000885,3453000
2021-12-29T05:00:00.000Z,56.6959991455,56.986000061,55.1240005493,55.6090011597,2771000
2021-12-30T05:00:00.000Z,55.5880012512,57.5449981689,55.5880012512,56.2340011597,3164000
2021-12-31T05:00:00.000Z,56.6899986267,57.5,54.3330001831,54.4490013123,3363000
2022-01-03T05:00:00.000Z,55.061000824,56.1329994202,54.2999992371,55.8260002136,3458000
2022-01-04T05:00:00.000Z,56.0149993896,57.6259994507,53.5019989014,55.1069984436,3947000
2022-01-05T05:00:00.000Z,54.1759986877,55.2509994507,50.7490005493,50.9099998474,5470000
2022-01-06T05:00:00.000Z,50.0,50.8499984741,47.7820014954,49.8619995117,4845000
2022-01-07T05:00:00.000Z,49.0900001526,50.0,47.1209983826,48.2949981689,4258000
2022-01-10T05:00:00.000Z,46.3689994812,48.2260017395,44.8250007629,48.1949996948,5597000
2022-01-11T05:00:00.000Z,48.2299995422,51.3079986572,47.4169998169,50.65599823,4742000
2022-01-12T05:00:00.000Z,52.4000015259,52.9980010986,51.0719985962,51.4640007019,3623000
2022-01-13T05:00:00.000Z,52.1850013733,52.7690010071,48.7509994507,48.9589996338,3251000
2022-01-14T05:00:00.000Z,48.4169998169,50.2620010376,48.1839981079,49.9560012817,2645000
2022-01-18T05:00:00.000Z,48.4799995422,48.9560012817,46.6619987488,46.827999115,4083000
2022-01-19T05:00:00.000Z,48.2789993286,49.1990013123,45.8460006714,46.0419998169,4224000
2022-01-20T05:00:00.000Z,46.7089996338,49.0870018005,45.5499992371,45.7529983521,4393000
2022-01-21T05:00:00.000Z,42.2840003967,43.408000946,36.5989990234,37.5890007019,15707000
2022-01-24T05:00:00.000Z,32.0,37.2999992371,31.9009990692,37.0449981689,15052000
2022-01-25T05:00:00.000Z,36.9990005493,37.9399986267,35.5,36.5050010681,8319000
2022-01-26T05:00:00.000Z,39.3660011292,39.3660011292,34.5950012207,35.3650016785,7892000
2022-01-27T05:00:00.000Z,36.0,36.0,31.7590007782,31.9449996948,8723000
2022-01-28T05:00:00.000Z,32.8689994812,34.2099990845,30.7189998627,33.8950004578,8143000
2022-01-31T05:00:00.000Z,33.7879981995,37.0800018311,33.2949981689,36.8009986877,7630000
2022-02-01T05:00:00.000Z,38.2859992981,39.0950012207,36.2690010071,37.2999992371,6406000
2022-02-02T05:00:00.000Z,36.6739997864,36.8689994812,33.6040000916,34.8839988708,7402000
2022-02-03T05:00:00.000Z,34.0,35.6850013733,33.1959991455,34.0089988708,5536000
2022-02-04T05:00:00.000Z,34.0760002136,39.858001709,33.9739990234,39.1640014648,9440000
2022-02-07T05:00:00.000Z,40.4510002136,43.3330001831,40.4000015259,41.3470001221,10874000
2022-02-08T05:00:00.000Z,40.875,42.6730003357,40.3479995728,42.5429992676,4889000
2022-02-09T05:00:00.000Z,43.0,44.6599998474,42.2200012207,44.6599998474,3989000
2022-02-10T05:00:00.000Z,43.9500007629,46.3040008545,42.4539985657,43.1479988098,6236000
2022-02-11T05:00:00.000Z,43.0110015869,44.3650016785,40.5499992371,41.1010017395,4972000
2022-02-14T05:00:00.000Z,41.4700012207,42.9490013123,40.5,40.9490013123,3424000
2022-02-15T05:00:00.000Z,43.1010017395,43.827999115,42.4500007629,43.7239990234,3136000
2022-02-16T05:00:00.000Z,42.8520011902,43.7509994507,41.6030006409,43.4980010986,3304000
2022-02-17T05:00:00.000Z,42.0229988098,42.3300018311,40.1879997253,40.4599990845,3753000
2022-02-18T05:00:00.000Z,40.4589996338,40.7459983826,38.5219993591,39.5970001221,4694000
2022-02-22T05:00:00.000Z,37.5810012817,39.0,36.8040008545,37.7700004578,4672000
2022-02-23T05:00:00.000Z,39.0499992371,39.3199996948,36.2999992371,36.5029983521,3656000
2022-02-24T05:00:00.000Z,34.0239982605,39.9399986267,33.6839981079,39.6959991455,7313000
2022-02-25T05:00:00.000Z,40.2999992371,41.2000007629,39.2579994202,40.5,4070000
2022-02-28T05:00:00.000Z,40.1570014954,44.7120018005,40.1570014954,44.2999992371,5982000
2022-03-01T05:00:00.000Z,46.5120010376,47.3050003052,44.96900177,46.4729995728,6571000
2022-03-02T05:00:00.000Z,45.4819984436,46.96900177,45.0929985046,45.9290008545,4028000
2022-03-03T05:00:00.000Z,45.5099983215,46.0149993896,42.6119995117,42.8699989319,3182000
2022-03-04T05:00:00.000Z,42.5,43.3619995117,40.7060012817,41.0359992981,3406000
2022-03-07T05:00:00.000Z,41.5099983215,42.5,38.8429985046,38.8909988403,4722000
2022-03-08T05:00:00.000Z,39.4980010986,42.5,39.361000061,41.0359992981,4432000
2022-03-09T05:00:00.000Z,44.2000007629,45.4449996948,43.4239997864,43.6749992371,4581000
2022-03-10T05:00:00.000Z,41.5,42.2980003357,40.6469993591,42.1129989624,2919000
2022-03-11T05:00:00.000Z,42.7000007629,42.9179992676,39.0489997864,39.0820007324,3539000
2022-03-14T04:00:00.000Z,38.9949989319,39.2879981995,36.3909988403,36.9930000305,4932000
2022-03-15T04:00:00.000Z,36.9070014954,39.6150016785,36.3199996948,39.6139984131,3780000
2022-03-16T04:00:00.000Z,40.016998291,42.9490013123,39.875,42.8779983521,5694000
2022-03-17T04:00:00.000Z,42.7980003357,44.2099990845,42.5,43.4090003967,3397000
2022-03-18T04:00:00.000Z,43.5820007324,45.6899986267,43.1920013428,45.4280014038,7102000
2022-03-21T04:00:00.000Z,45.1069984436,45.4500007629,43.0289993286,43.6479988098,3502000
2022-03-22T04:00:00.000Z,45.0159988403,46.7700004578,44.8829994202,45.9949989319,4344000
2022-03-23T04:00:00.000Z,45.5159988403,47.03099823,44.7000007629,45.0690002441,2536000
2022-03-24T04:00:00.000Z,45.9659996033,48.4739990234,45.0999984741,48.391998291,4390000
2022-03-25T04:00:00.000Z,49.3699989319,49.3930015564,46.09400177,47.2420005798,4124000
2022-03-28T04:00:00.000Z,49.6040000916,51.233001709,48.7999992371,51.0,4265000
2022-03-29T04:00:00.000Z,51.0,52.2799987793,49.5369987488,52.0,3639000
2022-03-30T04:00:00.000Z,50.6199989319,51.5999984741,49.7039985657,50.0690002441,2784000
2022-03-31T04:00:00.000Z,50.4930000305,50.6549987793,48.561000824,48.6319999695,3330000
2022-04-01T04:00:00.000Z,48.9560012817,49.7999992371,47.8800010681,49.0979995728,2708000
2022-04-04T04:00:00.000Z,49.172000885,50.3300018311,48.8549995422,50.1259994507,2667000
2022-04-05T04:00:00.000Z,50.8569984436,50.8569984436,47.1220016479,48.7280006409,4540000
2022-04-06T04:00:00.000Z,47.2919998169,47.6850013733,44.7599983215,45.5110015869,4307000
2022-04-07T04:00:00.000Z,45.5499992371,46.7700004578,44.5999984741,46.361000061,3427000
2022-04-08T04:00:00.000Z,45.908000946,47.0600013733,45.28099823,45.3240013123,2749000
2022-04-11T04:00:00.000Z,44.1220016479,44.7509994507,42.5029983521,43.638999939,3567000
2022-04-12T04:00:00.000Z,44.7999992371,47.6069984436,43.7490005493,44.3450012207,4923000
2022-04-13T04:00:00.000Z,44.125,46.6590003967,44.125,46.358001709,2613000
2022-04-14T04:00:00.000Z,46.4020004272,46.9749984741,44.6430015564,44.9189987183,2565000
2022-04-18T04:00:00.000Z,44.7799987793,45.2159996033,43.1310005188,44.5890007019,2523000
2022-04-19T04:00:00.000Z,45.0,47.1170005798,44.2999992371,47.1139984131,2848000
2022-04-20T04:00:00.000Z,47.6599998474,47.7280006409,44.6450004578,44.9029998779,2821000
2022-04-21T04:00:00.000Z,46.1020011902,47.1870002747,42.5810012817,42.7859992981,4163000
2022-04-22T04:00:00.000Z,42.4920005798,43.6980018616,40.7999992371,40.908000946,3543000
2022-04-25T04:00:00.000Z,40.5079994202,42.7999992371,40.3979988098,42.7999992371,3293000
2022-04-26T04:00:00.000Z,42.5999984741,42.7439994812,39.0340003967,39.1010017395,3749000
2022-04-27T04:00:00.000Z,39.3199996948,40.5960006714,38.3650016785,38.577999115,3073000
2022-04-28T04:00:00.000Z,39.2999992371,40.40599823,36.9650001526,40.0489997864,4053000
2022-04-29T04:00:00.000Z,39.2999992371,41.0,35.2999992371,35.4169998169,5480000
2022-05-02T04:00:00.000Z,35.6010017395,36.952999115,34.3709983826,36.5909996033,5159000
2022-05-03T04:00:00.000Z,36.4000015259,36.8940010071,34.0089988708,34.3400001526,4752000
2022-05-04T04:00:00.000Z,35.0009994507,36.8619995117,32.5250015259,36.6440010071,8104000
2022-05-05T04:00:00.000Z,35.6619987488,35.7340011597,30.5599994659,31.4519996643,8594000
2022-05-06T04:00:00.000Z,30.9060001373,31.0,28.2549991608,29.4239997864,12082000
2022-05-09T04:00:00.000Z,27.125,27.125,21.4120006561,21.9050006866,19280000
2022-05-10T04:00:00.000Z,23.9589996338,24.9519996643,20.8369998932,22.5520000458,17051000
2022-05-11T04:00:00.000Z,20.0,21.7759990692,16.5,16.8199996948,36188000
2022-05-12T04:00:00.000Z,15.3190002441,20.5259990692,13.4090003967,17.1180000305,46929000
2022-05-13T04:00:00.000Z,20.2059993744,22.0,19.3299999237,20.4570007324,25234000
2022-05-16T04:00:00.000Z,20.0,20.8409996033,19.3010005951,20.1509990692,10089000
2022-05-17T04:00:00.000Z,21.0,22.5960006714,20.5039997101,22.4869995117,10171000
2022-05-18T04:00:00.000Z,21.6879997253,22.3880004883,19.5540008545,19.7439994812,9953000
2022-05-19T04:00:00.000Z,20.4790000916,22.031999588,19.8050003052,21.0769996643,8015000
2022-05-20T04:00:00.000Z,21.4519996643,21.9489994049,18.8999996185,20.2749996185,9193000
2022-05-23T04:00:00.000Z,21.1639995575,21.5,19.8299999237,20.4370002747,8985000
2022-05-24T04:00:00.000Z,20.0599994659,20.1329994202,18.4400005341,19.3010005951,8067000
2022-05-25T04:00:00.000Z,19.0729999542,20.343000412,19.0289993286,19.8120002747,5391000
2022-05-26T04:00:00.000Z,18.0219993591,22.0709991455,17.6100006104,21.6100006104,9678000
2022-05-27T04:00:00.000Z,22.0279998779,23.3869991302,21.2800006866,21.938999176,9706000
2022-05-31T04:00:00.000Z,23.5170001984,27.2880001068,22.8519992828,26.4689998627,15527000
2022-06-01T04:00:00.000Z,26.1350002289,26.7000007629,23.2999992371,23.813999176,8710000
2022-06-02T04:00:00.000Z,23.281999588,25.0799999237,23.1819992065,24.4459991455,5960000
2022-06-03T04:00:00.000Z,23.9379997253,23.9379997253,22.3549995422,22.7220001221,4992000
2022-06-06T04:00:00.000Z,24.3950004578,24.8770008087,23.236000061,23.5440006256,5854000
2022-06-07T04:00:00.000Z,22.1700000763,24.2490005493,21.8080005646,24.0,6667000
2022-06-08T04:00:00.000Z,23.6879997253,24.6989994049,23.2189998627,23.2889995575,3108000
2022-06-09T04:00:00.000Z,23.1329994202,23.3530006409,21.6359996796,21.7759990692,5243000
2022-06-10T04:00:00.000Z,21.188999176,21.3859996796,19.7800006866,20.3360004425,7816000
2022-06-13T04:00:00.000Z,14.9309997559,16.7980003357,14.3900003433,15.2150001526,36775000
2022-06-14T04:00:00.000Z,14.9010000229,16.8680000305,14.529999733,15.6870002747,18926000
2022-06-15T04:00:00.000Z,16.0249996185,17.6879997253,15.6099996567,17.1340007782,18770000
2022-06-16T04:00:00.000Z,16.0869998932,16.702999115,15.4460000992,16.1340007782,11403000
2022-06-17T04:00:00.000Z,15.8030004501,16.8560009003,15.7510004044,16.7600002289,12302000
2022-06-21T04:00:00.000Z,17.0939998627,19.482000351,16.9979991913,17.8959999084,11347000
2022-06-22T04:00:00.000Z,17.7250003815,18.7000007629,16.827999115,17.0909996033,7494000
2022-06-23T04:00:00.000Z,17.7000007629,18.9029998779,16.892999649,18.8309993744,6691000
2022-06-24T04:00:00.000Z,19.5,20.7989997864,19.3999996185,20.5440006256,9965000
2022-06-27T04:00:00.000Z,20.2509994507,20.6130008698,18.4990005493,19.6730003357,7685000
2022-06-28T04:00:00.000Z,19.763999939,20.3700008392,18.4710006714,18.6119995117,6332000
2022-06-29T04:00:00.000Z,18.0300006866,18.4230003357,17.2509994507,17.9689998627,7621000
2022-06-30T04:00:00.000Z,17.2800006866,17.5419998169,16.2730007172,16.4300003052,7792000
2022-07-01T04:00:00.000Z,16.797000885,17.216999054,16.138999939,16.6770000458,7855000
2022-07-05T04:00:00.000Z,16.5839996338,18.8390007019,16.0020008087,18.767999649,8087000
2022-07-06T04:00:00.000Z,18.5760002136,19.3589992523,18.3169994354,18.8299999237,6360000
2022-07-07T04:00:00.000Z,19.0699996948,22.0520000458,18.982000351,21.9510002136,11958000
2022-07-08T04:00:00.000Z,21.3120002747,23.6280002594,20.6679992676,22.1280002594,11523000
2022-07-11T04:00:00.000Z,21.0349998474,21.3299999237,19.7999992371,20.0900001526,6955000
2022-07-12T04:00:00.000Z,19.6520004272,20.3349990845,18.8150005341,19.2520008087,5886000
2022-07-13T04:00:00.000Z,18.6749992371,20.3269996643,18.2450008392,19.5550003052,5641000
2022-07-14T04:00:00.000Z,19.329000473,20.5480003357,18.6879997253,20.4589996338,7228000
2022-07-15T04:00:00.000Z,20.8999996185,21.4190006256,20.2290000916,21.3980007172,4887000
2022-07-18T04:00:00.000Z,23.0119991302,24.656999588,22.4249992371,22.5629997253,10676000
2022-07-19T04:00:00.000Z,23.9430007935,26.8799991608,23.033000946,26.716999054,11810000
2022-07-20T04:00:00.000Z,27.8500003815,29.9500007629,27.1509990692,28.8770008087,16179000
2022-07-21T04:00:00.000Z,27.9039993286,29.0499992371,27.1380004883,28.9710006714,8100000
2022-07-22T04:00:00.000Z,29.4060001373,29.8040008545,27.3920001984,28.1919994354,6543000
2022-07-25T04:00:00.000Z,26.7019996643,27.5599994659,26.2010002136,26.5860004425,4826000
2022-07-26T04:00:00.000Z,24.8829994202,25.5979995728,23.5680007935,23.763999939,6626000
2022-07-27T04:00:00.000Z,24.7280006409,26.8150005341,24.125,26.2399997711,7089000
2022-07-28T04:00:00.000Z,26.0,27.6819992065,25.5559997559,27.5720005035,5934000
2022-07-29T04:00:00.000Z,27.0,28.797000885,26.7569999695,28.6060009003,6157000
2022-08-01T04:00:00.000Z,27.6529998779,28.75,27.1459999084,27.5739994049,5203000
2022-08-02T04:00:00.000Z,28.0890007019,29.5240001678,27.5739994049,27.8260002136,6061000
2022-08-03T04:00:00.000Z,28.3759994507,32.4550018311,28.3409996033,31.3680000305,12502000
2022-08-04T04:00:00.000Z,31.9890003204,33.2229995728,30.452999115,30.9309997559,8922000
2022-08-05T04:00:00.000Z,30.8740005493,33.0970001221,30.5440006256,31.9150009155,6914000
2022-08-08T04:00:00.000Z,33.5649986267,35.1940002441,32.7449989319,33.0009994507,6203000
2022-08-09T04:00:00.000Z,32.0,32.6529998779,31.4249992371,31.9379997253,3268000
2022-08-10T04:00:00.000Z,34.7000007629,34.7000007629,32.75,33.5800018311,5381000
2022-08-11T04:00:00.000Z,35.5,36.1969985962,33.0060005188,33.6990013123,6054000
2022-08-12T04:00:00.000Z,33.6990013123,35.3300018311,33.0999984741,35.2840003967,4255000
2022-08-15T04:00:00.000Z,34.6459999084,35.8320007324,34.5,34.908000946,3050000
2022-08-16T04:00:00.000Z,34.4480018616,35.0270004272,33.0260009766,34.263999939,3379000
2022-08-17T04:00:00.000Z,33.5,33.7999992371,32.013999939,32.5200004578,3292000
2022-08-18T04:00:00.000Z,32.1030006409,32.7999992371,31.843000412,32.4379997253,2444000
2022-08-19T04:00:00.000Z,29.9419994354,30.3950004578,28.1760005951,28.2999992371,7575000
2022-08-22T04:00:00.000Z,27.3010005951,27.9689998627,26.6079998016,26.8090000153,4507000
2022-08-23T04:00:00.000Z,27.1900005341,28.3269996643,25.8829994202,26.5799999237,5319000
2022-08-24T04:00:00.000Z,26.5699996948,27.670999527,26.3980007172,27.4409999847,2485000
2022-08-25T04:00:00.000Z,27.7859992981,28.045999527,26.7189998627,27.2810001373,2764000
2022-08-26T04:00:00.000Z,27.5,27.5,24.7999992371,24.9200000763,6049000
2022-08-29T04:00:00.000Z,24.1369991302,25.4200000763,24.111000061,24.4960002899,4928000
2022-08-30T04:00:00.000Z,25.0039997101,25.2999992371,23.5009994507,24.0230007172,4949000
2022-08-31T04:00:00.000Z,24.8269996643,25.1499996185,22.2709999084,23.1560001373,9374000
2022-09-01T04:00:00.000Z,22.0009994507,22.8549995422,21.329000473,22.091999054,5681000
2022-09-02T04:00:00.000Z,22.6100006104,22.7749996185,21.5650005341,21.8059997559,4235000
2022-09-06T04:00:00.000Z,21.8530006409,22.0,20.2900009155,20.4249992371,8007000
2022-09-07T04:00:00.000Z,20.3990001678,22.1879997253,20.3780002594,21.861000061,5632000
2022-09-08T04:00:00.000Z,21.4470005035,23.4699993134,21.1730003357,23.4500007629,5286000
2022-09-09T04:00:00.000Z,24.9409999847,26.2210006714,24.513999939,26.1970005035,9128000
2022-09-12T04:00:00.000Z,26.3209991455,26.7989997864,25.0119991302,26.2980003357,8998000
2022-09-13T04:00:00.000Z,24.1849994659,24.6350002289,22.9519996643,23.125,8111000
2022-09-14T04:00:00.000Z,23.0100002289,23.125,22.1350002289,22.5990009308,5403000
2022-09-15T04:00:00.000Z,22.2900009155,23.6700000763,21.6049995422,21.6940002441,8432000
2022-09-16T04:00:00.000Z,21.1520004272,21.5049991608,20.3220005035,20.6340007782,9951000
2022-09-19T04:00:00.000Z,19.9270000458,20.7089996338,19.6319999695,20.6200008392,8184000
2022-09-20T04:00:00.000Z,20.0,20.1499996185,19.341999054,19.6599998474,7615000
2022-09-21T04:00:00.000Z,19.8309993744,20.8330001831,19.4039993286,19.591999054,6621000
2022-09-22T04:00:00.000Z,19.688999176,19.843000412,18.6229991913,19.232000351,7610000
2022-09-23T04:00:00.000Z,18.8700008392,19.1919994354,18.3490009308,19.1450004578,5995000
2022-09-26T04:00:00.000Z,19.1819992065,20.5499992371,19.1499996185,20.017999649,5852000
2022-09-27T04:00:00.000Z,21.2840003967,21.922000885,20.1000003815,20.607000351,6754000
2022-09-28T04:00:00.000Z,20.7600002289,22.186000824,20.75,22.047000885,4656000
2022-09-29T04:00:00.000Z,21.4249992371,21.6310005188,20.5550003052,21.1819992065,3967000
2022-09-30T04:00:00.000Z,20.8509998322,22.6040000916,20.7110004425,21.2259998322,4006000
2022-10-03T04:00:00.000Z,21.3899993896,22.841999054,21.2140007019,22.4519996643,4335000
2022-10-04T04:00:00.000Z,23.5839996338,24.9120006561,23.5,24.8740005493,6507000
2022-10-05T04:00:00.000Z,24.0939998627,24.5750007629,23.2439994812,24.2189998627,5251000
2022-10-06T04:00:00.000Z,24.2189998627,24.9169998169,23.625,24.1669998169,2700000
2022-10-07T04:00:00.000Z,23.3999996185,23.6000003815,21.7660007477,22.0300006866,3726000
2022-10-10T04:00:00.000Z,21.9619998932,23.186000824,21.5259990692,22.0650005341,3709000
2022-10-11T04:00:00.000Z,22.1210002899,22.7259998322,21.2210006714,21.6369991302,3473000
2022-10-12T04:00:00.000Z,21.8180007935,21.8869991302,20.5510005951,21.8379993439,2681000
2022-10-13T04:00:00.000Z,20.1480007172,22.2999992371,19.8129997253,22.0540008545,5920000
2022-10-14T04:00:00.000Z,22.3339996338,22.8789997101,20.7430000305,20.9309997559,3888000
2022-10-17T04:00:00.000Z,22.0,22.6270008087,21.8810005188,22.1130008698,3344000
2022-10-18T04:00:00.000Z,23.0200004578,23.5310001373,21.9640007019,23.5,6103000
2022-10-19T04:00:00.000Z,22.8080005646,23.4489994049,22.3959999084,22.6079998016,2712000
2022-10-20T04:00:00.000Z,22.8229999542,23.4890003204,21.922000885,22.1009998322,2675000
2022-10-21T04:00:00.000Z,21.8549995422,23.4430007935,21.6490001678,23.2619991302,3626000
2022-10-24T04:00:00.000Z,23.2999992371,24.4939994812,22.6359996796,23.7600002289,3513000
2022-10-25T04:00:00.000Z,24.0,27.0,24.0,26.8689994812,6402000
2022-10-26T04:00:00.000Z,26.9549999237,29.0,26.6879997253,27.2719993591,6650000
2022-10-27T04:00:00.000Z,27.6730003357,27.8999996185,26.5,27.0559997559,2473000
2022-10-28T04:00:00.000Z,26.9190006256,28.093000412,26.4610004425,27.9990005493,4325000
2022-10-31T04:00:00.000Z,27.8899993896,28.3880004883,26.0450000763,26.7509994507,3519000
2022-11-01T04:00:00.000Z,27.5949993134,27.8449993134,25.7189998627,25.7199993134,3111000
2022-11-02T04:00:00.000Z,25.888999939,27.8789997101,24.5510005951,24.8229999542,6411000
2022-11-03T04:00:00.000Z,24.2010002136,26.1399993896,24.1359996796,24.8439998627,2616000
2022-11-04T04:00:00.000Z,26.1119995117,27.7350006104,25.0629997253,27.7099990845,6713000
2022-11-07T05:00:00.000Z,27.1410007477,27.3799991608,26.0,26.6639995575,3758000
2022-11-08T05:00:00.000Z,24.7999992371,26.6639995575,19.3509998322,21.1840000153,31238000
2022-11-09T05:00:00.000Z,19.5,20.9060001373,16.8500003815,17.0359992981,27419000
2022-11-10T05:00:00.000Z,18.8999996185,19.8379993439,17.2929992676,17.5,19092000
2022-11-11T05:00:00.000Z,16.2520008087,17.8099994659,15.529999733,17.517999649,16441000
2022-11-14T05:00:00.000Z,17.1310005188,17.9099998474,16.4349994659,16.5900001526,7970000
2022-11-15T05:00:00.000Z,17.3999996185,17.7469997406,16.5130004883,17.1529998779,7028000
2022-11-16T05:00:00.000Z,16.3530006409,17.0480003357,16.0,16.9440002441,6819000
2022-11-17T05:00:00.000Z,16.5650005341,17.5499992371,16.2129993439,17.3880004883,4997000
2022-11-18T05:00:00.000Z,17.7000007629,17.7150001526,16.2129993439,17.0119991302,8230000
2022-11-21T05:00:00.000Z,16.5,17.0650005341,15.234000206,15.7220001221,9077000
2022-11-22T05:00:00.000Z,16.0,16.7999992371,15.5559997559,16.7080001831,5856000
2022-11-23T05:00:00.000Z,16.8449993134,17.672000885,16.6210002899,17.638999939,4798000
2022-11-25T05:00:00.000Z,17.202999115,18.2999992371,17.2019996643,18.2999992371,2634000
2022-11-28T05:00:00.000Z,17.8719997406,18.142999649,16.9160003662,17.6669998169,6597000
2022-11-29T05:00:00.000Z,18.0200004578,18.2509994507,17.563999176,18.2000007629,5440000
2022-11-30T05:00:00.000Z,18.9200000763,19.8320007324,18.1000003815,19.8090000153,6612000
2022-12-01T05:00:00.000Z,19.7189998627,20.6529998779,19.6000003815,19.8980007172,4236000
2022-12-02T05:00:00.000Z,19.5680007935,21.1490001678,19.5340003967,20.6940002441,5932000
2022-12-05T05:00:00.000Z,20.8500003815,21.0729999542,18.7250003815,19.5669994354,7714000
2022-12-06T05:00:00.000Z,19.4599990845,19.7840003967,18.7390003204,19.5520000458,3850000
2022-12-07T05:00:00.000Z,19.2609996796,19.8969993591,19.0279998779,19.3490009308,2965000
2022-12-08T05:00:00.000Z,19.4500007629,20.3269996643,19.0230007172,20.2569999695,3169000
2022-12-09T05:00:00.000Z,20.1009998322,20.3479995728,19.6420001984,20.3250007629,4064000
2022-12-12T05:00:00.000Z,19.8999996185,20.0489997864,19.4790000916,19.6159992218,4077000
2022-12-13T05:00:00.000Z,20.6450004578,21.1840000153,19.5520000458,20.1809997559,4384000
2022-12-14T05:00:00.000Z,20.2999992371,21.3780002594,20.1909999847,20.2730007172,5291000
2022-12-15T05:00:00.000Z,19.75,19.9009990692,18.6000003815,18.7999992371,4405000
2022-12-16T05:00:00.000Z,18.3759994507,18.563999176,17.2329998016,17.375,7227000
2022-12-19T05:00:00.000Z,17.2310009003,17.8840007782,16.8379993439,17.0209999084,3684000
2022-12-20T05:00:00.000Z,17.0370006561,17.5429992676,16.7999992371,16.8850002289,3057000
2022-12-21T05:00:00.000Z,16.9009990692,17.2070007324,16.6639995575,16.8819999695,2184000
2022-12-22T05:00:00.000Z,16.8299999237,16.8299999237,16.091999054,16.6229991913,4330000
2022-12-23T05:00:00.000Z,16.5540008545,16.7590007782,16.0540008545,16.2670001984,2858000
2022-12-27T05:00:00.000Z,16.0,16.0069999695,14.5679998398,14.7740001678,7128000
2022-12-28T05:00:00.000Z,14.6999998093,15.109000206,13.7910003662,13.8090000153,6920000
2022-12-29T05:00:00.000Z,13.8900003433,14.3000001907,13.376999855,13.6630001068,7157000
2022-12-30T05:00:00.000Z,13.3819999695,14.2089996338,13.2559995651,14.156999588,7034000
2023-01-03T05:00:00.000Z,14.5670003891,14.6520004272,13.9379997253,14.501999855,6283000
2023-01-04T05:00:00.000Z,14.6800003052,16.5699996948,14.5900001526,16.5060005188,10101000
2023-01-05T05:00:00.000Z,16.0540008545,16.0540008545,14.9770002365,15.6560001373,4091000
2023-01-06T05:00:00.000Z,15.2609996796,16.188999176,14.7100000381,16.0450000763,4929000
2023-01-09T05:00:00.000Z,17.0,18.1870002747,16.5400009155,17.5009994507,7146000
2023-01-10T05:00:00.000Z,17.4349994659,19.0970001221,17.0,19.0,6524000
2023-01-11T05:00:00.000Z,18.8999996185,19.6450004578,18.4109992981,19.4759998322,6659000
2023-01-12T05:00:00.000Z,20.3649997711,21.343000412,18.9309997559,21.0170001984,9960000
2023-01-13T05:00:00.000Z,20.6000003815,22.216999054,20.2700004578,21.6970005035,8457000
2023-01-17T05:00:00.000Z,23.2000007629,23.966999054,22.2749996185,23.591999054,10863000
2023-01-18T05:00:00.000Z,23.7000007629,24.202999115,20.9619998932,22.1189994812,11378000
2023-01-19T05:00:00.000Z,21.6770000458,22.7870006561,21.4489994049,22.1450004578,4942000
2023-01-20T05:00:00.000Z,22.4190006256,24.1870002747,21.9029998779,24.0030002594,7299000
2023-01-23T05:00:00.000Z,24.0949993134,25.0499992371,23.5769996643,25.0219993591,7276000
2023-01-24T05:00:00.000Z,24.7000007629,25.1019992828,24.1849994659,24.75,3157000
2023-01-25T05:00:00.000Z,24.0400009155,24.7520008087,23.2150001526,24.5839996338,3746000
2023-01-26T05:00:00.000Z,25.3029994965,25.4990005493,23.6989994049,24.531999588,4123000
2023-01-27T05:00:00.000Z,24.0,26.2099990845,24.0,25.8360004425,6292000
2023-01-30T05:00:00.000Z,25.2350006104,25.8850002289,23.9419994354,24.5690002441,5340000
2023-01-31T05:00:00.000Z,24.8999996185,25.7759990692,24.7999992371,25.1730003357,3788000
2023-02-01T05:00:00.000Z,25.1000003815,27.3600006104,24.4249992371,26.7919998169,6554000
2023-02-02T05:00:00.000Z,27.5,30.2900009155,27.486000061,29.2129993439,10415000
2023-02-03T05:00:00.000Z,27.9109992981,30.3400001526,27.8379993439,28.4759998322,6303000
2023-02-06T05:00:00.000Z,27.4309997559,28.6229991913,27.1159992218,28.2049999237,4206000
2023-02-07T05:00:00.000Z,27.9750003815,28.7329998016,27.0380001068,28.3869991302,5013000
2023-02-08T05:00:00.000Z,28.2430000305,29.0410003662,27.1660003662,27.5960006714,3156000
2023-02-09T05:00:00.000Z,27.6009998322,27.7609996796,24.5580005646,24.9039993286,7268000
2023-02-10T05:00:00.000Z,24.6000003815,25.2590007782,24.1009998322,24.3369998932,4362000
2023-02-13T05:00:00.000Z,23.9029998779,25.0650005341,23.6539993286,24.9249992371,2892000
2023-02-14T05:00:00.000Z,25.1019992828,27.6779994965,24.3999996185,27.1140003204,6728000
2023-02-15T05:00:00.000Z,27.5580005646,29.9729995728,27.2089996338,29.8400001526,7082000
2023-02-16T05:00:00.000Z,29.6000003815,31.5,28.2840003967,28.4029998779,9707000
2023-02-17T05:00:00.000Z,28.329000473,29.7409992218,27.3850002289,29.4050006866,5529000
2023-02-21T05:00:00.000Z,28.6240005493,29.0739994049,26.7539997101,26.9920005798,5715000
2023-02-22T05:00:00.000Z,26.6380004883,27.3479995728,26.2439994812,26.8579998016,4214000
2023-02-23T05:00:00.000Z,27.0949993134,27.5590000153,26.1590003967,26.5750007629,3015000
2023-02-24T05:00:00.000Z,26.1420001984,26.2049999237,24.8869991302,25.5799999237,5035000
2023-02-27T05:00:00.000Z,26.3589992523,26.9710006714,25.5830001831,25.8649997711,3493000
2023-02-28T05:00:00.000Z,25.9790000916,26.9750003815,25.6040000916,26.2269992828,4006000
2023-03-01T05:00:00.000Z,26.3880004883,26.8549995422,25.3339996338,25.7910003662,3452000
2023-03-02T05:00:00.000Z,24.8990001678,25.3869991302,24.1669998169,25.2889995575,4927000
2023-03-03T05:00:00.000Z,24.0200004578,25.2339992523,23.6849994659,24.6909999847,7604000
2023-03-06T05:00:00.000Z,24.9349994659,25.204000473,23.7049999237,23.7450008392,4768000
2023-03-07T05:00:00.000Z,23.6000003815,24.1000003815,23.093000412,23.1439990997,4936000
2023-03-08T05:00:00.000Z,23.0400009155,23.4939994812,22.7000007629,23.2719993591,4701000
2023-03-09T05:00:00.000Z,23.0349998474,23.142999649,21.0109996796,21.0820007324,8242000
2023-03-10T05:00:00.000Z,20.5750007629,20.7579994202,18.8299999237,19.2010002136,13303000
2023-03-13T04:00:00.000Z,20.2019996643,22.9619998932,19.6350002289,22.3159999847,15330000
2023-03-14T04:00:00.000Z,23.908000946,24.4409999847,22.2089996338,22.9470005035,11304000
2023-03-15T04:00:00.000Z,22.7000007629,23.4979991913,21.6529998779,22.7549991608,6895000
2023-03-16T04:00:00.000Z,22.517999649,24.5109996796,22.3269996643,24.1079998016,7668000
2023-03-17T04:00:00.000Z,25.5529994965,27.3999996185,24.9009990692,26.7660007477,20224000
2023-03-20T04:00:00.000Z,28.0429992676,28.1730003357,25.8369998932,26.3959999084,12524000
2023-03-21T04:00:00.000Z,26.8990001678,27.892999649,26.0650005341,27.3379993439,8811000
2023-03-22T04:00:00.000Z,27.6000003815,27.8090000153,24.6009998322,24.686000824,11130000
2023-03-23T04:00:00.000Z,24.9009990692,27.1000003815,24.8040008545,26.3330001831,11250000
2023-03-24T04:00:00.000Z,25.9139995575,26.3479995728,24.7310009003,25.6669998169,6565000
2023-03-27T04:00:00.000Z,25.986000061,26.0209999084,23.0720005035,23.8959999084,11331000
2023-03-28T04:00:00.000Z,23.6770000458,24.8540000916,23.25,24.8260002136,6721000
2023-03-29T04:00:00.000Z,25.7800006866,28.5419998169,25.5450000763,28.4029998779,10109000
2023-03-30T04:00:00.000Z,28.7900009155,28.8500003815,27.4570007324,27.9230003357,7081000
2023-03-31T04:00:00.000Z,28.3460006714,29.5400009155,28.0,29.232000351,10380000
2023-04-03T04:00:00.000Z,29.0990009308,30.1000003815,28.8159999847,29.7390003204,7654000
2023-04-04T04:00:00.000Z,29.9580001831,30.1359996796,28.5739994049,29.8980007172,6235000
2023-04-05T04:00:00.000Z,30.3449993134,30.7000007629,28.3509998322,29.0839996338,8122000
2023-04-06T04:00:00.000Z,28.6509990692,29.5480003357,27.8369998932,29.0100002289,4260000
2023-04-10T04:00:00.000Z,29.0,31.2940006256,28.5,31.2779998779,10026000
2023-04-11T04:00:00.000Z,32.1910018921,33.7820014954,31.8099994659,33.2350006104,14267000
2023-04-12T04:00:00.000Z,33.4249992371,33.5750007629,31.8339996338,32.283000946,8812000
2023-04-13T04:00:00.000Z,33.0419998169,34.5,32.7000007629,34.0719985962,11132000
2023-04-14T04:00:00.000Z,34.2849998474,34.7630004883,32.4609985352,33.375,8721000
2023-04-17T04:00:00.000Z,32.1730003357,32.2470016479,31.2199993134,31.3029994965,7702000
2023-04-18T04:00:00.000Z,32.5,33.4000015259,32.4000015259,32.9850006104,10001000
2023-04-19T04:00:00.000Z,31.9880008698,32.1990013123,31.2900009155,31.4720001221,6235000
2023-04-20T04:00:00.000Z,31.0270004272,31.2900009155,29.2269992828,29.4710006714,8256000
2023-04-21T04:00:00.000Z,29.7339992523,30.0499992371,28.7740001678,29.1019992828,6576000
2023-04-24T04:00:00.000Z,29.1030006409,29.7950000763,28.2999992371,28.533000946,5675000
2023-04-25T04:00:00.000Z,28.236000061,29.688999176,28.0149993896,29.0909996033,5700000
2023-04-26T04:00:00.000Z,31.0499992371,32.1640014648,29.6299991608,29.9459991455,10820000
2023-04-27T04:00:00.000Z,30.6509990692,31.8880004883,29.6009998322,31.8640003204,10165000
2023-04-28T04:00:00.000Z,31.3040008545,32.8979988098,30.8090000153,32.8380012512,7607000
2023-05-01T04:00:00.000Z,32.0,32.3359985352,30.4239997864,30.7469997406,9055000
2023-05-02T04:00:00.000Z,31.013999939,33.2929992676,30.5130004883,32.8009986877,13733000
2023-05-03T04:00:00.000Z,32.0489997864,32.188999176,30.1679992676,30.4249992371,11930000
2023-05-04T04:00:00.000Z,31.1149997711,32.1189994812,30.75,31.2240009308,7151000
2023-05-05T04:00:00.000Z,31.2999992371,32.8720016479,31.2000007629,32.672000885,9082000
2023-05-08T04:00:00.000Z,31.1149997711,31.1749992371,29.3999996185,29.466999054,10430000
2023-05-09T04:00:00.000Z,29.7509994507,31.0,28.9629993439,30.343000412,7219000
2023-05-10T04:00:00.000Z,31.3239994049,32.5649986267,30.5,31.5109996796,12952000
2023-05-11T04:00:00.000Z,31.1350002289,31.1350002289,28.4759998322,28.7369995117,15422000
2023-05-12T04:00:00.000Z,28.4899997711,28.6590003967,26.6509990692,27.1000003815,10851000
2023-05-15T04:00:00.000Z,28.0,28.6879997253,27.6000003815,28.25,6507000
2023-05-16T04:00:00.000Z,27.75,28.2999992371,27.2369995117,27.3439998627,4641000
2023-05-17T04:00:00.000Z,27.1490001678,29.1049995422,26.9260005951,29.0569992065,6113000
2023-05-18T04:00:00.000Z,28.8999996185,29.7210006714,28.0009994507,28.7579994202,6696000
2023-05-19T04:00:00.000Z,29.0900001526,29.1959991455,28.2579994202,28.827999115,3732000
2023-05-22T04:00:00.000Z,28.7779998779,29.7059993744,28.6019992828,29.4120006561,5910000
2023-05-23T04:00:00.000Z,29.9190006256,30.1200008392,28.8260002136,28.9330005646,6433000
2023-05-24T04:00:00.000Z,28.2000007629,28.6949996948,27.6630001068,28.4430007935,8064000
2023-05-25T04:00:00.000Z,28.7910003662,28.8840007782,27.2849998474,28.0990009308,8783000
2023-05-26T04:00:00.000Z,27.9799995422,29.4890003204,27.9200000763,28.5100002289,6550000
2023-05-30T04:00:00.000Z,30.0100002289,31.3640003204,29.6749992371,29.9270000458,9466000
2023-05-31T04:00:00.000Z,29.4009990692,30.2770004272,28.8999996185,30.1630001068,6234000
2023-06-01T04:00:00.000Z,29.8500003815,30.7730007172,29.563999176,29.9939994812,5489000
2023-06-02T04:00:00.000Z,30.5270004272,30.6000003815,29.063999176,30.2129993439,7265000
2023-06-05T04:00:00.000Z,29.4470005035,29.6959991455,27.1200008392,27.6359996796,14040000
2023-06-06T04:00:00.000Z,27.0,30.4570007324,26.6550006866,29.8819999695,18779000
2023-06-07T04:00:00.000Z,29.8819999695,30.2269992828,28.7999992371,29.0809993744,6755000
2023-06-08T04:00:00.000Z,28.9689998627,29.7240009308,28.357000351,29.093000412,4846000
2023-06-09T04:00:00.000Z,29.3500003815,29.5760002136,28.0510005951,28.2329998016,5673000
2023-06-12T04:00:00.000Z,27.9130001068,28.1660003662,27.5,27.7700004578,3695000
2023-06-13T04:00:00.000Z,28.4300003052,28.4880008698,27.4950008392,28.3819999695,4436000
2023-06-14T04:00:00.000Z,28.4109992981,28.6149997711,27.6730003357,28.2880001068,3997000
2023-06-15T04:00:00.000Z,27.4150009155,28.1380004883,26.6000003815,27.7919998169,7857000
2023-06-16T04:00:00.000Z,28.4990005493,29.7999992371,28.0960006714,29.3390007019,14233000
2023-06-20T04:00:00.000Z,30.0,31.517999649,28.9689998627,31.3400001526,18899000
2023-06-21T04:00:00.000Z,32.4000015259,33.7999992371,32.03099823,33.1310005188,19270000
2023-06-22T04:00:00.000Z,33.2490005493,33.7449989319,31.3129997253,32.7229995728,11344000
2023-06-23T04:00:00.000Z,32.7000007629,33.7000007629,31.7299995422,32.9109992981,15619000
2023-06-26T04:00:00.000Z,32.4000015259,32.8600006104,30.1079998016,30.5739994049,11273000
2023-06-27T04:00:00.000Z,31.2299995422,32.7989997864,31.1529998779,32.4879989624,8773000
2023-06-28T04:00:00.000Z,31.9909992218,33.28099823,31.8449993134,32.561000824,6591000
2023-06-29T04:00:00.000Z,33.563999176,34.0789985657,32.8499984741,34.0260009766,8574000
2023-06-30T04:00:00.000Z,34.9970016479,35.2750015259,32.2260017395,34.2420005798,15255000
2023-07-03T04:00:00.000Z,34.7000007629,37.8269996643,34.5989990234,37.7840003967,11065000
2023-07-05T04:00:00.000Z,36.7010002136,38.2989997864,35.9099998474,37.811000824,11849000
2023-07-06T04:00:00.000Z,38.0589981079,38.5009994507,36.2000007629,37.6549987793,8904000
2023-07-07T04:00:00.000Z,37.3590011597,39.2000007629,37.3590011597,38.0740013123,9418000
2023-07-10T04:00:00.000Z,38.1170005798,40.8009986877,37.0050010681,40.7709999084,9976000
2023-07-11T04:00:00.000Z,40.0999984741,41.5,39.6920013428,41.2299995422,12039000
2023-07-12T04:00:00.000Z,41.7999992371,42.0979995728,40.5239982605,41.3489990234,9236000
2023-07-13T04:00:00.000Z,41.7999992371,46.6990013123,41.2779998779,46.1829986572,20783000
2023-07-14T04:00:00.000Z,45.5460014343,47.5089988708,44.7179985046,45.8860015869,17244000
2023-07-17T04:00:00.000Z,45.7200012207,46.7000007629,44.4350013733,44.9879989624,8613000
2023-07-18T04:00:00.000Z,44.9480018616,45.4000015259,43.5,44.5800018311,7825000
2023-07-19T04:00:00.000Z,45.1769981384,46.1599998474,44.6759986877,45.3100013733,5502000
2023-07-20T04:00:00.000Z,45.5209999084,46.1310005188,43.5200004578,44.0830001831,6317000
2023-07-21T04:00:00.000Z,44.1910018921,44.5880012512,42.6549987793,43.6650009155,5633000
2023-07-24T04:00:00.000Z,42.763999939,43.1870002747,41.2929992676,43.09400177,6550000
2023-07-25T04:00:00.000Z,43.09400177,44.2420005798,43.0209999084,43.6819992065,4479000
2023-07-26T04:00:00.000Z,43.6819992065,44.7929992676,43.6279983521,44.3460006714,5300000
2023-07-27T04:00:00.000Z,45.0999984741,45.2459983826,42.4169998169,42.6150016785,5655000
2023-07-28T04:00:00.000Z,43.4000015259,43.8740005493,42.4840011597,43.4609985352,4639000
2023-07-31T04:00:00.000Z,44.0,44.2840003967,43.2200012207,43.7879981995,4863000
2023-08-01T04:00:00.000Z,43.0,43.7999992371,42.0880012512,43.4980010986,6644000
2023-08-02T04:00:00.000Z,43.4980010986,43.7000007629,40.1180000305,40.733001709,10556000
2023-08-03T04:00:00.000Z,40.0009994507,40.2369995117,38.7620010376,38.9910011292,6521000
2023-08-04T04:00:00.000Z,39.0009994507,39.5760002136,37.4449996948,37.6969985962,5512000
2023-08-07T04:00:00.000Z,37.1030006409,37.3559989929,35.7700004578,37.0820007324,6963000
2023-08-08T04:00:00.000Z,38.0,39.5999984741,37.4720001221,38.9480018616,7719000
2023-08-09T04:00:00.000Z,39.5970001221,39.6500015259,37.5999984741,37.7840003967,5121000
2023-08-10T04:00:00.000Z,38.0320014954,39.0060005188,37.2010002136,37.8009986877,4114000
2023-08-11T04:00:00.000Z,37.8009986877,38.7999992371,37.2099990845,38.4309997559,3343000
2023-08-14T04:00:00.000Z,38.1570014954,39.2599983215,37.5279998779,38.8829994202,3822000
2023-08-15T04:00:00.000Z,38.9039993286,39.2690010071,37.5830001831,37.6150016785,4184000
2023-08-16T04:00:00.000Z,37.3460006714,37.7280006409,36.6259994507,36.966999054,3136000
2023-08-17T04:00:00.000Z,36.1599998474,36.5589981079,34.5369987488,34.6790008545,8061000
2023-08-18T04:00:00.000Z,33.1489982605,33.858001709,32.2290000916,32.8619995117,11012000
2023-08-21T04:00:00.000Z,33.0289993286,33.6980018616,32.5019989014,33.5250015259,4172000
2023-08-22T04:00:00.000Z,34.1479988098,34.5229988098,32.7999992371,32.9510002136,3817000
2023-08-23T04:00:00.000Z,33.0,35.0519981384,32.75,34.6399993896,5206000
2023-08-24T04:00:00.000Z,34.891998291,34.9500007629,33.2449989319,33.65599823,5075000
2023-08-25T04:00:00.000Z,33.9679985046,34.5,32.9029998779,33.6049995422,3664000
2023-08-28T04:00:00.000Z,33.936000824,35.0379981995,33.8549995422,34.4370002747,3533000
2023-08-29T04:00:00.000Z,34.2229995728,38.7989997864,34.1930007935,38.1520004272,15282000
2023-08-30T04:00:00.000Z,37.5099983215,37.7319984436,36.7599983215,37.1679992676,6051000
2023-08-31T04:00:00.000Z,37.5099983215,37.5670013428,35.4239997864,35.7529983521,6051000
2023-09-01T04:00:00.000Z,35.7540016174,36.09400177,34.6629981995,35.1479988098,4067000
2023-09-05T04:00:00.000Z,35.1479988098,35.3969993591,34.4580001831,34.9249992371,3007000
2023-09-06T04:00:00.000Z,34.9500007629,35.9000015259,34.5260009766,35.0699996948,5724000
2023-09-07T04:00:00.000Z,34.6500015259,35.6819992065,33.7840003967,35.3069992065,4927000
2023-09-08T04:00:00.000Z,35.2420005798,35.6279983521,34.7000007629,35.6279983521,4593000
2023-09-11T04:00:00.000Z,35.5,35.6609992981,33.5999984741,34.2680015564,7537000
2023-09-12T04:00:00.000Z,35.5,36.7599983215,34.5299987793,34.7760009766,7655000
2023-09-13T04:00:00.000Z,34.7299995422,35.2560005188,34.0600013733,34.1839981079,4786000
2023-09-14T04:00:00.000Z,35.0,36.1990013123,34.6040000916,34.6399993896,6699000
2023-09-15T04:00:00.000Z,34.6399993896,34.6399993896,33.6360015869,34.077999115,4988000
2023-09-18T04:00:00.000Z,35.125,35.6329994202,33.8989982605,34.0620002747,5781000
2023-09-19T04:00:00.000Z,34.4109992981,35.0200004578,33.3499984741,33.9259986877,5573000
2023-09-20T04:00:00.000Z,34.3499984741,34.4339981079,33.3040008545,33.3470001221,3826000
2023-09-21T04:00:00.000Z,32.5800018311,32.8660011292,32.1590003967,32.6059989929,3656000
2023-09-22T04:00:00.000Z,32.4749984741,32.813999176,32.0569992065,32.28099823,2825000
2023-09-25T04:00:00.000Z,31.9500007629,32.7610015869,31.563999176,32.7599983215,3851000
2023-09-26T04:00:00.000Z,32.4000015259,32.9000015259,31.716999054,31.7299995422,3857000
2023-09-27T04:00:00.000Z,32.2620010376,32.6899986267,31.0100002289,31.5629997253,3876000
2023-09-28T04:00:00.000Z,31.9799995422,33.7550010681,31.5650005341,32.891998291,6432000
2023-09-29T04:00:00.000Z,33.2719993591,33.4480018616,32.4900016785,32.827999115,3920000
2023-10-02T04:00:00.000Z,34.6570014954,35.2840003967,32.7519989014,32.9490013123,8535000
2023-10-03T04:00:00.000Z,32.3899993896,32.5999984741,31.1000003815,31.1329994202,6453000
2023-10-04T04:00:00.000Z,31.4850006104,32.3930015564,30.7110004425,32.0400009155,4938000
2023-10-05T04:00:00.000Z,32.3790016174,32.7999992371,31.517999649,32.341999054,4105000
2023-10-06T04:00:00.000Z,32.0,34.1780014038,31.9169998169,34.0629997253,4732000
2023-10-09T04:00:00.000Z,33.1529998779,34.4239997864,33.1430015564,34.0449981689,3807000
2023-10-10T04:00:00.000Z,34.1240005493,34.6469993591,33.7010002136,34.0460014343,3866000
2023-10-11T04:00:00.000Z,33.8600006104,34.0270004272,33.0349998474,33.4609985352,3063000
2023-10-12T04:00:00.000Z,33.5,33.5,32.0859985352,32.3600006104,4451000
2023-10-13T04:00:00.000Z,32.7620010376,32.7620010376,31.4249992371,31.8220005035,3966000
2023-10-16T04:00:00.000Z,33.7999992371,35.2999992371,32.1049995422,32.5800018311,12584000
2023-10-17T04:00:00.000Z,32.1339988708,34.0909996033,32.1339988708,33.5410003662,6151000
2023-10-18T04:00:00.000Z,33.5890007019,33.8260002136,32.6459999084,32.9140014648,3687000
2023-10-19T04:00:00.000Z,33.0719985962,34.8779983521,32.813999176,34.2350006104,5356000
2023-10-20T04:00:00.000Z,35.3650016785,36.2000007629,34.4210014343,34.8040008545,8764000
2023-10-23T04:00:00.000Z,35.5349998474,38.3899993896,34.6090011597,37.7490005493,12815000
2023-10-24T04:00:00.000Z,40.8390007019,43.8989982605,40.1269989014,42.4869995117,22467000
2023-10-25T04:00:00.000Z,43.4790000916,44.9490013123,42.5110015869,43.3219985962,12601000
2023-10-26T04:00:00.000Z,42.0,43.0,40.6230010986,41.3450012207,10069000
2023-10-27T04:00:00.000Z,42.0,42.1459999084,39.8199996948,40.6759986877,7336000
2023-10-30T04:00:00.000Z,42.2999992371,43.4650001526,41.0,42.0219993591,8258000
2023-10-31T04:00:00.000Z,41.6500015259,42.3769989014,41.0050010681,42.3390007019,6154000
2023-11-01T04:00:00.000Z,42.9620018005,43.0,41.236000061,42.6669998169,7522000
2023-11-02T04:00:00.000Z,44.0480003357,45.4049987793,42.4000015259,45.3629989624,11843000
2023-11-03T04:00:00.000Z,44.4980010986,46.4189987183,44.1399993896,45.3950004578,9453000
2023-11-06T05:00:00.000Z,46.1020011902,47.2989997864,45.1010017395,45.9630012512,7827000
2023-11-07T05:00:00.000Z,45.4000015259,47.4869995117,44.9000015259,47.3549995422,7248000
2023-11-08T05:00:00.000Z,46.908000946,47.8600006104,45.8489990234,47.4500007629,7894000
2023-11-09T05:00:00.000Z,49.8289985657,53.5209999084,48.5890007019,49.4070014954,21139000
2023-11-10T05:00:00.000Z,50.4000015259,51.3320007324,49.4539985657,50.9179992676,9458000
2023-11-13T05:00:00.000Z,50.2000007629,50.6899986267,48.6769981384,50.4879989624,9251000
2023-11-14T05:00:00.000Z,50.6699981689,50.6990013123,46.0,48.0,16619000
2023-11-15T05:00:00.000Z,48.6339988708,50.9280014038,48.0670013428,50.5950012207,14502000
2023-11-16T05:00:00.000Z,49.4000015259,50.2770004272,48.297000885,48.908000946,11464000
2023-11-17T05:00:00.000Z,49.2649993896,49.5909996033,48.3390007019,48.6220016479,7497000
2023-11-20T05:00:00.000Z,49.2010002136,51.2519989014,49.2010002136,50.8530006409,10592000
2023-11-21T05:00:00.000Z,49.7989997864,50.313999176,48.452999115,49.3040008545,7956000
2023-11-22T05:00:00.000Z,49.4000015259,50.9440002441,48.108001709,50.7879981995,7331000
2023-11-24T05:00:00.000Z,51.0,52.6790008545,50.5530014038,52.0239982605,9074000
2023-11-27T05:00:00.000Z,50.5750007629,51.4799995422,49.5299987793,49.5379981995,10555000
2023-11-28T05:00:00.000Z,50.5120010376,51.5270004272,49.8250007629,50.5870018005,8877000
2023-11-29T05:00:00.000Z,50.7980003357,51.3499984741,49.7000007629,50.7099990845,6569000
2023-11-30T05:00:00.000Z,49.7999992371,50.4990005493,48.7309989929,49.8300018311,7405000
2023-12-01T05:00:00.000Z,50.3530006409,52.9799995422,50.3370018005,52.7680015564,14041000
2023-12-04T05:00:00.000Z,56.7000007629,57.7770004272,55.0,56.3219985962,17530000
2023-12-05T05:00:00.000Z,56.5999984741,58.9900016785,56.3380012512,57.75,14468000
2023-12-06T05:00:00.000Z,58.5120010376,58.6549987793,56.6139984131,56.888999939,9566000
2023-12-07T05:00:00.000Z,55.7200012207,57.8059997559,55.2099990845,57.1090011597,5736000
2023-12-08T05:00:00.000Z,57.3479995728,59.938999176,57.28099823,59.938999176,9531000
2023-12-11T05:00:00.000Z,57.4109992981,57.7879981995,54.6180000305,55.5800018311,13411000
2023-12-12T05:00:00.000Z,56.0,56.6969985962,54.9010009766,55.8320007324,7119000
2023-12-13T05:00:00.000Z,55.7589988708,58.5999984741,55.2290000916,58.5999984741,9700000
2023-12-14T05:00:00.000Z,58.7999992371,59.0,57.5649986267,58.2369995117,9167000
2023-12-15T05:00:00.000Z,57.5,57.5229988098,56.4650001526,57.0410003662,9880000
2023-12-18T05:00:00.000Z,56.1100006104,57.9000015259,55.9000015259,57.1899986267,8503000
2023-12-19T05:00:00.000Z,58.3499984741,59.0410003662,56.4510002136,57.1300010681,8738000
2023-12-20T05:00:00.000Z,58.9770011902,59.9570007324,57.2099990845,57.3470001221,13785000
2023-12-21T05:00:00.000Z,58.8100013733,59.1319999695,57.4399986267,58.1949996948,7159000
2023-12-22T05:00:00.000Z,58.1959991455,62.2579994202,57.8699989319,61.9239997864,12620000
2023-12-26T05:00:00.000Z,60.9490013123,61.5550003052,59.6489982605,60.388999939,12047000
2023-12-27T05:00:00.000Z,61.3800010681,67.3820037842,61.2010002136,67.0709991455,21273000
2023-12-28T05:00:00.000Z,65.46900177,68.9349975586,65.3519973755,66.7880020142,15808000
2023-12-29T05:00:00.000Z,67.483001709,68.0,61.716999054,63.1619987488,15818000
2024-01-02T05:00:00.000Z,69.2490005493,72.7770004272,68.0,68.5149993896,22074000
2024-01-03T05:00:00.000Z,64.3219985962,65.8550033569,62.5299987793,63.1059989929,18806000
2024-01-04T05:00:00.000Z,63.8600006104,66.8000030518,62.8450012207,65.5810012817,11193000
2024-01-05T05:00:00.000Z,64.8710021973,65.4029998779,63.0029983521,63.108001709,9323000
2024-01-08T05:00:00.000Z,64.0,64.68800354,58.6520004272,59.8009986877,25143000
2024-01-09T05:00:00.000Z,60.0,60.2779998779,57.125,57.7290000916,14346000
2024-01-10T05:00:00.000Z,56.6679992676,58.7000007629,55.3839988708,56.5670013428,16409000
2024-01-11T05:00:00.000Z,59.8989982605,61.0999984741,53.0299987793,53.6180000305,25704000
2024-01-12T05:00:00.000Z,52.5019989014,52.5890007019,48.0999984741,48.5530014038,27403000
2024-01-16T05:00:00.000Z,47.9000015259,48.9480018616,46.7000007629,48.2140007019,16453000
2024-01-17T05:00:00.000Z,47.4230003357,49.9099998474,47.4230003357,49.9000015259,9766000
2024-01-18T05:00:00.000Z,50.0,52.2000007629,47.7849998474,48.6599998474,16605000
2024-01-19T05:00:00.000Z,48.4500007629,48.7200012207,46.5,48.0999984741,11772000
2024-01-22T05:00:00.000Z,46.7999992371,48.3959999084,45.5390014648,47.0190010071,11431000
2024-01-23T05:00:00.000Z,45.0,45.9819984436,43.8740005493,45.0190010071,11716000
2024-01-24T05:00:00.000Z,46.0,46.2000007629,44.5050010681,45.0989990234,8233000
2024-01-25T05:00:00.000Z,45.2319984436,46.4000015259,44.5890007019,45.7779998779,6608000
2024-01-26T05:00:00.000Z,47.0,50.0950012207,46.4749984741,49.4500007629,14660000
2024-01-29T05:00:00.000Z,50.0,52.4970016479,49.0209999084,51.3810005188,13649000
2024-01-30T05:00:00.000Z,51.6980018616,52.5800018311,50.763999939,51.9510002136,7388000
2024-01-31T05:00:00.000Z,50.7999992371,52.7890014648,49.9430007935,50.1209983826,9380000
2024-02-01T05:00:00.000Z,50.1800003052,51.5060005188,49.5960006714,50.3479995728,6281000
2024-02-02T05:00:00.000Z,49.7249984741,50.9000015259,49.0999984741,50.0099983215,6098000
2024-02-05T05:00:00.000Z,50.2000007629,50.3479995728,48.2000007629,49.0600013733,8599000
2024-02-06T05:00:00.000Z,49.3300018311,50.9189987183,49.3120002747,49.7999992371,6899000
2024-02-07T05:00:00.000Z,49.9469985962,50.8629989624,46.7490005493,50.8009986877,10997000
2024-02-08T05:00:00.000Z,53.0,58.8460006714,52.5050010681,58.78099823,22631000
2024-02-09T05:00:00.000Z,62.7400016785,64.8899993896,61.4119987488,64.6320037842,24685000
2024-02-12T05:00:00.000Z,65.1989974976,72.5270004272,65.016998291,71.7519989014,23100000
2024-02-13T05:00:00.000Z,67.5,70.1220016479,65.5550003052,68.6019973755,13915000
2024-02-14T05:00:00.000Z,74.5999984741,77.4840011597,73.4169998169,76.9879989624,20705000
2024-02-15T05:00:00.000Z,79.2440032959,80.6780014038,70.7509994507,71.8000030518,23828000
2024-02-16T05:00:00.000Z,73.5,74.0,68.93800354,69.9560012817,13407000
2024-02-20T05:00:00.000Z,71.0790023804,72.1979980469,67.0270004272,70.4980010986,9680000
2024-02-21T05:00:00.000Z,68.4300003052,68.5380020142,66.4260025024,67.2799987793,6942000
2024-02-22T05:00:00.000Z,68.3700027466,72.3249969482,67.9990005493,71.3150024414,10425000
2024-02-23T05:00:00.000Z,69.9010009766,70.4290008545,67.8059997559,68.7440032959,7393000
2024-02-26T05:00:00.000Z,68.7939987183,80.9950027466,68.7939987183,79.6480026245,22695000
2024-02-27T05:00:00.000Z,86.6100006104,89.0,84.1760025024,87.1800003052,22748000
2024-02-28T05:00:00.000Z,95.1999969482,100.8880004883,91.5500030518,96.2949981689,48388000
2024-02-29T05:00:00.000Z,99.9000015259,104.0,96.0439987183,102.283996582,35206000
2024-03-01T05:00:00.000Z,99.5999984741,108.0,99.1999969482,107.9390029907,26964000
2024-03-04T05:00:00.000Z,120.0,135.9909973145,119.0009994507,133.4010009766,54250000
2024-03-05T05:00:00.000Z,124.4189987183,133.779006958,103.5059967041,105.1009979248,57366000
2024-03-06T05:00:00.000Z,114.0,128.5549926758,113.1100006104,124.6210021973,36940000
2024-03-07T05:00:00.000Z,128.4980010986,132.1040039062,122.5,130.0019989014,21677000
2024-03-08T05:00:00.000Z,132.8040008545,145.1730041504,128.3659973145,142.5590057373,37418000
2024-03-11T04:00:00.000Z,155.0,165.7059936523,147.7350006104,148.4230041504,41024000
2024-03-12T04:00:00.000Z,154.3999938965,159.4969940186,143.8000030518,159.3350067139,35489000
2024-03-13T04:00:00.000Z,166.0,177.3999938965,162.0,176.6150054932,37759000
2024-03-14T04:00:00.000Z,170.800994873,174.6000061035,155.0769958496,167.6849975586,49868000
2024-03-15T04:00:00.000Z,160.0010070801,181.5,157.0,178.2359924316,44750000
2024-03-18T04:00:00.000Z,171.8450012207,173.4900054932,144.5010070801,150.2760009766,45111000
2024-03-19T04:00:00.000Z,132.6069946289,145.0,123.0120010376,141.75,44644000
2024-03-20T04:00:00.000Z,142.300994873,155.0,136.300994873,154.6519927979,33314000
2024-03-21T04:00:00.000Z,159.4120025635,170.4360046387,158.1020050049,159.9290008545,31590000
2024-03-22T04:00:00.000Z,152.0,159.449005127,149.0,152.3000030518,20836000
2024-03-25T04:00:00.000Z,160.5,187.3650054932,159.4420013428,185.6000061035,38840000
2024-03-26T04:00:00.000Z,188.2429962158,190.9499969482,179.1999969482,187.699005127,23939000
2024-03-27T04:00:00.000Z,195.3000030518,199.9989929199,184.1999969482,191.9160003662,26226000
2024-03-28T04:00:00.000Z,194.3000030518,198.8999938965,164.5520019531,170.4559936523,45559000
2024-04-01T04:00:00.000Z,164.5010070801,169.0189971924,158.6560058594,163.6739959717,19930000
2024-04-02T04:00:00.000Z,149.1999969482,159.2290039062,146.2940063477,157.8829956055,18546000
2024-04-03T04:00:00.000Z,158.0010070801,169.949005127,156.8320007324,160.6109924316,19772000
2024-04-04T04:00:00.000Z,169.2980041504,173.9720001221,161.0099945068,161.5420074463,20171000
2024-04-05T04:00:00.000Z,157.0,167.4250030518,143.1999969482,143.8999938965,22740000
2024-04-08T04:00:00.000Z,160.2100067139,162.3780059814,149.1199951172,151.2989959717,20574000
2024-04-09T04:00:00.000Z,147.8099975586,148.016998291,137.5,144.1020050049,16659000
2024-04-10T04:00:00.000Z,138.75,156.6000061035,137.3769989014,156.6000061035,19392000
2024-04-11T04:00:00.000Z,154.3000030518,157.8370056152,151.0090026855,155.1809997559,14386000
2024-04-12T04:00:00.000Z,153.5,153.7819976807,143.3000030518,147.9579925537,12906000
2024-04-15T04:00:00.000Z,147.0,148.9969940186,132.1049957275,133.5879974365,16125000
2024-04-16T04:00:00.000Z,130.6020050049,132.8500061035,121.5149993896,125.4029998779,17292000
2024-04-17T04:00:00.000Z,125.8000030518,126.4219970703,113.1989974976,118.8050003052,20374000
2024-04-18T04:00:00.000Z,119.1999969482,128.7879943848,116.8430023193,120.8160018921,17697000
2024-04-19T04:00:00.000Z,123.6999969482,125.8649978638,116.6240005493,117.4110031128,14747000
2024-04-22T04:00:00.000Z,120.9000015259,134.7899932861,120.8000030518,132.4010009766,19411000
2024-04-23T04:00:00.000Z,131.1000061035,139.4450073242,129.8890075684,133.8639984131,10478000
2024-04-24T04:00:00.000Z,132.7010040283,134.5,126.0,126.5670013428,9512000
2024-04-25T04:00:00.000Z,122.5999984741,126.7720031738,120.1139984131,124.0410003662,7734000
2024-04-26T04:00:00.000Z,122.5,128.5970001221,120.4010009766,128.2380065918,8815000
2024-04-29T04:00:00.000Z,125.0,130.8419952393,122.8420028687,129.2969970703,10131000
2024-04-30T04:00:00.000Z,119.9010009766,121.5419998169,106.3170013428,106.5029983521,24936000
2024-05-01T04:00:00.000Z,101.5530014038,110.9329986572,101.0,102.827003479,19249000
2024-05-02T04:00:00.000Z,105.5,114.2300033569,104.1760025024,112.9420013428,15402000
2024-05-03T04:00:00.000Z,120.1009979248,124.1999969482,117.2819976807,122.3010025024,15610000
2024-05-06T04:00:00.000Z,127.3850021362,133.8999938965,126.0100021362,126.8809967041,13870000
2024-05-07T04:00:00.000Z,127.8199996948,131.8999938965,125.1299972534,125.7450027466,9968000
2024-05-08T04:00:00.000Z,119.8389968872,125.9899978638,119.0,123.31199646,8590000
2024-05-09T04:00:00.000Z,123.0,130.3000030518,120.0989990234,126.3639984131,10534000
2024-05-10T04:00:00.000Z,128.9989929199,130.199005127,117.8529968262,118.047996521,14038000
2024-05-13T04:00:00.000Z,121.7939987183,126.4150009155,120.3000030518,124.5960006714,8757000
2024-05-14T04:00:00.000Z,122.6480026245,129.8690032959,122.6480026245,129.7630004883,9268000
2024-05-15T04:00:00.000Z,137.9600067139,152.033996582,135.1089935303,150.3470001221,20586000
2024-05-16T04:00:00.000Z,149.4100036621,151.8899993896,143.5449981689,143.9980010986,13656000
2024-05-17T04:00:00.000Z,150.0980072021,158.5,146.8999938965,158.4499969482,16529000
2024-05-20T04:00:00.000Z,159.6999969482,172.8959960938,155.141998291,172.7239990234,16717000
2024-05-21T04:00:00.000Z,173.0,174.0,164.5,165.5420074463,12978000
2024-05-22T04:00:00.000Z,166.3000030518,171.8000030518,162.0149993896,164.6999969482,10339000
2024-05-23T04:00:00.000Z,166.921005249,167.0,153.0330047607,154.4069976807,11588000
2024-05-24T04:00:00.000Z,154.0,168.5,152.8000030518,168.4839935303,12069000
2024-05-28T04:00:00.000Z,165.0,169.1549987793,161.0019989014,167.5350036621,10799000
2024-05-29T04:00:00.000Z,165.0,165.9069976807,161.1179962158,161.8699951172,7344000
2024-05-30T04:00:00.000Z,165.3000030518,171.4989929199,153.1959991455,154.1000061035,14708000
2024-05-31T04:00:00.000Z,159.6999969482,161.4819946289,144.1999969482,152.449005127,22154000
2024-06-03T04:00:00.000Z,160.1000061035,165.6000061035,156.0420074463,162.7409973145,11222000
2024-06-04T04:00:00.000Z,161.7420043945,169.6999969482,161.5,163.8769989014,13230000
2024-06-05T04:00:00.000Z,167.5,171.783996582,163.6239929199,169.4689941406,10956000
2024-06-06T04:00:00.000Z,169.8589935303,173.4700012207,164.7050018311,165.6629943848,11623000
2024-06-07T04:00:00.000Z,167.1020050049,171.7700042725,158.5,159.6199951172,12627000
2024-06-10T04:00:00.000Z,157.5010070801,164.7760009766,156.029006958,159.9920043945,7239000
2024-06-11T04:00:00.000Z,154.1999969482,156.4149932861,148.6600036621,155.5489959717,11412000
2024-06-12T04:00:00.000Z,162.0,169.2709960938,159.1770019531,160.3670043945,13681000
2024-06-13T04:00:00.000Z,156.3300018311,157.3760070801,144.1009979248,148.3880004883,21108000
2024-06-14T04:00:00.000Z,150.5,153.8000030518,146.1510009766,149.5540008545,13790000
2024-06-17T04:00:00.000Z,149.9799957275,156.9010009766,142.1170043945,150.7259979248,12076000
2024-06-18T04:00:00.000Z,145.7929992676,151.0950012207,144.6000061035,146.9429931641,8934000
2024-06-20T04:00:00.000Z,148.2109985352,150.5590057373,142.2059936523,146.5399932861,9098000
2024-06-21T04:00:00.000Z,142.0,149.1049957275,140.9019927979,148.3760070801,11353000
2024-06-24T04:00:00.000Z,139.8000030518,144.8899993896,132.5540008545,137.2149963379,16081000
2024-06-25T04:00:00.000Z,141.3769989014,149.8999938965,139.3390045166,149.574005127,13537000
2024-06-26T04:00:00.000Z,147.2290039062,150.5019989014,144.5,145.7729949951,7502000
2024-06-27T04:00:00.000Z,148.5,153.8999938965,146.3500061035,152.5399932861,9308000
2024-06-28T04:00:00.000Z,151.641998291,151.8999938965,136.7019958496,137.7480010986,34113000
2024-07-01T04:00:00.000Z,141.0,143.5950012207,136.3079986572,136.5970001221,14129000
2024-07-02T04:00:00.000Z,136.550994873,138.4409942627,130.6569976807,132.0189971924,9229000
2024-07-03T04:00:00.000Z,129.8000030518,132.8000030518,127.3470001221,130.2089996338,6659000
2024-07-05T04:00:00.000Z,121.5500030518,129.9170074463,120.2320022583,128.1719970703,15029000
2024-07-08T04:00:00.000Z,131.4530029297,132.5,125.8779983521,129.0579986572,8736000
2024-07-09T04:00:00.000Z,131.3880004883,132.0,127.8089981079,130.1770019531,8903000
2024-07-10T04:00:00.000Z,131.9700012207,134.5,129.6000061035,130.5720062256,6387000
2024-07-11T04:00:00.000Z,139.6000061035,143.1999969482,132.9239959717,135.8560028076,13513000
2024-07-12T04:00:00.000Z,133.9199981689,143.5399932861,132.4190063477,139.675994873,10641000
2024-07-15T04:00:00.000Z,152.3999938965,163.8999938965,149.2429962158,161.1280059814,24671000
2024-07-16T04:00:00.000Z,161.5,167.5780029297,157.6399993896,166.4299926758,15810000
2024-07-17T04:00:00.000Z,161.1000061035,167.4080047607,153.0,159.0,17212000
2024-07-18T04:00:00.000Z,163.3899993896,163.6999969482,151.625,155.5160064697,10236000
2024-07-19T04:00:00.000Z,157.3399963379,178.5,156.5,177.8500061035,20458000
2024-07-22T04:00:00.000Z,178.4019927979,181.0659942627,173.6130065918,180.0090026855,15391000
2024-07-23T04:00:00.000Z,176.3990020752,179.8000030518,171.5019989014,172.1770019531,10747000
2024-07-24T04:00:00.000Z,175.0,176.9519958496,166.7019958496,167.2689971924,13774000
2024-07-25T04:00:00.000Z,161.6499938965,167.7859954834,150.7660064697,160.6470031738,14772000
2024-07-26T04:00:00.000Z,170.0,177.6970062256,168.6009979248,175.2709960938,14138000
2024-07-29T04:00:00.000Z,181.9989929199,183.6999969482,167.1269989014,168.4850006104,12802000
2024-07-30T04:00:00.000Z,168.7989959717,169.5,159.2489929199,160.4069976807,9155000
2024-07-31T04:00:00.000Z,164.6029968262,168.5,160.8549957275,161.4440002441,7534000
2024-08-01T04:00:00.000Z,161.5,163.4360046387,148.2019958496,151.1809997559,11930000
2024-08-02T04:00:00.000Z,148.5809936523,159.1399993896,141.7100067139,144.7989959717,14126000
2024-08-05T04:00:00.000Z,105.1650009155,135.4270019531,102.4020004272,130.8999938965,22678000
2024-08-06T04:00:00.000Z,132.6000061035,139.4940032959,126.2180023193,136.921005249,12260000
2024-08-07T04:00:00.000Z,140.8780059814,142.1580047607,124.0130004883,124.6849975586,10934000
2024-08-08T04:00:00.000Z,130.2299957275,136.7599945068,128.0599975586,135.9900054932,10378300
2024-08-09T04:00:00.000Z,135.8899993896,136.6900024414,129.5500030518,135.3699951172,7330400
2024-08-12T04:00:00.000Z,133.4900054932,139.2100067139,129.2200012207,131.4600067139,6932300
2024-08-13T04:00:00.000Z,132.2799987793,140.0,130.2599945068,135.3800048828,8123100
2024-08-14T04:00:00.000Z,136.3699951172,137.3999938965,129.3300018311,130.3699951172,8535900
2024-08-15T04:00:00.000Z,132.6999969482,139.0,130.7299957275,131.9299926758,10856900
2024-08-16T04:00:00.000Z,133.25,136.3200073242,126.5899963379,133.0399932861,11360400
2024-08-19T04:00:00.000Z,133.6999969482,137.4400024414,131.1600036621,135.3500061035,6595700
2024-08-20T04:00:00.000Z,139.7400054932,141.3600006104,130.6300048828,133.6900024414,11274600
2024-08-21T04:00:00.000Z,134.3399963379,142.5800018311,132.8699951172,141.4199981689,11774500
2024-08-22T04:00:00.000Z,141.3899993896,141.7799987793,133.6900024414,133.8099975586,7963400
2024-08-23T04:00:00.000Z,137.3999938965,151.8099975586,135.5099945068,150.0099945068,17791300
2024-08-26T04:00:00.000Z,148.1199951172,152.3500061035,146.6000061035,146.8999938965,10418800
2024-08-27T04:00:00.000Z,144.4799957275,145.2400054932,138.1900024414,140.0099945068,10943100
2024-08-28T04:00:00.000Z,138.1600036621,138.3999938965,130.7299957275,132.0899963379,8860100
2024-08-29T04:00:00.000Z,137.0,139.4299926758,131.0,132.5599975586,8431400
2024-08-30T04:00:00.000Z,134.0,135.25,128.3000030518,132.4199981689,7803000
2024-09-03T04:00:00.000Z,132.0,132.7299957275,122.1900024414,122.3199996948,8258800
2024-09-04T04:00:00.000Z,120.25,125.9800033569,117.9400024414,124.8499984741,8191100
2024-09-05T04:00:00.000Z,122.3499984741,126.8300018311,119.4300003052,119.5699996948,6066600
2024-09-06T04:00:00.000Z,122.9300003052,124.6900024414,113.6900024414,114.3000030518,8795500
2024-09-09T04:00:00.000Z,118.9300003052,125.2300033569,117.5,124.8199996948,9771200
2024-09-10T04:00:00.000Z,123.0,129.8200073242,121.5500030518,129.6399993896,7738000
2024-09-11T04:00:00.000Z,124.8099975586,131.0,121.3000030518,129.2799987793,8731200
2024-09-12T04:00:00.000Z,129.0,134.1000061035,127.2699966431,130.7700042725,6031600
2024-09-13T04:00:00.000Z,131.1000061035,143.0,129.8399963379,141.4700012207,12239100
2024-09-16T04:00:00.000Z,137.0200042725,137.8800048828,132.6699981689,134.5299987793,8765900
2024-09-17T04:00:00.000Z,138.3699951172,140.1600036621,128.8200073242,131.2700042725,21043400
2024-09-18T04:00:00.000Z,130.4400024414,139.4900054932,128.5099945068,132.6699981689,16345600
2024-09-19T04:00:00.000Z,140.4499969482,148.9600067139,139.6199951172,144.6600036621,20177300
2024-09-20T04:00:00.000Z,144.3899993896,148.0299987793,141.6399993896,144.7799987793,12332300
2024-09-23T04:00:00.000Z,147.4799957275,151.5899963379,145.0099945068,149.9700012207,10090300
2024-09-24T04:00:00.000Z,150.1600036621,154.3300018311,146.7100067139,153.8800048828,9365200
2024-09-25T04:00:00.000Z,152.3000030518,157.8800048828,151.5,151.9400024414,7839400
2024-09-26T04:00:00.000Z,157.6300048828,167.5099945068,156.3800048828,165.9799957275,17068500
2024-09-27T04:00:00.000Z,170.4799957275,179.6000061035,168.3099975586,176.2200012207,17321200
2024-09-30T04:00:00.000Z,168.6300048828,175.5099945068,167.3099975586,168.6000061035,13338100
2024-10-01T04:00:00.000Z,168.5200042725,169.4299926758,157.0200042725,162.6900024414,14103300
2024-10-02T04:00:00.000Z,160.5099945068,173.8800048828,159.1600036621,164.6399993896,12557500
2024-10-03T04:00:00.000Z,163.3899993896,165.8600006104,157.8200073242,163.4100036621,8814200
2024-10-04T04:00:00.000Z,166.7200012207,176.5500030518,163.9700012207,176.5099945068,14030100
2024-10-07T04:00:00.000Z,179.7100067139,191.9900054932,178.8000030518,186.0899963379,19826000
2024-10-08T04:00:00.000Z,186.1000061035,198.4900054932,184.4499969482,192.1999969482,20984800
2024-10-09T04:00:00.000Z,189.7700042725,198.3899993896,185.25,188.9100036621,13445300
2024-10-10T04:00:00.000Z,191.8899993896,192.1999969482,178.0,183.3399963379,15937500
2024-10-11T04:00:00.000Z,188.5,212.8099975586,187.4100036621,212.5899963379,29933800
2024-10-14T04:00:00.000Z,224.4799957275,227.1499938965,201.4299926758,201.6699981689,31736600
2024-10-15T04:00:00.000Z,206.7299957275,211.1600036621,189.6999969482,194.3099975586,23114600
2024-10-16T04:00:00.000Z,199.8999938965,200.6199951172,191.9600067139,194.0899963379,12434600
2024-10-17T04:00:00.000Z,192.8000030518,198.8800048828,185.8099975586,193.4199981689,11414300
2024-10-18T04:00:00.000Z,197.5899963379,218.6499938965,197.1000061035,215.8600006104,22814800
2024-10-21T04:00:00.000Z,214.4900054932,223.1499938965,208.4499969482,219.0500030518,18028600
2024-10-22T04:00:00.000Z,216.2100067139,221.3999938965,212.0800018311,219.6999969482,13758100
2024-10-23T04:00:00.000Z,215.0800018311,222.8500061035,204.9100036621,213.9499969482,17025500
2024-10-24T04:00:00.000Z,220.0899963379,236.2899932861,218.25,235.8899993896,23221500
2024-10-25T04:00:00.000Z,236.3899993896,245.5700073242,227.75,234.3399963379,25093200
2024-10-28T04:00:00.000Z,244.6399993896,259.5,242.7700042725,255.3399963379,23182000
2024-10-29T04:00:00.000Z,264.25,267.8900146484,251.2400054932,258.2399902344,25958500
2024-10-30T04:00:00.000Z,246.5,255.8000030518,239.0,247.3099975586,20593300
2024-10-31T04:00:00.000Z,251.1199951172,252.8800048828,237.0,244.5,21954100
2024-11-01T04:00:00.000Z,245.3300018311,255.75,225.9299926758,229.7100067139,26258900
2024-11-04T05:00:00.000Z,226.9700012207,231.6799926758,220.8200073242,222.9900054932,13438800
2024-11-05T05:00:00.000Z,233.3399963379,243.4600067139,225.4299926758,227.8000030518,17993900
2024-11-06T05:00:00.000Z,260.0,261.200012207,242.6900024414,257.8099975586,26270400
2024-11-07T05:00:00.000Z,256.799987793,280.799987793,252.6999969482,270.8099975586,23931700
2024-11-08T05:00:00.000Z,275.5799865723,279.3800048828,262.6000061035,270.4200134277,18764200
2024-11-11T05:00:00.000Z,297.0,351.7300109863,293.299987793,340.0,47315700
2024-11-12T05:00:00.000Z,334.7699890137,360.8900146484,325.5,356.5899963379,39705800
2024-11-13T05:00:00.000Z,366.9800109863,383.3999938965,321.700012207,328.3800048828,46238500
2024-11-14T05:00:00.000Z,341.7699890137,348.0,318.6199951172,327.6700134277,26605700
2024-11-15T05:00:00.000Z,336.6000061035,349.9400024414,324.1000061035,340.6499938965,25842000
2024-11-18T05:00:00.000Z,345.4200134277,388.4899902344,339.3800048828,384.7900085449,32612800
2024-11-19T05:00:00.000Z,389.5,449.0,381.0,430.5400085449,50954500
2024-11-20T05:00:00.000Z,463.3999938965,504.8299865723,457.299987793,473.8299865723,70212600
2024-11-21T05:00:00.000Z,535.6300048828,543.0,371.8399963379,397.2799987793,100444000
2024-11-22T05:00:00.000Z,403.6000061035,453.0,393.1000061035,421.8800048828,55935000
2024-11-25T05:00:00.000Z,440.75,440.75,383.799987793,403.450012207,40180400
2024-11-26T05:00:00.000Z,382.7799987793,403.0,338.6700134277,353.6900024414,47891000
2024-11-27T05:00:00.000Z,384.2900085449,397.6600036621,372.5,388.8399963379,34921200
2024-11-29T05:00:00.000Z,405.75,417.6199951172,381.0,387.4700012207,21987600
2024-12-02T05:00:00.000Z,393.6400146484,398.7900085449,374.3599853516,380.299987793,23404300
2024-12-03T05:00:00.000Z,367.8500061035,393.1199951172,362.6700134277,373.4299926758,22817500
2024-12-04T05:00:00.000Z,380.0,409.9700012207,365.6000061035,406.0,29862200
2024-12-05T05:00:00.000Z,440.1199951172,444.9400024414,379.3500061035,386.3999938965,46189800
2024-12-06T05:00:00.000Z,395.2900085449,405.0,384.0199890137,395.0100097656,26206200
2024-12-09T05:00:00.000Z,394.0,399.799987793,363.4400024414,365.3399963379,22606100
2024-12-10T05:00:00.000Z,373.3699951172,379.799987793,356.049987793,377.3200073242,20139900
2024-12-11T05:00:00.000Z,385.6600036621,412.6799926758,385.5,411.3999938965,27594400
2024-12-12T05:00:00.000Z,413.7099914551,415.799987793,386.1099853516,392.1900024414,21074300
2024-12-13T05:00:00.000Z,400.0700073242,409.7099914551,388.8800048828,408.6700134277,21536900
2024-12-16T05:00:00.000Z,424.8699951172,437.6099853516,406.4599914551,408.5,31099400
2024-12-17T05:00:00.000Z,413.450012207,415.6799926758,386.0100097656,386.4200134277,21822000
2024-12-18T05:00:00.000Z,386.0,390.3200073242,338.0,349.6400146484,24422900
2024-12-19T05:00:00.000Z,365.4400024414,367.5,323.4800109863,326.4599914551,26922900
2024-12-20T05:00:00.000Z,319.3699951172,364.8800048828,317.0,364.200012207,44889900
2024-12-23T05:00:00.000Z,358.0,359.7399902344,329.0799865723,332.2300109863,21742500
2024-12-24T05:00:00.000Z,343.5,361.0,342.700012207,358.1799926758,16377800
2024-12-26T05:00:00.000Z,350.3099975586,351.799987793,340.0,341.049987793,13249000
2024-12-27T05:00:00.000Z,342.299987793,342.7099914551,323.200012207,330.0,13778500
2024-12-31T05:00:00.000Z,316.9599914551,317.9100036621,285.0100097656,289.6199951172,22486100
2025-01-02T05:00:00.000Z,300.1099853516,310.799987793,292.3200073242,300.0100097656,17933900
2025-01-03T05:00:00.000Z,303.0,343.3999938965,301.7699890137,339.6600036621,25039000
2025-01-06T05:00:00.000Z,349.8500061035,383.0199890137,335.5,379.0899963379,26707300
2025-01-07T05:00:00.000Z,366.4700012207,371.2799987793,335.299987793,341.4299926758,24736800
2025-01-08T05:00:00.000Z,335.25,344.3900146484,317.2200012207,331.700012207,18274800
2025-01-10T05:00:00.000Z,330.3099975586,337.0,317.9100036621,327.9100036621,16478700
2025-01-13T05:00:00.000Z,309.950012207,329.6000061035,303.799987793,328.3999938965,15914500
2025-01-14T05:00:00.000Z,343.0,354.8999938965,331.299987793,342.1700134277,17889500
2025-01-15T05:00:00.000Z,357.8099975586,368.4200134277,353.0100097656,360.6199951172,19941300
2025-01-16T05:00:00.000Z,357.8900146484,370.2600097656,345.799987793,367.0,14826600
2025-01-17T05:00:00.000Z,383.2799987793,398.6799926758,380.1499938965,396.5,24339100
2025-01-21T05:00:00.000Z,395.4599914551,404.4200134277,367.7600097656,389.1000061035,26215800
2025-01-22T05:00:00.000Z,384.9100036621,390.3500061035,371.049987793,377.3099975586,16000300
2025-01-23T05:00:00.000Z,371.75,390.200012207,370.700012207,373.1199951172,23306500
2025-01-24T05:00:00.000Z,377.6700134277,378.1099853516,351.0,353.6700134277,22943800
2025-01-27T05:00:00.000Z,340.5,356.8800048828,322.299987793,347.9200134277,21224400
2025-01-28T05:00:00.000Z,344.6799926758,348.9200134277,333.0899963379,335.9299926758,11461400
2025-01-29T05:00:00.000Z,338.200012207,343.6300048828,329.3299865723,341.25,11716800
2025-01-30T05:00:00.000Z,345.8299865723,356.1099853516,338.5199890137,340.0899963379,12607800
2025-01-31T05:00:00.000Z,340.1099853516,352.7099914551,332.0,334.7900085449,15533300
2025-02-03T05:00:00.000Z,310.0,348.8500061035,308.8999938965,347.0899963379,18207300
2025-02-04T05:00:00.000Z,341.200012207,353.7900085449,340.450012207,348.3099975586,12486000
2025-02-05T05:00:00.000Z,349.0,352.3599853516,333.549987793,336.700012207,10874100
2025-02-06T05:00:00.000Z,338.700012207,344.5,320.7099914551,325.4599914551,12795200
2025-02-07T05:00:00.000Z,335.0,344.3999938965,327.0,327.5599975586,15049700
2025-02-10T05:00:00.000Z,333.5,340.3800048828,328.299987793,334.6199951172,10104100
2025-02-11T05:00:00.000Z,332.9800109863,338.5,318.700012207,319.4599914551,12017200
2025-02-12T05:00:00.000Z,315.9599914551,331.1700134277,314.1900024414,326.8200073242,9837900
2025-02-13T05:00:00.000Z,325.5,330.5899963379,317.3500061035,324.9200134277,9848100
2025-02-14T05:00:00.000Z,325.1499938965,344.8900146484,323.7099914551,337.7300109863,13912800
2025-02-18T05:00:00.000Z,337.3500061035,340.4899902344,326.7900085449,333.9700012207,10179800
2025-02-19T05:00:00.000Z,337.299987793,340.1900024414,317.2200012207,318.6700134277,17043100
2025-02-20T05:00:00.000Z,323.7300109863,327.8299865723,314.950012207,323.9200134277,12291700
2025-02-21T05:00:00.000Z,327.9299926758,329.0,299.0400085449,299.6900024414,17930800
2025-02-24T05:00:00.000Z,304.0,304.0400085449,276.3999938965,282.7600097656,17974900
2025-02-25T05:00:00.000Z,268.1000061035,270.2900085449,243.6999969482,250.5099945068,31379600
2025-02-26T05:00:00.000Z,245.3899993896,264.4599914551,244.0099945068,263.2699890137,19876900
2025-02-27T05:00:00.000Z,267.4299926758,271.4599914551,239.4799957275,240.0500030518,18520300
2025-02-28T05:00:00.000Z,238.3200073242,257.5,231.9199981689,255.4299926758,22662600
2025-03-03T05:00:00.000Z,293.1499938965,295.1000061035,246.1000061035,250.9199981689,30575700
2025-03-04T05:00:00.000Z,240.2799987793,293.0400085449,237.0099945068,275.1499938965,30130200
2025-03-05T05:00:00.000Z,278.3099975586,311.2799987793,271.7699890137,308.549987793,26199800
2025-03-06T05:00:00.000Z,298.950012207,320.9400024414,292.1700134277,304.1099853516,25309500
2025-03-07T05:00:00.000Z,298.1499938965,310.4400024414,281.4400024414,287.1799926758,22764500
2025-03-10T04:00:00.000Z,268.0,272.0,231.6199951172,239.2700042725,31478300
2025-03-11T04:00:00.000Z,245.0,263.1000061035,231.5099945068,260.5899963379,22076100
2025-03-12T04:00:00.000Z,264.6000061035,269.7699890137,248.2200012207,262.549987793,14328600
2025-03-13T04:00:00.000Z,262.0,270.3999938965,253.7599945068,263.2600097656,13804700
2025-03-14T04:00:00.000Z,273.9899902344,298.700012207,272.6199951172,297.4899902344,23714000
2025-03-17T04:00:00.000Z,292.1499938965,296.8099975586,281.6000061035,294.2699890137,12998700
2025-03-18T04:00:00.000Z,283.200012207,290.9899902344,272.5,283.1900024414,15398200
2025-03-19T04:00:00.000Z,290.299987793,309.0799865723,287.1199951172,304.2300109863,19378800
2025-03-20T04:00:00.000Z,298.7900085449,309.3999938965,293.3999938965,302.0700073242,15058100
2025-03-21T04:00:00.000Z,295.700012207,306.3900146484,293.049987793,304.0,21774000
2025-03-24T04:00:00.000Z,316.1400146484,336.7699890137,311.3599853516,335.7200012207,23099700
2025-03-25T04:00:00.000Z,333.4800109863,343.5899963379,329.5,341.8099975586,15053700
2025-03-26T04:00:00.000Z,336.5,340.3399963379,319.7300109863,329.3099975586,16732400
2025-03-27T04:00:00.000Z,322.5299987793,333.4899902344,318.0,324.5899963379,13838300
2025-03-28T04:00:00.000Z,318.3800048828,320.799987793,289.25,289.4100036621,21058900
2025-03-31T04:00:00.000Z,281.8699951172,294.8900146484,272.799987793,288.2699890137,14866300
2025-04-01T04:00:00.000Z,293.5299987793,307.6000061035,280.6499938965,306.0199890137,16780100
2025-04-02T04:00:00.000Z,297.8599853516,319.4700012207,296.9800109863,312.5400085449,16293800
2025-04-03T04:00:00.000Z,286.75,299.2200012207,276.0299987793,282.2799987793,18223000
2025-04-04T04:00:00.000Z,285.0199890137,299.1400146484,265.299987793,293.6099853516,24847100
2025-04-07T04:00:00.000Z,260.1400146484,297.6000061035,252.6000061035,268.1400146484,28449300
2025-04-08T04:00:00.000Z,278.1499938965,282.8399963379,235.9299926758,237.9499969482,22952700
2025-04-09T04:00:00.000Z,242.0200042725,302.3399963379,241.6900024414,296.8599853516,38346400
2025-04-10T04:00:00.000Z,282.5,288.3099975586,261.3699951172,272.3399963379,19237800
2025-04-11T04:00:00.000Z,281.299987793,304.1499938965,276.299987793,299.9800109863,21334100
2025-04-14T04:00:00.000Z,309.799987793,314.6000061035,300.1000061035,311.450012207,15635400
2025-04-15T04:00:00.000Z,312.2200012207,319.75,306.8099975586,310.7200012207,11217800
2025-04-16T04:00:00.000Z,306.0599975586,318.6000061035,304.0,311.6600036621,12847200
2025-04-17T04:00:00.000Z,313.8900146484,320.0,306.0,317.200012207,13511100
2025-04-21T04:00:00.000Z,324.9899902344,330.9899902344,309.0,317.7600097656,16053200
2025-04-22T04:00:00.000Z,328.7099914551,348.9599914551,327.0100097656,343.0299987793,24036500
2025-04-23T04:00:00.000Z,354.700012207,355.8299865723,339.0,345.7300109863,16690700
2025-04-24T04:00:00.000Z,344.9700012207,351.0299987793,343.2399902344,350.3399963379,10781400
2025-04-25T04:00:00.000Z,354.0,373.2300109863,353.1199951172,368.7099914551,19338600
2025-04-28T04:00:00.000Z,373.2900085449,373.6600036621,354.5299987793,369.25,11490900
2025-04-29T04:00:00.000Z,369.0199890137,383.950012207,366.799987793,381.450012207,13038800
2025-04-30T04:00:00.000Z,373.7799987793,384.0,362.3900146484,380.1099853516,13762900
2025-05-01T04:00:00.000Z,392.2900085449,403.8999938965,381.0299987793,381.6000061035,16944100
2025-05-02T04:00:00.000Z,393.8800048828,401.700012207,387.5100097656,394.3699951172,15948000
2025-05-05T04:00:00.000Z,383.3299865723,391.9299926758,374.200012207,386.5299987793,14424100
2025-05-06T04:00:00.000Z,378.5599975586,387.8599853516,377.7699890137,385.6000061035,9695600
2025-05-07T04:00:00.000Z,393.799987793,396.3500061035,388.2600097656,392.4800109863,10555300
2025-05-08T04:00:00.000Z,408.1700134277,423.1099853516,404.5,414.3800048828,22135600
2025-05-09T04:00:00.000Z,420.0,430.3500061035,406.2200012207,416.0299987793,17161800
2025-05-12T04:00:00.000Z,420.9200134277,422.0400085449,400.8299865723,404.8999938965,16245500
2025-05-13T04:00:00.000Z,412.549987793,422.549987793,404.1199951172,421.6099853516,12925000
2025-05-14T04:00:00.000Z,420.3999938965,425.9400024414,410.4100036621,416.75,10722700
2025-05-15T04:00:00.000Z,411.700012207,415.3599853516,394.1400146484,397.0299987793,14674700
2025-05-16T04:00:00.000Z,399.0,406.8999938965,389.0100097656,399.799987793,12461100
2025-05-19T04:00:00.000Z,392.8099975586,414.5899963379,392.6199951172,413.4200134277,12822000
2025-05-20T04:00:00.000Z,413.5,417.8500061035,406.1000061035,416.9200134277,11532200
2025-05-21T04:00:00.000Z,415.9200134277,423.3399963379,395.5299987793,402.6900024414,18698500
2025-05-22T04:00:00.000Z,413.200012207,426.3200073242,398.9100036621,399.4599914551,16511400
2025-05-23T04:00:00.000Z,391.5100097656,392.1900024414,367.3099975586,369.5100097656,21448800
2025-05-27T04:00:00.000Z,381.1199951172,381.299987793,364.1799926758,372.200012207,14116000
2025-05-28T04:00:00.000Z,368.5299987793,370.6499938965,358.5,364.25,9936800
2025-05-29T04:00:00.000Z,370.7900085449,373.8599853516,362.7399902344,370.6300048828,10175500
2025-05-30T04:00:00.000Z,369.0,372.5599975586,359.1600036621,369.0599975586,12564000
2025-06-02T04:00:00.000Z,367.8900146484,378.4299926758,367.0199890137,372.2699890137,8102800
2025-06-03T04:00:00.000Z,379.3999938965,391.0100097656,371.3699951172,387.4299926758,11351800
2025-06-04T04:00:00.000Z,385.799987793,386.1199951172,375.6600036621,378.1000061035,8472200
2025-06-05T04:00:00.000Z,383.8500061035,385.3800048828,364.299987793,368.7900085449,11871400
2025-06-06T04:00:00.000Z,377.3999938965,380.6000061035,369.7099914551,374.4700012207,9384200
2025-06-09T04:00:00.000Z,380.6799926758,394.7900085449,377.6000061035,392.1199951172,10924600
2025-06-10T04:00:00.000Z,393.2399902344,394.0,383.6000061035,391.1799926758,7074800
2025-06-11T04:00:00.000Z,391.2300109863,392.7699890137,380.5,387.1099853516,6812200
2025-06-12T04:00:00.000Z,378.3999938965,391.2200012207,373.9800109863,379.7600097656,9423900
2025-06-13T04:00:00.000Z,375.2300109863,383.5599975586,370.6199951172,382.8699951172,9378900
2025-06-16T04:00:00.000Z,387.6099853516,388.1499938965,377.3999938965,382.25,8105200
2025-06-17T04:00:00.000Z,375.2600097656,378.4800109863,367.0,375.1799926758,11218500
2025-06-18T04:00:00.000Z,371.4299926758,374.9100036621,367.4200134277,369.0299987793,9200500
2025-06-20T04:00:00.000Z,372.75,376.1000061035,365.1099853516,369.700012207,12821800
2025-06-23T04:00:00.000Z,362.4800109863,370.299987793,358.799987793,367.1799926758,10614700
2025-06-24T04:00:00.000Z,373.6799926758,384.3599853516,371.0,377.0199890137,10174900
2025-06-25T04:00:00.000Z,384.8299865723,389.4899902344,379.3099975586,388.6700134277,10606600
2025-06-26T04:00:00.000Z,386.3500061035,392.6700134277,384.1499938965,386.4400024414,10202300
2025-06-27T04:00:00.000Z,385.2300109863,397.9899902344,383.4100036621,383.8800048828,18694400
2025-06-30T04:00:00.000Z,389.7799987793,407.3900146484,384.25,404.2300109863,13752900
2025-07-01T04:00:00.000Z,395.700012207,397.8699951172,372.9100036621,373.299987793,17289600
2025-07-02T04:00:00.000Z,383.3399963379,405.299987793,379.8800048828,402.2799987793,17454400
2025-07-03T04:00:00.000Z,400.8699951172,414.6000061035,400.3999938965,403.9899902344,10013900
2025-07-07T04:00:00.000Z,402.6400146484,405.6400146484,395.200012207,395.6700134277,8848200
2025-07-08T04:00:00.000Z,399.6900024414,402.200012207,393.2099914551,396.9400024414,7022700
2025-07-09T04:00:00.000Z,401.6000061035,416.3399963379,395.950012207,415.4100036621,13065400
2025-07-10T04:00:00.000Z,412.5700073242,422.3999938965,411.200012207,421.7399902344,13208600
2025-07-11T04:00:00.000Z,430.5400085449,438.8399963379,423.5,434.5799865723,18448500
2025-07-14T04:00:00.000Z,447.200012207,456.450012207,440.6499938965,451.0199890137,17952500
2025-07-15T04:00:00.000Z,445.2200012207,456.6600036621,441.0199890137,442.3099975586,14315400
2025-07-16T04:00:00.000Z,448.3099975586,457.2200012207,445.5599975586,455.8999938965,10575400
2025-07-17T04:00:00.000Z,451.6799926758,456.0,446.5799865723,451.3399963379,8901400
2025-07-18T04:00:00.000Z,451.7200012207,454.3299865723,422.2200012207,423.2200012207,19105400
2025-07-21T04:00:00.000Z,430.1000061035,437.0,425.0199890137,426.2799987793,9984500
2025-07-22T04:00:00.000Z,428.8500061035,433.9400024414,413.6000061035,426.3999938965,10524200
2025-07-23T04:00:00.000Z,422.8299865723,424.0,406.1000061035,412.6700134277,12990000
2025-07-24T04:00:00.000Z,414.5799865723,419.950012207,406.1700134277,414.9200134277,7407300
2025-07-25T04:00:00.000Z,405.6700134277,410.950012207,402.200012207,405.8900146484,8380200
2025-07-28T04:00:00.000Z,416.950012207,417.0100097656,403.4599914551,403.799987793,6996500
2025-07-29T04:00:00.000Z,405.9599914551,407.0,390.4100036621,394.6600036621,10580000
2025-07-30T04:00:00.000Z,396.7799987793,404.3900146484,392.5899963379,395.0400085449,7543800
2025-07-31T04:00:00.000Z,399.1300048828,410.8099975586,397.0799865723,401.8599853516,10467500
2025-08-01T04:00:00.000Z,390.4100036621,392.6400146484,365.700012207,366.6300048828,21808900
2025-08-04T04:00:00.000Z,372.7699890137,390.0199890137,366.200012207,389.2399902344,12362400
2025-08-05T04:00:00.000Z,384.1799926758,388.3099975586,373.3500061035,375.4599914551,8467100
2025-08-06T04:00:00.000Z,374.75,384.4200134277,373.0,383.4100036621,7242600
2025-08-07T04:00:00.000Z,388.3999938965,406.2399902344,387.1400146484,402.0100097656,13051200
2025-08-08T04:00:00.000Z,397.6000061035,409.6499938965,389.0299987793,395.1300048828,11200100
2025-08-11T04:00:00.000Z,403.9200134277,414.3599853516,398.9200134277,400.25,10394400
2025-08-12T04:00:00.000Z,400.5,401.6700134277,390.1400146484,394.3900146484,8333600
2025-08-13T04:00:00.000Z,397.7300109863,399.4400024414,383.549987793,389.8999938965,10884900
2025-08-14T04:00:00.000Z,380.0,381.0,365.0,372.9400024414,16461700
2025-08-15T04:00:00.000Z,372.2099914551,372.6199951172,360.0299987793,366.3200073242,13125300
2025-08-18T04:00:00.000Z,359.950012207,367.5700073242,358.0100097656,363.6000061035,9002000
2025-08-19T04:00:00.000Z,363.1900024414,364.6300048828,333.3999938965,336.5700073242,18254600
2025-08-20T04:00:00.000Z,339.3800048828,345.5,325.5599975586,344.3699951172,13807200
2025-08-21T04:00:00.000Z,340.0,343.2699890137,334.8500061035,337.5799865723,8398500
2025-08-22T04:00:00.000Z,335.200012207,359.5299987793,332.6099853516,358.1300048828,17386900
2025-08-25T04:00:00.000Z,344.9100036621,351.5100097656,339.2099914551,343.200012207,10983400
2025-08-26T04:00:00.000Z,341.8099975586,351.9899902344,340.6799926758,351.3599853516,9144200
2025-08-27T04:00:00.000Z,348.6799926758,351.7699890137,341.8399963379,342.0599975586,8454300
2025-08-28T04:00:00.000Z,346.1600036621,348.1700134277,336.6499938965,338.8399963379,8116100
2025-08-29T04:00:00.000Z,334.6000061035,339.6300048828,332.6400146484,334.4100036621,10162300
2025-09-02T04:00:00.000Z,334.9299926758,348.6000061035,331.5700073242,341.6199951172,11123000
2025-09-03T04:00:00.000Z,341.7699890137,344.5,327.6099853516,330.2600097656,9180200
2025-09-04T04:00:00.000Z,330.0,332.5599975586,317.75,327.5899963379,10530000
2025-09-05T04:00:00.000Z,334.8099975586,337.200012207,320.0,335.8699951172,14047600
2025-09-08T04:00:00.000Z,328.1099853516,333.1000061035,321.5,329.8999938965,9954500
2025-09-09T04:00:00.000Z,330.2300109863,331.9599914551,324.450012207,328.5299987793,6587800
2025-09-10T04:00:00.000Z,332.799987793,340.0100097656,321.9599914551,326.450012207,9741400
2025-09-11T04:00:00.000Z,326.8699951172,329.75,322.7699890137,326.0199890137,7506900
2025-09-12T04:00:00.000Z,329.1499938965,336.1300048828,327.6000061035,331.4400024414,10809900
2025-09-15T04:00:00.000Z,329.3999938965,331.3299865723,320.450012207,327.7900085449,9527700
2025-09-16T04:00:00.000Z,329.2300109863,335.4400024414,324.8399963379,335.0899963379,8651300
2025-09-17T04:00:00.000Z,335.6600036621,340.1099853516,323.2099914551,329.7099914551,9691000
2025-09-18T04:00:00.000Z,335.8599853516,358.25,334.6300048828,349.1199951172,19697300
2025-09-19T04:00:00.000Z,347.450012207,352.9200134277,337.0700073242,344.75,17699700
2025-09-22T04:00:00.000Z,337.0199890137,341.5899963379,329.0,335.9299926758,10053500
2025-09-23T04:00:00.000Z,337.0599975586,339.0,327.7699890137,327.7799987793,9468800
2025-09-24T04:00:00.000Z,330.6300048828,337.0599975586,323.1400146484,323.3099975586,9153100
2025-09-25T04:00:00.000Z,316.6099853516,317.0,292.3599853516,300.700012207,22087000
2025-09-26T04:00:00.000Z,301.299987793,310.0,297.7099914551,309.0599975586,11693400
2025-09-29T04:00:00.000Z,313.7300109863,327.9899902344,311.0,326.4200134277,12652000
2025-09-30T04:00:00.000Z,320.8299865723,324.5,316.1900024414,322.2099914551,7798800
2025-10-01T04:00:00.000Z,332.4700012207,343.7300109863,331.200012207,338.4100036621,13994800
2025-10-02T04:00:00.000Z,348.5700073242,353.2200012207,341.1499938965,352.3299865723,13666800
2025-10-03T04:00:00.000Z,350.8699951172,358.5400085449,344.3999938965,351.6300048828,12107900
2025-10-06T04:00:00.000Z,362.950012207,365.2099914551,354.700012207,359.6900024414,9551000
2025-10-07T04:00:00.000Z,358.8800048828,359.4400024414,328.1600036621,328.3999938965,19584100
2025-10-08T04:00:00.000Z,335.6199951172,336.3599853516,322.299987793,330.799987793,12996300
2025-10-09T04:00:00.000Z,327.3999938965,328.9899902344,318.2200012207,320.2900085449,11213200
2025-10-10T04:00:00.000Z,323.1799926758,323.4299926758,303.5700073242,304.7900085449,13643700
2025-10-13T04:00:00.000Z,306.6700134277,315.950012207,300.5899963379,315.4700012207,11575000
2025-10-14T04:00:00.000Z,301.0,312.7099914551,297.3399963379,300.6700134277,11480500
2025-10-15T04:00:00.000Z,303.6000061035,308.8800048828,294.6199951172,296.7600097656,10625600
2025-10-16T04:00:00.000Z,299.8999938965,301.5799865723,282.1900024414,283.8399963379,13817900
2025-10-17T04:00:00.000Z,279.2699890137,292.799987793,279.0,289.8699951172,13110700
2025-10-20T04:00:00.000Z,297.2099914551,306.1600036621,294.3999938965,296.6099853516,9679700
2025-10-21T04:00:00.000Z,293.950012207,305.9899902344,291.5199890137,301.9100036621,7902800
2025-10-22T04:00:00.000Z,293.0199890137,297.9599914551,276.6000061035,280.8099975586,15129500
2025-10-23T04:00:00.000Z,285.4700012207,289.0700073242,278.0,284.9200134277,9082100
2025-10-24T04:00:00.000Z,290.4299926758,292.1499938965,286.1099853516,289.0799865723,7881700
2025-10-27T04:00:00.000Z,299.5,299.799987793,293.0,295.6300048828,8135900
2025-10-28T04:00:00.000Z,295.1400146484,297.200012207,284.25,284.6400146484,7996800
2025-10-29T04:00:00.000Z,284.3800048828,286.1799926758,274.0,275.3599853516,10184100
2025-10-30T04:00:00.000Z,269.9899902344,271.3699951172,254.0,254.5700073242,15564200
2025-10-31T04:00:00.000Z,269.9800109863,276.3200073242,263.0,269.5100097656,14071800
2025-11-03T05:00:00.000Z,264.1900024414,270.3599853516,259.8500061035,264.6700134277,11074600
2025-11-04T05:00:00.000Z,255.1600036621,258.2099914551,245.8600006104,246.9900054932,15735100
2025-11-05T05:00:00.000Z,250.1999969482,255.3600006104,247.0200042725,255.0,9676200
2025-11-06T05:00:00.000Z,252.1399993896,252.3399963379,235.0299987793,237.1999969482,14468300
2025-11-07T05:00:00.000Z,222.6600036621,243.7299957275,219.6799926758,241.9299926758,16976100
2025-11-10T05:00:00.000Z,249.6799926758,249.9600067139,234.6000061035,238.8800048828,9527200
2025-11-11T05:00:00.000Z,236.4600067139,239.2400054932,230.5500030518,231.3500061035,8340300
2025-11-12T05:00:00.000Z,233.8999938965,234.8399963379,219.8000030518,224.6100006104,10800400
2025-11-13T05:00:00.000Z,223.8000030518,226.0,207.0299987793,208.5399932861,16474500
2025-11-14T05:00:00.000Z,200.5800018311,208.8399963379,194.5599975586,199.75,23233800
2025-11-17T05:00:00.000Z,197.0299987793,204.1499938965,189.5299987793,195.4199981689,19545000
2025-11-18T05:00:00.000Z,196.3600006104,213.8300018311,196.0,206.8000030518,22049500
2025-11-19T05:00:00.000Z,202.3600006104,203.9499969482,181.7299957275,186.5,28025400
2025-11-20T05:00:00.000Z,192.4400024414,193.5299987793,171.4799957275,177.1300048828,27684400
2025-11-21T05:00:00.000Z,172.7400054932,181.1900024414,166.3099975586,170.5,29651300
2025-11-24T05:00:00.000Z,171.6199951172,179.8399963379,166.0099945068,179.0399932861,23282600
2025-11-25T05:00:00.000Z,173.7100067139,176.7599945068,166.7799987793,172.1900024414,19112700
2025-11-26T05:00:00.000Z,173.6900024414,180.6300048828,169.6999969482,175.6399993896,20016500
2025-11-28T05:00:00.000Z,182.9900054932,187.2899932861,175.0500030518,177.1799926758,15114300
2025-12-01T05:00:00.000Z,168.2599945068,172.1799926758,155.6100006104,171.4199981689,42940200
2025-12-02T05:00:00.000Z,177.75,188.3699951172,176.8899993896,181.3300018311,31285600
2025-12-03T05:00:00.000Z,183.3999938965,190.4400024414,177.8200073242,188.3899993896,26686100
2025-12-04T05:00:00.000Z,186.0200042725,191.0,182.3500061035,186.0099945068,16474400
2025-12-05T05:00:00.000Z,183.3399963379,185.3899993896,176.3000030518,178.9900054932,20750700
2025-12-08T05:00:00.000Z,182.1000061035,185.5899963379,178.0,183.6900024414,16328100
2025-12-09T05:00:00.000Z,181.4900054932,198.3999938965,179.9199981689,188.9900054932,24269600
2025-12-10T05:00:00.000Z,189.3200073242,191.0700073242,182.1999969482,184.6399993896,22459000
2025-12-11T05:00:00.000Z,179.7899932861,183.5,171.4100036621,183.3000030518,19542400
2025-12-12T05:00:00.000Z,182.9700012207,185.25,176.2200012207,176.4499969482,14532100
2025-12-15T05:00:00.000Z,176.0,176.5,160.5399932861,162.0800018311,25393400
2025-12-16T05:00:00.000Z,164.9700012207,171.4900054932,161.9499969482,167.5,21181000
2025-12-17T05:00:00.000Z,167.75,171.1600036621,160.3099975586,160.3800048828,19144900
2025-12-18T05:00:00.000Z,167.8099975586,169.5099945068,157.4299926758,158.2400054932,17534700
2025-12-19T05:00:00.000Z,163.3999938965,167.75,161.6300048828,164.8200073242,22062400
2025-12-22T05:00:00.000Z,168.8200073242,170.6699981689,163.6900024414,164.3200073242,19234500
2025-12-23T05:00:00.000Z,162.25,162.7299957275,156.5,157.8800048828,15891200
2025-12-24T05:00:00.000Z,157.1999969482,159.2799987793,155.1000061035,158.7100067139,7097600
2025-12-26T05:00:00.000Z,159.8899993896,159.9100036621,154.1199951172,158.8099975586,12298200
2025-12-29T05:00:00.000Z,157.9499969482,162.9299926758,155.3200073242,155.3899993896,14073500
2025-12-30T05:00:00.000Z,155.8200073242,159.3800048828,154.1300048828,155.6100006104,12740200
2025-12-31T05:00:00.000Z,156.2400054932,156.8000030518,151.4199981689,151.9499969482,15918100
2026-01-02T05:00:00.000Z,154.5899963379,160.7899932861,149.75,157.1600036621,20185600
2026-01-05T05:00:00.000Z,163.4199981689,167.6999969482,160.9600067139,164.7200012207,22859000
2026-01-06T05:00:00.000Z,166.8800048828,167.1399993896,154.0500030518,157.9700012207,22627800
2026-01-07T05:00:00.000Z,163.4499969482,170.1600036621,158.4499969482,161.8300018311,28406900
2026-01-08T05:00:00.000Z,158.6300048828,170.6199951172,156.1699981689,166.9700012207,25159400
2026-01-09T05:00:00.000Z,166.75,167.1999969482,155.4600067139,157.3300018311,27962600
2026-01-12T05:00:00.000Z,156.2700042725,163.8200073242,154.6900024414,162.2299957275,16182000
2026-01-13T05:00:00.000Z,164.4499969482,173.7599945068,159.9299926758,172.9900054932,27656200
2026-01-14T05:00:00.000Z,178.6399993896,190.1999969482,176.1199951172,179.3300018311,40257000
2026-01-15T05:00:00.000Z,179.1300048828,179.25,170.0899963379,170.9100036621,21486500
2026-01-16T05:00:00.000Z,171.9299926758,173.8800048828,167.5899963379,173.7100067139,19462500
2026-01-20T05:00:00.000Z,165.1699981689,165.7200012207,158.8500061035,160.2299957275,25666700
2026-01-21T05:00:00.000Z,161.2700042725,165.7200012207,156.0099945068,163.8099975586,18440800
2026-01-22T05:00:00.000Z,163.7299957275,164.6399993896,159.4400024414,160.9799957275,11116000
2026-01-23T05:00:00.000Z,160.9400024414,168.9600067139,158.7200012207,163.1100006104,14879300
2026-01-26T05:00:00.000Z,159.4100036621,163.9199981689,158.6199951172,160.5800018311,14516500
2026-01-27T05:00:00.000Z,160.3099975586,161.6699981689,156.9799957275,161.5800018311,13962200
2026-01-28T05:00:00.000Z,164.4499969482,165.7200012207,157.0,158.4499969482,14082600
2026-01-29T05:00:00.000Z,155.9499969482,156.0,139.3600006104,143.1900024414,34618500
2026-01-30T05:00:00.000Z,140.0,151.1499938965,139.8999938965,149.7100067139,22768000
2026-02-02T05:00:00.000Z,139.7700042725,147.8800048828,138.0,139.6300048828,27171500
2026-02-03T05:00:00.000Z,140.1399993896,140.2299957275,126.7399978638,133.2599945068,26169000
2026-02-04T05:00:00.000Z,130.0099945068,130.8200073242,121.1900024414,129.0899963379,25775600
2026-02-05T05:00:00.000Z,120.25,122.0,104.1699981689,106.9899978638,60129700
2026-02-06T05:00:00.000Z,114.9499969482,135.6699981689,114.6800003052,134.9299926758,57771000
2026-02-09T05:00:00.000Z,127.3700027466,139.5800018311,125.1299972534,138.4400024414,34291600
2026-02-10T05:00:00.000Z,133.6600036621,139.1600036621,132.6799926758,133.0,23002100
2026-02-11T05:00:00.000Z,133.6900024414,133.9100036621,123.9199981689,126.0699996948,25837800
2026-02-12T05:00:00.000Z,127.5699996948,128.9900054932,120.6399993896,123.0,20960700
2026-02-13T05:00:00.000Z,127.0,135.25,125.7600021362,133.8800048828,24573900
2026-02-17T05:00:00.000Z,129.0099945068,132.1199951172,125.9100036621,128.6699981689,18881000
2026-02-18T05:00:00.000Z,127.6299972534,132.25,123.6200027466,125.1999969482,17307700
2026-02-19T05:00:00.000Z,123.4899978638,130.0399932861,121.8700027466,129.4499969482,15457200
2026-02-20T05:00:00.000Z,130.5099945068,136.1399993896,129.4100036621,131.0500030518,17625400
2026-02-23T05:00:00.000Z,127.9000015259,130.3800048828,122.8300018311,123.7099990845,18858900
2026-02-24T05:00:00.000Z,121.7099990845,126.7399978638,118.4000015259,124.6100006104,15352700
2026-02-25T05:00:00.000Z,130.0500030518,137.8600006104,128.9400024414,135.6499938965,24152100
2026-02-26T05:00:00.000Z,133.6999969482,135.75,128.6399993896,133.3999938965,18110800
2026-02-27T05:00:00.000Z,128.9499969482,131.1199951172,127.8600006104,129.5,14027700
2026-03-02T05:00:00.000Z,129.1399993896,140.1399993896,128.9400024414,137.6499938965,25456100
2026-03-03T05:00:00.000Z,133.3399963379,136.4600067139,127.8000030518,132.6799926758,19405900
2026-03-04T05:00:00.000Z,143.8300018311,149.5399932861,142.1900024414,146.4400024414,37382600
2026-03-05T05:00:00.000Z,145.0399932861,146.4400024414,137.2100067139,139.8099975586,21286000
2026-03-06T05:00:00.000Z,134.8999938965,136.3600006104,131.7700042725,133.5299987793,19538800
2026-03-09T04:00:00.000Z,136.0,140.1900024414,135.3000030518,138.9499969482,20433000
2026-03-10T04:00:00.000Z,141.9299926758,142.4600067139,133.9400024414,138.4600067139,18325000
2026-03-11T04:00:00.000Z,139.8099975586,142.6699981689,135.1399993896,138.3300018311,15637600
2026-03-12T04:00:00.000Z,137.1600036621,138.8000030518,133.3800048828,137.3399963379,15229400
2026-03-13T04:00:00.000Z,143.8600006104,147.2599945068,138.4400024414,139.6699981689,23685400
2026-03-16T04:00:00.000Z,145.3500061035,148.2400054932,143.3099975586,147.5200042725,22933200
2026-03-17T04:00:00.000Z,145.9700012207,152.2700042725,145.2299957275,150.2799987793,18448500
2026-03-18T04:00:00.000Z,144.9900054932,146.7599945068,140.3500061035,140.5599975586,21314100
2026-03-19T04:00:00.000Z,135.0200042725,139.7799987793,132.7599945068,138.2400054932,19227700
2026-03-20T04:00:00.000Z,139.4700012207,139.6900024414,134.1300048828,135.6600036621,28568300
2026-03-23T04:00:00.000Z,138.6100006104,139.9299926758,133.9700012207,138.1999969482,21633700
2026-03-24T04:00:00.000Z,138.7299957275,140.0500030518,134.2799987793,136.25,19098500
2026-03-25T04:00:00.000Z,140.3999938965,143.8500061035,136.8000030518,139.1300048828,18708000
2026-03-26T04:00:00.000Z,136.5500030518,139.0800018311,132.6900024414,132.9299926758,15285500
2026-03-27T04:00:00.000Z,129.8800048828,130.6499938965,123.9800033569,126.0299987793,21475100
2026-03-30T04:00:00.000Z,129.5500030518,130.3399963379,120.8000030518,121.4400024414,15800400
2026-03-31T04:00:00.000Z,123.1600036621,125.3000030518,117.75,124.8000030518,21290300
2026-04-01T04:00:00.000Z,126.1800003052,126.3000030518,121.4400024414,122.7799987793,15378300
2026-04-02T04:00:00.000Z,119.8000030518,122.6500015259,116.4000015259,119.8300018311,17609700
2026-04-06T04:00:00.000Z,124.5699996948,128.4600067139,123.1999969482,127.6900024414,18435900
2026-04-07T04:00:00.000Z,125.3199996948,126.7399978638,121.1399993896,123.7200012207,14284200
2026-04-08T04:00:00.000Z,133.6699981689,134.5,126.1299972534,128.3000030518,17149200
2026-04-09T04:00:00.000Z,127.8300018311,132.2100067139,125.8000030518,128.8600006104,14497400
2026-04-10T04:00:00.000Z,130.0500030518,132.2799987793,127.4000015259,128.6399993896,13097500
2026-04-13T04:00:00.000Z,126.6500015259,132.4900054932,125.0400009155,132.3600006104,12804700
2026-04-14T04:00:00.000Z,137.9299926758,143.6999969482,136.3200073242,137.4100036621,20643200
2026-04-15T04:00:00.000Z,139.75,143.75,135.4900054932,143.5399932861,13941700
2026-04-16T04:00:00.000Z,143.2100067139,149.1600036621,139.3300018311,148.9400024414,17638000
2026-04-17T04:00:00.000Z,154.6300048828,173.1499938965,153.7700042725,166.5200042725,52173700
2026-04-20T04:00:00.000Z,162.3000030518,171.0599975586,160.6399993896,170.8099975586,22173500
2026-04-21T04:00:00.000Z,170.6100006104,172.8999938965,163.75,163.9700012207,22153500
2026-04-22T04:00:00.000Z,174.9299926758,183.25,174.0,179.3600006104,31893900
2026-04-23T04:00:00.000Z,175.8800048828,180.9199981689,171.5399932861,172.4700012207,19559000
2026-04-24T04:00:00.000Z,176.8800048828,177.2799987793,169.0099945068,171.0200042725,14119400
2026-04-27T04:00:00.000Z,170.9199981689,175.75,167.6100006104,169.1999969482,13295400
2026-04-28T04:00:00.000Z,163.8699951172,166.8399963379,159.6799926758,165.7100067139,13858700
2026-04-29T04:00:00.000Z,165.7100067139,165.7400054932,156.1100006104,158.1900024414,15146200
2026-04-30T04:00:00.000Z,161.7700042725,166.8399963379,159.0,165.4499969482,12437800
2026-05-01T04:00:00.000Z,170.8000030518,180.3800048828,169.4299926758,177.1699981689,21661200
2026-05-04T04:00:00.000Z,180.8999938965,186.0099945068,178.4900054932,183.8000030518,18210200
2026-05-05T04:00:00.000Z,189.5500030518,190.4100036621,183.7200012207,186.8999938965,15512800
2026-05-06T04:00:00.000Z,184.5700073242,188.2599945068,178.9400024414,186.8200073242,14338600
2026-05-07T04:00:00.000Z,184.4100036621,184.4100036621,175.7200012207,179.8399963379,15918100
2026-05-08T04:00:00.000Z,178.6799926758,187.7700042725,177.6000061035,187.5899963379,15985200
2026-05-11T04:00:00.000Z,189.1999969482,197.0,182.3099975586,195.9400024414,15986400
