Date,Open,High,Low,Close,Volume
2021-01-04T05:00:00.000Z,13.0667941309,13.613477268,12.9254489596,13.0760173798,560640000
2021-01-05T05:00:00.000Z,13.0623074607,13.4050749439,13.0495942302,13.3664360046,322760000
2021-01-06T05:00:00.000Z,13.1847044596,13.2071401833,12.550024434,12.5784425735,580424000
2021-01-07T05:00:00.000Z,12.9304364889,13.3395145889,12.849668624,13.3058605194,461480000
2021-01-08T05:00:00.000Z,13.3243074434,13.3826395766,13.0047231249,13.2388019562,292528000
2021-01-11T05:00:00.000Z,13.3803955676,13.9210963089,13.3243067249,13.5825662613,518344000
2021-01-12T05:00:00.000Z,13.7131905652,13.715185655,13.3068560144,13.4462060928,291476000
2021-01-13T05:00:00.000Z,13.4514428384,13.5860572114,13.3467434044,13.4930734634,210028000
2021-01-14T05:00:00.000Z,13.5361984456,13.5608774593,13.1428262639,13.162519455,283120000
2021-01-15T05:00:00.000Z,13.1901918449,13.2871638729,12.8117770825,12.8227453232,277780000
2021-01-19T05:00:00.000Z,12.9790439392,13.0565719036,12.807286505,12.9880189896,226188000
2021-01-20T05:00:00.000Z,13.0742733536,13.3921126757,13.0194312025,13.327548027,258572000
2021-01-21T05:00:00.000Z,13.3801476072,13.9592381897,13.2151209461,13.8278646469,337780000
2021-01-22T05:00:00.000Z,13.7007280166,13.8021875669,13.5883002261,13.6733064651,246820000
2021-01-25T05:00:00.000Z,13.7423551997,13.7889716354,13.1986638337,13.6142225266,251112000
2021-01-26T05:00:00.000Z,13.5416819191,13.605748263,13.3492337391,13.3968477249,163980000
2021-01-27T05:00:00.000Z,13.1921826406,13.1949251755,12.7571798928,12.8808259964,371272000
2021-01-28T05:00:00.000Z,12.9591027195,13.3016210238,12.9234545165,13.0136957169,228316000
2021-01-29T05:00:00.000Z,13.0376286519,13.2966365958,12.8745961374,12.9526224136,271552000
2021-02-01T05:00:00.000Z,13.0159413424,13.2328194148,12.8658712068,13.1991662979,217204000
2021-02-02T05:00:00.000Z,13.3604522268,13.5332062676,13.2475252026,13.5180006027,220440000
2021-02-03T05:00:00.000Z,13.5970228144,13.8919280648,13.4778651819,13.4918251038,245408000
2021-02-04T05:00:00.000Z,13.4923261197,13.6344187532,13.2996287595,13.6251955032,201340000
2021-02-05T05:00:00.000Z,13.6857723254,13.6979872599,13.507033933,13.552154541,169152000
2021-02-08T05:00:00.000Z,13.6880153363,14.4323817304,13.6880153363,14.3974819183,434624000
2021-02-09T05:00:00.000Z,14.2997615186,14.541568718,14.1818496031,14.2224836349,287560000
2021-02-10T05:00:00.000Z,14.4219113417,14.8623983071,14.3005094489,14.7220506668,485352000
2021-02-11T05:00:00.000Z,14.9374339057,15.2285991307,14.8823416535,15.207159996,450828000
2021-02-12T05:00:00.000Z,15.0069808884,15.2475413314,14.7327663848,14.9184846878,374756000
2021-02-16T05:00:00.000Z,15.021190889,15.3285602245,14.9072672745,15.2864303589,321960000
2021-02-17T05:00:00.000Z,15.127635716,15.1799863761,14.7377535307,14.8633937836,274756000
2021-02-18T05:00:00.000Z,14.6869027116,14.8307403428,14.5333425819,14.7866172791,233868000
2021-02-19T05:00:00.000Z,14.9815571723,15.133621452,14.8043155789,14.8838376999,271724000
2021-02-22T05:00:00.000Z,14.7325183637,15.0899941249,14.2840539595,14.3147163391,325884000
2021-02-23T05:00:00.000Z,14.0350189763,14.1980524347,13.3512290191,14.1015787125,391780000
2021-02-24T05:00:00.000Z,14.0823828545,14.4652850822,13.7166804305,14.4575567245,448320000
2021-02-25T05:00:00.000Z,14.0053570764,14.3336663985,13.1784777296,13.2694664001,824436000
2021-02-26T05:00:00.000Z,13.7131930518,13.8149017577,13.3228124918,13.6753025055,500932000
2021-03-01T05:00:00.000Z,13.8353408286,13.8851981029,13.5145108046,13.8021860123,353184000
2021-03-02T05:00:00.000Z,13.8602687278,13.8807103144,13.357709619,13.3679304123,264116000
2021-03-03T05:00:00.000Z,13.3878728971,13.4130502052,12.762166009,12.7681493759,377592000
2021-03-04T05:00:00.000Z,12.7641628063,12.9379153678,12.0492121208,12.3348932266,573344000
2021-03-05T05:00:00.000Z,12.5141303694,12.5141303694,11.6458686802,12.4258832932,542840000
2021-03-08T05:00:00.000Z,12.4144146401,12.4356036741,11.533439802,11.5601139069,543112000
2021-03-09T05:00:00.000Z,12.0997525727,12.5850292202,12.0289309792,12.4887723923,521824000
2021-03-10T05:00:00.000Z,12.808215723,12.9473646511,12.426179257,12.4369020462,384376000
2021-03-11T05:00:00.000Z,12.9174420131,13.0134505622,12.7024839268,12.9608325958,299916000
2021-03-12T05:00:00.000Z,12.616450012,12.8563458076,12.5583469864,12.8236780167,243964000
2021-03-15T04:00:00.000Z,12.8324067352,13.1735469231,12.7351520114,13.1580858231,221988000
2021-03-16T04:00:00.000Z,13.322920791,13.4785287365,13.0837736253,13.2578353882,272128000
2021-03-17T04:00:00.000Z,13.0069692281,13.4194295553,12.9568454992,13.3077116013,243864000
2021-03-18T04:00:00.000Z,13.1034722791,13.1508525111,12.6850266452,12.6905126572,293896000
2021-03-19T04:00:00.000Z,12.7179454956,12.8890145366,12.5807913717,12.813454628,299208000
2021-03-22T04:00:00.000Z,12.880288092,13.360826527,12.8743026583,13.1531000137,297804000
2021-03-23T04:00:00.000Z,13.2209265199,13.3109496339,12.9885125127,13.0378885269,222048000
2021-03-24T04:00:00.000Z,13.1181861207,13.1261663806,12.6049799681,12.6112136841,245840000
2021-03-25T04:00:00.000Z,12.4680769335,12.6827858171,12.2411488992,12.503736496,295144000
2021-03-26T04:00:00.000Z,12.5229364983,12.8239280547,12.342391792,12.8069705963,363968000
2021-03-29T04:00:00.000Z,12.7880176949,13.0296590866,12.668070271,12.9156961441,273520000
2021-03-30T04:00:00.000Z,12.8097137716,12.942629002,12.6730581213,12.8393888474,200204000
2021-03-31T04:00:00.000Z,12.9827787209,13.4366347614,12.9498616914,13.3146924973,314776000
2021-04-01T04:00:00.000Z,13.538130134,13.8351311199,13.4772826643,13.7770280838,308276000
2021-04-05T04:00:00.000Z,13.8326380995,13.9787694405,13.6984757236,13.9523363113,255672000
2021-04-06T04:00:00.000Z,13.9645533955,14.0189160043,13.7388725146,13.8266506195,191744000
2021-04-07T04:00:00.000Z,13.845852529,14.2076906034,13.6770284995,14.1079425812,251284000
2021-04-08T04:00:00.000Z,14.2169154998,14.4351155089,14.2131741292,14.281003952,244416000
2021-04-09T04:00:00.000Z,14.1782658733,14.3717784024,14.1393643603,14.3637981415,195172000
2021-04-12T04:00:00.000Z,14.2538254426,15.3139035354,14.1037035052,15.1707639694,869324000
2021-04-13T04:00:00.000Z,15.1932086485,15.6605310063,15.0877244136,15.6400823593,676212000
2021-04-14T04:00:00.000Z,15.585715831,15.6809757185,15.1892151822,15.2385911942,385500000
2021-04-15T04:00:00.000Z,15.6231264576,16.1734895972,15.5922042515,16.0966835022,598480000
2021-04-16T04:00:00.000Z,16.0126405831,16.1251081224,15.8253627432,15.8724946976,335208000
2021-04-19T04:00:00.000Z,15.4974377598,15.7677563142,15.1947006513,15.3231267929,404420000
2021-04-20T04:00:00.000Z,15.284729322,15.4580424628,14.9253854193,15.1331119537,334132000
2021-04-21T04:00:00.000Z,15.0807421362,15.3238799365,15.0642840955,15.3218851089,216776000
2021-04-22T04:00:00.000Z,15.3363453173,15.3996860737,14.7463321411,14.8129148483,277788000
2021-04-23T04:00:00.000Z,14.8967042709,15.296446921,14.8627903045,15.2268724442,227500000
2021-04-26T04:00:00.000Z,15.1468233315,15.4400838496,15.0869737608,15.4390859604,197796000
2021-04-27T04:00:00.000Z,15.5393336491,15.6311023581,15.3158968337,15.3430786133,164572000
2021-04-28T04:00:00.000Z,15.3258711472,15.4931997536,15.1772455905,15.2383413315,209416000
2021-04-29T04:00:00.000Z,15.3612829469,15.3976911605,15.0336090243,15.2862224579,173196000
2021-04-30T04:00:00.000Z,15.1363506556,15.3263710321,14.9592961807,14.9717645645,201912000
2021-05-03T04:00:00.000Z,15.0869732752,15.208417054,14.7503221859,14.7994480133,203912000
2021-05-04T04:00:00.000Z,14.6004505553,14.6006997898,13.9750270355,14.3151693344,405324000
2021-05-05T04:00:00.000Z,14.6720195998,14.776257644,14.351328061,14.4221496582,292024000
2021-05-06T04:00:00.000Z,14.4588071399,14.5346162808,14.1822548381,14.4864873886,193380000
2021-05-07T04:00:00.000Z,14.7710214081,14.9331123005,14.6348642214,14.7750110626,229328000
2021-05-10T04:00:00.000Z,14.7500726696,14.7687757202,14.2141738135,14.2298841476,268904000
2021-05-11T04:00:00.000Z,13.7902419089,14.3186599171,13.7154306592,14.2702817917,285584000
2021-05-12T04:00:00.000Z,13.9742797245,14.2243998803,13.6747854498,13.7239112854,303408000
2021-05-13T04:00:00.000Z,13.9984679889,14.0453507111,13.4251629941,13.6308946609,285404000
2021-05-14T04:00:00.000Z,13.8550792625,14.2919778054,13.7139345381,14.2071914673,258616000
2021-05-17T04:00:00.000Z,14.1214069448,14.1336260933,13.8186707617,14.1298856735,216980000
2021-05-18T04:00:00.000Z,14.2311331536,14.3680380557,13.968793845,13.9805145264,186256000
2021-05-19T04:00:00.000Z,13.5323916958,14.0441024315,13.5092005223,14.0303869247,344000000
2021-05-20T04:00:00.000Z,14.266540771,14.646832622,14.2346216356,14.575761795,321592000
2021-05-21T04:00:00.000Z,15.1256251847,15.1837291595,14.8321154486,14.9540576935,672992000
2021-05-24T04:00:00.000Z,15.174253636,15.7054151358,15.137845424,15.5727500916,554816000
2021-05-25T04:00:00.000Z,15.7263624826,15.778730264,15.4435755118,15.6084098816,435408000
2021-05-26T04:00:00.000Z,15.694689466,15.7540396065,15.5470618181,15.660525322,370440000
2021-05-27T04:00:00.000Z,15.6602780949,15.710401811,15.4211309586,15.4490604401,581476000
2021-05-28T04:00:00.000Z,15.4620331192,16.2365808587,15.4620331192,16.2036628723,644536000
2021-06-01T04:00:00.000Z,16.2290930725,16.347045652,15.8632644704,16.2236061096,472804000
2021-06-02T04:00:00.000Z,16.2113846433,16.8762088309,16.1946764261,16.7360610962,594168000
2021-06-03T04:00:00.000Z,16.6587686976,17.215615818,16.5413145252,16.9270915985,580008000
2021-06-04T04:00:00.000Z,17.0694769098,17.6165979935,17.052521354,17.5340576172,617120000
2021-06-07T04:00:00.000Z,17.527080403,17.7677230369,17.1495318894,17.5747089386,575756000
2021-06-08T04:00:00.000Z,17.4831875007,17.5772002861,17.2076311448,17.4131145477,323848000
2021-06-09T04:00:00.000Z,17.4757199839,17.5348344508,17.2163139655,17.3185787201,381656000
2021-06-10T04:00:00.000Z,17.3103501528,17.4520258359,17.1367480108,17.3851776123,287772000
2021-06-11T04:00:00.000Z,17.4395490899,17.8982494228,17.4038813625,17.7845096588,416308000
2021-06-14T04:00:00.000Z,17.8650762593,17.9982702946,17.6223823098,17.9775676727,321376000
2021-06-15T04:00:00.000Z,17.8740605064,17.9750788195,17.6874875758,17.7478485107,243032000
2021-06-16T04:00:00.000Z,17.7500903403,17.9137150823,17.5443105759,17.7695446014,307124000
2021-06-17T04:00:00.000Z,17.7338767096,18.791952156,17.7156689067,18.6146087646,809656000
2021-06-18T04:00:00.000Z,18.7410697038,19.3307185819,18.5415260412,18.5961513519,968856000
2021-06-21T04:00:00.000Z,18.3931148805,18.4941350683,17.7820155332,18.3851337433,672384000
2021-06-22T04:00:00.000Z,18.429284231,18.9204096471,18.3439789237,18.8435840607,580144000
2021-06-23T04:00:00.000Z,18.9643083799,19.108977447,18.8645365439,19.0136947632,332356000
2021-06-24T04:00:00.000Z,19.1838118382,19.3756218114,19.0446290533,19.161611557,320924000
2021-06-25T04:00:00.000Z,19.2364330708,19.3012850402,18.8513156287,18.9875030518,278364000
2021-06-28T04:00:00.000Z,19.3170002144,20.0328610691,19.2748470956,19.9393253326,495436000
2021-06-29T04:00:00.000Z,19.8370568379,20.0528120504,19.6120721275,19.9809780121,367632000
2021-06-30T04:00:00.000Z,19.9535367869,20.116413605,19.818346554,19.95677948,326568000
2021-07-01T04:00:00.000Z,20.0790028606,20.4092457121,19.9732442331,20.1658039093,480136000
2021-07-02T04:00:00.000Z,20.3935356443,20.4583876242,20.2413840201,20.4401779175,342764000
2021-07-06T04:00:00.000Z,20.6901040435,20.7943650278,20.3037401014,20.6511936188,446708000
2021-07-07T04:00:00.000Z,20.8058448799,20.8272953816,20.2855370038,20.3251953125,418428000
2021-07-08T04:00:00.000Z,19.8111217783,20.0869886792,19.6557274459,19.8572654724,503300000
2021-07-09T04:00:00.000Z,19.9168761156,20.0343571701,19.7091020171,20.0044250488,296624000
2021-07-12T04:00:00.000Z,20.1937456062,20.4858259953,20.1416151036,20.4656238556,321984000
2021-07-13T04:00:00.000Z,20.3538754813,20.4144876007,20.0680312306,20.2037200928,290708000
2021-07-14T04:00:00.000Z,20.3112208913,20.3710832243,19.7076041175,19.7961502075,380100000
2021-07-15T04:00:00.000Z,19.7664736496,19.8016428018,18.8154012755,18.9229049683,550564000
2021-07-16T04:00:00.000Z,18.98700541,19.1132154669,18.0316933594,18.1194915771,688224000
2021-07-19T04:00:00.000Z,17.8743055243,18.9984793813,17.8246679489,18.7368297577,749060000
2021-07-20T04:00:00.000Z,18.6871921642,18.7949451325,18.1224857713,18.5694618225,434687000
2021-07-21T04:00:00.000Z,18.8388455867,19.4823719106,18.6991661625,19.3656387329,371017000
2021-07-22T04:00:00.000Z,19.5971116777,19.8415507054,19.2319469832,19.5492210388,323826000
2021-07-23T04:00:00.000Z,19.6110755327,19.654975593,19.2060033255,19.513299942,195672000
2021-07-26T04:00:00.000Z,19.2668697954,19.3975690385,18.8707757877,19.2499084473,203943000
2021-07-27T04:00:00.000Z,19.2209734089,19.5771579129,18.6981707298,19.1641044617,248863000
2021-07-28T04:00:00.000Z,19.2748422659,19.6010944979,18.9515834354,19.4584217072,202191000
2021-07-29T04:00:00.000Z,19.4743925803,19.807630832,19.2838290854,19.617067337,190781000
2021-07-30T04:00:00.000Z,19.3736210956,19.5851364812,19.2189765527,19.4544372559,183497000
2021-08-02T04:00:00.000Z,19.6549738227,19.9153769532,19.3167479514,19.7048587799,217444000
2021-08-03T04:00:00.000Z,19.6948831028,20.17578182,19.1760711298,19.7697124481,301811000
2021-08-04T04:00:00.000Z,19.9443098583,20.2715611889,19.7826794771,20.2276611328,231309000
2021-08-05T04:00:00.000Z,20.4531462936,20.6856135633,20.2955064661,20.5898323059,211435000
2021-08-06T04:00:00.000Z,20.4770921172,20.5229865113,20.1638086902,20.3194522858,178497000
2021-08-09T04:00:00.000Z,20.3992711429,20.46112972,20.0969641321,20.2486171722,146443000
2021-08-10T04:00:00.000Z,20.2755555762,20.3833085496,19.7896671748,19.8904380798,179238000
2021-08-11T04:00:00.000Z,19.9971920163,20.0031788213,19.3855940318,19.6539783478,185925000
2021-08-12T04:00:00.000Z,19.8245905619,19.9832256811,19.5751619041,19.8595104218,151652000
2021-08-13T04:00:00.000Z,19.8595030629,20.167796785,19.8056256403,20.1418552399,183063000
2021-08-16T04:00:00.000Z,20.0889803237,20.2406333437,19.4085379695,19.9044036865,210876000
2021-08-17T04:00:00.000Z,19.6400089127,19.7248156327,19.2229649928,19.4135284424,204585000
2021-08-18T04:00:00.000Z,19.4554325073,19.5891270251,18.9565752635,18.9964847565,285913000
2021-08-19T04:00:00.000Z,19.449446239,20.4481598235,18.7191188638,19.7527523041,766555000
2021-08-20T04:00:00.000Z,19.9453097652,20.8173127851,19.887443664,20.7684249878,675741000
2021-08-23T04:00:00.000Z,20.9230685315,21.9467225371,20.9021166213,21.9078121185,575807000
2021-08-24T04:00:00.000Z,21.7032812722,21.9088098113,21.4857791253,21.743188858,297299000
2021-08-25T04:00:00.000Z,21.6873195127,22.4186440403,21.6723544042,22.1622314453,347701000
2021-08-26T04:00:00.000Z,22.149266897,22.2889463448,21.740204026,22.0175685883,237940000
2021-08-27T04:00:00.000Z,22.1332981431,22.6700686424,22.116336799,22.5842647552,304722000
2021-08-30T04:00:00.000Z,22.7778202846,22.9903328028,22.4994586294,22.6361446381,262580000
2021-08-31T04:00:00.000Z,22.6471235999,22.6471235999,22.0733377296,22.3377780914,259850000
2021-09-01T04:00:00.000Z,22.4375654847,22.6491181357,22.309835259,22.3936576843,201767000
2021-09-02T04:00:00.000Z,22.4704972613,22.545339808,22.2479681128,22.3487548828,187834000
2021-09-03T04:00:00.000Z,22.2779024979,22.9375073092,22.153166206,22.7948093414,280532000
2021-09-07T04:00:00.000Z,22.7848317495,22.8506925009,22.474487012,22.6141929626,198107000
2021-09-08T04:00:00.000Z,22.4655124117,22.5623079254,21.930641827,22.2918796539,254434000
2021-09-09T04:00:00.000Z,22.2649339569,22.490457051,22.0843160131,22.1302185059,196856000
2021-09-10T04:00:00.000Z,22.3008533266,22.5782667247,22.2230187617,22.4305801392,248376000
2021-09-13T04:00:00.000Z,22.6361457579,22.915555754,21.8118880777,22.1052684784,297500000
2021-09-14T04:00:00.000Z,22.2280092288,22.362724667,22.0394087574,22.1950798035,199755000
2021-09-15T04:00:00.000Z,22.2619426507,22.3198208721,21.9196657448,22.2938747406,166538000
2021-09-16T04:00:00.000Z,22.1362042521,22.2300058167,21.8807437811,22.1950798035,156033000
2021-09-17T04:00:00.000Z,22.2529556073,22.2739112148,21.7839477951,21.8537998199,294503000
2021-09-20T04:00:00.000Z,21.1013956187,21.3877908904,20.6184172897,21.0684661865,349440000
2021-09-21T04:00:00.000Z,21.3718221344,21.3798046803,20.9058081827,21.2011833191,204688000
2021-09-22T04:00:00.000Z,21.3209302999,21.9136771937,21.1512888177,21.8947181702,268726000
2021-09-23T04:00:00.000Z,22.093296502,22.487463732,21.8438238607,22.4345760345,248555000
2021-09-24T04:00:00.000Z,22.0234435374,22.1022773608,21.8148847836,22.0344200134,217655000
2021-09-27T04:00:00.000Z,21.6642011657,21.7530141178,21.2800150101,21.6143074036,245215000
2021-09-28T04:00:00.000Z,21.169245455,21.3738128897,20.6074315887,20.655330658,343069000
2021-09-29T04:00:00.000Z,20.8958227469,20.9726599625,20.4238191731,20.4737148285,218394000
2021-09-30T04:00:00.000Z,20.7241906933,21.0215624136,20.644359525,20.6723003387,221009000
2021-10-01T04:00:00.000Z,20.7062304559,20.8149997879,20.1603834013,20.6982479095,240978000
2021-10-04T04:00:00.000Z,20.4607451492,20.4986650922,19.5137477221,19.6903743744,345635000
2021-10-05T04:00:00.000Z,19.9079171861,20.6044447426,19.8121190235,20.4078598022,279282000
2021-10-06T04:00:00.000Z,20.0775556608,20.6762883774,20.0376391313,20.656332016,297202000
2021-10-07T04:00:00.000Z,21.0475009885,21.277017201,20.9277552199,21.030538559,256919000
2021-10-08T04:00:00.000Z,21.0564887878,21.161266841,20.7311762482,20.7870578766,151258000
2021-10-11T04:00:00.000Z,20.5315985011,21.0185680463,20.4677324258,20.6513442993,163388000
2021-10-12T04:00:00.000Z,20.7840621174,21.0125791296,20.4846957335,20.6273937225,162134000
2021-10-13T04:00:00.000Z,20.8738674705,20.9457160708,20.6693000459,20.8948230743,180652000
2021-10-14T04:00:00.000Z,21.2430870243,21.7091008111,21.077436883,21.7001209259,243589000
2021-10-15T04:00:00.000Z,21.7639856688,21.8847306775,21.6162991005,21.8158760071,226994000
2021-10-18T04:00:00.000Z,21.703121426,22.2439779041,21.5983414751,22.1751232147,189494000
2021-10-19T04:00:00.000Z,22.229006741,22.3317900969,21.9905125069,22.2429790497,161473000
2021-10-20T04:00:00.000Z,22.2579452104,22.3856754378,21.9356266637,22.0563716888,146276000
2021-10-21T04:00:00.000Z,22.050390258,22.6630954492,22.0364198495,22.6441345215,187590000
2021-10-22T04:00:00.000Z,22.774856037,23.0812076449,22.5134095802,22.6780605316,249384000
2021-10-25T04:00:00.000Z,22.924536633,23.3057307503,22.721965757,23.1171302795,230235000
2021-10-26T04:00:00.000Z,23.9383948642,25.2057162211,23.8735314506,24.6648578644,485898000
2021-10-27T04:00:00.000Z,24.422375799,25.0370756402,24.2307794613,24.3994235992,245990000
2021-10-28T04:00:00.000Z,24.8255170457,24.8973656553,24.4712664189,24.8883838654,234204000
2021-10-29T04:00:00.000Z,24.9482574766,25.6547640663,24.9472601343,25.5130634308,292503000
2021-11-01T04:00:00.000Z,25.5948922534,25.8393743472,25.1737816015,25.7725162506,265740000
2021-11-02T04:00:00.000Z,25.7675273576,26.6217205664,25.7455725042,26.3453044891,294112000
2021-11-03T04:00:00.000Z,26.6137397165,26.7274995533,26.1796578819,26.541891098,239910000
2021-11-04T04:00:00.000Z,27.171559602,31.2988342514,27.0607936993,29.7381343842,1153631000
2021-11-05T04:00:00.000Z,30.1233155387,31.3337558491,29.3479543292,29.6892337799,851260000
2021-11-08T05:00:00.000Z,30.0853985734,31.0343925802,29.8439085121,30.7390174866,503101000
2021-11-09T05:00:00.000Z,32.2139030111,32.2418438237,29.9007920118,30.5923290253,646746000
2021-11-10T05:00:00.000Z,29.2940786501,30.7849267549,28.7172968376,29.3968601227,636206000
2021-11-11T05:00:00.000Z,30.4037222367,30.5254645951,29.7141800509,30.3258857727,332172000
2021-11-12T05:00:00.000Z,29.9466882941,30.6152748749,29.5674889122,30.3258857727,413054000
2021-11-15T05:00:00.000Z,30.4875490787,30.5793540561,29.1853017367,29.9616603851,384909000
2021-11-16T05:00:00.000Z,29.6962243167,30.3258918398,29.6433347191,30.1392860413,264484000
2021-11-17T05:00:00.000Z,30.353830996,30.4446405344,28.7392442165,29.1992721558,428508000
2021-11-18T05:00:00.000Z,32.2987245185,32.6908932573,31.2549295555,31.6081829071,781711000
2021-11-19T05:00:00.000Z,32.1749739759,33.018192419,31.8376877407,32.9154090881,533867000
2021-11-22T05:00:00.000Z,33.4462959298,34.5739133195,31.8327082317,31.888589859,754335000
2021-11-23T05:00:00.000Z,31.4684741452,32.2917345005,30.8148552369,31.6790294647,532163000
2021-11-24T05:00:00.000Z,31.3946278995,32.7856861117,30.8627514132,32.6050682068,435162000
2021-11-26T05:00:00.000Z,32.5312265324,32.6409950889,31.2838653968,31.436542511,283069000
2021-11-29T05:00:00.000Z,32.2977275886,33.3415187583,31.9684218706,33.3055953979,454964000
2021-11-30T05:00:00.000Z,33.0990232593,33.2826369996,31.7967779703,32.6070632935,622066000
2021-12-01T05:00:00.000Z,33.1529849975,33.2228455806,31.3176370742,31.3725280762,484368000
2021-12-02T05:00:00.000Z,31.1519666024,32.4134544924,30.9633411361,32.0621528625,472890000
2021-12-03T05:00:00.000Z,31.9364055568,32.0651508059,30.0701210195,30.6320037842,544325000
2021-12-06T05:00:00.000Z,29.8206206836,30.180903354,27.9822821083,29.9773101807,658938000
2021-12-07T05:00:00.000Z,30.8954730715,32.3845082702,30.5900795927,32.3625488281,593053000
2021-12-08T05:00:00.000Z,31.9354052304,32.2258272578,31.3585529364,31.7627487183,475551000
2021-12-09T05:00:00.000Z,31.6709284504,32.1409949192,30.3675243476,30.4294013977,488507000
2021-12-10T05:00:00.000Z,31.0880948817,31.2427875338,29.8016569672,30.1379871368,488825000
2021-12-13T05:00:00.000Z,30.1888835128,30.2337941557,28.0601213243,28.1050319672,598344000
2021-12-14T05:00:00.000Z,27.6439491139,28.6210034948,27.1958420715,28.2806816101,667035000
2021-12-15T05:00:00.000Z,28.3435581048,30.4393849932,27.7826747367,30.3984661102,698297000
2021-12-16T05:00:00.000Z,31.0900897802,31.0980733026,28.0371691393,28.3305835724,707366000
2021-12-17T05:00:00.000Z,27.9293847711,28.8645229033,27.7048315429,27.7457504272,713758000
2021-12-20T05:00:00.000Z,27.2507331554,28.0880644871,27.0910512987,27.6639099121,461847000
2021-12-21T05:00:00.000Z,28.3176087162,29.0621263698,27.3465410253,29.0172157288,524385000
2021-12-22T05:00:00.000Z,28.8335788681,29.4962587031,28.3924560185,29.3415660858,395184000
2021-12-23T05:00:00.000Z,29.695864055,29.999260738,29.3725085667,29.5810928345,343022000
2021-12-27T05:00:00.000Z,29.6010549539,31.0252190467,29.5810942441,30.8835010529,403686000
2021-12-28T05:00:00.000Z,31.249770045,31.2677339211,29.9523525545,30.2617378235,420591000
2021-12-29T05:00:00.000Z,30.2128345014,30.4872875706,29.3076356303,29.9413738251,343139000
2021-12-30T05:00:00.000Z,29.7677248003,30.3964738743,29.4812964009,29.5272045135,308864000
2021-12-31T05:00:00.000Z,29.6150283312,29.9703217471,29.2727095676,29.3525505066,266530000
2022-01-03T05:00:00.000Z,29.7557465377,30.649965746,29.7258054741,30.0611381531,391547000
2022-01-04T05:00:00.000Z,30.2168285109,30.407448906,28.2926606828,29.2317905426,527154000
2022-01-05T05:00:00.000Z,28.891467242,29.357540103,27.4782828857,27.5491409302,498064000
2022-01-06T05:00:00.000Z,27.5850707032,28.3814851811,27.0112145369,28.1220016479,454186000
2022-01-07T05:00:00.000Z,28.0850763871,28.3655180953,27.0032290726,27.1928520203,409939000
2022-01-10T05:00:00.000Z,26.5281722533,27.414407928,25.5930341745,27.3455448151,594681000
2022-01-11T05:00:00.000Z,27.2686991198,28.009225072,26.7856617518,27.7617168427,404089000
2022-01-12T05:00:00.000Z,28.011219306,28.5381698412,27.5531318844,27.9433555603,383413000
2022-01-13T05:00:00.000Z,28.3226020414,28.4234011563,26.4453396404,26.5221881866,540171000
2022-01-14T05:00:00.000Z,26.2477320231,27.1429506372,26.1579107321,26.8884563446,395832000
2022-01-18T05:00:00.000Z,26.2078113907,26.5850604165,25.7187854398,25.8515205383,424270000
2022-01-19T05:00:00.000Z,26.0271711879,26.4902478334,25.0022118166,25.0171813965,488315000
2022-01-20T05:00:00.000Z,25.2537088342,25.5281618875,24.0301437886,24.1020011902,435181000
2022-01-21T05:00:00.000Z,23.4602821706,24.7736667376,23.2167676138,23.3275470734,718958000
2022-01-24T05:00:00.000Z,22.2856211395,23.3335336014,20.846487543,23.3255500793,913982000
2022-01-25T05:00:00.000Z,22.5011876336,22.8973998297,21.9562733223,22.2796287537,664616000
2022-01-26T05:00:00.000Z,23.193810142,24.0091857865,22.2556778642,22.7267398834,755959000
2022-01-27T05:00:00.000Z,23.5211617268,23.9473131523,21.6319223234,21.9003887177,573353000
2022-01-28T05:00:00.000Z,21.9682498992,22.8125691296,21.2536733576,22.7946052551,543774000
2022-01-31T05:00:00.000Z,23.1359285234,24.4602928821,23.0061877161,24.4373378754,564680000
2022-02-01T05:00:00.000Z,25.0541104553,25.0950293407,23.8425223591,24.5890369415,518925000
2022-02-02T05:00:00.000Z,25.7427384213,25.765691524,24.5042036197,25.1918354034,543419000
2022-02-03T05:00:00.000Z,24.4093905942,25.0271598313,23.7327386027,23.9004039764,410178000
2022-02-04T05:00:00.000Z,23.9243519044,24.5860341915,23.585027557,24.2706623077,354829000
2022-02-07T05:00:00.000Z,24.3235643964,25.1319541215,24.1539021673,24.6788578033,376868000
2022-02-08T05:00:00.000Z,24.3105877735,25.179857023,23.9323412937,25.0580997467,410359000
2022-02-09T05:00:00.000Z,25.571078227,26.6718867492,25.3026137397,26.6519260406,524282000
2022-02-10T05:00:00.000Z,25.9433380518,26.8714881593,25.5491226229,25.7726764679,513200000
2022-02-11T05:00:00.000Z,25.8644910644,26.1000220639,23.7257507306,23.9013996124,605472000
2022-02-14T05:00:00.000Z,23.8864344969,24.8255643742,23.7077893819,24.2187728882,440424000
2022-02-15T05:00:00.000Z,24.899415755,26.4922445341,24.7347446659,26.4423446655,699869000
2022-02-16T05:00:00.000Z,26.2068130082,26.5291710246,25.5012173861,26.4583110809,732676000
2022-02-17T05:00:00.000Z,25.5790592241,25.733751845,24.1169726808,24.4582920074,810595000
2022-02-18T05:00:00.000Z,24.6189785721,24.9363474286,23.0540956418,23.5950183868,761255000
2022-02-22T05:00:00.000Z,22.9892232388,24.0161776748,22.9542929453,23.3435173035,633422000
2022-02-23T05:00:00.000Z,23.7546971288,24.1069962336,22.2566806901,22.342508316,566511000
2022-02-24T05:00:00.000Z,20.9732319891,23.7526966375,20.8484804271,23.700799942,735801000
2022-02-25T05:00:00.000Z,23.6738591807,24.16887185,23.3345347211,24.1089916229,528866000
2022-02-28T05:00:00.000Z,23.9443253296,24.6159883254,23.6598918143,24.3365440369,477319000
2022-03-01T05:00:00.000Z,24.2427290269,24.3285585684,23.0860318083,23.4303455353,412056000
2022-03-02T05:00:00.000Z,23.7128278763,24.3646410338,23.372447984,24.175983429,389642000
2022-03-03T05:00:00.000Z,24.2179047338,24.2817894999,23.4263466839,23.6709022522,365095000
2022-03-04T05:00:00.000Z,23.3415053442,23.6369669551,22.4411441103,22.8943195343,431415000
2022-03-07T05:00:00.000Z,22.7755319441,22.9911408948,21.2912348973,21.3131942749,450821000
2022-03-08T05:00:00.000Z,21.2702700565,22.3323353715,20.6124674193,21.4748973846,557467000
2022-03-09T05:00:00.000Z,22.346317976,23.1778044498,22.2065729901,22.9721794128,492742000
2022-03-10T05:00:00.000Z,22.4900550906,22.7465880202,21.8422343352,22.6168251038,428066000
2022-03-11T05:00:00.000Z,22.9801587537,23.1029363079,22.0059327216,22.059835434,367209000
2022-03-14T04:00:00.000Z,21.8292569101,22.2215423602,21.1205481082,21.2912368774,385354000
2022-03-15T04:00:00.000Z,21.4788939373,22.9961320239,21.2832509906,22.9312496185,491996000
2022-03-16T04:00:00.000Z,23.4572980417,24.5523047998,23.1298949354,24.4514884949,671422000
2022-03-17T04:00:00.000Z,24.076167121,24.7968532352,23.8625553265,24.720993042,471941000
2022-03-18T04:00:00.000Z,24.7539309825,26.5207147056,24.5792497828,26.4049243927,730719000
2022-03-21T04:00:00.000Z,26.4588304045,27.102658742,25.9198107999,26.6854171753,591727000
2022-03-22T04:00:00.000Z,26.6784259325,27.1884988308,26.0246175407,26.4757957458,547007000
2022-03-23T04:00:00.000Z,26.0785202506,26.5636370958,25.5285229016,25.5874156952,502120000
2022-03-24T04:00:00.000Z,26.1184506635,28.2685356749,25.8599205499,28.0988445282,877379000
2022-03-25T04:00:00.000Z,27.8353217242,28.3064640681,27.2214396082,27.6416740417,579016000
2022-03-28T04:00:00.000Z,27.7055571769,28.1986588708,27.1565555963,28.1677150726,425494000
2022-03-29T04:00:00.000Z,28.6428486616,28.8933919394,27.9291479688,28.6039199829,488984000
2022-03-30T04:00:00.000Z,28.2525634407,28.4442139518,27.4530185197,27.6396789551,463487000
2022-03-31T04:00:00.000Z,27.7315070656,28.1966597357,27.2204384705,27.2364082336,523440000
2022-04-01T04:00:00.000Z,27.325255104,27.4460355164,26.2192687209,26.6634597778,517235000
2022-04-04T04:00:00.000Z,26.6794265339,27.507918058,26.5646357575,27.3102779388,397120000
2022-04-05T04:00:00.000Z,27.204472541,27.2693549532,25.7730784537,25.8838768005,436615000
2022-04-06T04:00:00.000Z,24.8886907901,25.2540249304,23.9593828156,24.3626480103,703833000
2022-04-07T04:00:00.000Z,24.3965835599,24.6770730381,23.4353342667,24.1640071869,557992000
2022-04-08T04:00:00.000Z,23.8735345035,23.8795241173,23.0200887859,23.0769844055,524781000
2022-04-11T04:00:00.000Z,22.1736278486,22.2794341935,21.6206338634,21.877166748,575207000
2022-04-12T04:00:00.000Z,22.4960436959,22.6837017654,21.2433233673,21.4649200439,662258000
2022-04-13T04:00:00.000Z,21.6885139049,22.4591102939,21.4160093175,22.1626491547,516943000
2022-04-14T04:00:00.000Z,22.4640975529,22.7356044719,21.124537509,21.2193641663,569097000
2022-04-18T04:00:00.000Z,21.1614676801,22.0478522364,21.0406873201,21.7434082031,525701000
2022-04-19T04:00:00.000Z,21.680525694,22.3323388192,21.2752634156,22.1576576233,512781000
2022-04-20T04:00:00.000Z,22.4760776641,22.6287994791,21.1614717516,21.4429588318,468974000
2022-04-21T04:00:00.000Z,21.6695481406,22.3513074968,19.9636542504,20.1463222504,656209000
2022-04-22T04:00:00.000Z,20.2661041822,20.4487721918,19.4645639243,19.4795360565,624713000
2022-04-25T04:00:00.000Z,19.1671064444,19.9087563206,19.0613000693,19.8658351898,641566000
2022-04-26T04:00:00.000Z,19.682164872,19.7520373493,18.6360691746,18.7538547516,653143000
2022-04-27T04:00:00.000Z,18.5642006627,19.1321668392,18.2567617441,18.3815345764,499460000
2022-04-28T04:00:00.000Z,18.9325322712,20.0005894691,18.4563997902,19.7460517883,570327000
2022-04-29T04:00:00.000Z,19.3667399162,20.0914203419,18.4833480555,18.51329422,500435000
2022-05-02T04:00:00.000Z,18.5073036704,19.5384253209,18.3575766634,19.4975013733,572049000
2022-05-03T04:00:00.000Z,19.3647450584,19.7889738715,19.0982300649,19.5663776398,475751000
2022-05-04T04:00:00.000Z,19.8867924034,20.3629247908,18.7169215052,20.297044754,648855000
2022-05-05T04:00:00.000Z,19.8308969793,19.8887902376,18.4663806015,18.8097553253,626331000
2022-05-06T04:00:00.000Z,18.701951752,19.476540624,17.9573071436,18.6410617828,633297000
2022-05-09T04:00:00.000Z,18.0012226767,18.2218197642,16.79641573,16.9191932678,644455000
2022-05-10T04:00:00.000Z,17.6568535608,18.1649293492,16.9940606671,17.5630245209,761474000
2022-05-11T04:00:00.000Z,17.3154751667,17.7207374741,16.5378915249,16.5997772217,670167000
2022-05-12T04:00:00.000Z,16.1895276649,16.7574939558,15.5387129659,16.1456069946,708728000
2022-05-13T04:00:00.000Z,16.7574932166,17.8954210172,16.5628478721,17.6738243103,670437000
2022-05-16T04:00:00.000Z,17.4771796245,17.755671895,17.0749121654,17.232624054,521446000
2022-05-17T04:00:00.000Z,18.0411551153,18.3376162867,17.6019560594,18.1439685822,585830000
2022-05-18T04:00:00.000Z,17.6728272845,18.0850769082,16.8333559036,16.9072208405,545161000
2022-05-19T04:00:00.000Z,16.9062179328,17.6548548368,16.7035858569,17.0928783417,621310000
2022-05-20T04:00:00.000Z,17.3005029961,17.3783603619,15.7263682878,16.6636619568,739105000
2022-05-23T04:00:00.000Z,16.2444239985,16.8842597992,16.1495973357,16.8672904968,639889000
2022-05-24T04:00:00.000Z,16.4799972802,16.566839072,15.7513233843,16.1246433258,588550000
2022-05-25T04:00:00.000Z,15.9908865667,17.0799034457,15.9709224567,16.9441509247,781132000
2022-05-26T04:00:00.000Z,16.0068574686,18.0591209064,15.9928829714,17.8185596466,996575000
2022-05-27T04:00:00.000Z,18.1529512328,18.8466878981,18.0671070797,18.7768154144,738379000
2022-05-31T04:00:00.000Z,18.9455080989,19.1651095219,18.3166538054,18.6380691528,664100000
2022-06-01T04:00:00.000Z,18.6899720232,19.0183726685,18.089064907,18.2867050171,544514000
2022-06-02T04:00:00.000Z,18.258752482,19.5833402066,18.1649234725,19.556388855,648656000
2022-06-03T04:00:00.000Z,19.0473272929,19.296873024,18.4883434845,18.6859836578,598779000
2022-06-06T04:00:00.000Z,19.1042188008,19.3018589314,18.5302629817,18.7518596649,422406000
2022-06-07T04:00:00.000Z,18.4384281216,18.9654683843,18.1549438823,18.8916034698,388914000
2022-06-08T04:00:00.000Z,18.7688003984,19.1491888643,18.5052245584,18.6180438995,363252000
2022-06-09T04:00:00.000Z,18.4513136435,18.9025872308,18.0120199115,18.0190086365,395574000
2022-06-10T04:00:00.000Z,17.5717312598,17.6685755802,16.8419044932,16.9467372894,465248000
2022-06-13T04:00:00.000Z,15.9742979078,16.2857969912,15.5809307685,15.6218652725,604153000
2022-06-14T04:00:00.000Z,15.7057312538,16.0401931816,15.3872434195,15.8105630875,469680000
2022-06-15T04:00:00.000Z,16.0691485939,16.8409077687,15.9004203581,16.5004558563,563936000
2022-06-16T04:00:00.000Z,15.8345229588,15.9163919694,15.3762606387,15.5759391785,545749000
2022-06-17T04:00:00.000Z,15.6228626175,15.9693053142,15.3033769743,15.8544902802,630334000
2022-06-21T04:00:00.000Z,16.4485371304,16.9806800302,16.3806455643,16.539390564,483089000
2022-06-22T04:00:00.000Z,16.1999413064,16.6352419246,16.1540156535,16.3337268829,437135000
2022-06-23T04:00:00.000Z,16.4924687254,16.5583627108,15.8275389427,16.1989421844,463680000
2022-06-24T04:00:00.000Z,16.4734976984,17.112469121,16.2838023432,17.0984916687,472153000
2022-06-27T04:00:00.000Z,17.2841929109,17.302163648,16.5992939743,16.8419036865,427968000
2022-06-28T04:00:00.000Z,16.8728530733,17.174368015,15.9193871702,15.956328392,461149000
2022-06-29T04:00:00.000Z,15.7885979263,15.7945878543,15.1456323373,15.5170345306,482352000
2022-06-30T04:00:00.000Z,15.3363254191,15.5419948453,14.8381273752,15.1346502304,686070000
2022-07-01T04:00:00.000Z,14.8750674047,15.0388035242,14.3688818462,14.4996709824,577610000
2022-07-05T04:00:00.000Z,14.152232946,14.9469539746,14.0324257989,14.9399652481,651397000
2022-07-06T04:00:00.000Z,14.9858914416,15.2943951467,14.7652457374,15.1056985855,529066000
2022-07-07T04:00:00.000Z,15.4311724877,15.9193863473,15.3642797251,15.832526207,492903000
2022-07-08T04:00:00.000Z,15.4052154501,16.0112407904,15.3642809419,15.8125600815,467972000
2022-07-11T04:00:00.000Z,15.5010615207,15.5020603182,15.0138454503,15.1276626587,437321000
2022-07-12T04:00:00.000Z,15.24347662,15.4062149207,14.8531048388,15.0577754974,458483000
2022-07-13T04:00:00.000Z,14.5665634494,15.3503023092,14.4417642436,15.1396408081,521918000
2022-07-14T04:00:00.000Z,15.0837322751,15.448145758,14.7043425434,15.3473081589,456235000
2022-07-15T04:00:00.000Z,15.6338476971,15.7566493175,15.4201907397,15.7366819382,385935000
2022-07-18T04:00:00.000Z,16.275813524,16.8698570674,15.9762961871,16.0751361847,670517000
2022-07-19T04:00:00.000Z,16.4595168375,17.082514988,16.1460220719,16.9647045135,702366000
2022-07-20T04:00:00.000Z,16.9197774663,17.9041936532,16.7740120868,17.7783946991,760538000
2022-07-21T04:00:00.000Z,17.8562697693,18.1148525845,17.5168157929,18.0210037231,557049000
2022-07-22T04:00:00.000Z,17.8642550404,17.9381355673,17.1094690155,17.2911777496,536671000
2022-07-25T04:00:00.000Z,16.991657662,17.0964904242,16.6222531425,16.9966506958,480748000
2022-07-26T04:00:00.000Z,16.8618682063,16.8918206976,16.4515291677,16.5064411163,397865000
2022-07-27T04:00:00.000Z,17.0046394345,17.9071884856,16.8858311137,17.761423111,569776000
2022-07-28T04:00:00.000Z,17.9461261345,18.1108600955,17.4119856872,17.9551105499,474646000
2022-07-29T04:00:00.000Z,17.7843871181,18.2146945691,17.6635811882,18.1338253021,435460000
2022-08-01T04:00:00.000Z,18.1527922255,18.8157270596,17.9611012118,18.4113769531,476469000
2022-08-02T04:00:00.000Z,18.0928902344,18.9075794722,18.0629377381,18.4962406158,489527000
2022-08-03T04:00:00.000Z,18.1547892215,18.9375301992,18.1078638387,18.8626499176,418146000
2022-08-04T04:00:00.000Z,18.8187222423,19.2430387684,18.7298645095,19.1841335297,409652000
2022-08-05T04:00:00.000Z,18.779782789,19.1981103255,18.6360150117,18.9584960938,386068000
2022-08-08T04:00:00.000Z,17.4738866321,18.2097022715,17.2143040522,17.7644176483,981859000
2022-08-09T04:00:00.000Z,17.2242893268,17.4189757982,16.6971375626,17.058555603,668263000
2022-08-10T04:00:00.000Z,17.6695709829,18.0888963971,17.2891824797,18.0679302216,597422000
2022-08-11T04:00:00.000Z,18.1018749631,18.6769498927,17.8472835276,17.9131774902,509327000
2022-08-12T04:00:00.000Z,18.1308258156,18.6879299525,17.9241576297,18.678943634,478094000
2022-08-15T04:00:00.000Z,18.6709627862,19.1332184634,18.5831047863,19.0014305115,457666000
2022-08-16T04:00:00.000Z,18.8896073709,19.1112508764,18.4712798194,18.8486728668,451240000
2022-08-17T04:00:00.000Z,18.4932473613,18.6579813328,18.1158542809,18.3055477142,446799000
2022-08-18T04:00:00.000Z,18.2716054492,18.8346987273,18.1537949508,18.7428474426,415447000
2022-08-19T04:00:00.000Z,18.3764321851,18.4902493719,17.7414541945,17.8203277588,441588000
2022-08-22T04:00:00.000Z,17.461908363,17.5297999376,16.9387498134,17.0066413879,409593000
2022-08-23T04:00:00.000Z,16.9617094111,17.4369446033,16.942738927,17.1534004211,369986000
2022-08-24T04:00:00.000Z,16.9846703921,17.3780384606,16.8678596708,17.1943340302,522661000
2022-08-25T04:00:00.000Z,16.8169463597,17.918175448,16.805964347,17.88422966,770691000
2022-08-26T04:00:00.000Z,17.8283178742,17.895209693,16.2109191314,16.2338829041,769127000
2022-08-29T04:00:00.000Z,15.9942675893,16.3117556749,15.7416737233,15.7756185532,496132000
2022-08-30T04:00:00.000Z,15.9343626836,16.0132353021,15.1576125462,15.4431533813,530181000
2022-08-31T04:00:00.000Z,15.3592887399,15.5150382965,14.9349712205,15.0697546005,573710000
2022-09-01T04:00:00.000Z,14.1861732623,14.3568990353,13.2486825629,13.9146108627,1178865000
2022-09-02T04:00:00.000Z,14.0773535409,14.1482386505,13.5691702988,13.6250810623,743157000
2022-09-06T04:00:00.000Z,13.7089433277,13.7568665586,13.3295536216,13.4433708191,535751000
2022-09-07T04:00:00.000Z,13.545235991,13.8198763895,13.3285201927,13.6960382462,512657000
2022-09-08T04:00:00.000Z,13.4413730667,13.9896548084,13.3514917351,13.9716777802,624873000
2022-09-09T04:00:00.000Z,14.1384590616,14.4550442954,14.1075004757,14.3681583405,486612000
2022-09-12T04:00:00.000Z,14.3501813612,14.5279477318,14.1794048398,14.4860029221,484159000
2022-09-13T04:00:00.000Z,13.7839226282,13.9037653418,13.0818433265,13.1138010025,714956000
2022-09-14T04:00:00.000Z,13.2366428195,13.2725959268,12.8960897752,13.1108083725,588507000
2022-09-15T04:00:00.000Z,12.9979552252,13.2156691801,12.7732495159,12.9120674133,523625000
2022-09-16T04:00:00.000Z,12.725312421,13.1946971652,12.6004761238,13.1807155609,670751000
2022-09-19T04:00:00.000Z,12.9949599069,13.4453695024,12.9929626708,13.3644752502,569685000
2022-09-20T04:00:00.000Z,13.1976923365,13.4653409837,13.0398992783,13.1587429047,524818000
2022-09-21T04:00:00.000Z,13.1956967475,14.0126253468,13.0928309948,13.2436332703,807679000
2022-09-22T04:00:00.000Z,13.0528821863,13.131779194,12.4117237548,12.5445489883,759162000
2022-09-23T04:00:00.000Z,12.4037340495,12.5944838885,12.2409474181,12.4996080399,663309000
2022-09-26T04:00:00.000Z,12.47464067,12.6424208608,12.1980030312,12.2119846344,547343000
2022-09-27T04:00:00.000Z,12.4906205328,12.7193207209,12.2419470324,12.3967437744,553854000
2022-09-28T04:00:00.000Z,12.3937470314,12.8062062506,12.3378206159,12.7193202972,542414000
2022-09-29T04:00:00.000Z,12.4316977516,12.4836296969,11.9303553277,12.2039966583,532763000
2022-09-30T04:00:00.000Z,12.0711711934,12.6164566515,12.0591868244,12.1231031418,565638000
2022-10-03T04:00:00.000Z,12.3308301781,12.6613970197,12.0891465283,12.4956140518,547478000
2022-10-04T04:00:00.000Z,12.8621344199,13.2026884303,12.8621344199,13.1497573853,584182000
2022-10-05T04:00:00.000Z,12.8940918177,13.3035547233,12.604471644,13.1917009354,507131000
2022-10-06T04:00:00.000Z,13.2026857365,13.638114568,13.085838395,13.1128034592,644157000
2022-10-07T04:00:00.000Z,12.4886235132,12.6534073904,12.0062562501,12.0601854324,672478000
2022-10-10T04:00:00.000Z,12.0212354778,12.1081214318,11.3930595355,11.6547164917,698699000
2022-10-11T04:00:00.000Z,11.5458596525,11.8304862658,11.2682238416,11.5708274841,667482000
2022-10-12T04:00:00.000Z,11.5638356288,11.7196305027,11.3301418894,11.4849386215,492590000
2022-10-13T04:00:00.000Z,10.9566309181,12.0621814225,10.7988378595,11.9443359375,850103000
2022-10-14T04:00:00.000Z,12.0412114257,12.0951406132,11.1893287481,11.2122983932,713432000
2022-10-17T04:00:00.000Z,11.5029145502,11.9323516849,11.5019164085,11.8724298477,580774000
2022-10-18T04:00:00.000Z,12.3278324542,12.4756383767,11.6027834917,11.9513263702,659362000
2022-10-19T04:00:00.000Z,11.8634416701,12.3338254674,11.8185005308,12.0352163315,523131000
2022-10-20T04:00:00.000Z,12.0971348231,12.7522757593,12.0891449278,12.1780290604,652398000
2022-10-21T04:00:00.000Z,12.0821555691,12.4816322852,11.8714324133,12.4496736526,609494000
2022-10-24T04:00:00.000Z,12.4916200266,12.6933551543,12.0482012406,12.5825004578,517457000
2022-10-25T04:00:00.000Z,12.6773763689,13.2825827069,12.6474149707,13.2436332703,505482000
2022-10-26T04:00:00.000Z,12.8521481266,13.3704675828,12.6913587091,12.8791122437,532953000
2022-10-27T04:00:00.000Z,13.6121487688,13.819876532,13.104813728,13.1587429047,583113000
2022-10-28T04:00:00.000Z,13.0868400484,13.8318634307,13.0438961371,13.8158836365,521040000
2022-10-31T04:00:00.000Z,13.759954539,13.8198763747,13.2795845682,13.4793224335,486341000
2022-11-01T04:00:00.000Z,13.7929153703,13.9067664156,13.501297906,13.5252666473,432817000
2022-11-02T04:00:00.000Z,13.8318639504,14.1913921912,13.1937007751,13.2016897202,672628000
2022-11-03T04:00:00.000Z,13.0259190337,13.7629524608,12.939033076,13.4034233093,500065000
2022-11-04T04:00:00.000Z,13.9676832732,14.2103650583,13.679061252,14.1374607086,612576000
2022-11-07T05:00:00.000Z,14.20936703,14.3931260831,13.9357266388,14.2822713852,410061000
2022-11-08T05:00:00.000Z,14.7816159503,14.8714982369,14.1973820402,14.5828771591,595292000
2022-11-09T05:00:00.000Z,14.1434515904,14.1923881537,13.7409795255,13.7579574585,454414000
2022-11-10T05:00:00.000Z,14.7806173383,15.75234262,14.5279484212,15.7293729782,700819000
2022-11-11T05:00:00.000Z,15.7862960655,16.3675335378,15.4617219428,16.3056144714,655487000
2022-11-14T05:00:00.000Z,16.1967618318,16.5183406537,15.901148984,16.2736606598,527852000
2022-11-15T05:00:00.000Z,16.7000990806,16.9757366699,16.3605442311,16.6441726685,545876000
2022-11-16T05:00:00.000Z,16.1408337884,16.3405707117,15.8522117722,15.8891630173,649547000
2022-11-17T05:00:00.000Z,15.6944187307,16.2446976984,15.5146541661,15.6564683914,710894000
2022-11-18T05:00:00.000Z,15.945089416,15.9810434718,15.1001976786,15.3888196945,492072000
2022-11-21T05:00:00.000Z,15.1271652504,15.4567330378,15.0602525986,15.2969427109,404739000
2022-11-22T05:00:00.000Z,15.3079243545,16.0369687387,15.1021938336,16.0169944763,472866000
2022-11-23T05:00:00.000Z,16.0769159034,16.5053548923,16.0269821507,16.4973640442,427241000
2022-11-25T05:00:00.000Z,16.2966328542,16.4654102736,16.1508241283,16.2486953735,167934000
2022-11-28T05:00:00.000Z,16.0050113005,16.3355791005,15.7044068029,15.8062725067,303741000
2022-11-29T05:00:00.000Z,15.8062723469,15.9111353324,15.499675192,15.6185188293,298384000
2022-11-30T05:00:00.000Z,15.6804525105,16.9121534944,15.5805584974,16.9051609039,565298000
2022-12-01T05:00:00.000Z,16.9810832119,17.2468016833,16.6174665562,17.1169395447,470977000
2022-12-02T05:00:00.000Z,16.6414411885,16.9151525499,16.4276660513,16.8582115173,371389000
2022-12-05T05:00:00.000Z,16.661416742,16.9770835786,16.4546342436,16.5924892426,352255000
2022-12-06T05:00:00.000Z,16.5125749288,16.555528867,15.8023240157,15.9701471329,352694000
2022-12-07T05:00:00.000Z,15.7553764476,16.1689405976,15.6504866234,16.1030101776,372388000
2022-12-08T05:00:00.000Z,16.255846411,17.1608914815,15.9421763343,17.1509017944,515456000
2022-12-09T05:00:00.000Z,17.1419088657,17.564463252,16.957104436,16.9830760956,465338000
2022-12-12T05:00:00.000Z,17.0190414949,17.5195128286,16.779294714,17.5165157318,457328000
2022-12-13T05:00:00.000Z,18.5114656848,18.7701934373,17.6923303926,18.0529499054,656589000
2022-12-14T05:00:00.000Z,17.9680405239,18.2327624994,17.4016387276,17.6553707123,496888000
2022-12-15T05:00:00.000Z,17.1279235246,17.3017398695,16.6823945792,16.9341278076,478542000
2022-12-16T05:00:00.000Z,16.8462220279,17.0230354775,16.3927001693,16.5535297394,478232000
2022-12-19T05:00:00.000Z,16.5545315789,16.5914913264,16.1279816436,16.2368659973,354039000
2022-12-20T05:00:00.000Z,16.0470687939,16.2928098159,15.8352932871,16.0680465698,403260000
2022-12-21T05:00:00.000Z,16.0970114049,16.6094710392,16.08502302,16.4836025238,325025000
2022-12-22T05:00:00.000Z,16.0770354348,16.12098968,14.8663130913,15.3228311539,565045000
2022-12-23T05:00:00.000Z,15.1799793769,15.3228282654,14.8673096385,15.1899690628,349326000
2022-12-27T05:00:00.000Z,15.0581098343,15.0840824488,14.0411823749,14.1061143875,464902000
2022-12-28T05:00:00.000Z,13.9123186929,14.2469655858,13.869363801,14.0212039948,351066000
2022-12-29T05:00:00.000Z,14.3868190467,14.6675220246,14.2120033264,14.5876064301,354923000
2022-12-30T05:00:00.000Z,14.3188872767,14.6135763339,14.2179939288,14.5985927582,310490000
2023-01-03T05:00:00.000Z,14.8353458145,14.9801934314,14.0811415242,14.2999105453,401277000
2023-01-04T05:00:00.000Z,14.5516454343,14.8373432629,14.2259888548,14.7334527969,431324000
2023-01-05T05:00:00.000Z,14.4757263373,14.548649348,14.1330874554,14.2499647141,389168000
2023-01-06T05:00:00.000Z,14.458741737,14.9941769466,14.0192059966,14.8433361053,405044000
2023-01-09T05:00:00.000Z,15.2678883107,16.0390738436,15.1250384563,15.6115255356,504231000
2023-01-10T05:00:00.000Z,15.4906533726,15.9451736613,15.45569042,15.8922300339,384101000
2023-01-11T05:00:00.000Z,15.8233031783,16.0111047328,15.5465947377,15.9841327667,353285000
2023-01-12T05:00:00.000Z,16.0830272074,16.6194598337,15.4756674274,16.4935932159,551409000
2023-01-13T05:00:00.000Z,16.2608417268,16.9041639118,16.1479618732,16.881187439,447287000
2023-01-17T05:00:00.000Z,16.881187014,17.7093136417,16.881187014,17.6833400726,511102000
2023-01-18T05:00:00.000Z,17.6483778738,17.8541601141,17.2637834554,17.3586845398,439624000
2023-01-19T05:00:00.000Z,17.0180401203,17.1788715999,16.7133632487,16.7473258972,452932000
2023-01-20T05:00:00.000Z,16.9930697654,17.8371803389,16.8072668952,17.8201980591,564967000
2023-01-23T05:00:00.000Z,18.0449562089,19.2247128668,17.7992171565,19.1727676392,655163000
2023-01-24T05:00:00.000Z,18.8071500979,19.4744469899,18.8001575086,19.2446880341,496204000
2023-01-25T05:00:00.000Z,18.8930581152,19.3495769831,18.5604090497,19.3026256561,449537000
2023-01-26T05:00:00.000Z,19.6802288626,20.1447387517,19.2576745088,19.7811222076,489535000
2023-01-27T05:00:00.000Z,19.4414827342,20.6062538838,19.3845436172,20.3435306549,542142000
2023-01-30T05:00:00.000Z,19.9289713035,20.1187696511,19.1298134469,19.1418018341,488611000
2023-01-31T05:00:00.000Z,19.1497932826,19.6662485192,18.930025867,19.5164070129,498017000
2023-02-01T05:00:00.000Z,19.6702422506,21.1696593872,19.5903266607,20.920923233,660477000
2023-02-02T05:00:00.000Z,20.9778611724,21.9258601137,20.6781782035,21.6861133575,564276000
2023-02-03T05:00:00.000Z,20.9778600218,21.722075418,20.7670820338,21.0777549744,429366000
2023-02-06T05:00:00.000Z,20.7840698037,21.547264471,20.7640904268,21.0667724609,452197000
2023-02-07T05:00:00.000Z,21.3594592767,22.2355355599,21.1277034983,22.1496257782,664150000
2023-02-08T05:00:00.000Z,22.3633983738,22.8538818812,21.9847982117,22.1815910339,559651000
2023-02-09T05:00:00.000Z,22.5821672573,22.9957303326,22.0966795891,22.3134498596,523876000
2023-02-10T05:00:00.000Z,21.6671334938,22.0547230208,20.7890604836,21.2425804138,550737000
2023-02-13T05:00:00.000Z,21.515297243,22.0247598887,20.939904182,21.7650337219,474919000
2023-02-14T05:00:00.000Z,21.5552554823,23.0247056902,21.3434790411,22.9467887878,675474000
2023-02-15T05:00:00.000Z,22.525231962,22.8309091781,22.0827000198,22.7400054932,420575000
2023-02-16T05:00:00.000Z,22.1096679689,22.5262282064,21.9038857483,21.9788074493,412026000
2023-02-17T05:00:00.000Z,21.6081975852,21.7170819329,20.9528889891,21.3654537201,465888000
2023-02-21T05:00:00.000Z,20.9778639524,21.47134271,20.5962666482,20.633228302,410015000
2023-02-22T05:00:00.000Z,20.6851710833,21.0817519194,20.3994713849,20.7321205139,513184000
2023-02-23T05:00:00.000Z,23.4152942361,23.8628219881,23.000730741,23.6390571594,1117995000
2023-02-24T05:00:00.000Z,23.2005171083,23.4492551668,22.9228102915,23.2614517212,589716000
2023-02-27T05:00:00.000Z,23.6450473659,23.8548250711,23.4292754675,23.4762248993,452994000
2023-02-28T05:00:00.000Z,23.3473640226,23.7998875503,23.1815386324,23.1915283203,455963000
2023-03-01T05:00:00.000Z,23.1675509844,23.2314845994,22.4842720256,22.6740722656,460026000
2023-03-02T05:00:00.000Z,22.4642953993,23.3553534005,22.4083527696,23.2894229889,389415000
2023-03-03T05:00:00.000Z,23.2954159522,23.874804445,23.1056157151,23.8648147583,412393000
2023-03-06T05:00:00.000Z,23.8658175634,24.2224396998,23.4622421798,23.5291728973,437429000
2023-03-07T05:00:00.000Z,23.5791250369,24.1036602678,23.2204414311,23.2674007416,515154000
2023-03-08T05:00:00.000Z,23.4662262262,24.1785968571,23.4032822215,24.1596126556,513573000
2023-03-09T05:00:00.000Z,24.1536165305,24.4323709908,23.3623172348,23.415271759,501257000
2023-03-10T05:00:00.000Z,23.3882963459,23.6061039478,22.70589986,22.944688797,474866000
2023-03-13T04:00:00.000Z,22.7318768262,23.2773934205,22.2772793467,22.9456863403,421890000
2023-03-14T04:00:00.000Z,23.4752195689,24.1975796944,23.4392502042,24.0417175293,474910000
2023-03-15T04:00:00.000Z,23.739985539,24.2645208498,23.3393411118,24.2065734863,524486000
2023-03-16T04:00:00.000Z,24.0057489006,25.5653671368,23.8728652108,25.518409729,583253000
2023-03-17T04:00:00.000Z,25.9590164298,26.3756473648,25.6452931148,25.7022438049,848547000
2023-03-20T04:00:00.000Z,25.5923445822,26.0009832385,25.1077729307,25.8770923615,432747000
2023-03-21T04:00:00.000Z,26.1568447309,26.3686571153,25.3585516404,26.1758270264,547408000
2023-03-22T04:00:00.000Z,26.4016264742,27.5645983863,26.2137930336,26.4445896149,797295000
2023-03-23T04:00:00.000Z,27.0910210365,27.4746822295,26.666397641,27.1669540405,564889000
2023-03-24T04:00:00.000Z,27.0070937179,27.1429731184,26.3316909829,26.7553157806,454920000
2023-03-27T04:00:00.000Z,26.8132631326,26.9761190693,26.3416804847,26.5075340271,361026000
2023-03-28T04:00:00.000Z,26.4236103883,26.4895520016,25.8271382619,26.3866424561,356104000
2023-03-29T04:00:00.000Z,26.8012747396,27.0540493211,26.5734757594,26.9601325989,393694000
2023-03-30T04:00:00.000Z,27.2049167868,27.4746784366,27.0780283068,27.3587799072,364516000
2023-03-31T04:00:00.000Z,27.1159942548,27.8093806607,27.0810253645,27.7524318695,433933000
2023-04-03T04:00:00.000Z,27.4846733562,27.9752383657,27.3118260123,27.9402694702,398716000
2023-04-04T04:00:00.000Z,27.9412653367,27.9752356621,27.2828477867,27.4287185669,368592000
2023-04-05T04:00:00.000Z,26.8052713641,26.9741206102,26.3716552034,26.8572254181,515015000
2023-04-06T04:00:00.000Z,26.5604897287,27.0560513743,26.4036289853,27.0130901337,397654000
2023-04-10T04:00:00.000Z,26.799273685,27.59656815,26.6454105764,27.554605484,395279000
2023-04-11T04:00:00.000Z,27.6994793536,27.7654209621,27.1020067993,27.1449699402,314378000
2023-04-12T04:00:00.000Z,27.3457912838,27.4437041731,26.4246059352,26.4715652466,446259000
2023-04-13T04:00:00.000Z,26.7103525658,26.8632171127,26.3057120149,26.4395923615,353615000
2023-04-14T04:00:00.000Z,26.4805579808,26.8592224808,26.1968087711,26.7343330383,395660000
2023-04-17T04:00:00.000Z,26.5415013736,26.9821112538,26.4096181701,26.9781150818,321471000
2023-04-18T04:00:00.000Z,27.5086500823,28.0851394339,27.3328051465,27.6425304413,604812000
2023-04-19T04:00:00.000Z,27.3368020945,27.9752369043,27.2079164713,27.9062976837,358660000
2023-04-20T04:00:00.000Z,27.6465245515,28.0052081749,26.976118523,27.0800266266,427713000
2023-04-21T04:00:00.000Z,26.9281643508,27.1589609628,26.6983682113,27.0950164795,345103000
2023-04-24T04:00:00.000Z,26.9891079858,27.3417944984,26.6474095181,27.018081665,339282000
2023-04-25T04:00:00.000Z,27.0540462833,27.2228974133,26.201802101,26.2177867889,378527000
2023-04-26T04:00:00.000Z,26.9781163532,27.3058253385,26.6813781785,26.9321556091,406337000
2023-04-27T04:00:00.000Z,27.3388013384,27.4706845686,26.6014531484,27.201921463,377161000
2023-04-28T04:00:00.000Z,27.2009182218,27.7334457906,27.0470532092,27.7244548798,292216000
2023-05-01T04:00:00.000Z,27.8153747786,29.0322978301,27.7554283841,28.8844280243,570329000
2023-05-02T04:00:00.000Z,28.6546345902,28.8104967549,28.0581624784,28.185049057,402730000
2023-05-03T04:00:00.000Z,27.8153808246,28.3419152175,27.4477062221,27.7774143219,383387000
2023-05-04T04:00:00.000Z,27.6265444429,27.83436067,27.2159086338,27.5376243591,321850000
2023-05-05T04:00:00.000Z,27.8013878481,28.7295650867,27.7064725626,28.6546325684,361494000
2023-05-08T04:00:00.000Z,28.4967721593,29.1941547451,28.3249253117,29.1252155304,344979000
2023-05-09T04:00:00.000Z,28.8734415249,28.9473754838,28.4248392208,28.5457305908,314869000
2023-05-10T04:00:00.000Z,28.9793479167,29.0872541119,28.4358302963,28.8594551086,369350000
2023-05-11T04:00:00.000Z,28.8704386073,28.9243916928,28.2210139761,28.5527191162,322149000
2023-05-12T04:00:00.000Z,28.5037696256,28.7545490099,28.0211969662,28.3149375916,274222000
2023-05-15T04:00:00.000Z,28.4827849464,28.9433776477,28.1271008239,28.9273910522,293926000
2023-05-16T04:00:00.000Z,28.8154916676,29.8435828208,28.8065007556,29.1871623993,449405000
2023-05-17T04:00:00.000Z,29.5578317003,30.1722874857,29.4039685887,30.1513061523,432535000
2023-05-18T04:00:00.000Z,30.3831042631,31.7998494064,30.2931837096,31.6499824524,748725000
2023-05-19T04:00:00.000Z,31.5081079005,31.5520696106,30.8886573145,31.2363491058,473908000
2023-05-22T04:00:00.000Z,30.8736696538,31.4921235861,30.6528663452,31.1484279633,372000000
2023-05-23T04:00:00.000Z,30.9725844114,31.2603298185,30.6039112637,30.6608600616,356253000
2023-05-24T04:00:00.000Z,30.1832830015,30.5799331816,29.7796409479,30.5109939575,721419000
2023-05-25T04:00:00.000Z,38.4889185799,39.4450726803,36.6025883533,37.9463996887,1543911000
2023-05-26T04:00:00.000Z,37.8564903887,39.135357168,37.5167909241,38.9115562439,714397000
2023-05-30T04:00:00.000Z,40.5590925944,41.9009031392,39.9136641103,40.0755195618,923401000
2023-05-31T04:00:00.000Z,39.4530695662,40.2593549357,37.7885428727,37.8005332947,1002580000
2023-06-01T04:00:00.000Z,38.4549597877,40.014580105,38.3060932972,39.734828949,635873000
2023-06-02T04:00:00.000Z,40.0615328031,40.4641762123,39.0234503745,39.2922134399,482731000
2023-06-05T04:00:00.000Z,38.8745908341,39.5300089255,38.6727698102,39.1363601685,396094000
2023-06-06T04:00:00.000Z,38.7956588497,39.1253650011,38.1142590223,38.6198120117,388729000
2023-06-07T04:00:00.000Z,38.8845980945,39.4681414714,37.3268141612,37.4457206726,511998000
2023-06-08T04:00:00.000Z,37.6945377904,38.8336468771,37.4757108655,38.4799232483,417772000
2023-06-09T04:00:00.000Z,39.0065053036,39.6799786003,38.5368750323,38.7397155762,427717000
2023-06-12T04:00:00.000Z,39.1693867963,39.4991270945,38.5878405881,39.4511642456,388701000
2023-06-13T04:00:00.000Z,40.1546141263,41.0689003935,39.708963322,40.9899597168,613208000
2023-06-14T04:00:00.000Z,40.7921212735,42.9664206932,40.5203305108,42.9634246826,740465000
2023-06-15T04:00:00.000Z,42.5687310812,43.2551948417,42.1140845846,42.6196899414,568622000
2023-06-16T04:00:00.000Z,43.4160605819,43.6868488037,42.6276754313,42.6586532593,655709000
2023-06-20T04:00:00.000Z,42.9644196864,43.9556455144,42.640671419,43.7737846375,451153000
2023-06-21T04:00:00.000Z,43.4670205233,43.5809337031,42.0471328546,43.0113754272,551603000
2023-06-22T04:00:00.000Z,42.2199901463,43.3920741296,42.2010077946,42.9913902283,417737000
2023-06-23T04:00:00.000Z,42.4308310862,42.7755590067,41.9821804993,42.1760292053,358140000
2023-06-26T04:00:00.000Z,42.4278355814,42.7306003345,40.0686795122,40.6002655029,594322000
2023-06-27T04:00:00.000Z,40.7671300451,41.9072376053,40.4164062989,41.8432884216,462175000
2023-06-28T04:00:00.000Z,40.6282484129,41.8123244174,40.4863610084,41.0848922729,582639000
2023-06-29T04:00:00.000Z,41.5255366953,41.5675037051,40.5682848294,40.7901115417,380514000
2023-06-30T04:00:00.000Z,41.647443252,42.5167626109,41.4685822185,42.2689552307,501148000
2023-07-03T04:00:00.000Z,42.4837864062,42.8644893089,42.1690338387,42.3798675537,198209000
2023-07-05T04:00:00.000Z,42.1020899329,43.1432759243,42.0521297464,42.2839508057,323618000
2023-07-06T04:00:00.000Z,41.8113213592,42.1460588074,41.3137092024,42.0701179504,303582000
2023-07-07T04:00:00.000Z,42.2889482626,43.180253781,42.1470608617,42.4698066711,355881000
2023-07-10T04:00:00.000Z,42.6236890767,42.7775681416,41.6164730286,42.1470603943,353908000
2023-07-11T04:00:00.000Z,42.447816612,42.7246006711,42.03414234,42.3718757629,298244000
2023-07-12T04:00:00.000Z,42.9993856382,43.9006814661,42.7435850946,43.8677062988,481277000
2023-07-13T04:00:00.000Z,44.4832332805,46.118952019,44.4572526105,45.9410934448,478204000
2023-07-14T04:00:00.000Z,46.546615232,48.0504407771,45.0248060029,45.4334869385,772075000
2023-07-17T04:00:00.000Z,46.2528465912,46.4596818302,45.2266483215,46.4247093201,510488000
2023-07-18T04:00:00.000Z,46.6645141986,47.8585802779,45.6982706304,47.4568939209,569164000
2023-07-19T04:00:00.000Z,47.4269247187,47.7806482869,46.7054885791,47.0402259827,427502000
2023-07-20T04:00:00.000Z,46.4706761041,47.05022493,45.026805013,45.4844474792,537865000
2023-07-21T04:00:00.000Z,45.7522361132,45.8301781198,44.0655547768,44.2743911743,963769000
2023-07-24T04:00:00.000Z,44.6960626056,45.0737695401,44.0056042205,44.5771560669,382516000
2023-07-25T04:00:00.000Z,44.9059032164,46.1469299889,44.8879157191,45.6433258057,348081000
2023-07-26T04:00:00.000Z,45.9850482021,46.0170246978,44.5951360131,45.4164924622,364237000
2023-07-27T04:00:00.000Z,46.4826670082,47.3579822532,45.7142666349,45.864151001,455976000
2023-07-28T04:00:00.000Z,46.6315452244,46.9902659554,46.3447706606,46.7134819031,331194000
2023-07-31T04:00:00.000Z,46.7174830658,47.0931888314,46.4696756756,46.6925010681,251055000
2023-08-01T04:00:00.000Z,46.4237084356,46.863367184,45.9910480005,46.4706726074,237858000
2023-08-02T04:00:00.000Z,45.7952009121,45.8041927536,43.3531097712,44.2344207764,530142000
2023-08-03T04:00:00.000Z,43.7657905163,45.0827619235,43.7657905163,44.4802322388,324176000
2023-08-04T04:00:00.000Z,44.9498617017,45.6063461851,44.358325073,44.6450996399,362666000
2023-08-07T04:00:00.000Z,45.0757661917,45.5044319759,44.5281938708,45.381526947,322154000
2023-08-08T04:00:00.000Z,44.8179599524,45.2066559914,44.0215817116,44.629108429,353843000
2023-08-09T04:00:00.000Z,44.2394173728,44.2773897049,42.1010894626,42.5207633972,586449000
2023-08-10T04:00:00.000Z,42.1270739672,43.5399711331,41.8023270215,42.3548965454,492705000
2023-08-11T04:00:00.000Z,41.7183818874,41.9851754003,40.6072511145,40.8230819702,533085000
2023-08-14T04:00:00.000Z,40.4543760709,43.7657866514,40.2795135274,43.7188224792,690286000
2023-08-15T04:00:00.000Z,44.5252040048,45.2326513032,43.6758654916,43.9056854248,676512000
2023-08-16T04:00:00.000Z,44.4852306612,44.6401083876,43.3720984611,43.4520378113,527451000
2023-08-17T04:00:00.000Z,43.9356529526,44.0275801392,42.9674081426,43.3101425171,452395000
2023-08-18T04:00:00.000Z,42.6016921149,43.5439562417,41.6274553037,43.2651748657,583768000
2023-08-21T04:00:00.000Z,44.4592488125,47.0282399583,44.1874618901,46.930316925,692573000
2023-08-22T04:00:00.000Z,48.0973960958,48.1493574259,45.2975868298,45.6323242188,755293000
2023-08-23T04:00:00.000Z,45.8301807821,47.1631385912,45.1726937204,47.0792045593,779046000
2023-08-24T04:00:00.000Z,50.1767764039,50.226736587,47.1221649879,47.126159668,1156044000
2023-08-25T04:00:00.000Z,46.9752787057,47.7676585403,44.9888288107,45.9820556641,925341000
2023-08-28T04:00:00.000Z,46.4456912266,46.9433033352,44.8529383475,46.7984161377,685192000
2023-08-29T04:00:00.000Z,46.6295424194,49.0426566086,46.3547557393,48.7458877563,701397000
2023-08-30T04:00:00.000Z,49.0056879066,49.8879975701,48.387171958,49.2255172729,735206000
2023-08-31T04:00:00.000Z,49.3414263922,49.7051404569,48.9197551659,49.316444397,528570000
2023-09-01T04:00:00.000Z,49.7231309036,49.7610994219,48.1043935749,48.4711074829,463830000
2023-09-05T04:00:00.000Z,48.1853315324,48.812843153,47.8226161165,48.5100784302,382653000
2023-09-06T04:00:00.000Z,48.4071549606,48.5150773941,46.5474552266,47.0281181335,468670000
2023-09-07T04:00:00.000Z,45.4931875827,46.3116154902,45.120447146,46.2086868286,433330000
2023-09-08T04:00:00.000Z,45.9099015428,46.573435256,45.239368939,45.5401573181,473069000
2023-09-11T04:00:00.000Z,46.11575054,46.1307394481,44.2810350026,45.1464309692,473966000
2023-09-12T04:00:00.000Z,44.7067420043,45.6410901231,44.4998858964,44.8386497498,349256000
2023-09-13T04:00:00.000Z,44.5688328392,45.8979052902,44.471900499,45.4532165527,398355000
2023-09-14T04:00:00.000Z,45.9178940237,45.9548669203,45.0994660413,45.5491523743,370097000
2023-09-15T04:00:00.000Z,45.3093148228,45.5671339502,43.7773851544,43.8693237305,506831000
2023-09-18T04:00:00.000Z,42.7181249588,44.2110802991,41.9706466305,43.9352722168,500271000
2023-09-19T04:00:00.000Z,43.8023706996,43.9352771828,42.9719501022,43.4895896912,373064000
2023-09-20T04:00:00.000Z,43.5695331686,43.8723228515,42.1934964391,42.2094841003,367108000
2023-09-21T04:00:00.000Z,41.5539410125,42.0705780131,40.9513617626,40.9883346558,450736000
2023-09-22T04:00:00.000Z,41.5429533393,42.0855770397,41.2021919835,41.5809288025,479236000
2023-09-25T04:00:00.000Z,41.5619376499,42.5062770207,41.148225471,42.1924972534,419091000
2023-09-26T04:00:00.000Z,41.9716511319,42.7900790973,41.6258922295,41.8817138672,402282000
2023-09-27T04:00:00.000Z,42.3004237263,42.8420448206,41.5999133368,42.4383239746,444935000
2023-09-28T04:00:00.000Z,42.4303254489,43.415636433,42.0855691481,43.0588874817,424663000
2023-09-29T04:00:00.000Z,43.7963711193,44.1131509253,43.2767340644,43.4686012268,397830000
2023-10-02T04:00:00.000Z,43.9992360392,45.1434365117,43.8303553964,44.7507133484,433298000
2023-10-03T04:00:00.000Z,44.7766857073,45.0984630948,43.2157769975,43.4865875244,470850000
2023-10-04T04:00:00.000Z,43.7114363398,44.1121571213,43.2617500099,44.0102272034,361821000
2023-10-05T04:00:00.000Z,44.0192217079,44.8686301041,43.8573361469,44.6567764282,393483000
2023-10-06T04:00:00.000Z,44.1621222917,45.7570078066,43.9952391608,45.7300262451,434436000
2023-10-09T04:00:00.000Z,44.8106687164,45.5731361093,44.337000868,45.2413673401,409675000
2023-10-10T04:00:00.000Z,45.2783370947,46.2266713982,45.0564921144,45.7659950256,368582000
2023-10-11T04:00:00.000Z,46.1637181889,46.8262569089,46.0178203027,46.7732925415,378137000
2023-10-12T04:00:00.000Z,46.744307632,47.5757268729,46.2976214465,46.9121894836,481325000
2023-10-13T04:00:00.000Z,46.9271827625,47.0830757907,45.2483564657,45.4292297363,474115000
2023-10-16T04:00:00.000Z,45.0315095869,46.192696328,44.8806141302,46.062789917,375099000
2023-10-17T04:00:00.000Z,43.9692598152,44.7227346565,42.4503212914,43.9073028564,812333000
2023-10-18T04:00:00.000Z,42.5612359573,43.1887992606,41.7957724159,42.1665115356,627294000
2023-10-19T04:00:00.000Z,42.7810896312,43.2667501336,41.852737851,42.0715866089,501233000
2023-10-20T04:00:00.000Z,41.8607286989,42.440325253,41.0492958105,41.3580818176,477266000
2023-10-23T04:00:00.000Z,41.2001871723,43.217777199,40.9163852495,42.9449653625,478530000
2023-10-24T04:00:00.000Z,43.0469029513,43.666468707,42.6611748651,43.6324920654,401463000
2023-10-25T04:00:00.000Z,43.3676775872,43.6195042345,41.5259667449,41.7498092651,398379000
2023-10-26T04:00:00.000Z,41.8237544285,42.2264726965,39.8521335565,40.2978210449,541001000
2023-10-27T04:00:00.000Z,41.1012634609,41.177210573,39.9870408361,40.4717025757,416784000
2023-10-30T04:00:00.000Z,41.0582906917,41.7368132565,40.4527113517,41.1322364807,388028000
2023-10-31T04:00:00.000Z,40.4217393505,40.8504404727,39.2025905144,40.7515068054,517969000
2023-11-01T04:00:00.000Z,40.8554378183,42.3513936796,40.8404489071,42.2954330444,437593000
2023-11-02T04:00:00.000Z,43.2977165708,43.8533277306,42.8640217902,43.4755935669,409172000
2023-11-03T04:00:00.000Z,43.989236656,45.2773334777,43.6924433329,44.9735488892,424610000
2023-11-06T05:00:00.000Z,45.2533582878,45.9029056443,44.8676264081,45.7190322876,400733000
2023-11-07T05:00:00.000Z,45.6870583541,46.1857064446,45.1264494958,45.9228935242,343165000
2023-11-08T05:00:00.000Z,46.0677864971,46.8342526667,45.9358787615,46.5414581299,346719000
2023-11-09T05:00:00.000Z,47.4338275473,48.1962948256,46.717329556,46.9171905518,540496000
2023-11-10T05:00:00.000Z,47.4668081476,48.4381290595,47.2499607273,48.3012237549,421245000
2023-11-13T05:00:00.000Z,48.2862318372,49.0816769954,48.0653856095,48.5860214233,384136000
2023-11-14T05:00:00.000Z,49.6452888633,49.7991805925,49.0057366415,49.6213035583,416954000
2023-11-15T05:00:00.000Z,49.9001130612,49.9250933071,48.1663246515,48.853843689,475497000
2023-11-16T05:00:00.000Z,48.6449879259,49.4903974808,48.2962327547,49.4454269409,339756000
2023-11-17T05:00:00.000Z,49.4894012937,49.6822672588,48.9727641725,49.2635612488,325205000
2023-11-20T05:00:00.000Z,49.277545656,50.5126821157,49.1466366681,50.3737792969,414120000
2023-11-21T05:00:00.000Z,50.0909716051,50.481697217,49.1876039876,49.9090995789,565747000
2023-11-22T05:00:00.000Z,49.8171650028,50.2998253819,47.6566732297,48.6819572449,899420000
2023-11-24T05:00:00.000Z,48.4361300176,48.8868150689,47.7116343659,47.7426147461,294645000
2023-11-27T05:00:00.000Z,47.7665938387,48.4960832151,47.618698459,48.2082862854,395662000
2023-11-28T05:00:00.000Z,48.2022933153,48.28923432,47.4398260027,47.7875823975,401491000
2023-11-29T05:00:00.000Z,48.3452004469,48.7279322752,47.8265620525,48.1063652039,382005000
2023-11-30T05:00:00.000Z,47.9904454357,48.0763876985,46.3895673244,46.737323761,526247000
2023-12-01T05:00:00.000Z,46.4924925258,47.1670201122,46.1547274505,46.7323226929,369317000
2023-12-04T05:00:00.000Z,46.0448041656,46.0448041656,44.9785483714,45.4781990051,437543000
2023-12-05T05:00:00.000Z,45.4382253742,46.5715315088,45.2433448006,46.5375556946,371718000
2023-12-06T05:00:00.000Z,47.1861565948,47.3580524048,45.3842566413,45.4752006531,380590000
2023-12-07T05:00:00.000Z,45.6720828539,46.6005161863,45.5761408289,46.5675354004,350823000
2023-12-08T05:00:00.000Z,46.5665355487,47.7118353465,46.5215610576,47.476978302,359224000
2023-12-11T05:00:00.000Z,47.4619928527,47.5019655227,45.8020081201,46.5985183716,509728000
2023-12-12T05:00:00.000Z,46.0178718284,47.6368810992,46.0178718284,47.6278877258,372387000
2023-12-13T05:00:00.000Z,47.5999088152,48.5643195252,47.5789217339,48.0586280823,447792000
2023-12-14T05:00:00.000Z,48.3604415699,48.6402693189,47.3930343429,48.3204650879,391232000
2023-12-15T05:00:00.000Z,48.1645563814,49.3738162236,48.0906002799,48.8601303101,479948000
2023-12-18T05:00:00.000Z,49.3698250199,50.4021911342,49.119977735,50.0464096069,412587000
2023-12-19T05:00:00.000Z,49.3937981949,49.6696305152,48.8651221227,49.5736885071,464444000
2023-12-20T05:00:00.000Z,49.6246632685,49.968454879,48.0686152727,48.0816078186,397894000
2023-12-21T05:00:00.000Z,48.7811800686,49.0650069572,48.389417454,48.9600715637,300425000
2023-12-22T05:00:00.000Z,49.1649496231,49.3528345115,48.4373936712,48.8001747131,252507000
2023-12-26T05:00:00.000Z,48.9380791202,49.5696929385,48.9300845877,49.2488899231,244200000
2023-12-27T05:00:00.000Z,49.4807584678,49.6496539555,49.0550161831,49.3868141174,233648000
2023-12-28T05:00:00.000Z,49.6126770928,49.8535271939,49.3818153934,49.4917488098,246587000
2023-12-29T05:00:00.000Z,49.7825714182,49.9664609431,48.7212198672,49.4917488098,389293000
2024-01-02T05:00:00.000Z,49.2139155613,49.2648830932,47.5659246994,48.1385726929,411254000
2024-01-03T05:00:00.000Z,47.4559877548,48.154558172,47.2910876532,47.5399360657,320896000
2024-01-04T05:00:00.000Z,47.7378196368,48.4703735889,47.4789789764,47.9686813354,306535000
2024-01-05T05:00:00.000Z,48.4324060733,49.5167425492,48.276499299,49.0670166016,415039000
2024-01-08T05:00:00.000Z,49.4817541277,52.2430666974,49.448773342,52.2210769653,642510000
2024-01-09T05:00:00.000Z,52.3689931165,54.291817675,51.6584250649,53.1075401306,773100000
2024-01-10T05:00:00.000Z,53.5832464127,54.5666426209,53.4563212843,54.3167953491,533796000
2024-01-11T05:00:00.000Z,54.9654031965,55.3121913459,53.5272830648,54.7885093689,596759000
2024-01-12T05:00:00.000Z,54.5866333473,54.9364218311,54.2968133963,54.6765785217,352994000
2024-01-16T05:00:00.000Z,54.9843881781,56.8002756073,54.86646024,56.3475532532,449580000
2024-01-17T05:00:00.000Z,56.3125759717,56.4365007652,54.7065592938,56.0187568665,474394000
2024-01-18T05:00:00.000Z,57.2250194508,57.5648119048,56.0727239151,57.0721130371,491650000
2024-01-19T05:00:00.000Z,57.9535733548,59.4636518818,57.1900401378,59.4546585083,543501000
2024-01-22T05:00:00.000Z,60.012320523,60.2941497656,59.0339184265,59.6175613403,452955000
2024-01-23T05:00:00.000Z,59.5336132708,59.8734057452,58.5492143165,59.8364295959,294654000
2024-01-24T05:00:00.000Z,60.2671639217,62.8106074687,59.9013863658,61.3245162964,560271000
2024-01-25T05:00:00.000Z,62.311907234,62.6806850961,60.8128236231,61.5793571472,482777000
2024-01-26T05:00:00.000Z,60.9227614182,61.7452605457,60.5360005942,60.9937171936,390309000
2024-01-29T05:00:00.000Z,61.1945894995,62.4508215202,60.8697911042,62.4268379211,348733000
2024-01-30T05:00:00.000Z,62.8615830425,63.4542193516,62.2219707436,62.7356567383,410735000
2024-01-31T05:00:00.000Z,61.4024617538,62.2309576537,60.662915993,61.4894104004,453795000
2024-02-01T05:00:00.000Z,62.0620592601,63.1523961433,61.6123372319,62.988494873,369146000
2024-02-02T05:00:00.000Z,63.9349140333,66.5593091265,63.651087147,66.1195831299,476578000
2024-02-05T05:00:00.000Z,68.1833163989,69.4545424422,67.163942923,69.289642334,680078000
2024-02-06T05:00:00.000Z,69.587458296,69.7113830898,66.259498483,68.1813201904,683111000
2024-02-07T05:00:00.000Z,68.2772564262,70.1770958659,67.5586939758,70.0561676025,495575000
2024-02-08T05:00:00.000Z,70.0311838115,70.7507451272,69.4125663379,69.598449707,414422000
2024-02-09T05:00:00.000Z,70.489914682,72.1409060464,70.1691116068,72.0889434814,436637000
2024-02-12T05:00:00.000Z,72.5556473928,74.565420466,71.206473628,72.2038650513,613710000
2024-02-13T05:00:00.000Z,70.3569973281,73.4051296453,69.577475015,72.0839385986,602580000
2024-02-14T05:00:00.000Z,73.1572867361,74.1906516829,71.8940589339,73.8548583984,504917000
2024-02-15T05:00:00.000Z,73.8238756574,73.9298060816,72.3557713217,72.613609314,420122000
2024-02-16T05:00:00.000Z,74.0547250213,74.3565424579,72.4567029507,72.5686340332,495327000
2024-02-20T05:00:00.000Z,71.9030315756,71.9120287596,67.6926087141,69.4095611572,704833000
2024-02-21T05:00:00.000Z,67.9644565332,68.8459215621,66.2075347659,67.4307861328,673755000
2024-02-22T05:00:00.000Z,74.979173751,78.5270007177,74.1746651669,78.4900283813,865100000
2024-02-23T05:00:00.000Z,80.7406465061,82.3436629057,77.5226123761,78.7688522339,829388000
2024-02-26T05:00:00.000Z,79.6513085718,80.5967374353,78.457038897,79.0436859131,503973000
2024-02-27T05:00:00.000Z,79.3325008302,79.4314469974,77.1148623297,78.6529159546,391705000
2024-02-28T05:00:00.000Z,77.5725741867,78.8847678105,77.0778739042,77.6155471802,393110000
2024-02-29T05:00:00.000Z,79.0456881788,79.9411369644,78.3021393481,79.0636749268,507289000
2024-03-01T05:00:00.000Z,79.9511223219,82.2497201385,79.3864650806,82.228729248,479135000
2024-03-04T05:00:00.000Z,84.0785878342,87.6414118052,83.6678434983,85.1849136353,615616000
2024-03-05T05:00:00.000Z,85.2219032659,86.0484403043,83.3699515538,85.915512085,520639000
2024-03-06T05:00:00.000Z,87.9723596158,89.6733955562,86.9809147022,88.6499710083,582520000
2024-03-07T05:00:00.000Z,90.107137031,92.714666396,89.5514509268,92.6167221069,608119000
2024-03-08T05:00:00.000Z,95.0843465791,97.3450719414,86.4572108891,87.4786376953,1142269000
2024-03-11T04:00:00.000Z,86.3802534334,88.7469140592,84.1185293157,85.7256240845,678364000
2024-03-12T04:00:00.000Z,87.9993485868,91.9081384741,86.1014174491,91.8611679077,668075000
2024-03-13T04:00:00.000Z,91.0036442135,91.4523884711,88.3851191793,90.8367385864,635713000
2024-03-14T04:00:00.000Z,89.5264682612,90.5948654246,86.5511427454,87.8943862915,602318000
2024-03-15T04:00:00.000Z,86.8809590671,89.4954805763,86.2083422146,87.7874450684,642086000
2024-03-18T04:00:00.000Z,90.3370216664,92.3528823706,87.035883155,88.4051132202,668976000
2024-03-19T04:00:00.000Z,86.6511108195,90.4929451343,84.9620689176,89.3475952148,672171000
2024-03-20T04:00:00.000Z,89.7463494019,90.3590102432,88.1732396768,90.3210296631,479063000
2024-03-21T04:00:00.000Z,92.2479481324,92.595751442,90.3540125955,91.383430481,480372000
2024-03-22T04:00:00.000Z,91.0895899886,94.724539545,90.7827639475,94.2358169556,586719000
2024-03-25T04:00:00.000Z,93.8880115137,96.7114149335,93.4572548768,94.9484100342,552136000
2024-03-26T04:00:00.000Z,95.7969342915,96.3206408095,92.4498242318,92.5087890625,513648000
2024-03-27T04:00:00.000Z,93.0594740788,93.1874002256,89.0727259006,90.1990890503,586067000
2024-03-28T04:00:00.000Z,89.9492364442,91.2485062429,89.1426924171,90.3050384521,435212000
2024-04-01T04:00:00.000Z,90.2480677147,92.1729761721,89.1536841626,90.3120269775,452441000
2024-04-02T04:00:00.000Z,88.3981036015,90.0431787966,87.570575382,89.4015426636,433064000
2024-04-03T04:00:00.000Z,88.4341009529,90.3230344848,88.3501486904,88.9138259888,370067000
2024-04-04T04:00:00.000Z,90.3550051791,90.5828810299,85.8315570707,85.8565444946,434965000
2024-04-05T04:00:00.000Z,86.8169970388,88.4310915229,85.8775324689,87.9583587646,399678000
2024-04-08T04:00:00.000Z,88.6499567379,88.7798882783,86.6830722945,87.0838470459,283220000
2024-04-09T04:00:00.000Z,87.3926743677,87.5855662874,82.9751695674,85.305847168,501700000
2024-04-10T04:00:00.000Z,83.8786632645,87.3507027466,83.6617827983,86.989906311,431929000
2024-04-11T04:00:00.000Z,87.3706988255,90.6878273637,86.8769817413,90.5648956299,431637000
2024-04-12T04:00:00.000Z,89.6484159177,90.1241530507,87.4806403054,88.1362686157,426805000
2024-04-15T04:00:00.000Z,89.0477608699,90.5619060136,85.8805490199,85.952507019,443077000
2024-04-16T04:00:00.000Z,86.3842438051,88.0682908956,86.0154562805,87.3656921387,370453000
2024-04-17T04:00:00.000Z,88.2901666025,88.7249264181,83.9026434696,83.9876022339,495400000
2024-04-18T04:00:00.000Z,84.9220878659,86.1414011456,82.355535131,84.6232528687,447260000
2024-04-19T04:00:00.000Z,83.1031137074,84.2764476693,75.5633690076,76.1570281982,875198000
2024-04-22T04:00:00.000Z,78.0599556407,80.0278471462,76.3569217242,79.47315979,596341000
2024-04-23T04:00:00.000Z,80.7234441337,82.7223161499,80.2187316946,82.3765106201,438559000
2024-04-24T04:00:00.000Z,83.9026498826,84.0345792178,79.138340137,79.6320648193,512208000
2024-04-25T04:00:00.000Z,78.8235113053,83.2760003255,78.1788784678,82.585395813,424641000
2024-04-26T04:00:00.000Z,83.7707330937,88.281188554,83.3399763926,87.6855239868,551011000
2024-04-29T04:00:00.000Z,87.5456007022,87.942372355,85.2179117977,87.7075119019,388971000
2024-04-30T04:00:00.000Z,87.1907963077,88.7689081633,86.2513316333,86.3532714844,363709000
2024-05-01T04:00:00.000Z,85.0290182778,85.9514942096,81.2091677433,82.9941635132,559863000
2024-05-02T04:00:00.000Z,84.4013606665,86.1883540867,83.1530646658,85.7685928345,377898000
2024-05-03T04:00:00.000Z,87.7394786021,89.2306337134,86.9909005733,88.7389144897,398341000
2024-05-06T04:00:00.000Z,89.3395790877,92.1679846602,89.004768959,92.0880279541,376203000
2024-05-07T04:00:00.000Z,91.046613923,91.7292273212,88.9607931501,90.5029220581,437342000
2024-05-08T04:00:00.000Z,89.4325308181,91.1425643027,89.3695628138,90.3610076904,325721000
2024-05-09T04:00:00.000Z,90.4779455438,91.0206385872,88.1812449768,88.6969528198,378013000
2024-05-10T04:00:00.000Z,90.2540621203,91.3494445725,89.1766672578,89.8273010254,335325000
2024-05-13T04:00:00.000Z,90.4269802997,90.9466913648,88.4790817553,90.3480300903,289680000
2024-05-14T04:00:00.000Z,89.5484686053,91.5993133076,88.8838427249,91.3044815063,296507000
2024-05-15T04:00:00.000Z,92.4198495332,94.8085010568,91.5473407731,94.5766296387,417735000
2024-05-16T04:00:00.000Z,94.85647789,95.7649618312,94.0499261764,94.3057861328,323952000
2024-05-17T04:00:00.000Z,94.3157672941,94.6865525743,91.7542096108,92.4268264771,359691000
2024-05-20T04:00:00.000Z,93.6971293336,95.1463085506,93.3873065993,94.7265472412,318764000
2024-05-21T04:00:00.000Z,93.5461970058,95.3461835085,93.1274346574,95.3321914673,328946000
2024-05-22T04:00:00.000Z,95.4051695121,95.9658501705,93.1964166645,94.8964538574,548648000
2024-05-23T04:00:00.000Z,101.9704583407,106.2600375645,101.4627416084,103.7404632568,835065000
2024-05-24T04:00:00.000Z,104.3900783774,106.4149364977,102.9418982516,106.4089431763,429494000
2024-05-28T04:00:00.000Z,110.1818263194,114.8741780617,109.8210298603,113.8367614746,652728000
2024-05-29T04:00:00.000Z,112.9862382897,115.4268546202,110.8384483384,114.7602310181,557442000
2024-05-30T04:00:00.000Z,114.5853363063,115.7536756826,109.6011495762,110.4376754761,484553000
2024-05-31T04:00:00.000Z,112.4565320511,112.6534271594,106.8796851305,109.5711669922,613263000
2024-06-03T04:00:00.000Z,113.556914901,114.9351348877,111.9398236819,114.9351348877,438392000
2024-06-04T04:00:00.000Z,115.650751415,116.5342479883,113.9806884422,116.3713378906,403324000
2024-06-05T04:00:00.000Z,118.3042360042,122.3799311447,117.4017454559,122.3709411621,528402000
2024-06-06T04:00:00.000Z,123.9780235158,125.5161568606,118.2532577386,120.9297485352,664696000
2024-06-07T04:00:00.000Z,119.7024508855,121.6233716471,117.9554432186,120.8198242188,412386000
2024-06-10T04:00:00.000Z,120.3021086214,123.0305645079,116.9440032034,121.7213058472,313434100
2024-06-11T04:00:00.000Z,121.7113088488,122.8107847976,118.6827703959,120.8517303467,222551200
2024-06-12T04:00:00.000Z,123.0006955616,126.8188544177,122.5109338254,125.1396636963,299595000
2024-06-13T04:00:00.000Z,129.3276207106,129.7374267107,127.0987000599,129.5475158691,260704500
2024-06-14T04:00:00.000Z,129.8973791028,132.7759808624,128.2581700274,131.8164520264,309320400
2024-06-17T04:00:00.000Z,132.9259111617,133.6655447589,129.5175509456,130.9168701172,288504400
2024-06-18T04:00:00.000Z,131.0767862028,136.2642869163,130.6270061658,135.5146484375,294335100
2024-06-20T04:00:00.000Z,139.7326377944,140.6921666596,129.4575926257,130.7169799805,517768400
2024-06-21T04:00:00.000Z,127.0587330156,130.567043389,124.2400925138,126.5089950562,649445800
2024-06-24T04:00:00.000Z,123.180594597,124.4000077614,117.9831041143,118.0530700684,476060900
2024-06-25T04:00:00.000Z,121.1415855193,126.4390342744,119.2624943165,126.0292282104,414192600
2024-06-26T04:00:00.000Z,126.0692142845,128.0582531537,122.5409166375,126.3390884399,362975900
2024-06-27T04:00:00.000Z,124.0401996807,126.3490917702,122.8607679701,123.9302520752,252571700
2024-06-28T04:00:00.000Z,124.5199685039,127.6484574563,122.6908485247,123.48046875,315516700
2024-07-01T04:00:00.000Z,123.4104952317,124.7798300839,118.7727320755,124.2400970459,284885500
2024-07-02T04:00:00.000Z,121.0716192708,123.350526842,120.9716689904,122.6108779907,218374000
2024-07-03T04:00:00.000Z,121.6013657654,128.218170166,121.3015073096,128.218170166,215749000
2024-07-05T04:00:00.000Z,127.3185964244,128.7878966879,125.6194189237,125.7693481445,214176700
2024-07-08T04:00:00.000Z,127.4285268449,130.7069517543,126.9787468687,128.1381835938,237677300
2024-07-09T04:00:00.000Z,130.2871937182,133.7555228327,128.5880007042,131.316696167,285366600
2024-07-10T04:00:00.000Z,133.9654203425,135.034912115,132.3561954639,134.8450012207,248978600
2024-07-11T04:00:00.000Z,135.6845824191,136.0843835595,126.9887779773,127.3386077881,374782700
2024-07-12T04:00:00.000Z,128.1982107259,131.8564513374,127.1587184122,129.1777496338,252680500
2024-07-15T04:00:00.000Z,130.4970863768,131.326688266,127.1187177969,128.378112793,208326200
2024-07-16T04:00:00.000Z,128.378094425,128.9777960745,124.519954333,126.2990951538,214769500
2024-07-17T04:00:00.000Z,121.2915173413,121.7912763807,116.6637513815,117.9331359863,390086200
2024-07-18T04:00:00.000Z,121.7912749654,122.3410129527,116.5038234747,121.0316390991,320979500
2024-07-19T04:00:00.000Z,120.2920086848,121.5414063812,117.3134488469,117.8731765747,217223800
2024-07-22T04:00:00.000Z,120.2920035253,124.0102121304,119.8022417845,123.48046875,258068900
2024-07-23T04:00:00.000Z,122.7208251767,124.6299083159,122.0411525965,122.5309143066,173911000
2024-07-24T04:00:00.000Z,119.1125736558,119.8921965766,113.3853390444,114.1949462891,327776900
2024-07-25T04:00:00.000Z,112.9855193239,116.5737854007,106.2487699191,112.2258834839,460067000
2024-07-26T04:00:00.000Z,116.1339969628,116.1439866521,111.526218448,113.0055007935,293399100
2024-07-29T04:00:00.000Z,113.6352107639,116.2239588809,111.2463632089,111.5362167358,248152100
2024-07-30T04:00:00.000Z,111.4662466271,111.9360213183,102.4905790464,103.6800079346,486833300
2024-07-31T04:00:00.000Z,112.8455832665,118.2829559789,110.8265526443,116.9635925293,473174200
2024-08-01T04:00:00.000Z,117.4733536533,120.1020909708,106.758519078,109.1573638916,523462300
2024-08-02T04:00:00.000Z,103.7099821759,108.6675901756,101.3211349419,107.2182846069,482027500
2024-08-05T04:00:00.000Z,92.0156253371,103.3601608236,90.6462905471,100.4015808105,552842400
2024-08-06T04:00:00.000Z,103.7899543615,107.6580920985,100.5015465701,104.199760437,409012100
2024-08-07T04:00:00.000Z,107.7580315433,108.7475598392,98.6424323988,98.8623275757,411440400
2024-08-08T04:00:00.000Z,101.9508334697,105.4491463829,97.4729895856,104.9194030762,391910000
2024-08-09T04:00:00.000Z,105.5890867556,106.5486231736,103.3801527684,104.6995162964,290844200
2024-08-12T04:00:00.000Z,106.2687722351,111.0164835741,106.2088035847,108.9674682617,325559900
2024-08-13T04:00:00.000Z,112.385808889,116.1739831094,111.5262227796,116.084022522,312646700
2024-08-14T04:00:00.000Z,118.4728819118,118.5428478753,114.0150319978,118.0231018066,339246400
2024-08-15T04:00:00.000Z,118.7027737528,123.1806106481,117.4133944663,122.8007965088,318086700
2024-08-16T04:00:00.000Z,121.8812314966,124.9397542402,121.1215956556,124.5199584961,302589900
2024-08-19T04:00:00.000Z,124.2201174933,129.9373626709,123.3605312532,129.9373626709,318333600
2024-08-20T04:00:00.000Z,128.338106913,129.817404555,125.8293221881,127.1886672974,300087400
2024-08-21T04:00:00.000Z,127.2586330157,129.2876609862,126.598955093,128.4380645752,257883600
2024-08-22T04:00:00.000Z,129.9573465368,130.6869904732,123.0406755476,123.6803665161,376189100
2024-08-23T04:00:00.000Z,125.7993447734,129.537547842,125.1596538193,129.3076477051,323230300
2024-08-26T04:00:00.000Z,129.5075571285,131.1967297705,124.3100588508,126.3990478516,331964700
2024-08-27T04:00:00.000Z,124.9897406348,129.137734622,123.8202986699,128.2381744385,303134600
2024-08-28T04:00:00.000Z,128.0582539315,128.2681594429,122.5808990207,125.5494689941,448101100
2024-08-29T04:00:00.000Z,121.3015125577,124.3700327016,116.6537520464,117.5333251953,453023300
2024-08-30T04:00:00.000Z,119.4723884012,121.6913196385,117.1635042019,119.3124694824,333751600
2024-09-03T04:00:00.000Z,115.9540860039,116.1539865548,107.238287772,107.9479446411,477155100
2024-09-04T04:00:00.000Z,105.3592035947,113.2154086223,104.0698243671,106.1588134766,372470300
2024-09-05T04:00:00.000Z,104.9394089305,109.5971671919,104.7095240253,107.1583404541,306850700
2024-09-06T04:00:00.000Z,107.9879373431,108.0978849451,100.9013499894,102.7804489136,413638100
2024-09-09T04:00:00.000Z,104.8294482794,106.4986491857,103.6400270088,106.4186859131,273912000
2024-09-10T04:00:00.000Z,107.7580361956,109.347273826,104.8994140244,108.0478973389,268283700
2024-09-11T04:00:00.000Z,109.3372733292,117.1335167738,107.3682216506,116.8536529541,441422400
2024-09-12T04:00:00.000Z,116.7936820849,120.7421209186,115.33426173,119.0927734375,366052700
2024-09-13T04:00:00.000Z,119.0327914362,119.9124398063,117.5533748406,119.0527801514,238358300
2024-09-16T04:00:00.000Z,116.7437017844,118.1331501357,114.3146648057,116.7337036133,248772300
2024-09-17T04:00:00.000Z,118.123153262,118.7529083985,114.7844809642,115.5441741943,231925900
2024-09-18T04:00:00.000Z,115.844047792,117.6533276676,113.1751083053,113.325050354,310318900
2024-09-19T04:00:00.000Z,117.3034821862,119.6125717127,117.2035233504,117.8232803345,293506400
2024-09-20T04:00:00.000Z,117.0136027142,118.5729896193,115.3442664221,115.9540252686,382462400
2024-09-23T04:00:00.000Z,116.5037989138,116.9436192978,114.8144664432,116.2139129639,206228500
2024-09-24T04:00:00.000Z,116.4738083781,121.7517218041,115.3342608816,120.8220901489,354966800
2024-09-25T04:00:00.000Z,121.9716219006,124.8904700647,121.5617884105,123.4610366821,284692900
2024-09-26T04:00:00.000Z,126.7497374948,127.619387732,121.7517195751,123.9908294678,302582900
2024-09-27T04:00:00.000Z,123.9208561831,123.9808299571,119.2127242688,121.3518753052,271009200
2024-09-30T04:00:00.000Z,118.2630968817,121.4518347362,118.1031642749,121.3918609619,226553700
2024-10-01T04:00:00.000Z,121.7217267152,122.3914669216,115.7441014728,116.9536209106,302094500
2024-10-02T04:00:00.000Z,116.3938462399,119.3326756535,115.0943585024,118.8028869629,221845900
2024-10-03T04:00:00.000Z,120.8720648065,124.3107036118,120.2922928915,122.8013000488,277118000
2024-10-04T04:00:00.000Z,124.8904721112,124.9904309426,121.7817044074,124.870475769,243678100
2024-10-07T04:00:00.000Z,124.9404439184,130.5882054261,124.9004588617,127.6693649292,346250200
2024-10-08T04:00:00.000Z,130.2083486599,133.4270732055,129.3686853661,132.837310791,285722500
2024-10-09T04:00:00.000Z,134.0568555107,134.4666966966,131.3279416256,132.5974273682,246191600
2024-10-10T04:00:00.000Z,131.8577019581,134.9464731268,130.9480591083,134.7565460205,242311300
2024-10-11T04:00:00.000Z,133.9568713961,135.7261740184,133.6070192917,134.7465667725,170209500
2024-10-14T04:00:00.000Z,136.4159022137,139.5446663099,136.2459714349,138.0152740479,232347700
2024-10-15T04:00:00.000Z,137.8153397242,138.5150744275,128.6889694749,131.5478363037,377831000
2024-10-16T04:00:00.000Z,133.9268980782,136.5658512089,131.5278553239,135.6662139893,264879700
2024-10-17T04:00:00.000Z,139.2847500346,140.8341385325,136.8157281339,136.8757019043,306435900
2024-10-18T04:00:00.000Z,138.615029825,138.844934383,137.2255814267,137.9452972412,176090200
2024-10-21T04:00:00.000Z,138.0752408527,143.6530303955,137.9452875126,143.6530303955,264554500
2024-10-22T04:00:00.000Z,142.8533730966,144.3627692419,141.7238159978,143.5330963135,226311600
2024-10-23T04:00:00.000Z,141.9736911816,142.373526501,137.4055108832,139.5046691895,285930000
2024-10-24T04:00:00.000Z,140.7641807201,141.293969387,138.4051157071,140.3543395996,172354900
2024-10-25T04:00:00.000Z,140.8741279131,144.0728716327,140.7441898171,141.4838867188,205122100
2024-10-28T04:00:00.000Z,142.9433224829,143.0832663843,139.9944947549,140.4643096924,173586700
2024-10-29T04:00:00.000Z,140.234374133,142.2035943301,138.8449258204,141.1940002441,157593600
2024-10-30T04:00:00.000Z,139.4846771874,140.2743725591,136.755763678,139.2847595215,179418100
2024-10-31T04:00:00.000Z,137.5454757198,137.5554662658,132.0576458959,132.7073822021,270039600
2024-11-01T04:00:00.000Z,134.6466092277,137.2555753763,134.5166711244,135.3463287354,207127800
2024-11-04T05:00:00.000Z,137.1556069872,138.9049131638,135.5162578091,135.9960632324,187528200
2024-11-05T05:00:00.000Z,137.3955214816,140.3143623696,137.275573922,139.8545532227,160537400
2024-11-06T05:00:00.000Z,142.9033482299,146.4319479859,141.9037445539,145.5522918701,242043900
2024-11-07T05:00:00.000Z,146.3319805183,148.8709671268,146.1120664909,148.8209991455,207323300
2024-11-08T05:00:00.000Z,148.7110041912,149.7106076053,146.20198986,147.5714569092,175665800
2024-11-11T05:00:00.000Z,148.6210501865,148.7909962144,143.5130906305,145.2024078369,182325600
2024-11-12T05:00:00.000Z,146.7218053283,149.5906625866,145.9521063372,148.2312011719,198634700
2024-11-13T05:00:00.000Z,149.0109139669,149.2708054084,145.8421571751,146.212020874,191903300
2024-11-14T05:00:00.000Z,147.5814534062,148.9409147143,145.492285847,146.7017974854,194463300
2024-11-15T05:00:00.000Z,144.8125441,145.1824077412,140.024450379,141.9236907959,250132900
2024-11-18T05:00:00.000Z,139.4446852269,141.493875408,137.0956109517,140.0944213867,221205300
2024-11-19T05:00:00.000Z,141.2639894637,147.0716839965,140.9341184422,146.9517211914,227834900
2024-11-20T05:00:00.000Z,147.3515703217,147.5015047606,142.6734175428,145.8321685791,309871700
2024-11-21T05:00:00.000Z,149.2908078351,152.8293979645,140.6442273075,146.6118621826,400946600
2024-11-22T05:00:00.000Z,145.872140439,147.1016638019,141.0440686584,141.8937225342,236406200
2024-11-25T05:00:00.000Z,141.9337141507,141.9936879235,135.7661620516,135.9660797119,344941900
2024-11-26T05:00:00.000Z,137.6454122416,139.2447840977,135.6162181601,136.8657226562,190287700
2024-11-27T05:00:00.000Z,134.9564601984,137.165590598,131.7477415726,135.2863311768,226370900
2024-11-29T05:00:00.000Z,136.7257870913,139.2947758131,135.9960806919,138.1952056885,141863200
2024-12-02T05:00:00.000Z,138.7749451,140.394297765,137.7653511333,138.5750274658,171682800
2024-12-03T05:00:00.000Z,138.2051993772,140.4842945486,137.8953246767,140.2044067383,164414000
2024-12-04T05:00:00.000Z,141.9437188909,145.732210029,140.2343899311,145.0824737549,231224300
2024-12-05T05:00:00.000Z,145.0624683622,146.4919926294,143.902844671,145.0124816895,172621200
2024-12-06T05:00:00.000Z,144.5526526294,145.6522832501,141.2637214934,142.3933563232,188505600
2024-12-09T05:00:00.000Z,138.9244776155,139.9041523174,137.0850840211,138.7645263672,189308600
2024-12-10T05:00:00.000Z,138.9644532334,141.7735454583,133.7461621452,135.0257568359,210020900
2024-12-11T05:00:00.000Z,137.3150004064,140.124077388,135.1657108647,139.2643585205,184905200
2024-12-12T05:00:00.000Z,137.0351040768,138.3946592467,135.7555245349,137.2950134277,159211400
2024-12-13T05:00:00.000Z,138.8944903227,139.5542777896,132.4965775973,134.2060241699,231514900
2024-12-16T05:00:00.000Z,134.1360195877,134.3559487103,130.3772572957,131.956741333,237951100
2024-12-17T05:00:00.000Z,129.0477128044,131.5468939273,126.8184475137,130.3472900391,259410300
2024-12-18T05:00:00.000Z,133.8161741449,136.6552406531,128.2379992356,128.8677978516,277444500
2024-12-19T05:00:00.000Z,131.7168091066,133.9860693669,129.5075419941,130.6371612549,209719200
2024-12-20T05:00:00.000Z,129.7674711298,135.2356803497,128.177995683,134.6558685303,306528600
2024-12-23T05:00:00.000Z,136.2353632498,139.7442081348,135.0757395214,139.6242523193,176053500
2024-12-24T05:00:00.000Z,139.9541431062,141.8535146611,138.6045791961,140.1740722656,105157000
2024-12-26T05:00:00.000Z,139.6542501202,140.803882688,137.6848940055,139.8841705322,116205600
2024-12-27T05:00:00.000Z,138.5046225405,138.9744698175,134.6658839506,136.9651184082,170582600
2024-12-31T05:00:00.000Z,137.9847982128,138.0247936562,133.786176634,134.2460174561,155659200
2025-01-02T05:00:00.000Z,135.9554382894,138.8344995109,134.5858920644,138.2646789551,198247200
2025-01-03T05:00:00.000Z,139.9641377647,144.8525355583,139.6842306919,144.4226837158,229322500
2025-01-06T05:00:00.000Z,148.5413213081,152.1101591713,147.771584527,149.3810424805,265377400
2025-01-07T05:00:00.000Z,152.9798619667,153.0798353055,139.9641234037,140.0940856934,351782200
2025-01-08T05:00:00.000Z,142.5333097771,143.9028562487,137.5149494541,140.0641174316,227349900
2025-01-10T05:00:00.000Z,137.40498272,139.8741750269,134.1760448009,135.8654937744,207602500
2025-01-13T05:00:00.000Z,129.9474266311,133.446280189,129.4675728747,133.1863555908,204808900
2025-01-14T05:00:00.000Z,136.0054462036,136.3353399579,130.0074112244,131.7168426514,195590500
2025-01-15T05:00:00.000Z,133.6062253899,136.4053114798,131.2469976468,136.1953887939,185217300
2025-01-16T05:00:00.000Z,138.5945760759,138.7045406462,133.4462694975,133.5262451172,209235600
2025-01-17T05:00:00.000Z,136.645231549,138.4546362683,135.4156386893,137.6649017334,201188800
2025-01-21T05:00:00.000Z,139.1144233323,141.7835469727,137.0450940163,140.7838745117,197749000
2025-01-22T05:00:00.000Z,144.6126360576,147.741600795,143.6229547328,147.0218505859,237651400
2025-01-23T05:00:00.000Z,145.0024960002,147.1817746807,143.6729297739,147.1717834473,155915500
2025-01-24T05:00:00.000Z,148.321389001,148.9211985421,141.833524892,142.5732727051,234657600
2025-01-27T05:00:00.000Z,124.7591174328,128.3579288877,116.6617649651,118.3812026978,818830900
2025-01-28T05:00:00.000Z,121.770097834,128.9577451393,116.2119214918,128.9477539062,579666400
2025-01-29T05:00:00.000Z,126.4585709064,126.8484425702,120.0106863497,123.6594848633,467120600
2025-01-30T05:00:00.000Z,123.059681235,124.9590604797,118.0613188158,124.6091766357,392925500
2025-01-31T05:00:00.000Z,123.7394540217,127.8081205678,119.1509611601,120.030670166,388161100
2025-02-03T05:00:00.000Z,114.7124175488,118.5311661329,112.972989562,116.6217956543,371235700
2025-02-04T05:00:00.000Z,116.921680993,121.1602897611,116.6617640379,118.6111297607,256550000
2025-02-05T05:00:00.000Z,121.7201217367,124.9590583947,120.7204492695,124.7891159058,262230800
2025-02-06T05:00:00.000Z,127.3782811715,128.7278452863,125.1690056353,128.6378631592,251483600
2025-02-07T05:00:00.000Z,129.1776628555,130.3272799615,124.9590442996,129.797454834,228186300
2025-02-10T05:00:00.000Z,130.0473743042,134.9557692773,129.9174272693,133.5262451172,216989100
2025-02-11T05:00:00.000Z,132.5365863253,134.4359580374,130.9770996136,132.7565155029,178902400
2025-02-12T05:00:00.000Z,129.9774176236,132.1966917068,129.0377230698,131.0970458984,160278600
2025-02-13T05:00:00.000Z,131.5169077204,136.4552921631,131.1270360673,135.2456817627,197430000
2025-02-14T05:00:00.000Z,136.4353006772,139.2043978169,135.4556258829,138.8045349121,195479600
2025-02-18T05:00:00.000Z,141.223753,143.3930407196,137.8848349106,139.3543548584,219176600
2025-02-19T05:00:00.000Z,139.4643095547,141.3137098418,137.1750661663,139.1844024658,167536000
2025-02-20T05:00:00.000Z,139.9841417996,140.6139403686,136.7451973424,140.0641174316,143903600
2025-02-21T05:00:00.000Z,139.9941186849,141.4136669416,133.9860929449,134.3859558105,228217600
2025-02-24T05:00:00.000Z,136.5152774354,138.5446114388,130.037403751,130.2373352051,251381100
2025-02-25T05:00:00.000Z,129.9374251597,130.1573543265,124.3992463117,126.5885238647,271428700
2025-02-26T05:00:00.000Z,129.9474287482,133.6861939914,128.4479200561,131.2369995117,322553800
2025-02-27T05:00:00.000Z,134.9557838017,134.9657750351,119.9706955729,120.1106491089,443175800
2025-02-28T05:00:00.000Z,117.9813402348,125.0490242136,116.3618757327,124.8790817261,389091100
2025-03-03T05:00:00.000Z,123.4695455765,123.6594781544,112.2432206853,114.0226364136,411381400
2025-03-04T05:00:00.000Z,110.6137636207,119.2709235024,110.0739395557,115.9520111084,398163300
2025-03-05T05:00:00.000Z,117.5414884866,118.2412561507,114.4724943705,117.2615814209,284337900
2025-03-06T05:00:00.000Z,113.4928125083,115.3122160699,110.1838991254,110.533782959,321181900
2025-03-07T05:00:00.000Z,111.2135681863,113.4428412685,107.5247741357,112.6530990601,341755500
2025-03-10T04:00:00.000Z,109.8640032575,111.813361475,105.42545516,106.9449615479,366487400
2025-03-11T04:00:00.000Z,106.9549559417,112.2032364344,104.7356818274,108.7243804932,354865700
2025-03-12T04:00:00.000Z,114.0931244716,116.7325020716,112.8534110324,115.7127380371,323857500
2025-03-13T04:00:00.000Z,117.0024278677,117.7322592443,113.7631933099,115.552772522,299033100
2025-03-14T04:00:00.000Z,118.5820578648,121.8512841455,118.1221671493,121.6413345337,277593500
2025-03-17T04:00:00.000Z,122.7110815243,122.8610477112,118.0021920694,119.5018386841,255501500
2025-03-18T04:00:00.000Z,117.9722034383,118.9919598068,114.5130194053,115.4028091431,299686900
2025-03-19T04:00:00.000Z,117.2423760821,120.4216274029,115.6527542355,117.4923171997,273426200
2025-03-20T04:00:00.000Z,116.522538418,120.1716722052,116.4425554391,118.5020675659,248829700
2025-03-21T04:00:00.000Z,116.9124486646,117.9621966837,115.3928025404,117.6722640991,266498500
2025-03-24T04:00:00.000Z,119.8517551027,122.1912077958,119.3118814043,121.381401062,228452500
2025-03-25T04:00:00.000Z,120.5216012824,121.2614248015,118.8919804313,120.661567688,167447200
2025-03-26T04:00:00.000Z,118.7020303526,118.811997419,112.6834444041,113.7332000732,293463300
2025-03-27T04:00:00.000Z,111.3237721998,114.423040531,110.6339399023,111.403755188,236902100
2025-03-28T04:00:00.000Z,111.463736027,112.8434158451,109.0443078966,109.6441650391,229872500
2025-03-31T04:00:00.000Z,105.1052274076,110.9338556226,103.6255803842,108.3544616699,299212700
2025-04-01T04:00:00.000Z,108.4944330456,110.1740376002,106.444920532,110.1240539551,222614000
2025-04-02T04:00:00.000Z,107.2647221439,111.9536195662,106.7648399497,110.3939819336,220601200
2025-04-03T04:00:00.000Z,103.4856201556,105.6051159039,101.5760663986,101.7760238647,338769400
2025-04-04T04:00:00.000Z,98.8867032325,100.1064094274,92.0883020712,94.2877807617,532273800
2025-04-07T04:00:00.000Z,87.4393878924,101.726021166,86.5995895115,97.6169891357,611041300
2025-04-08T04:00:00.000Z,103.7855382646,105.8250585233,94.4377427995,96.2773132324,476243400
2025-04-09T04:00:00.000Z,98.8667046992,115.0728853298,97.5070244529,114.3030700684,612918300
2025-04-10T04:00:00.000Z,109.3442337945,110.833880596,99.126640535,107.5446548462,437812400
2025-04-11T04:00:00.000Z,108.4744417347,111.5237263276,107.4546853621,110.9038696289,313417300
2025-04-14T04:00:00.000Z,114.0831224839,114.2630803908,109.0443087192,110.683921814,264705000
2025-04-15T04:00:00.000Z,110.9438551724,113.5932323218,110.4739646905,112.1735610962,228966900
2025-04-16T04:00:00.000Z,104.5253764909,106.7648467273,100.4263361363,104.465385437,397016900
2025-04-17T04:00:00.000Z,104.4253890652,104.4453886248,100.0264317847,101.4660873413,292517500
2025-04-21T04:00:00.000Z,98.7467313733,99.4165793518,95.0176142462,96.8871765137,288501100
2025-04-22T04:00:00.000Z,98.7567169055,99.7864729201,97.2570704468,98.8666915894,241004800
2025-04-23T04:00:00.000Z,104.4953697336,104.7753101674,101.9959587814,102.685798645,247526000
2025-04-24T04:00:00.000Z,103.4556132192,106.5148895393,103.0856976819,106.404914856,220815000
2025-04-25T04:00:00.000Z,106.8248323353,111.8936379046,105.7051010081,110.9838562012,251064700
2025-04-28T04:00:00.000Z,109.6641644315,110.3440045594,105.9950231208,108.7043914795,207708500
2025-04-29T04:00:00.000Z,107.64463563,110.1740384476,107.4146940798,108.9943161011,170444300
2025-04-30T04:00:00.000Z,104.4453845092,108.8943328857,104.0554770168,108.8943328857,235044600
2025-05-01T04:00:00.000Z,113.0533569336,114.9129192743,111.2737775731,111.5837020874,236121500
2025-05-02T04:00:00.000Z,114.1531057699,115.3728196253,113.3432990022,114.4730300903,190194800
2025-05-05T04:00:00.000Z,112.8834083144,114.642988264,112.6334672006,113.7931900024,133163200
2025-05-06T04:00:00.000Z,111.4537475013,114.7129742117,110.7938992838,113.5132598877,158525600
2025-05-07T04:00:00.000Z,113.023374945,117.6522816362,112.2535520414,117.0324249268,206758800
2025-05-08T04:00:00.000Z,118.2221437727,118.6520427824,115.8227076167,117.3423538208,198428100
2025-05-09T04:00:00.000Z,117.3223524857,118.2021500519,115.1828572494,116.6225204468,132972200
2025-05-12T04:00:00.000Z,121.9412674282,122.9710235596,120.251663119,122.9710235596,225023300
2025-05-13T04:00:00.000Z,124.9505603531,131.1890881874,124.440678364,129.8993835449,330430100
2025-05-14T04:00:00.000Z,133.1686103383,135.4080880073,131.6489642324,135.3081054688,281180800
2025-05-15T04:00:00.000Z,134.2583669224,136.2679033147,132.6287611739,134.798248291,226632600
2025-05-16T04:00:00.000Z,136.1879172146,136.3178914772,133.4285727715,135.3681030273,226542500
2025-05-19T04:00:00.000Z,132.3587969676,135.8379725101,132.3587969676,135.5380554199,193154600
2025-05-20T04:00:00.000Z,134.2583525069,134.5482927214,132.5887478151,134.3483428955,161514200
2025-05-21T04:00:00.000Z,133.0286490724,137.3676229218,130.5592297756,131.768951416,270608700
2025-05-22T04:00:00.000Z,132.1988413173,134.2183696611,131.519008853,132.7987060547,187344000
2025-05-23T04:00:00.000Z,129.9693743338,132.6487356514,129.129575884,131.2590637207,198821300
2025-05-27T04:00:00.000Z,134.1183754404,135.6280293046,133.2785770853,135.4680633545,192953600
2025-05-28T04:00:00.000Z,135.9979578766,137.2176717347,134.758244458,134.7782440186,304021100
2025-05-29T04:00:00.000Z,142.2164879714,143.4562013374,137.8775140735,139.1572113037,369241900
2025-05-30T04:00:00.000Z,138.6873257641,139.5871076673,132.8886889014,135.0981750488,333170900
2025-06-02T04:00:00.000Z,135.4580868464,138.0874568992,135.3680964546,137.3476409912,197663100
2025-06-03T04:00:00.000Z,138.7472943629,141.9665367692,137.9174881272,141.1867218018,225578800
2025-06-04T04:00:00.000Z,142.1565068298,142.3564566649,139.5071219356,141.8865661621,167120800
2025-06-05T04:00:00.000Z,142.1364949384,143.9660655183,138.7972856911,139.9570159912,231397900
2025-06-06T04:00:00.000Z,142.4764068268,143.2362374684,141.4766425133,141.6865997314,153986200
2025-06-09T04:00:00.000Z,143.1562706673,144.9658418384,141.9065651342,142.5964050293,185114500
2025-06-10T04:00:00.000Z,142.6563813955,144.2559952456,141.496651057,143.9260864258,155881900
2025-06-11T04:00:00.000Z,144.5859620448,144.9659037593,141.8464120236,142.8062591553,167694000
2025-06-12T04:00:00.000Z,141.9464110663,144.9759063721,141.8264358879,144.9759063721,162365000
2025-06-13T04:00:00.000Z,142.4563055841,143.5561287896,140.8265869784,141.946395874,180820600
2025-06-16T04:00:00.000Z,143.3261809628,146.155697184,143.1761967394,144.6659545898,183133700
2025-06-17T04:00:00.000Z,144.4659876895,145.1958620737,143.7560989962,144.0960388184,139108000
2025-06-18T04:00:00.000Z,143.9860537051,145.6257804546,143.0962022725,145.4558105469,161494100
2025-06-20T04:00:00.000Z,145.4258204778,146.175695814,142.6262828382,143.8260955811,242956200
2025-06-23T04:00:00.000Z,142.4763211998,144.7559411185,142.0063980778,144.1460418701,154308900
2025-06-24T04:00:00.000Z,145.5357895542,147.9353995652,145.4758019737,147.8753967285,187566100
2025-06-25T04:00:00.000Z,149.2452067763,154.4243389252,149.2351986735,154.284362793,269146500
2025-06-26T04:00:00.000Z,155.9540640341,156.6939465013,153.9743974811,154.9942321777,198145700
2025-06-27T04:00:00.000Z,156.0140628522,158.6836325821,155.2341936917,157.7237854004,263234500
2025-06-30T04:00:00.000Z,158.3736806725,158.6336472456,155.9340988177,157.963760376,194580300
2025-07-01T04:00:00.000Z,156.2640296559,157.1738821439,151.4648392595,153.2745361328,213143600
2025-07-02T04:00:00.000Z,152.9545671877,157.5738096194,152.9445743422,157.2238616943,171224100
2025-07-03T04:00:00.000Z,158.3436822818,160.9532492461,157.7437911243,159.3135223389,143716100
2025-07-07T04:00:00.000Z,158.1737127019,159.2835288905,157.313854977,158.2137145996,140139000
2025-07-08T04:00:00.000Z,159.3035171325,160.1933685816,158.3636709434,159.9734039307,138133000
2025-07-09T04:00:00.000Z,161.1932080056,164.3926731451,161.133220418,162.852935791,183656400
2025-07-10T04:00:00.000Z,164.292703312,164.4726660795,161.5831469027,164.0727386475,167704100
2025-07-11T04:00:00.000Z,163.6927958393,167.8621010789,163.4428373818,164.8925933838,193633300
2025-07-14T04:00:00.000Z,165.3425116109,165.4625020419,161.9930775147,164.0427398682,136975800
2025-07-15T04:00:00.000Z,171.1615549258,172.3713453105,169.171880122,170.6716308594,230627400
2025-07-16T04:00:00.000Z,171.0315761639,171.7214639623,168.8719313836,171.3415222168,158831500
2025-07-17T04:00:00.000Z,171.9914195606,174.1310633447,170.8016148629,172.9712524414,160841100
2025-07-18T04:00:00.000Z,173.6111389481,174.2210381711,171.2315296423,172.3813476562,146456400
2025-07-21T04:00:00.000Z,172.72129949,173.3511997044,170.9715902332,171.3515319824,123126100
2025-07-22T04:00:00.000Z,171.3115400515,171.3615347987,164.55266825,167.0022583008,193114300
2025-07-23T04:00:00.000Z,169.5018251649,171.2315333903,167.942086857,170.7516174316,154082200
2025-07-24T04:00:00.000Z,172.4113488284,173.8011172478,171.2715388676,173.7111358643,128984600
2025-07-25T04:00:00.000Z,173.5811584832,174.6909746873,172.9312725713,173.4711761475,122316800
2025-07-28T04:00:00.000Z,173.9910847874,176.9705852848,173.9410900454,176.7206268311,140023500
2025-07-29T04:00:00.000Z,177.9304246467,179.3501867712,174.9909109182,175.4808197021,154077500
2025-07-30T04:00:00.000Z,176.4806679177,179.8601112231,176.0107447862,179.2402191162,174312200
2025-07-31T04:00:00.000Z,182.869601798,183.2695444846,175.9007587674,177.8404388428,221685400
2025-08-01T04:00:00.000Z,174.0610652214,176.5106550173,170.8616000641,173.6911315918,204529000
2025-08-04T04:00:00.000Z,175.130900607,180.1700564919,174.4910075541,179.9700927734,148174600
2025-08-05T04:00:00.000Z,179.590151848,180.2300449039,175.8707686932,178.2303771973,156407600
2025-08-06T04:00:00.000Z,176.3006996469,179.8700984579,176.2207111104,179.3901824951,137192300
2025-08-07T04:00:00.000Z,181.5398451318,183.8494589564,178.7703010091,180.7399749756,151878400
2025-08-08T04:00:00.000Z,181.5198443548,183.2695536486,180.3700262366,182.6696472168,123396700
2025-08-11T04:00:00.000Z,182.0197465341,183.8094423253,180.220042641,182.0297393799,138323200
2025-08-12T04:00:00.000Z,182.9295986693,184.44933506,179.430180371,183.1295623779,145485700
2025-08-13T04:00:00.000Z,182.5896573827,183.9394392166,179.3202115958,181.5598297119,179871700
2025-08-14T04:00:00.000Z,179.7201191765,182.9895798583,179.4301740975,181.9897460938,129554000
2025-08-15T04:00:00.000Z,181.8497837526,181.8697694449,178.0104102112,180.4200134277,156602200
2025-08-18T04:00:00.000Z,180.5699823278,182.9095896539,180.5599742262,181.9797363281,132008000
2025-08-19T04:00:00.000Z,182.3996741658,182.4696698554,175.4608403576,175.6108093262,185229200
2025-08-20T04:00:00.000Z,175.1408920977,175.9707560165,168.7719554125,175.3708496094,215142700
2025-08-21T04:00:00.000Z,174.820944457,176.8705915235,173.7811087709,174.9509124756,140040900
2025-08-22T04:00:00.000Z,172.5813229194,178.5603251213,171.1715535175,177.96043396,172789400
2025-08-25T04:00:00.000Z,178.3203719825,181.8797780222,176.5406689626,179.7801208496,163012800
2025-08-26T04:00:00.000Z,180.0300693803,182.3596839365,178.7802771456,181.7397918701,168688200
2025-08-27T04:00:00.000Z,181.9497659793,182.4596910242,179.070254767,181.5698394775,235518900
2025-08-28T04:00:00.000Z,180.789961572,184.4393489714,176.3806906932,180.1400604248,281787800
2025-08-29T04:00:00.000Z,178.0804015832,178.1203882231,173.1212191429,174.1510467529,243257900
2025-09-02T04:00:00.000Z,169.9717482777,172.3513576356,167.1922114969,170.7516174316,231164900
2025-09-03T04:00:00.000Z,171.0315889143,172.3813708167,168.8519582789,170.5916595459,164424900
2025-09-04T04:00:00.000Z,170.5416697336,171.8314487072,169.3818587883,171.6314849854,141670100
2025-09-05T04:00:00.000Z,168.00209055,169.0019244593,164.0427568129,166.9922637939,224441400
2025-09-08T04:00:00.000Z,167.5221599855,170.9315969812,167.3221962723,168.2820281982,163769100
2025-09-09T04:00:00.000Z,169.0618925541,170.9515778143,166.7122922921,170.7316131592,157548400
2025-09-10T04:00:00.000Z,176.6106493171,179.260202897,175.4408455522,177.3005371094,226852000
2025-09-11T04:00:00.000Z,179.6602775733,180.2602178421,176.4606317397,177.1505584717,151159300
2025-09-12T04:00:00.000Z,177.7504785147,178.5803891806,176.4306161763,177.8004760742,124911000
2025-09-15T04:00:00.000Z,175.6507256309,178.8303846908,174.4908492314,177.7304992676,147061600
2025-09-16T04:00:00.000Z,176.9805717439,177.4805168618,174.3608642083,174.8608093262,140737800
2025-09-17T04:00:00.000Z,172.6210494228,173.1809855128,168.3915180041,170.2713012695,211843800
2025-09-18T04:00:00.000Z,173.9608956935,177.0805635456,172.9410186572,176.2206573486,191763300
2025-09-19T04:00:00.000Z,175.7506939672,178.0604377467,175.1607471899,176.6505889893,237182100
2025-09-22T04:00:00.000Z,175.2807584699,184.5297429971,174.6908269023,183.58984375,269637000
2025-09-23T04:00:00.000Z,181.9500202293,182.3999677662,176.1906581915,178.4104003906,192559600
2025-09-24T04:00:00.000Z,179.7502570021,179.7602504111,175.3807266605,176.9505615234,143564100
2025-09-25T04:00:00.000Z,174.4608472799,180.2402117286,173.111004591,177.670501709,191586700
2025-09-26T04:00:00.000Z,178.1504385974,179.7502690517,174.9107887933,178.1704406738,148573700
2025-09-29T04:00:00.000Z,180.4101900297,183.9798055367,180.3002167493,181.8300476074,193063500
2025-09-30T04:00:00.000Z,182.0600035237,187.3294289783,181.4600633204,186.5595092773,236981000
2025-10-01T04:00:00.000Z,185.219671447,188.1193470072,183.8798069452,187.2194519043,173844900
2025-10-02T04:00:00.000Z,189.5791914633,191.0290292282,188.0393519834,188.8692626953,136805800
2025-10-03T04:00:00.000Z,189.1692460868,190.3391158933,185.3596665295,187.5994110107,137596900
2025-10-06T04:00:00.000Z,185.4796339075,187.2094396983,183.3098739832,185.5196228027,157678100
2025-10-07T04:00:00.000Z,186.2095556681,189.0392468864,183.9798046984,185.0196838379,140088000
2025-10-08T04:00:00.000Z,186.549519043,189.5791850814,186.5195083009,189.0892333984,130168900
2025-10-09T04:00:00.000Z,192.2088843871,195.2785545529,191.0390147113,192.5488586426,182997200
2025-10-10T04:00:00.000Z,193.4887469873,195.5985159183,182.0300138465,183.1398925781,268774400
2025-10-13T04:00:00.000Z,187.9493639887,190.0891284278,185.9395901592,188.299331665,153482800
2025-10-14T04:00:00.000Z,184.7497082161,184.7797037001,179.6802578067,180.0102233887,205641400
2025-10-15T04:00:00.000Z,184.7797124853,184.8496968658,177.2705272995,179.810256958,214450500
2025-10-16T04:00:00.000Z,182.2099911254,183.2598789114,179.75026972,181.7900390625,179723300
2025-10-17T04:00:00.000Z,180.1602152773,184.0797984261,179.7302697996,183.1998901367,173135200
2025-10-20T04:00:00.000Z,183.1099010416,185.1796658653,181.7100455781,182.6199493408,128544700
2025-10-21T04:00:00.000Z,182.7699167975,182.7699167975,179.7802549646,181.1401062012,124240200
2025-10-22T04:00:00.000Z,181.1201143317,183.4198648954,176.7405902739,180.2602081299,162249600
2025-10-23T04:00:00.000Z,180.4001849787,183.0098989665,179.7702492812,182.1399993896,111363700
2025-10-24T04:00:00.000Z,183.8198001564,187.4494062564,183.4798411696,186.2395324707,131296700
2025-10-27T04:00:00.000Z,189.9691435897,191.9789173886,188.40930207,191.4689788818,153452700
2025-10-28T04:00:00.000Z,193.0288146936,203.1276970057,191.8889404255,201.0079345703,297986200
2025-10-29T04:00:00.000Z,207.9571722358,212.1667169483,204.7575264516,207.0172729492,308829600
2025-10-30T04:00:00.000Z,205.1274679114,206.1373667754,201.3878883373,202.8677215576,178864400
2025-10-31T04:00:00.000Z,206.4273301119,207.947167498,202.0478213816,202.4677734375,179802200
2025-11-03T05:00:00.000Z,208.057149706,211.316786188,205.5374221898,206.8572845459,180267300
2025-11-04T05:00:00.000Z,202.9777066092,203.9476013047,197.9082560714,198.668182373,188919300
2025-11-05T05:00:00.000Z,198.7481902404,202.8977286954,194.6286320153,195.188583374,171350300
2025-11-06T05:00:00.000Z,196.3984375637,197.5983027908,186.3595463463,188.0593566895,223029800
2025-11-07T05:00:00.000Z,184.8797053678,188.2993435275,178.8903723973,188.1293487549,264942300
2025-11-10T05:00:00.000Z,195.0885825356,199.9180541564,193.7687201144,199.0281524658,198897100
2025-11-11T05:00:00.000Z,195.1385743376,195.398540296,191.2789975702,193.1387939453,176483300
2025-11-12T05:00:00.000Z,195.698519737,195.8684992476,191.1090271797,193.7787322998,154935300
2025-11-13T05:00:00.000Z,191.0290197872,191.4189763427,183.8298136237,186.8394775391,207423100
2025-11-14T05:00:00.000Z,182.8399142971,190.989012955,180.5601659649,190.1491088867,186591900
2025-11-17T05:00:00.000Z,185.9495778546,188.9792438771,184.2997651617,186.5795135498,173628900
2025-11-18T05:00:00.000Z,183.3598703734,184.7797126313,179.6302689298,181.3400878906,213598900
2025-11-19T05:00:00.000Z,184.7697059223,187.8393762025,182.8099296469,186.4995269775,247246400
2025-11-20T05:00:00.000Z,195.9284793022,195.978476863,179.8302564284,180.6201629639,343504800
2025-11-21T05:00:00.000Z,181.2201083427,184.539735928,172.911007827,178.8603668213,346926200
2025-11-24T05:00:00.000Z,179.4703065366,183.4798609482,176.4606271184,182.5299682617,256618300
2025-11-25T05:00:00.000Z,174.8907920387,178.1404350679,169.5313801558,177.8004760742,320600300
2025-11-26T05:00:00.000Z,181.6100638207,182.8899220696,178.2204366173,180.2402038574,183852000
2025-11-28T05:00:00.000Z,178.9903340543,179.2703020817,176.4806152171,176.9805603027,121332800
2025-12-01T05:00:00.000Z,174.7408159056,180.280216476,173.6609325966,179.9002532959,188131000
2025-12-02T05:00:00.000Z,181.7400335836,185.639614439,179.9802323597,181.4400787354,182632200
2025-12-03T05:00:00.000Z,181.0601239114,182.4299686384,179.090338946,179.5702819824,165138000
2025-12-04T05:00:00.000Z,181.6101720954,184.510024402,179.9502734735,183.3700866699,167364900
2025-12-05T05:00:00.000Z,183.8800468525,184.6500094506,180.9002124089,182.4001312256,143971100
2025-12-08T05:00:00.000Z,182.6301165694,187.9898271452,182.3901240632,185.5399627686,204378100
2025-12-09T05:00:00.000Z,185.549955865,185.7099508684,183.310086849,184.9599914551,144719700
2025-12-10T05:00:00.000Z,184.9599880707,185.4699549696,182.030138749,183.7700500488,162785400
2025-12-11T05:00:00.000Z,180.2702378295,181.310190065,176.610432332,180.9201965332,182136600
2025-12-12T05:00:00.000Z,181.1001951856,182.8101093185,174.610541066,175.0105285645,204274900
2025-12-15T05:00:00.000Z,177.9303764379,178.4103461991,175.0205301979,176.280456543,164775600
2025-12-16T05:00:00.000Z,176.2504604428,178.4803508058,174.8905333961,177.7103881836,148588100
2025-12-17T05:00:00.000Z,176.0904801522,176.1204773087,170.3007848119,170.9307556152,222775500
2025-12-18T05:00:00.000Z,174.5205477286,176.1404551207,171.8107030235,174.130569458,176096000
2025-12-19T05:00:00.000Z,176.6604358482,181.4401759085,176.3304518786,180.9802093506,324925900
2025-12-22T05:00:00.000Z,183.9100369818,184.1500294762,182.3401299478,183.6800537109,129064400
2025-12-23T05:00:00.000Z,182.9601002362,189.3197566903,182.8900967003,189.1997680664,174873600
2025-12-24T05:00:00.000Z,187.9298305738,188.8997792952,186.5798975366,188.5997924805,65528500
2025-12-26T05:00:00.000Z,189.9097162518,192.6795705614,187.989822028,190.5196838379,139740300
2025-12-29T05:00:00.000Z,187.699841461,188.7497723929,185.8999358867,188.2098083496,120006100
2025-12-30T05:00:00.000Z,188.2298205234,188.9797799436,186.9198785859,187.5298461914,97687300
2025-12-31T05:00:00.000Z,189.5597552364,190.5496919313,186.4799199741,186.4899139404,120100500
2026-01-02T05:00:00.000Z,189.8297193561,192.9195484172,188.2498030584,188.8397827148,148240500
2026-01-05T05:00:00.000Z,191.7496199644,193.6195291696,186.1399228646,188.1098175049,183529700
2026-01-06T05:00:00.000Z,190.5096949509,192.1595995638,186.809898215,187.2298736572,176862600
2026-01-07T05:00:00.000Z,188.5597979127,191.3596341109,186.5498969714,189.0997619629,153543200
2026-01-08T05:00:00.000Z,189.0997706771,189.5397493165,183.7000688941,185.0299835205,172457000
2026-01-09T05:00:00.000Z,185.0699801528,186.3299064337,183.6600528394,184.8499908447,131327500
2026-01-12T05:00:00.000Z,183.2100845491,187.1098673608,183.0100984256,184.9299926758,137968500
2026-01-13T05:00:00.000Z,184.9899882929,188.0998205983,183.3900687775,185.7999420166,160128900
2026-01-14T05:00:00.000Z,184.3100252063,184.4500170141,180.7902115648,183.1300811768,159586100
2026-01-15T05:00:00.000Z,186.4899131697,189.6897370465,186.3199241951,187.0398864746,206188600
2026-01-16T05:00:00.000Z,189.0697614176,190.4296883714,186.069923895,186.219909668,187967200
2026-01-20T05:00:00.000Z,181.8901429251,182.370127916,177.6003819678,178.0603637695,223345300
2026-01-21T05:00:00.000Z,179.0403158601,185.3699752173,178.3903418724,183.3100891113,200381000
2026-01-22T05:00:00.000Z,184.739995108,186.1599163788,183.9200321902,184.8299865723,139636600
2026-01-23T05:00:00.000Z,187.4898468519,189.5897392398,186.8098909978,187.6598358154,142748100
2026-01-26T05:00:00.000Z,187.1498802807,189.1097657209,185.9799453963,186.4599151611,124799600
2026-01-27T05:00:00.000Z,187.2298666737,189.9897117301,185.6899415183,188.5097961426,143711600
2026-01-28T05:00:00.000Z,191.259657079,192.3396004849,189.829726504,191.5096435547,148552700
2026-01-29T05:00:00.000Z,191.3296379242,193.4695214625,186.0499249838,192.4995727539,171764400
2026-01-30T05:00:00.000Z,191.1996569246,194.4794781645,189.4597456142,191.1196594238,179489500
2026-02-02T05:00:00.000Z,187.1898706567,190.2897090702,184.8700040876,185.5999603271,165794100
2026-02-03T05:00:00.000Z,186.2299203757,186.2599175305,176.220452664,180.3302307129,204019600
2026-02-04T05:00:00.000Z,179.4502914858,179.570280107,171.9006971602,174.1805725098,207014100
2026-02-05T05:00:00.000Z,174.9205196477,176.8104319457,171.0207369486,171.8706970215,206312900
2026-02-06T05:00:00.000Z,176.6804343619,186.9898736157,174.590551201,185.3999633789,231346200
2026-02-09T05:00:00.000Z,184.2500228801,193.6495233336,183.9400420977,190.0297088623,196387400
2026-02-10T05:00:00.000Z,191.369642986,192.4695742739,188.1098097273,188.5297851562,136764800
2026-02-11T05:00:00.000Z,192.4395826504,193.2495363766,188.7597891149,190.0397186279,144192700
2026-02-12T05:00:00.000Z,193.0195526316,193.5995230749,186.4999012003,186.9298858643,189932500
2026-02-13T05:00:00.000Z,187.4698554447,187.4898586352,181.5801746291,182.8001098633,161888000
2026-02-17T05:00:00.000Z,181.7401644867,187.1398661592,179.17029624,184.9599914551,162276900
2026-02-18T05:00:00.000Z,188.7397806981,190.3596881055,186.7498829478,187.9698181152,164749100
2026-02-19T05:00:00.000Z,187.0498806353,188.4198016579,185.6499624559,187.889831543,126554500
2026-02-20T05:00:00.000Z,186.5599139825,190.3197050756,185.9299431826,189.8097381592,178422300
2026-02-23T05:00:00.000Z,191.3896412925,193.9395064176,189.5697476684,191.539642334,171584800
2026-02-24T05:00:00.000Z,191.4796420845,193.7595174706,187.3898518386,192.8395690918,175123600
2026-02-25T05:00:00.000Z,194.4394674553,197.619303192,193.7794995325,195.549407959,250637100
2026-02-26T05:00:00.000Z,194.2594866824,194.2794746139,184.3100284174,184.879989624,360807900
2026-02-27T05:00:00.000Z,181.2401979139,182.5801217841,176.3704661683,177.1804199219,311636500
2026-03-02T05:00:00.000Z,175.0005262084,183.4500812573,174.6305511085,182.470123291,209095300
2026-03-03T05:00:00.000Z,178.4803396065,180.8901975002,176.9104173039,180.0402526855,178099400
2026-03-04T05:00:00.000Z,180.4302401538,184.6900041835,180.0502558302,183.030090332,177731200
2026-03-05T05:00:00.000Z,181.1601973473,184.0500403955,177.8703820411,183.330078125,198779700
2026-03-06T05:00:00.000Z,179.8302586671,182.7500987289,176.8104331746,177.8103790283,189021900
2026-03-09T04:00:00.000Z,176.820429199,182.9001018913,175.5504936778,182.6401062012,177213600
2026-03-10T04:00:00.000Z,182.3901275873,186.4299176017,182.0001492934,184.7600097656,179118500
2026-03-11T04:00:00.000Z,185.9100036621,187.6199951172,184.4499969482,186.0299987793,145280400
2026-03-12T04:00:00.000Z,184.0500030518,184.9400024414,181.75,183.1399993896,155762700
2026-03-13T04:00:00.000Z,184.9199981689,186.0899963379,179.9400024414,180.25,160988400
2026-03-16T04:00:00.000Z,182.9700012207,188.8800048828,181.4100036621,183.2200012207,217307400
2026-03-17T04:00:00.000Z,185.0599975586,185.3999938965,181.6799926758,181.9299926758,182497800
2026-03-18T04:00:00.000Z,182.4799957275,183.3800048828,180.3300018311,180.3999938965,156683100
2026-03-19T04:00:00.000Z,178.0099945068,179.9799957275,175.7899932861,178.5599975586,170968500
2026-03-20T04:00:00.000Z,178.0,178.2599945068,171.7200012207,172.6999969482,241323500
2026-03-23T04:00:00.000Z,177.2599945068,178.3699951172,174.7599945068,175.6399993896,182836300
2026-03-24T04:00:00.000Z,174.8300018311,176.2200012207,173.9799957275,175.1999969482,147667800
2026-03-25T04:00:00.000Z,177.1000061035,181.2200012207,176.8500061035,178.6799926758,162602100
2026-03-26T04:00:00.000Z,176.0700073242,176.5099945068,171.1399993896,171.2400054932,186152200
2026-03-27T04:00:00.000Z,170.0,170.9700012207,167.0099945068,167.5200042725,196212700
2026-03-30T04:00:00.000Z,168.7799987793,169.4499969482,164.2700042725,165.1699981689,185627000
2026-03-31T04:00:00.000Z,166.9700012207,174.6199951172,166.9600067139,174.3999938965,226181300
2026-04-01T04:00:00.000Z,176.0,177.3699951172,174.75,175.75,168132000
2026-04-02T04:00:00.000Z,172.1799926758,177.4900054932,171.3699951172,177.3899993896,143143200
2026-04-06T04:00:00.000Z,177.1600036621,177.7899932861,175.7599945068,177.6399993896,107564300
2026-04-07T04:00:00.000Z,175.7299957275,178.2299957275,173.6600036621,178.1000061035,132534900
2026-04-08T04:00:00.000Z,184.5,185.2599945068,180.3000030518,182.0800018311,147732700
2026-04-09T04:00:00.000Z,181.8399963379,184.0800018311,180.6199951172,183.9100036621,116428500
2026-04-10T04:00:00.000Z,184.3099975586,190.0,184.3000030518,188.6300048828,160459500
2026-04-13T04:00:00.000Z,186.0299987793,189.6600036621,185.7400054932,189.3099975586,133648200
2026-04-14T04:00:00.000Z,190.8399963379,196.5099945068,190.7700042725,196.5099945068,161307000
2026-04-15T04:00:00.000Z,196.5399932861,200.3999938965,195.7400054932,198.8699951172,185338400
2026-04-16T04:00:00.000Z,197.4299926758,199.8500061035,195.8099975586,198.3500061035,134012900
2026-04-17T04:00:00.000Z,199.8999938965,201.6999969482,199.2700042725,201.6799926758,160324400
2026-04-20T04:00:00.000Z,199.9799957275,202.1699981689,197.8399963379,202.0599975586,119381400
2026-04-21T04:00:00.000Z,202.1300048828,202.75,199.0,199.8800048828,107945300
2026-04-22T04:00:00.000Z,200.9900054932,202.5,199.0,202.5,107501000
2026-04-23T04:00:00.000Z,202.4600067139,203.8300018311,197.2200012207,199.6399993896,113561800
2026-04-24T04:00:00.000Z,199.9600067139,210.9499969482,199.8099975586,208.2700042725,214134400
2026-04-27T04:00:00.000Z,209.6499938965,216.8300018311,207.3800048828,216.6100006104,187172400
2026-04-28T04:00:00.000Z,209.4900054932,214.7299957275,208.1999969482,213.1699981689,180275400
2026-04-29T04:00:00.000Z,212.6999969482,212.7200012207,207.5800018311,209.25,123711800
2026-04-30T04:00:00.000Z,209.9299926758,210.3000030518,198.6999969482,199.5700073242,225239200
2026-05-01T04:00:00.000Z,201.2799987793,203.0,197.1199951172,198.4499969482,128647000
2026-05-04T04:00:00.000Z,199.5,201.7299957275,194.7400054932,198.4799957275,125368100
2026-05-05T04:00:00.000Z,199.3000030518,200.2400054932,196.0299987793,196.5,113406600
2026-05-06T04:00:00.000Z,199.8899993896,208.2700042725,198.6100006104,207.8300018311,188362800
2026-05-07T04:00:00.000Z,208.3399963379,214.1999969482,206.5,211.5,168307900
2026-05-08T04:00:00.000Z,213.0299987793,217.8000030518,212.8899993896,215.1999969482,136421400
2026-05-11T04:00:00.000Z,214.0399932861,222.3000030518,213.8899993896,219.4400024414,160685800
