Date,Open,High,Low,Close,Volume
2021-01-04T05:00:00.000Z,23.9099998474,24.5,22.5,23.3700008392,44970400
2021-01-05T05:00:00.000Z,23.1800003052,24.6700000763,22.8899993896,24.6000003815,29050400
2021-01-06T05:00:00.000Z,24.1200008392,24.4599990845,23.25,23.5400009155,32732900
2021-01-07T05:00:00.000Z,24.0200004578,25.1900005341,23.6700000763,25.0,32240000
2021-01-08T05:00:00.000Z,25.7000007629,26.4400005341,24.7000007629,25.2000007629,41313800
2021-01-11T05:00:00.000Z,24.6100006104,26.6000003815,24.3099994659,25.9300003052,32609000
2021-01-12T05:00:00.000Z,26.3400001526,26.4200000763,25.5100002289,26.1800003052,26887200
2021-01-13T05:00:00.000Z,25.7099990845,27.4300003052,25.1299991608,25.5,51216600
2021-01-14T05:00:00.000Z,25.4500007629,25.6200008392,24.3700008392,24.9200000763,32908000
2021-01-15T05:00:00.000Z,26.2600002289,28.0,25.4599990845,25.6399993896,92285500
2021-01-19T05:00:00.000Z,26.8099994659,27.5400009155,26.0,26.6200008392,48675800
2021-01-20T05:00:00.000Z,27.2900009155,27.2999992371,25.7000007629,26.3400001526,37459000
2021-01-21T05:00:00.000Z,26.4200000763,26.6800003052,25.2999992371,25.9799995422,29891400
2021-01-22T05:00:00.000Z,25.8500003815,32.6500015259,25.8199996948,32.5800018311,156844700
2021-01-25T05:00:00.000Z,34.4599990845,39.5800018311,29.5599994659,36.2299995422,191345300
2021-01-26T05:00:00.000Z,35.1399993896,36.8699989319,34.3199996948,35.3699989319,65870000
2021-01-27T05:00:00.000Z,32.9700012207,45.0,32.25,39.0,170758800
2021-01-28T05:00:00.000Z,39.5400009155,42.0,33.0999984741,35.6599998474,85250700
2021-01-29T05:00:00.000Z,36.6100006104,38.0099983215,34.6599998474,35.1800003052,42030900
2021-02-01T05:00:00.000Z,35.3300018311,35.6199989319,32.5800018311,33.9599990845,43460900
2021-02-02T05:00:00.000Z,34.0999984741,34.2000007629,30.5,31.0200004578,69647900
2021-02-03T05:00:00.000Z,32.3899993896,32.9500007629,31.3799991608,31.7600002289,35312000
2021-02-04T05:00:00.000Z,32.5800018311,33.1800003052,31.0499992371,32.0499992371,31565000
2021-02-05T05:00:00.000Z,32.6100006104,35.2000007629,31.75,34.0499992371,62375300
2021-02-08T05:00:00.000Z,37.2200012207,39.2200012207,35.8899993896,36.0499992371,72376000
2021-02-09T05:00:00.000Z,36.9000015259,38.2550010681,36.1300010681,38.1699981689,44243200
2021-02-10T05:00:00.000Z,38.1500015259,38.2400016785,35.0,35.7000007629,45177200
2021-02-11T05:00:00.000Z,35.7900009155,35.9799995422,32.6100006104,33.1100006104,52094900
2021-02-12T05:00:00.000Z,33.3600006104,33.6500015259,31.3400001526,31.9099998474,60925600
2021-02-16T05:00:00.000Z,30.0200004578,30.4400005341,27.2999992371,27.8400001526,180294300
2021-02-17T05:00:00.000Z,27.9899997711,29.7299995422,27.0,27.0799999237,151007000
2021-02-18T05:00:00.000Z,24.9899997711,26.3099994659,24.5,25.1700000763,313175100
2021-02-19T05:00:00.000Z,27.0200004578,29.9599990845,26.8999996185,29.0,320063700
2021-02-22T05:00:00.000Z,29.9599990845,30.1900005341,27.5359992981,28.0,183049500
2021-02-23T05:00:00.000Z,25.9599990845,27.4599990845,23.8999996185,26.75,145289400
2021-02-24T05:00:00.000Z,26.7099990845,27.2299995422,25.75,26.3899993896,90095700
2021-02-25T05:00:00.000Z,25.8199996948,26.4400005341,23.1499996185,23.9599990845,161776400
2021-02-26T05:00:00.000Z,24.2000007629,24.5,22.7000007629,23.8999996185,119588600
2021-03-01T05:00:00.000Z,25.1900005341,25.8999996185,24.6200008392,24.8099994659,85059900
2021-03-02T05:00:00.000Z,25.0,25.5900001526,24.2600002289,24.4799995422,73997000
2021-03-03T05:00:00.000Z,24.9899997711,25.1679992676,23.4300003052,23.5900001526,79046200
2021-03-04T05:00:00.000Z,24.8500003815,25.5599994659,23.0499992371,24.7299995422,161611200
2021-03-05T05:00:00.000Z,24.3600006104,24.6800003052,20.1800003052,23.9500007629,173468600
2021-03-08T05:00:00.000Z,23.7700004578,24.5799999237,22.3999996185,22.5200004578,94432800
2021-03-09T05:00:00.000Z,23.3799991608,24.7399997711,23.1000003815,24.2600002289,99586500
2021-03-10T05:00:00.000Z,25.0300006866,26.2399997711,24.2700004578,24.75,103212800
2021-03-11T05:00:00.000Z,25.9500007629,26.8400001526,25.5799999237,26.7299995422,84788700
2021-03-12T05:00:00.000Z,25.7399997711,26.9200000763,25.1800003052,26.9200000763,58721900
2021-03-15T04:00:00.000Z,27.3500003815,27.4699993134,26.3099994659,26.7900009155,56101500
2021-03-16T04:00:00.000Z,26.75,27.1000003815,25.2299995422,25.6100006104,73615100
2021-03-17T04:00:00.000Z,24.5200004578,25.7299995422,24.2999992371,25.2099990845,77081700
2021-03-18T04:00:00.000Z,24.7299995422,25.1800003052,23.7800006866,23.9799995422,57141400
2021-03-19T04:00:00.000Z,24.0100002289,24.5699996948,23.3899993896,24.3199996948,57915900
2021-03-22T04:00:00.000Z,24.8899993896,24.9200000763,23.8600006104,24.2199993134,46208100
2021-03-23T04:00:00.000Z,24.0,24.1049995422,23.1000003815,23.2600002289,50169700
2021-03-24T04:00:00.000Z,23.2999992371,23.4850006104,21.75,21.8799991608,69271900
2021-03-25T04:00:00.000Z,21.2000007629,22.7999992371,21.0499992371,22.5799999237,74592600
2021-03-26T04:00:00.000Z,22.6299991608,23.0499992371,21.7600002289,22.5799999237,57916400
2021-03-29T04:00:00.000Z,22.4799995422,22.5,21.3899993896,21.7299995422,57647400
2021-03-30T04:00:00.000Z,21.3600006104,22.0900001526,20.8600006104,22.0400009155,52039700
2021-03-31T04:00:00.000Z,22.5,23.8500003815,22.3799991608,23.2900009155,61458500
2021-04-01T04:00:00.000Z,23.9500007629,23.9500007629,22.7299995422,23.0699996948,51788800
2021-04-05T04:00:00.000Z,23.7800006866,24.4500007629,23.3400001526,23.4400005341,65374300
2021-04-06T04:00:00.000Z,23.5499992371,23.6100006104,22.8299999237,23.2700004578,41933500
2021-04-07T04:00:00.000Z,23.0,23.5499992371,22.8099994659,22.8999996185,32766200
2021-04-08T04:00:00.000Z,23.2000007629,23.6000003815,22.7399997711,23.4099998474,35905500
2021-04-09T04:00:00.000Z,23.4599990845,24.3500003815,23.3700008392,24.0400009155,54082700
2021-04-12T04:00:00.000Z,24.5200004578,24.5499992371,22.7299995422,23.3400001526,68620800
2021-04-13T04:00:00.000Z,23.1900005341,25.6590003967,23.1200008392,25.4200000763,83913500
2021-04-14T04:00:00.000Z,25.3500003815,26.2000007629,23.6499996185,23.7000007629,108793800
2021-04-15T04:00:00.000Z,24.0100002289,24.0599994659,22.6900005341,23.1499996185,58849300
2021-04-16T04:00:00.000Z,22.8600006104,23.2600002289,22.2999992371,22.4699993134,46627700
2021-04-19T04:00:00.000Z,22.1499996185,22.3299999237,21.5300006866,21.9400005341,45753900
2021-04-20T04:00:00.000Z,21.9599990845,22.5499992371,21.2399997711,21.7800006866,47123100
2021-04-21T04:00:00.000Z,21.6499996185,22.6399993896,21.4300003052,22.6299991608,42641400
2021-04-22T04:00:00.000Z,22.9400005341,23.5100002289,22.5100002289,22.8600006104,51346400
2021-04-23T04:00:00.000Z,22.8899993896,23.5499992371,22.7399997711,23.4099998474,32052800
2021-04-26T04:00:00.000Z,23.6900005341,24.2600002289,23.4599990845,24.1100006104,33667600
2021-04-27T04:00:00.000Z,24.1700000763,24.2600002289,23.5699996948,23.8799991608,27678300
2021-04-28T04:00:00.000Z,23.6700000763,24.1700000763,23.4200000763,23.8500003815,22068100
2021-04-29T04:00:00.000Z,23.8700008392,24.1399993896,22.8099994659,23.3700008392,36770100
2021-04-30T04:00:00.000Z,23.1800003052,23.5499992371,22.8400001526,23.0400009155,24717300
2021-05-03T04:00:00.000Z,23.0100002289,23.0799999237,22.2099990845,22.2999992371,33934400
2021-05-04T04:00:00.000Z,21.9400005341,22.2000007629,20.8700008392,21.6399993896,63429600
2021-05-05T04:00:00.000Z,21.8099994659,21.9400005341,20.9699993134,21.1499996185,39134700
2021-05-06T04:00:00.000Z,21.0200004578,21.0200004578,19.4099998474,20.0900001526,92201100
2021-05-07T04:00:00.000Z,20.2999992371,20.75,19.5799999237,19.75,63725500
2021-05-10T04:00:00.000Z,19.2800006866,19.2999992371,18.1800003052,18.4699993134,104670500
2021-05-11T04:00:00.000Z,17.2000007629,20.2999992371,17.0550003052,20.2099990845,203230500
2021-05-12T04:00:00.000Z,20.0,20.0,18.5100002289,18.8899993896,128281500
2021-05-13T04:00:00.000Z,19.1399993896,19.4699993134,17.8199996948,18.3700008392,87811600
2021-05-14T04:00:00.000Z,18.8199996948,20.2000007629,18.5300006866,20.0799999237,79409500
2021-05-17T04:00:00.000Z,19.7299995422,20.4899997711,19.6299991608,20.4599990845,50039600
2021-05-18T04:00:00.000Z,20.5200004578,21.6200008392,20.2600002289,21.2399997711,59672400
2021-05-19T04:00:00.000Z,20.1000003815,21.0349998474,19.9400005341,20.6700000763,45314000
2021-05-20T04:00:00.000Z,20.75,20.8099994659,20.2800006866,20.6100006104,46302400
2021-05-21T04:00:00.000Z,20.8400001526,21.1599998474,20.4699993134,20.75,35372900
2021-05-24T04:00:00.000Z,21.0599994659,21.5200004578,20.6749992371,21.2199993134,46596800
2021-05-25T04:00:00.000Z,21.4200000763,22.1100006104,21.2800006866,21.4799995422,49890800
2021-05-26T04:00:00.000Z,21.5799999237,22.2399997711,21.4899997711,22.1200008392,42958300
2021-05-27T04:00:00.000Z,22.0100002289,22.7000007629,21.6499996185,22.7000007629,76230500
2021-05-28T04:00:00.000Z,23.0,24.75,22.7600002289,22.9500007629,111846000
2021-06-01T04:00:00.000Z,23.1900005341,23.3500003815,22.3600006104,23.0599994659,52695500
2021-06-02T04:00:00.000Z,23.0200004578,24.8400001526,22.8199996948,24.4500007629,86473200
2021-06-03T04:00:00.000Z,24.1399993896,24.2600002289,23.3400001526,23.6299991608,48164200
2021-06-04T04:00:00.000Z,23.7099990845,24.4899997711,23.5,24.0300006866,42537600
2021-06-07T04:00:00.000Z,24.0,24.7600002289,23.7900009155,24.4599990845,49641000
2021-06-08T04:00:00.000Z,24.8500003815,25.2299995422,23.9300003052,24.3799991608,53488600
2021-06-09T04:00:00.000Z,24.4500007629,24.7399997711,24.1700000763,24.1700000763,36006200
2021-06-10T04:00:00.000Z,24.0,24.3899993896,23.4400005341,24.1399993896,35482900
2021-06-11T04:00:00.000Z,24.1200008392,24.7099990845,24.0300006866,24.6700000763,33113100
2021-06-14T04:00:00.000Z,24.7299995422,25.1499996185,24.4699993134,25.0,51801500
2021-06-15T04:00:00.000Z,25.0300006866,25.5499992371,24.3899993896,24.4099998474,46693200
2021-06-16T04:00:00.000Z,24.0900001526,24.9400005341,23.8600006104,24.7999992371,58452600
2021-06-17T04:00:00.000Z,24.6800003052,25.4599990845,24.5499992371,25.4500007629,64408400
2021-06-18T04:00:00.000Z,25.5900001526,25.9400005341,25.0200004578,25.3700008392,65852600
2021-06-21T04:00:00.000Z,25.1000003815,25.5499992371,24.5100002289,25.4200000763,54805000
2021-06-22T04:00:00.000Z,25.3899993896,25.5200004578,24.9599990845,25.3999996185,46171100
2021-06-23T04:00:00.000Z,25.4599990845,26.3500003815,25.3400001526,26.2700004578,53362200
2021-06-24T04:00:00.000Z,26.4899997711,26.7099990845,26.1700000763,26.5300006866,48419400
2021-06-25T04:00:00.000Z,26.5799999237,27.0100002289,26.2450008392,26.7800006866,140832700
2021-06-28T04:00:00.000Z,26.9799995422,27.5,26.8600006104,27.3799991608,42184600
2021-06-29T04:00:00.000Z,27.3799991608,27.4400005341,26.4400005341,26.6299991608,38478900
2021-06-30T04:00:00.000Z,26.4799995422,26.9200000763,26.2099990845,26.3600006104,28957100
2021-07-01T04:00:00.000Z,26.1000003815,26.1299991608,24.5900001526,24.7199993134,55429800
2021-07-02T04:00:00.000Z,25.0,25.3400001526,24.3299999237,24.4400005341,29389500
2021-07-06T04:00:00.000Z,24.6000003815,25.2000007629,24.4699993134,24.6800003052,28764500
2021-07-07T04:00:00.000Z,24.2299995422,24.2600002289,22.7199993134,22.8899993896,66937300
2021-07-08T04:00:00.000Z,22.4300003052,23.2099990845,22.25,23.0799999237,34612600
2021-07-09T04:00:00.000Z,22.9599990845,23.3899993896,22.7600002289,23.2900009155,22492400
2021-07-12T04:00:00.000Z,23.2600002289,23.4950008392,22.8799991608,22.9500007629,23457200
2021-07-13T04:00:00.000Z,22.9799995422,22.9899997711,22.4200000763,22.4500007629,24748800
2021-07-14T04:00:00.000Z,22.4899997711,22.6200008392,21.5100002289,21.5599994659,33796200
2021-07-15T04:00:00.000Z,21.7199993134,22.0550003052,21.0100002289,21.4699993134,31871000
2021-07-16T04:00:00.000Z,21.6000003815,21.7099990845,21.2399997711,21.3700008392,19503100
2021-07-19T04:00:00.000Z,20.9699993134,21.6900005341,20.5499992371,21.5400009155,30314400
2021-07-20T04:00:00.000Z,21.6299991608,22.3500003815,21.2199993134,22.1800003052,22954000
2021-07-21T04:00:00.000Z,22.2700004578,22.6800003052,22.1200008392,22.5200004578,20437300
2021-07-22T04:00:00.000Z,22.5499992371,22.6700000763,21.8799991608,22.0699996948,17468900
2021-07-23T04:00:00.000Z,22.0100002289,22.0799999237,21.5100002289,21.8099994659,17653300
2021-07-26T04:00:00.000Z,21.7999992371,22.2999992371,21.4799995422,22.1299991608,16267900
2021-07-27T04:00:00.000Z,21.9599990845,22.1100006104,21.0900001526,21.6800003052,23078700
2021-07-28T04:00:00.000Z,21.75,22.6149997711,21.6900005341,22.5599994659,25073600
2021-07-29T04:00:00.000Z,22.7800006866,22.8500003815,22.1399993896,22.1800003052,19219100
2021-07-30T04:00:00.000Z,21.8500003815,22.4060001373,21.7099990845,21.7099990845,15889200
2021-08-02T04:00:00.000Z,21.9099998474,22.3700008392,21.4799995422,22.1000003815,21372900
2021-08-03T04:00:00.000Z,22.0300006866,22.2700004578,21.7099990845,22.2399997711,17040100
2021-08-04T04:00:00.000Z,22.2000007629,22.5400009155,22.0699996948,22.2999992371,15537400
2021-08-05T04:00:00.000Z,22.2199993134,22.7700004578,22.0200004578,22.5200004578,18575200
2021-08-06T04:00:00.000Z,22.6399993896,22.6900005341,21.7900009155,21.8199996948,24200700
2021-08-09T04:00:00.000Z,21.8500003815,23.2800006866,21.7999992371,22.9300003052,35611100
2021-08-10T04:00:00.000Z,23.0100002289,23.5200004578,22.7800006866,22.9200000763,25947900
2021-08-11T04:00:00.000Z,23.0699996948,23.1900005341,22.0900001526,22.3500003815,34679000
2021-08-12T04:00:00.000Z,24.4500007629,25.7600002289,23.5849990845,24.8899993896,189287200
2021-08-13T04:00:00.000Z,25.0,25.1000003815,24.3099994659,24.8999996185,52395100
2021-08-16T04:00:00.000Z,24.8999996185,24.8999996185,23.7700004578,24.5,45907300
2021-08-17T04:00:00.000Z,23.8999996185,24.5900001526,23.7399997711,23.9699993134,35348300
2021-08-18T04:00:00.000Z,24.0699996948,25.9400005341,23.6800003052,25.2800006866,92065600
2021-08-19T04:00:00.000Z,25.0100002289,25.6399993896,24.1399993896,24.1599998474,67605600
2021-08-20T04:00:00.000Z,24.2199993134,24.4799995422,23.6599998474,24.0100002289,52062300
2021-08-23T04:00:00.000Z,24.0200004578,24.9300003052,23.8999996185,24.8199996948,35705300
2021-08-24T04:00:00.000Z,25.0,25.3500003815,24.7600002289,25.1000003815,37227400
2021-08-25T04:00:00.000Z,25.1200008392,25.1900005341,24.0699996948,24.3500003815,54678500
2021-08-26T04:00:00.000Z,24.3999996185,25.4099998474,24.3600006104,24.8700008392,46179400
2021-08-27T04:00:00.000Z,25.0499992371,26.0900001526,24.9099998474,25.7099990845,52268500
2021-08-30T04:00:00.000Z,25.7399997711,26.6000003815,25.6200008392,25.7600002289,44139300
2021-08-31T04:00:00.000Z,25.7900009155,26.3600006104,25.6599998474,26.3400001526,93168600
2021-09-01T04:00:00.000Z,26.4599990845,26.5100002289,26.0300006866,26.2000007629,34417200
2021-09-02T04:00:00.000Z,26.2099990845,26.8700008392,26.0900001526,26.5100002289,38460100
2021-09-03T04:00:00.000Z,26.4899997711,26.75,26.2199993134,26.6399993896,26609500
2021-09-07T04:00:00.000Z,26.7900009155,26.8799991608,26.2700004578,26.7000007629,35835100
2021-09-08T04:00:00.000Z,26.6000003815,26.6100006104,24.9599990845,25.5799999237,54394400
2021-09-09T04:00:00.000Z,25.3899993896,26.2399997711,25.2900009155,26.1299991608,34190800
2021-09-10T04:00:00.000Z,26.1800003052,26.7299995422,26.1700000763,26.2800006866,37307800
2021-09-13T04:00:00.000Z,26.1499996185,26.2390003204,25.0300006866,25.8299999237,42372300
2021-09-14T04:00:00.000Z,25.9699993134,26.7000007629,25.8999996185,26.2600002289,34569000
2021-09-15T04:00:00.000Z,26.2999992371,27.1499996185,26.0300006866,27.0799999237,49555500
2021-09-16T04:00:00.000Z,27.2000007629,28.7900009155,27.0200004578,28.6299991608,109992000
2021-09-17T04:00:00.000Z,28.6599998474,29.2900009155,28.0699996948,28.7099990845,182052600
2021-09-20T04:00:00.000Z,27.5699996948,28.1000003815,26.0599994659,26.5499992371,89413500
2021-09-21T04:00:00.000Z,26.8899993896,27.1490001678,26.0799999237,26.6200008392,50933600
2021-09-22T04:00:00.000Z,26.6100006104,27.7700004578,26.5820007324,27.4300003052,44308100
2021-09-23T04:00:00.000Z,27.7099990845,29.1900005341,27.6700000763,28.7700004578,60028600
2021-09-24T04:00:00.000Z,28.2700004578,28.7600002289,27.9009990692,28.5599994659,40309700
2021-09-27T04:00:00.000Z,28.2299995422,28.3799991608,27.2299995422,27.4699993134,44102800
2021-09-28T04:00:00.000Z,27.0200004578,27.1299991608,25.2099990845,25.3400001526,64206200
2021-09-29T04:00:00.000Z,25.6100006104,25.7000007629,24.4200000763,24.5200004578,46164500
2021-09-30T04:00:00.000Z,24.6900005341,25.0499992371,23.8799991608,24.0400009155,59505600
2021-10-01T04:00:00.000Z,24.2099990845,24.3600006104,23.7199993134,24.3299999237,32778000
2021-10-04T04:00:00.000Z,24.0100002289,24.0499992371,23.0200004578,23.1700000763,46789700
2021-10-05T04:00:00.000Z,23.2099990845,23.8799991608,23.0699996948,23.2099990845,56574800
2021-10-06T04:00:00.000Z,24.9099998474,25.0100002289,23.3500003815,23.5799999237,125175700
2021-10-07T04:00:00.000Z,23.7099990845,24.1299991608,23.5400009155,23.7299995422,38873700
2021-10-08T04:00:00.000Z,23.8600006104,24.0960006714,23.1100006104,23.5,39713400
2021-10-11T04:00:00.000Z,23.2600002289,23.9799995422,23.2600002289,23.5300006866,23971700
2021-10-12T04:00:00.000Z,23.5499992371,23.8099994659,23.2900009155,23.6900005341,26280000
2021-10-13T04:00:00.000Z,23.8299999237,24.3099994659,23.7900009155,24.1299991608,28494000
2021-10-14T04:00:00.000Z,24.4300003052,24.7099990845,24.2049999237,24.3500003815,26106700
2021-10-15T04:00:00.000Z,24.5,24.5200004578,23.8299999237,24.0,24366100
2021-10-18T04:00:00.000Z,24.0,24.3899993896,23.9200000763,24.2600002289,25609900
2021-10-19T04:00:00.000Z,24.5,25.2000007629,24.3600006104,24.6900005341,29393900
2021-10-20T04:00:00.000Z,24.7900009155,24.9599990845,24.1700000763,24.2199993134,24248000
2021-10-21T04:00:00.000Z,24.1299991608,24.9300003052,24.0799999237,24.7800006866,23976600
2021-10-22T04:00:00.000Z,24.4899997711,24.8500003815,24.25,24.4300003052,20166800
2021-10-25T04:00:00.000Z,24.5,25.5400009155,24.4799995422,25.4099998474,33962100
2021-10-26T04:00:00.000Z,25.9899997711,26.75,25.25,25.5200004578,56767000
2021-10-27T04:00:00.000Z,25.6399993896,25.8999996185,25.0200004578,25.0599994659,24157200
2021-10-28T04:00:00.000Z,25.2999992371,25.7950000763,25.1200008392,25.6399993896,21203000
2021-10-29T04:00:00.000Z,25.5,26.1200008392,25.4500007629,25.8799991608,21910300
2021-11-01T04:00:00.000Z,26.1100006104,26.6450004578,25.8829994202,26.5599994659,26684700
2021-11-02T04:00:00.000Z,26.5599994659,26.7199993134,25.5550003052,25.9200000763,30794600
2021-11-03T04:00:00.000Z,25.8899993896,26.2350006104,25.1700000763,26.1200008392,25244200
2021-11-04T04:00:00.000Z,26.2600002289,26.5699996948,25.8700008392,26.4699993134,25029700
2021-11-05T04:00:00.000Z,26.4500007629,26.6299991608,25.7199993134,26.0,26005000
2021-11-08T05:00:00.000Z,26.25,27.1100006104,26.1200008392,26.75,41359600
2021-11-09T05:00:00.000Z,25.8999996185,25.9799995422,23.9500007629,24.25,117540200
2021-11-10T05:00:00.000Z,23.6000003815,23.6399993896,22.1200008392,22.5200004578,94860100
2021-11-11T05:00:00.000Z,23.0400009155,23.1299991608,22.6650009155,22.9899997711,43381500
2021-11-12T05:00:00.000Z,23.0200004578,23.2250003815,22.3799991608,22.8299999237,53516200
2021-11-15T05:00:00.000Z,23.0,23.5200004578,22.9500007629,23.4099998474,33225700
2021-11-16T05:00:00.000Z,23.2900009155,23.2900009155,22.6100006104,23.1299991608,31574800
2021-11-17T05:00:00.000Z,23.0499992371,23.2189998627,22.3999996185,22.4899997711,27994100
2021-11-18T05:00:00.000Z,22.5,22.5499992371,21.341999054,21.5,51039900
2021-11-19T05:00:00.000Z,21.6000003815,21.9599990845,21.2999992371,21.4099998474,30013100
2021-11-22T05:00:00.000Z,21.5300006866,21.5699996948,20.1800003052,20.6499996185,59899100
2021-11-23T05:00:00.000Z,20.5900001526,21.0499992371,20.0499992371,20.5900001526,44588000
2021-11-24T05:00:00.000Z,20.3500003815,21.2000007629,20.0599994659,21.1100006104,35233900
2021-11-26T05:00:00.000Z,20.4099998474,21.0900001526,20.3490009308,21.0300006866,20691200
2021-11-29T05:00:00.000Z,21.1900005341,21.3999996185,20.5599994659,21.0699996948,29114000
2021-11-30T05:00:00.000Z,20.9500007629,21.25,20.1100006104,20.6499996185,38196400
2021-12-01T05:00:00.000Z,20.5300006866,20.8899993896,19.2900009155,19.3799991608,48283700
2021-12-02T05:00:00.000Z,19.2999992371,19.9099998474,19.0599994659,19.6900005341,45802900
2021-12-03T05:00:00.000Z,19.5,19.5300006866,18.3999996185,18.9799995422,56039600
2021-12-06T05:00:00.000Z,18.5400009155,18.9699993134,18.0750007629,18.7999992371,56459800
2021-12-07T05:00:00.000Z,19.2600002289,19.8549995422,19.0699996948,19.4599990845,35129000
2021-12-08T05:00:00.000Z,19.5100002289,19.8250007629,19.0300006866,19.8199996948,28425900
2021-12-09T05:00:00.000Z,19.9500007629,20.1499996185,19.0400009155,19.2099990845,30354700
2021-12-10T05:00:00.000Z,19.2800006866,19.5799999237,18.7000007629,18.9400005341,27594500
2021-12-13T05:00:00.000Z,18.7999992371,19.0750007629,18.1700000763,18.3999996185,38376000
2021-12-14T05:00:00.000Z,18.0,18.8589992523,17.9099998474,18.6399993896,38864800
2021-12-15T05:00:00.000Z,18.3700008392,18.9400005341,17.9950008392,18.8600006104,39361900
2021-12-16T05:00:00.000Z,18.9599990845,19.1200008392,18.1499996185,18.3400001526,33950000
2021-12-17T05:00:00.000Z,18.0300006866,19.1000003815,17.8099994659,19.0599994659,44495200
2021-12-20T05:00:00.000Z,18.5900001526,18.6700000763,17.8349990845,17.9599990845,42265900
2021-12-21T05:00:00.000Z,18.1599998474,18.9799995422,18.1000003815,18.8999996185,33878600
2021-12-22T05:00:00.000Z,18.6499996185,19.4500007629,18.6499996185,18.8799991608,33894200
2021-12-23T05:00:00.000Z,18.8500003815,19.1350002289,18.7199993134,18.9300003052,24758300
2021-12-27T05:00:00.000Z,18.7800006866,19.25,18.7800006866,18.9400005341,21782000
2021-12-28T05:00:00.000Z,18.8899993896,19.0699996948,18.4400005341,18.5699996948,20518800
2021-12-29T05:00:00.000Z,18.5300006866,18.6000003815,17.9099998474,18.1700000763,28217500
2021-12-30T05:00:00.000Z,18.1000003815,18.9950008392,18.0699996948,18.6900005341,29285200
2021-12-31T05:00:00.000Z,18.6100006104,18.9200000763,18.2099990845,18.2099990845,23556000
2022-01-03T05:00:00.000Z,18.3600006104,18.5690002441,17.8600006104,18.5300006866,34283600
2022-01-04T05:00:00.000Z,18.6100006104,18.8400001526,17.7900009155,18.1700000763,39643200
2022-01-05T05:00:00.000Z,18.0300006866,18.5680007935,16.8700008392,16.9599990845,58445900
2022-01-06T05:00:00.000Z,16.8700008392,17.1800003052,16.0550003052,16.7399997711,49737100
2022-01-07T05:00:00.000Z,16.7000007629,17.3299999237,16.4750003815,16.5599994659,37989300
2022-01-10T05:00:00.000Z,16.1900005341,16.5699996948,15.3500003815,16.5,77649400
2022-01-11T05:00:00.000Z,16.3999996185,17.25,16.3199996948,16.8899993896,47442600
2022-01-12T05:00:00.000Z,17.1599998474,17.4599990845,16.3999996185,16.7199993134,39784200
2022-01-13T05:00:00.000Z,16.7999992371,16.8199996948,15.9399995804,16.0100002289,35492200
2022-01-14T05:00:00.000Z,15.9399995804,16.2490005493,15.6199998856,16.0100002289,35624900
2022-01-18T05:00:00.000Z,15.4499998093,15.75,14.9200000763,14.970000267,49067700
2022-01-19T05:00:00.000Z,14.8999996185,15.25,14.5399999619,14.5600004196,48049100
2022-01-20T05:00:00.000Z,14.8900003433,15.5500001907,14.5699996948,14.6199998856,44690400
2022-01-21T05:00:00.000Z,14.25,14.4779996872,13.5,13.529999733,73031300
2022-01-24T05:00:00.000Z,12.7899999619,13.4099998474,11.75,13.3999996185,110518900
2022-01-25T05:00:00.000Z,13.1199998856,13.6000003815,12.8299999237,13.0600004196,47456600
2022-01-26T05:00:00.000Z,13.6000003815,13.8199996948,12.6800003052,12.75,69949700
2022-01-27T05:00:00.000Z,13.0100002289,13.0600004196,12.1999998093,12.279999733,52622900
2022-01-28T05:00:00.000Z,12.3000001907,12.8800001144,11.8900003433,12.7100000381,54887500
2022-01-31T05:00:00.000Z,12.7700004578,13.7399997711,12.7600002289,13.7100000381,51039300
2022-02-01T05:00:00.000Z,14.2299995422,14.3699998856,13.5600004196,14.1999998093,69012900
2022-02-02T05:00:00.000Z,14.0900001526,14.1999998093,13.1899995804,13.3199996948,47204300
2022-02-03T05:00:00.000Z,12.9499998093,13.3199996948,12.4200000763,12.4499998093,47236900
2022-02-04T05:00:00.000Z,12.470000267,13.0900001526,12.2650003433,12.9399995804,38989200
2022-02-07T05:00:00.000Z,13.0249996185,13.6000003815,12.9399995804,12.9799995422,45646100
2022-02-08T05:00:00.000Z,12.75,13.1890001297,12.6199998856,13.1499996185,30317100
2022-02-09T05:00:00.000Z,13.2899999619,13.8900003433,13.2600002289,13.8699998856,34451900
2022-02-10T05:00:00.000Z,13.5,14.1649999619,13.3699998856,13.5600004196,41998200
2022-02-11T05:00:00.000Z,13.4499998093,13.9200000763,12.970000267,13.1300001144,41831600
2022-02-14T05:00:00.000Z,13.1000003815,13.7950000763,12.9799995422,13.2600002289,40617900
2022-02-15T05:00:00.000Z,13.5200004578,14.1850004196,13.4099998474,14.1700000763,48523700
2022-02-16T05:00:00.000Z,13.9099998474,14.2600002289,13.6599998474,13.970000267,58624400
2022-02-17T05:00:00.000Z,12.3900003433,12.6999998093,11.6999998093,11.7700004578,151385400
2022-02-18T05:00:00.000Z,11.9200000763,12.0100002289,10.5699996948,11.0200004578,137808100
2022-02-22T05:00:00.000Z,10.6999998093,11.1850004196,10.3000001907,10.4799995422,104501500
2022-02-23T05:00:00.000Z,10.8299999237,11.2600002289,10.3999996185,10.4300003052,93964500
2022-02-24T05:00:00.000Z,9.75,11.8699998856,9.7399997711,11.8299999237,118793000
2022-02-25T05:00:00.000Z,11.5900001526,11.8900003433,11.0,11.470000267,75433700
2022-02-28T05:00:00.000Z,11.9600000381,12.1800003052,11.3900003433,11.8500003815,75390500
2022-03-01T05:00:00.000Z,11.9899997711,12.5200004578,11.7100000381,12.1800003052,64867200
2022-03-02T05:00:00.000Z,12.2100000381,12.2100000381,11.4200000763,12.0600004196,56698300
2022-03-03T05:00:00.000Z,12.0100002289,12.0550003052,11.2349996567,11.3400001526,46172000
2022-03-04T05:00:00.000Z,11.6999998093,11.7700004578,10.7399997711,10.9600000381,43502200
2022-03-07T05:00:00.000Z,11.4300003052,11.75,11.1000003815,11.1099996567,63070600
2022-03-08T05:00:00.000Z,10.9300003052,11.3900003433,10.7189998627,11.0399999619,49279600
2022-03-09T05:00:00.000Z,11.4099998474,12.0200004578,11.2700004578,11.6499996185,43591400
2022-03-10T05:00:00.000Z,11.3800001144,11.970000267,11.3199996948,11.8699998856,52295400
2022-03-11T05:00:00.000Z,11.8599996567,12.0050001144,11.3699998856,11.3900003433,37817400
2022-03-14T04:00:00.000Z,11.1700000763,11.4099998474,10.4099998474,10.5,49762600
2022-03-15T04:00:00.000Z,10.470000267,10.8500003815,10.2700004578,10.7700004578,40451200
2022-03-16T04:00:00.000Z,10.9499998093,11.8199996948,10.9399995804,11.7899999619,62746600
2022-03-17T04:00:00.000Z,11.720000267,12.3699998856,11.6599998474,12.3199996948,43948900
2022-03-18T04:00:00.000Z,12.279999733,13.0200004578,12.2150001526,12.8199996948,59125500
2022-03-21T04:00:00.000Z,12.720000267,13.0500001907,12.4200000763,12.5900001526,39410900
2022-03-22T04:00:00.000Z,12.5200004578,13.4799995422,12.5200004578,13.2700004578,46210700
2022-03-23T04:00:00.000Z,13.1599998474,13.5500001907,13.0200004578,13.1800003052,33699400
2022-03-24T04:00:00.000Z,13.25,13.4200000763,12.8299999237,13.3900003433,29535300
2022-03-25T04:00:00.000Z,13.3599996567,13.3950004578,12.7100000381,12.970000267,24796900
2022-03-28T04:00:00.000Z,13.0100002289,13.4399995804,12.8549995422,13.4200000763,27152000
2022-03-29T04:00:00.000Z,13.6499996185,14.279999733,13.3500003815,14.1999998093,46433700
2022-03-30T04:00:00.000Z,14.0399999619,14.3599996567,13.7399997711,13.8800001144,32164000
2022-03-31T04:00:00.000Z,13.8999996185,14.0600004196,13.6300001144,13.7299995422,22840000
2022-04-01T04:00:00.000Z,13.7700004578,14.0649995804,13.5,13.8299999237,23831600
2022-04-04T04:00:00.000Z,14.029999733,14.6599998474,14.0200004578,14.6300001144,40066800
2022-04-05T04:00:00.000Z,14.6099996567,14.8599996567,13.7950000763,13.8900003433,37677300
2022-04-06T04:00:00.000Z,13.5200004578,13.5399999619,12.8500003815,13.0,40647700
2022-04-07T04:00:00.000Z,12.9499998093,13.3400001526,12.4799995422,12.8400001526,34727400
2022-04-08T04:00:00.000Z,12.6999998093,13.0500001907,12.5699996948,12.6999998093,24962500
2022-04-11T04:00:00.000Z,12.4499998093,12.8199996948,12.1300001144,12.6599998474,26095800
2022-04-12T04:00:00.000Z,12.8800001144,13.1999998093,12.4250001907,12.4600000381,26226500
2022-04-13T04:00:00.000Z,12.3500003815,12.9399995804,12.2309999466,12.8999996185,21152900
2022-04-14T04:00:00.000Z,12.9200000763,12.9200000763,12.4099998474,12.4200000763,23284100
2022-04-18T04:00:00.000Z,12.3500003815,12.4149999619,11.8800001144,12.1499996185,25395600
2022-04-19T04:00:00.000Z,12.0799999237,13.0200004578,12.0699996948,12.9099998474,31753900
2022-04-20T04:00:00.000Z,13.0799999237,13.1700000763,12.7399997711,12.7899999619,31528600
2022-04-21T04:00:00.000Z,13.0200004578,13.3299999237,12.2250003815,12.3299999237,32009000
2022-04-22T04:00:00.000Z,12.3299999237,12.7299995422,11.8599996567,11.9600000381,30386100
2022-04-25T04:00:00.000Z,11.8299999237,12.1599998474,11.6800003052,12.1099996567,31727600
2022-04-26T04:00:00.000Z,11.9399995804,12.0500001907,11.1000003815,11.1199998856,38666500
2022-04-27T04:00:00.000Z,11.0100002289,11.1949996948,10.529999733,10.5600004196,54508500
2022-04-28T04:00:00.000Z,10.6899995804,11.0450000763,10.3699998856,10.9499998093,40074500
2022-04-29T04:00:00.000Z,10.8999996185,11.2299995422,10.3599996567,10.3999996185,30937500
2022-05-02T04:00:00.000Z,10.3800001144,10.7550001144,10.1800003052,10.7399997711,41193800
2022-05-03T04:00:00.000Z,10.6899995804,10.9799995422,10.4399995804,10.5500001907,31372700
2022-05-04T04:00:00.000Z,10.529999733,11.0100002289,10.0799999237,10.9799995422,43239900
2022-05-05T04:00:00.000Z,10.8000001907,10.8000001907,9.9799995422,10.1199998856,40523600
2022-05-06T04:00:00.000Z,10.0,10.0500001907,9.4200000763,9.4799995422,69691300
2022-05-09T04:00:00.000Z,7.7800002098,7.8499999046,7.3200001717,7.4600000381,170871700
2022-05-10T04:00:00.000Z,7.5599999428,7.7030000687,6.9299998283,7.2899999619,86932400
2022-05-11T04:00:00.000Z,7.2800002098,7.5399999619,6.6599998474,6.7100000381,72894900
2022-05-12T04:00:00.000Z,6.5500001907,7.3800001144,6.4400000572,7.3400001526,82147300
2022-05-13T04:00:00.000Z,7.5199999809,8.3500003815,7.5199999809,8.3400001526,69242700
2022-05-16T04:00:00.000Z,8.1700000763,8.4300003052,8.0100002289,8.0399999619,46153200
2022-05-17T04:00:00.000Z,8.1000003815,8.4600000381,8.0100002289,8.3599996567,38620800
2022-05-18T04:00:00.000Z,8.2100000381,8.4300003052,7.9200000763,8.0100002289,29304600
2022-05-19T04:00:00.000Z,7.9699997902,8.5810003281,7.9450001717,8.3100004196,35780900
2022-05-20T04:00:00.000Z,8.2600002289,8.3999996185,7.7100000381,8.0799999237,40879100
2022-05-23T04:00:00.000Z,8.0100002289,8.1700000763,7.8000001907,8.0100002289,27755200
2022-05-24T04:00:00.000Z,7.9800000191,7.9899997711,7.3699998856,7.5500001907,47218700
2022-05-25T04:00:00.000Z,7.5199999809,8.017999649,7.5100002289,7.9600000381,35068900
2022-05-26T04:00:00.000Z,7.8400001526,8.3999996185,7.7699999809,8.3599996567,39738900
2022-05-27T04:00:00.000Z,8.5,8.8500003815,8.4340000153,8.8500003815,37064000
2022-05-31T04:00:00.000Z,8.970000267,9.1000003815,8.5600004196,8.6800003052,41672300
2022-06-01T04:00:00.000Z,8.720000267,8.9790000916,8.3800001144,8.4600000381,34438100
2022-06-02T04:00:00.000Z,8.5399999619,9.3900003433,8.4610004425,9.3000001907,41347000
2022-06-03T04:00:00.000Z,9.0399999619,9.25,8.8599996567,8.9399995804,36632300
2022-06-06T04:00:00.000Z,9.1099996567,9.2100000381,8.779999733,8.9799995422,35101100
2022-06-07T04:00:00.000Z,8.8900003433,9.1400003433,8.7299995422,9.1300001144,28049400
2022-06-08T04:00:00.000Z,9.1800003052,9.4200000763,9.0900001526,9.1800003052,29056300
2022-06-09T04:00:00.000Z,9.1300001144,9.1599998474,8.6700000763,8.6800003052,30527400
2022-06-10T04:00:00.000Z,8.4799995422,8.5799999237,8.1400003433,8.2600002289,30225800
2022-06-13T04:00:00.000Z,7.9899997711,8.0,7.5,7.6399998665,40943000
2022-06-14T04:00:00.000Z,7.7350001335,7.9800000191,7.5850000381,7.8200001717,30564100
2022-06-15T04:00:00.000Z,7.9200000763,8.3000001907,7.8150000572,8.1199998856,38235300
2022-06-16T04:00:00.000Z,7.8400001526,7.9850001335,7.5799999237,7.6700000763,36793500
2022-06-17T04:00:00.000Z,7.6999998093,8.3299999237,7.6900000572,8.2399997711,45518000
2022-06-21T04:00:00.000Z,8.5900001526,9.0500001907,8.5600004196,8.7100000381,48887600
2022-06-22T04:00:00.000Z,8.5200004578,9.2849998474,8.4499998093,9.0100002289,43430600
2022-06-23T04:00:00.000Z,9.0200004578,9.5,8.8400001526,9.4600000381,44618000
2022-06-24T04:00:00.000Z,9.529999733,10.1999998093,9.4799995422,10.1899995804,67826000
2022-06-27T04:00:00.000Z,10.1499996185,10.1599998474,9.5100002289,9.6199998856,44768000
2022-06-28T04:00:00.000Z,9.5699996948,9.8800001144,9.1899995804,9.3100004196,45589000
2022-06-29T04:00:00.000Z,9.3500003815,9.4200000763,9.0699996948,9.2299995422,40408700
2022-06-30T04:00:00.000Z,9.0200004578,9.1899995804,8.720000267,9.0699996948,33636400
2022-07-01T04:00:00.000Z,9.1099996567,9.4300003052,9.0310001373,9.2700004578,33504400
2022-07-05T04:00:00.000Z,9.1400003433,10.1000003815,9.0,10.0699996948,55854800
2022-07-06T04:00:00.000Z,10.0100002289,10.3100004196,9.7399997711,9.8000001907,54604300
2022-07-07T04:00:00.000Z,9.7600002289,10.279999733,9.75,10.1800003052,35672500
2022-07-08T04:00:00.000Z,9.9200000763,10.3800001144,9.8299999237,10.1700000763,36737100
2022-07-11T04:00:00.000Z,9.9799995422,9.9940004349,9.529999733,9.5600004196,34015100
2022-07-12T04:00:00.000Z,9.6599998474,9.9600000381,9.2700004578,9.4899997711,42765800
2022-07-13T04:00:00.000Z,9.220000267,9.5500001907,9.0500001907,9.279999733,32461300
2022-07-14T04:00:00.000Z,9.2299995422,9.279999733,8.8500003815,8.8999996185,26702100
2022-07-15T04:00:00.000Z,9.0100002289,9.1199998856,8.6499996185,9.0399999619,34918100
2022-07-18T04:00:00.000Z,9.25,9.4499998093,9.0050001144,9.029999733,32428400
2022-07-19T04:00:00.000Z,9.1499996185,9.3699998856,8.8900003433,9.3400001526,29033800
2022-07-20T04:00:00.000Z,9.4399995804,10.1999998093,9.4399995804,10.1099996567,40845200
2022-07-21T04:00:00.000Z,10.3699998856,10.7600002289,10.220000267,10.4899997711,51691200
2022-07-22T04:00:00.000Z,10.3500003815,10.5699996948,9.7299995422,9.8400001526,38915500
2022-07-25T04:00:00.000Z,9.8299999237,9.8500003815,9.5200004578,9.6800003052,21485000
2022-07-26T04:00:00.000Z,9.6599998474,9.6599998474,9.3800001144,9.3999996185,21997800
2022-07-27T04:00:00.000Z,9.6700000763,10.029999733,9.5,10.0200004578,29810900
2022-07-28T04:00:00.000Z,10.029999733,10.1999998093,9.7399997711,10.1300001144,27172900
2022-07-29T04:00:00.000Z,10.0100002289,10.3500003815,9.9200000763,10.3500003815,31106600
2022-08-01T04:00:00.000Z,10.25,10.6999998093,10.1219997406,10.470000267,31694700
2022-08-02T04:00:00.000Z,10.3199996948,11.2299995422,10.2600002289,10.9200000763,40958800
2022-08-03T04:00:00.000Z,11.0799999237,11.3400001526,11.0399999619,11.1999998093,35796500
2022-08-04T04:00:00.000Z,11.1899995804,11.4099998474,11.029999733,11.3199996948,32093400
2022-08-05T04:00:00.000Z,11.0100002289,11.6199998856,10.8500003815,11.4499998093,50264800
2022-08-08T04:00:00.000Z,9.7700004578,10.3999996185,9.7100000381,9.8199996948,125272600
2022-08-09T04:00:00.000Z,9.5399999619,9.5699996948,9.0100002289,9.25,58788900
2022-08-10T04:00:00.000Z,9.5100002289,9.6599998474,9.3199996948,9.5900001526,46054900
2022-08-11T04:00:00.000Z,9.7600002289,10.0500001907,9.3999996185,9.4200000763,44790900
2022-08-12T04:00:00.000Z,9.5500001907,9.970000267,9.4200000763,9.9099998474,30638200
2022-08-15T04:00:00.000Z,9.8199996948,10.1000003815,9.7600002289,9.9099998474,33263400
2022-08-16T04:00:00.000Z,9.8500003815,9.8800001144,9.3599996567,9.7399997711,40603900
2022-08-17T04:00:00.000Z,9.5600004196,9.6190004349,9.3299999237,9.4300003052,33933600
2022-08-18T04:00:00.000Z,9.4200000763,9.470000267,9.1199998856,9.1499996185,26365600
2022-08-19T04:00:00.000Z,9.0,9.0100002289,8.4799995422,8.5100002289,40560200
2022-08-22T04:00:00.000Z,8.3199996948,8.3999996185,8.0600004196,8.0699996948,37824900
2022-08-23T04:00:00.000Z,8.1000003815,8.279999733,8.0,8.0100002289,25658500
2022-08-24T04:00:00.000Z,8.0399999619,8.3599996567,7.9800000191,8.1000003815,26576400
2022-08-25T04:00:00.000Z,8.220000267,8.4300003052,8.0500001907,8.4200000763,25635600
2022-08-26T04:00:00.000Z,8.4200000763,8.4300003052,7.9299998283,7.9400000572,34150400
2022-08-29T04:00:00.000Z,7.8200001717,7.998000145,7.7600002289,7.8099999428,28566200
2022-08-30T04:00:00.000Z,7.9299998283,7.9749999046,7.6799998283,7.7899999619,27189200
2022-08-31T04:00:00.000Z,7.9499998093,8.0,7.6999998093,7.7199997902,28691500
2022-09-01T04:00:00.000Z,7.6100001335,7.6199998856,7.2199997902,7.4899997711,39079700
2022-09-02T04:00:00.000Z,7.6700000763,7.6700000763,7.3499999046,7.4000000954,25965000
2022-09-06T04:00:00.000Z,7.4499998093,7.4600000381,7.1700000763,7.2800002098,30429400
2022-09-07T04:00:00.000Z,7.2699999809,7.4299998283,7.1799998283,7.3899998665,30330000
2022-09-08T04:00:00.000Z,7.3299999237,7.5300002098,7.2699999809,7.5300002098,26303600
2022-09-09T04:00:00.000Z,7.6799998283,7.8200001717,7.6399998665,7.7899999619,27822300
2022-09-12T04:00:00.000Z,7.8600001335,8.029999733,7.8200001717,8.0100002289,30544800
2022-09-13T04:00:00.000Z,7.6300001144,7.6599998474,7.4499998093,7.4800000191,29770700
2022-09-14T04:00:00.000Z,7.4499998093,7.6300001144,7.3299999237,7.6300001144,29422500
2022-09-15T04:00:00.000Z,7.4699997902,8.1000003815,7.4499998093,8.0100002289,51700600
2022-09-16T04:00:00.000Z,7.75,7.9299998283,7.6399998665,7.7800002098,42155500
2022-09-19T04:00:00.000Z,7.6399998665,7.8600001335,7.5799999237,7.8600001335,29238800
2022-09-20T04:00:00.000Z,7.7800002098,7.9149999619,7.5999999046,7.6199998856,30349600
2022-09-21T04:00:00.000Z,7.7199997902,8.0699996948,7.6550002098,7.6900000572,36814500
2022-09-22T04:00:00.000Z,7.7399997711,7.7399997711,7.2399997711,7.3699998856,49138300
2022-09-23T04:00:00.000Z,7.1999998093,7.4200000763,7.1300001144,7.4000000954,34197300
2022-09-26T04:00:00.000Z,7.3499999046,7.8299999237,7.3499999046,7.5300002098,45429800
2022-09-27T04:00:00.000Z,7.6900000572,7.8350000381,7.4600000381,7.6300001144,31794700
2022-09-28T04:00:00.000Z,7.6300001144,8.0,7.6199998856,7.9400000572,31955900
2022-09-29T04:00:00.000Z,8.0500001907,8.3299999237,7.7800002098,8.0799999237,57845800
2022-09-30T04:00:00.000Z,8.0100002289,8.5,7.9710001945,8.1300001144,47454800
2022-10-03T04:00:00.000Z,8.1450004578,8.3000001907,7.9699997902,8.2399997711,35524000
2022-10-04T04:00:00.000Z,8.4799995422,8.6099996567,8.3400001526,8.4600000381,36313300
2022-10-05T04:00:00.000Z,8.2600002289,8.4849996567,8.0749998093,8.4200000763,37790200
2022-10-06T04:00:00.000Z,8.3999996185,8.6000003815,8.3149995804,8.470000267,27653400
2022-10-07T04:00:00.000Z,8.2600002289,8.279999733,8.1099996567,8.1499996185,29550500
2022-10-10T04:00:00.000Z,8.1700000763,8.1800003052,7.8800001144,8.0600004196,26923300
2022-10-11T04:00:00.000Z,7.9899997711,8.2950000763,7.6999998093,8.0399999619,40775800
2022-10-12T04:00:00.000Z,8.0600004196,8.1000003815,7.8200001717,8.0699996948,30201600
2022-10-13T04:00:00.000Z,7.7399997711,8.1999998093,7.5650000572,8.0799999237,36040900
2022-10-14T04:00:00.000Z,8.2299995422,8.3100004196,7.5300002098,7.5300002098,37430100
2022-10-17T04:00:00.000Z,7.7100000381,8.0600004196,7.6900000572,7.9400000572,31751700
2022-10-18T04:00:00.000Z,8.1499996185,8.3299999237,8.0399999619,8.1599998474,37120400
2022-10-19T04:00:00.000Z,8.0600004196,8.125,7.8449997902,7.9099998474,26594000
2022-10-20T04:00:00.000Z,7.7300000191,8.2600002289,7.7300000191,8.0399999619,26689500
2022-10-21T04:00:00.000Z,7.9299998283,8.3199996948,7.8099999428,8.2899999619,30705700
2022-10-24T04:00:00.000Z,8.3000001907,8.3000001907,8.0100002289,8.2700004578,28062200
2022-10-25T04:00:00.000Z,8.3599996567,8.6599998474,8.3599996567,8.6599998474,31001500
2022-10-26T04:00:00.000Z,8.4799995422,9.0500001907,8.3900003433,8.5699996948,33530900
2022-10-27T04:00:00.000Z,8.6800003052,8.779999733,8.4600000381,8.6000003815,28940800
2022-10-28T04:00:00.000Z,8.5500001907,8.6599998474,8.3649997711,8.6400003433,20697400
2022-10-31T04:00:00.000Z,8.5900001526,8.8299999237,8.4300003052,8.7899999619,31376100
2022-11-01T04:00:00.000Z,8.9899997711,9.0600004196,8.5600004196,8.6499996185,29800000
2022-11-02T04:00:00.000Z,8.6999998093,8.7600002289,8.1999998093,8.220000267,36042600
2022-11-03T04:00:00.000Z,8.0699996948,8.3000001907,7.8699998856,8.0799999237,36419500
2022-11-04T04:00:00.000Z,8.1899995804,8.1999998093,7.6500000954,7.9299998283,64338900
2022-11-07T05:00:00.000Z,7.7800002098,7.8499999046,6.8899998665,7.0199999809,99332800
2022-11-08T05:00:00.000Z,7.0799999237,7.4200000763,6.9099998474,7.2100000381,56353900
2022-11-09T05:00:00.000Z,7.1199998856,7.1849999428,6.9499998093,6.9800000191,42517300
2022-11-10T05:00:00.000Z,7.4600000381,7.9699997902,7.4299998283,7.6399998665,58579800
2022-11-11T05:00:00.000Z,7.4800000191,8.4200000763,7.375,8.4099998474,55324100
2022-11-14T05:00:00.000Z,8.1800003052,8.3199996948,7.9530000687,8.1000003815,37402700
2022-11-15T05:00:00.000Z,8.4499998093,8.470000267,8.154999733,8.3400001526,34454100
2022-11-16T05:00:00.000Z,8.1800003052,8.2399997711,8.0,8.0600004196,28436000
2022-11-17T05:00:00.000Z,7.8299999237,7.8800001144,7.5250000954,7.6199998856,33746500
2022-11-18T05:00:00.000Z,7.7600002289,7.7899999619,7.3099999428,7.3899998665,27245200
2022-11-21T05:00:00.000Z,7.3099999428,7.3200001717,7.0700001717,7.1900000572,36605600
2022-11-22T05:00:00.000Z,7.1799998283,7.25,6.9800000191,7.2199997902,27327800
2022-11-23T05:00:00.000Z,7.25,7.4200000763,7.1199998856,7.3699998856,24182900
2022-11-25T05:00:00.000Z,7.3200001717,7.3390002251,7.1900000572,7.2800002098,10824400
2022-11-28T05:00:00.000Z,7.2300000191,7.4000000954,7.1500000954,7.1599998474,19438000
2022-11-29T05:00:00.000Z,7.1999998093,7.3000001907,7.0500001907,7.0799999237,22150800
2022-11-30T05:00:00.000Z,7.1399998665,7.5100002289,7.0329999924,7.5,32745700
2022-12-01T05:00:00.000Z,7.5100002289,7.8800001144,7.4699997902,7.8600001335,34424400
2022-12-02T05:00:00.000Z,7.6149997711,7.7600002289,7.5,7.6599998474,18794000
2022-12-05T05:00:00.000Z,7.6199998856,7.6950001717,7.1050000191,7.1900000572,32158200
2022-12-06T05:00:00.000Z,7.1900000572,7.1950001717,6.8800001144,6.9899997711,32868100
2022-12-07T05:00:00.000Z,7.0799999237,7.3499999046,7.0199999809,7.0700001717,28351600
2022-12-08T05:00:00.000Z,7.0999999046,7.2699999809,6.9400000572,7.1199998856,23107700
2022-12-09T05:00:00.000Z,7.0599999428,7.1900000572,7.0300002098,7.1100001335,23367300
2022-12-12T05:00:00.000Z,7.1100001335,7.3099999428,7.0900001526,7.2899999619,22672400
2022-12-13T05:00:00.000Z,7.7300000191,7.9699997902,7.4899997711,7.5,41033800
2022-12-14T05:00:00.000Z,7.5,7.5999999046,7.2649998665,7.3499999046,22653800
2022-12-15T05:00:00.000Z,7.1700000763,7.2979998589,7.0100002289,7.0100002289,25417100
2022-12-16T05:00:00.000Z,7.0199999809,7.0799999237,6.7600002289,6.9000000954,32655600
2022-12-19T05:00:00.000Z,6.8000001907,6.8299999237,6.3200001717,6.3499999046,41511600
2022-12-20T05:00:00.000Z,6.2899999619,6.5399999619,6.1999998093,6.3099999428,30215600
2022-12-21T05:00:00.000Z,6.2399997711,6.5199999809,6.0399999619,6.5,34408600
2022-12-22T05:00:00.000Z,6.3699998856,6.3800001144,6.1799998283,6.3200001717,28066000
2022-12-23T05:00:00.000Z,6.2699999809,6.3000001907,6.0700001717,6.2899999619,20419000
2022-12-27T05:00:00.000Z,6.1500000954,6.2199997902,5.9200000763,6.0,34573300
2022-12-28T05:00:00.000Z,5.9800000191,6.1700000763,5.9499998093,6.0700001717,30096800
2022-12-29T05:00:00.000Z,6.0999999046,6.5250000954,6.0999999046,6.4000000954,42694200
2022-12-30T05:00:00.000Z,6.1900000572,6.4200000763,6.1900000572,6.4200000763,27830900
2023-01-03T05:00:00.000Z,6.5799999237,6.6399998665,6.2750000954,6.3899998665,29969900
2023-01-04T05:00:00.000Z,6.4800000191,6.6750001907,6.3699998856,6.5799999237,31660500
2023-01-05T05:00:00.000Z,6.4499998093,6.4899997711,6.25,6.3200001717,34186000
2023-01-06T05:00:00.000Z,6.4000000954,6.4499998093,6.0900001526,6.4000000954,30596400
2023-01-09T05:00:00.000Z,6.4899997711,6.6700000763,6.4000000954,6.5,31028900
2023-01-10T05:00:00.000Z,6.5,6.7199997902,6.4899997711,6.6999998093,28236600
2023-01-11T05:00:00.000Z,6.8400001526,6.9899997711,6.7600002289,6.9800000191,25936700
2023-01-12T05:00:00.000Z,7.0100002289,7.0500001907,6.7800002098,7.0100002289,30152500
2023-01-13T05:00:00.000Z,6.8400001526,7.0100002289,6.8099999428,6.9600000381,20981000
2023-01-17T05:00:00.000Z,6.9899997711,7.1500000954,6.7300000191,7.0700001717,30910300
2023-01-18T05:00:00.000Z,7.1550002098,7.3000001907,6.8800001144,6.9000000954,32743400
2023-01-19T05:00:00.000Z,6.8000001907,6.8949999809,6.6700000763,6.7300000191,24841700
2023-01-20T05:00:00.000Z,6.7600002289,7.0599999428,6.7199997902,7.0199999809,28751700
2023-01-23T05:00:00.000Z,7.0300002098,7.4099998474,6.9910001755,7.3800001144,31633300
2023-01-24T05:00:00.000Z,7.0,7.4200000763,7.0,7.0199999809,22649500
2023-01-25T05:00:00.000Z,6.9200000763,7.2699999809,6.6900000572,7.2199997902,37147900
2023-01-26T05:00:00.000Z,7.3699998856,7.4499998093,7.0399999619,7.2399997711,28005600
2023-01-27T05:00:00.000Z,7.1900000572,7.7300000191,7.1399998665,7.5500001907,37555200
2023-01-30T05:00:00.000Z,7.5,7.6100001335,7.3600001335,7.3699998856,28567800
2023-01-31T05:00:00.000Z,7.4099998474,7.8200001717,7.3800001144,7.7800002098,40984000
2023-02-01T05:00:00.000Z,7.7300000191,8.220000267,7.6799998283,8.1999998093,50123700
2023-02-02T05:00:00.000Z,8.5100002289,9.2100000381,8.470000267,8.9899997711,71889700
2023-02-03T05:00:00.000Z,8.5399999619,8.8999996185,8.373000145,8.4099998474,64785500
2023-02-06T05:00:00.000Z,8.3100004196,8.5349998474,8.2399997711,8.3100004196,38845500
2023-02-07T05:00:00.000Z,8.3299999237,8.4099998474,8.0600004196,8.3299999237,42201800
2023-02-08T05:00:00.000Z,8.25,8.5699996948,8.1700000763,8.220000267,35105500
2023-02-09T05:00:00.000Z,8.3400001526,8.4300003052,7.9400000572,7.9499998093,33366700
2023-02-10T05:00:00.000Z,7.7899999619,7.8600001335,7.4600000381,7.5100002289,43042400
2023-02-13T05:00:00.000Z,7.5799999237,7.7750000954,7.4499998093,7.6100001335,87397100
2023-02-14T05:00:00.000Z,8.5900001526,9.2950000763,8.2299995422,9.220000267,216055200
2023-02-15T05:00:00.000Z,9.1599998474,10.2299995422,9.1099996567,10.1099996567,153210400
2023-02-16T05:00:00.000Z,9.6499996185,10.3100004196,9.6000003815,9.7100000381,88638800
2023-02-17T05:00:00.000Z,9.5699996948,9.7100000381,9.0850000381,9.1999998093,62137800
2023-02-21T05:00:00.000Z,9.0100002289,9.1000003815,8.3999996185,8.470000267,65226600
2023-02-22T05:00:00.000Z,8.4799995422,8.625,8.1599998474,8.3599996567,55346000
2023-02-23T05:00:00.000Z,8.4200000763,8.4799995422,7.9099998474,8.1700000763,60015500
2023-02-24T05:00:00.000Z,7.9400000572,8.1999998093,7.8699998856,8.0900001526,41518600
2023-02-27T05:00:00.000Z,8.1199998856,8.2299995422,7.9600000381,8.029999733,35270000
2023-02-28T05:00:00.000Z,7.9600000381,8.0970001221,7.8000001907,7.8400001526,32937000
2023-03-01T05:00:00.000Z,7.8299999237,7.9099998474,7.6900000572,7.6900000572,27939100
2023-03-02T05:00:00.000Z,7.5900001526,8.029999733,7.5599999428,7.9699997902,36538700
2023-03-03T05:00:00.000Z,8.0,8.5,8.0,8.3299999237,43229100
2023-03-06T05:00:00.000Z,8.3400001526,8.4499998093,8.1999998093,8.279999733,28316200
2023-03-07T05:00:00.000Z,8.2749996185,8.4250001907,8.1899995804,8.279999733,26819600
2023-03-08T05:00:00.000Z,8.3599996567,8.5799999237,8.0600004196,8.1300001144,38723600
2023-03-09T05:00:00.000Z,8.0699996948,8.2600002289,7.6799998283,7.6900000572,29005900
2023-03-10T05:00:00.000Z,7.5900001526,7.6799998283,7.2800002098,7.3499999046,41953600
2023-03-13T04:00:00.000Z,7.2899999619,8.1499996185,7.1900000572,7.8699998856,63183500
2023-03-14T04:00:00.000Z,8.0500001907,8.1400003433,7.7800002098,7.8899998665,33460100
2023-03-15T04:00:00.000Z,7.8099999428,7.9899997711,7.6999998093,7.9000000954,28217400
2023-03-16T04:00:00.000Z,8.0100002289,8.0799999237,7.8600001335,7.9800000191,20255400
2023-03-17T04:00:00.000Z,7.9299998283,8.029999733,7.8400001526,7.8800001144,20920800
2023-03-20T04:00:00.000Z,7.7649998665,8.095000267,7.7199997902,8.0799999237,25497400
2023-03-21T04:00:00.000Z,8.1999998093,8.5100002289,8.1700000763,8.4499998093,27104500
2023-03-22T04:00:00.000Z,8.4399995804,8.6199998856,8.1999998093,8.2100000381,34151000
2023-03-23T04:00:00.000Z,8.3199996948,8.5600004196,8.1599998474,8.3299999237,22662200
2023-03-24T04:00:00.000Z,8.2899999619,8.3500003815,8.0600004196,8.1999998093,17901200
2023-03-27T04:00:00.000Z,8.1499996185,8.3199996948,7.9400000572,8.0399999619,20666800
2023-03-28T04:00:00.000Z,8.0600004196,8.1199998856,7.9699997902,8.0,14860500
2023-03-29T04:00:00.000Z,8.0900001526,8.25,8.0509996414,8.220000267,15339700
2023-03-30T04:00:00.000Z,8.3299999237,8.3800001144,8.0500001907,8.1499996185,21001600
2023-03-31T04:00:00.000Z,8.1499996185,8.4799995422,8.0799999237,8.4499998093,26174800
2023-04-03T04:00:00.000Z,8.3699998856,8.529999733,8.2100000381,8.3800001144,22512000
2023-04-04T04:00:00.000Z,8.529999733,8.5399999619,8.2299995422,8.3500003815,23961200
2023-04-05T04:00:00.000Z,8.6300001144,8.6499996185,7.8400001526,7.9800000191,54946900
2023-04-06T04:00:00.000Z,7.8800001144,8.1400003433,7.7899999619,8.0900001526,23488600
2023-04-10T04:00:00.000Z,8.0,8.4399995804,7.9000000954,8.3900003433,29184700
2023-04-11T04:00:00.000Z,8.3500003815,8.7899999619,8.3400001526,8.6099996567,35617900
2023-04-12T04:00:00.000Z,8.75,8.7749996185,8.3000001907,8.3299999237,28771300
2023-04-13T04:00:00.000Z,8.5,8.6999998093,8.4300003052,8.5799999237,27983300
2023-04-14T04:00:00.000Z,8.529999733,8.9099998474,8.470000267,8.8100004196,42364500
2023-04-17T04:00:00.000Z,8.8100004196,9.0399999619,8.779999733,8.8000001907,26047500
2023-04-18T04:00:00.000Z,8.9300003052,9.0200004578,8.720000267,8.7299995422,21185300
2023-04-19T04:00:00.000Z,8.5799999237,8.6579999924,8.4799995422,8.4899997711,18193700
2023-04-20T04:00:00.000Z,8.2899999619,8.5,8.1300001144,8.1499996185,23573000
2023-04-21T04:00:00.000Z,8.1400003433,8.220000267,8.0900001526,8.1800003052,14896700
2023-04-24T04:00:00.000Z,8.1599998474,8.25,7.9400000572,8.1000003815,20439300
2023-04-25T04:00:00.000Z,8.0,8.0200004578,7.7300000191,7.7399997711,21849100
2023-04-26T04:00:00.000Z,7.8699998856,7.9099998474,7.6500000954,7.7399997711,21396700
2023-04-27T04:00:00.000Z,7.8299999237,7.9099998474,7.7199997902,7.8200001717,21385500
2023-04-28T04:00:00.000Z,7.7699999809,8.0,7.6199998856,7.75,24924400
2023-05-01T04:00:00.000Z,7.75,7.8200001717,7.6599998474,7.7800002098,19134200
2023-05-02T04:00:00.000Z,7.7199997902,7.9099998474,7.4299998283,7.5900001526,38008000
2023-05-03T04:00:00.000Z,7.6199998856,7.6799998283,7.4499998093,7.5599999428,24322400
2023-05-04T04:00:00.000Z,7.4699997902,7.5199999809,7.2800002098,7.3800001144,29989300
2023-05-05T04:00:00.000Z,7.4400000572,7.5500001907,7.3200001717,7.4099998474,45848800
2023-05-08T04:00:00.000Z,7.6399998665,7.8550000191,7.5900001526,7.7399997711,105304000
2023-05-09T04:00:00.000Z,9.220000267,9.6899995804,8.654999733,9.5500001907,223573300
2023-05-10T04:00:00.000Z,9.7299995422,10.3000001907,9.4600000381,9.9399995804,149375000
2023-05-11T04:00:00.000Z,10.1400003433,10.1590003967,9.7100000381,9.8800001144,73754100
2023-05-12T04:00:00.000Z,9.8599996567,10.0100002289,9.470000267,9.5,62123900
2023-05-15T04:00:00.000Z,9.2100000381,9.6000003815,9.0200004578,9.5200004578,53555500
2023-05-16T04:00:00.000Z,9.3999996185,9.6300001144,9.3500003815,9.470000267,42311900
2023-05-17T04:00:00.000Z,9.5399999619,10.2849998474,9.4600000381,10.25,63834500
2023-05-18T04:00:00.000Z,10.4600000381,11.8100004196,10.3900003433,11.7399997711,171402300
2023-05-19T04:00:00.000Z,11.970000267,12.4099998474,11.5200004578,11.7100000381,150269300
2023-05-22T04:00:00.000Z,11.6199998856,12.1049995422,11.3900003433,11.8400001526,76377100
2023-05-23T04:00:00.000Z,11.9499998093,13.4200000763,11.8699998856,12.6400003433,148701800
2023-05-24T04:00:00.000Z,12.0500001907,12.4300003052,11.8199996948,12.2299995422,90496900
2023-05-25T04:00:00.000Z,13.1800003052,13.220000267,12.3400001526,12.8400001526,106557800
2023-05-26T04:00:00.000Z,12.8400001526,14.1949996948,12.8199996948,13.6499996185,127311200
2023-05-30T04:00:00.000Z,14.4399995804,15.0050001144,14.2399997711,14.7100000381,159089300
2023-05-31T04:00:00.000Z,14.1899995804,14.7899999619,13.8199996948,14.7100000381,130392200
2023-06-01T04:00:00.000Z,14.4600000381,15.220000267,14.1999998093,14.5399999619,126015100
2023-06-02T04:00:00.000Z,14.6499996185,15.029999733,14.1599998474,14.5200004578,79487600
2023-06-05T04:00:00.000Z,14.3649997711,15.6999998093,14.3649997711,15.2399997711,109017800
2023-06-06T04:00:00.000Z,15.3000001907,15.5799999237,14.9200000763,15.4600000381,74284300
2023-06-07T04:00:00.000Z,16.0100002289,17.1599998474,14.5200004578,14.6899995804,227244100
2023-06-08T04:00:00.000Z,14.4399995804,15.5900001526,14.3900003433,15.1899995804,115591600
2023-06-09T04:00:00.000Z,15.3599996567,15.9799995422,14.8199996948,15.0200004578,94126300
2023-06-12T04:00:00.000Z,15.4399995804,16.0300006866,15.3299999237,15.6499996185,89900400
2023-06-13T04:00:00.000Z,16.1800003052,16.2700004578,15.1630001068,16.0,112765900
2023-06-14T04:00:00.000Z,15.9300003052,16.1900005341,15.4399995804,15.9099998474,70871900
2023-06-15T04:00:00.000Z,15.6599998474,16.7900009155,15.4899997711,16.6000003815,91200900
2023-06-16T04:00:00.000Z,16.8700008392,16.9099998474,16.0100002289,16.2999992371,90696200
2023-06-20T04:00:00.000Z,15.9899997711,16.8899993896,15.5799999237,15.7899999619,81335000
2023-06-21T04:00:00.000Z,15.6599998474,15.7550001144,14.3699998856,14.6400003433,97885000
2023-06-22T04:00:00.000Z,14.3000001907,14.4399995804,13.8599996567,14.0500001907,103461000
2023-06-23T04:00:00.000Z,13.6400003433,14.1400003433,13.5600004196,14.029999733,74851000
2023-06-26T04:00:00.000Z,13.8699998856,14.4200000763,13.8299999237,13.9399995804,50679900
2023-06-27T04:00:00.000Z,14.220000267,14.7600002289,13.9600000381,14.6099996567,55410500
2023-06-28T04:00:00.000Z,14.529999733,15.4300003052,14.4650001526,15.279999733,66001000
2023-06-29T04:00:00.000Z,15.3999996185,15.5699996948,15.0600004196,15.1999998093,46300900
2023-06-30T04:00:00.000Z,15.4799995422,15.8000001907,15.2299995422,15.3299999237,42195300
2023-07-03T04:00:00.000Z,15.4899997711,15.5900001526,15.1899995804,15.5200004578,26037400
2023-07-05T04:00:00.000Z,15.4250001907,15.7700004578,15.2299995422,15.6999998093,39179900
2023-07-06T04:00:00.000Z,15.3199996948,15.3830003738,14.6199998856,15.1300001144,56534000
2023-07-07T04:00:00.000Z,15.2299995422,15.8999996185,15.1899995804,15.3400001526,48273300
2023-07-10T04:00:00.000Z,15.3699998856,16.3299999237,14.9449996948,16.2999992371,62823600
2023-07-11T04:00:00.000Z,16.4699993134,16.9300003052,16.1499996185,16.4899997711,63236600
2023-07-12T04:00:00.000Z,16.7800006866,16.9400005341,16.4099998474,16.5900001526,50079400
2023-07-13T04:00:00.000Z,16.7000007629,17.2600002289,16.6310005188,16.7399997711,58397800
2023-07-14T04:00:00.000Z,16.7600002289,17.0,16.2700004578,16.3999996185,45115000
2023-07-17T04:00:00.000Z,16.4200000763,17.5900001526,16.3199996948,17.3999996185,63505000
2023-07-18T04:00:00.000Z,17.8799991608,18.1299991608,17.1900005341,18.0799999237,87117600
2023-07-19T04:00:00.000Z,18.0200004578,18.9950008392,17.7600002289,18.0499992371,89044600
2023-07-20T04:00:00.000Z,17.5400009155,18.0,16.9799995422,17.1299991608,62711600
2023-07-21T04:00:00.000Z,17.4699993134,17.4899997711,16.0,16.4300003052,63375900
2023-07-24T04:00:00.000Z,16.6100006104,16.6900005341,16.1200008392,16.3199996948,36133600
2023-07-25T04:00:00.000Z,16.3500003815,16.8600006104,16.3500003815,16.5499992371,36612900
2023-07-26T04:00:00.000Z,16.3999996185,16.6900005341,16.1299991608,16.4300003052,35804800
2023-07-27T04:00:00.000Z,16.7999992371,17.1900005341,16.0,16.1499996185,50685200
2023-07-28T04:00:00.000Z,17.2099990845,17.9699993134,16.7399997711,17.8099994659,106125600
2023-07-31T04:00:00.000Z,18.8199996948,19.9950008392,18.3799991608,19.8400001526,142173800
2023-08-01T04:00:00.000Z,19.4599990845,20.2399997711,19.2299995422,19.9899997711,99336200
2023-08-02T04:00:00.000Z,19.2600002289,19.6200008392,18.1499996185,18.9699993134,98215800
2023-08-03T04:00:00.000Z,18.6299991608,19.2999992371,18.6100006104,18.7099990845,54345900
2023-08-04T04:00:00.000Z,18.8740005493,19.0799999237,18.0799999237,18.2000007629,72386000
2023-08-07T04:00:00.000Z,18.25,18.3899993896,17.0100002289,17.9899997711,133808400
2023-08-08T04:00:00.000Z,17.4899997711,17.4899997711,16.1000003815,17.0400009155,143014200
2023-08-09T04:00:00.000Z,16.7600002289,16.9200000763,15.1000003815,15.25,126230400
2023-08-10T04:00:00.000Z,15.4399995804,15.8699998856,15.25,15.4099998474,73129100
2023-08-11T04:00:00.000Z,15.0500001907,15.5799999237,14.9099998474,15.4099998474,56616800
2023-08-14T04:00:00.000Z,15.1999998093,15.7399997711,14.9499998093,15.720000267,47511400
2023-08-15T04:00:00.000Z,15.6099996567,15.8699998856,15.2899999619,15.3699998856,44000400
2023-08-16T04:00:00.000Z,15.2100000381,15.7250003815,15.1199998856,15.4499998093,40394600
2023-08-17T04:00:00.000Z,15.3900003433,15.4370002747,14.0349998474,14.1499996185,91086700
2023-08-18T04:00:00.000Z,13.8800001144,14.6000003815,13.6800003052,14.3999996185,70215200
2023-08-21T04:00:00.000Z,14.4200000763,14.779999733,14.3400001526,14.5,43206200
2023-08-22T04:00:00.000Z,14.7600002289,15.1300001144,14.6300001144,14.6700000763,52001800
2023-08-23T04:00:00.000Z,14.5,15.470000267,14.4200000763,15.3000001907,53523300
2023-08-24T04:00:00.000Z,15.6999998093,15.7100000381,13.875,14.1400003433,93586200
2023-08-25T04:00:00.000Z,14.1400003433,14.6499996185,14.0100002289,14.529999733,55668900
2023-08-28T04:00:00.000Z,14.6899995804,14.8800001144,14.5,14.6400003433,35964700
2023-08-29T04:00:00.000Z,14.6000003815,15.6300001144,14.5,15.3999996185,47213200
2023-08-30T04:00:00.000Z,15.4600000381,16.3500003815,15.3299999237,16.3299999237,65674100
2023-08-31T04:00:00.000Z,15.6000003815,15.8500003815,14.6499996185,14.9799995422,101517200
2023-09-01T04:00:00.000Z,15.1599998474,15.3649997711,14.8299999237,15.1800003052,45258900
2023-09-05T04:00:00.000Z,15.0799999237,15.4200000763,14.8999996185,15.2100000381,33818400
2023-09-06T04:00:00.000Z,15.1700000763,15.6199998856,15.0799999237,15.3000001907,38738100
2023-09-07T04:00:00.000Z,14.8800001144,15.2399997711,14.2899999619,15.2100000381,51798800
2023-09-08T04:00:00.000Z,15.1199998856,15.6099996567,15.0850000381,15.1300001144,33862000
2023-09-11T04:00:00.000Z,15.4099998474,16.1000003815,15.3599996567,15.7899999619,55294700
2023-09-12T04:00:00.000Z,15.4600000381,16.1499996185,15.4300003052,15.5900001526,39497900
2023-09-13T04:00:00.000Z,15.6300001144,15.8500003815,15.4200000763,15.6000003815,34354400
2023-09-14T04:00:00.000Z,15.6899995804,16.0400009155,15.470000267,15.8299999237,38572500
2023-09-15T04:00:00.000Z,15.7700004578,15.8999996185,15.1700000763,15.3299999237,56271200
2023-09-18T04:00:00.000Z,15.1800003052,15.6300001144,15.0699996948,15.4600000381,37404100
2023-09-19T04:00:00.000Z,15.3400001526,15.5190000534,14.9499998093,15.1499996185,37804800
2023-09-20T04:00:00.000Z,15.25,15.4250001907,14.7329998016,14.7399997711,37640500
2023-09-21T04:00:00.000Z,14.3400001526,14.5989999771,13.6800003052,14.0,73071800
2023-09-22T04:00:00.000Z,14.2299995422,14.4149999619,14.029999733,14.1300001144,47714500
2023-09-25T04:00:00.000Z,14.0,14.2399997711,13.8199996948,14.220000267,39693900
2023-09-26T04:00:00.000Z,13.9499998093,14.1700000763,13.8800001144,13.9600000381,37276200
2023-09-27T04:00:00.000Z,14.1999998093,14.9600000381,14.1599998474,14.8500003815,62780600
2023-09-28T04:00:00.000Z,15.1400003433,15.9600000381,14.8249998093,15.7700004578,66590800
2023-09-29T04:00:00.000Z,16.1100006104,16.8099994659,15.9600000381,16.0,78055100
2023-10-02T04:00:00.000Z,16.0300006866,16.4400005341,15.7700004578,15.8800001144,41043900
2023-10-03T04:00:00.000Z,15.6099996567,15.7700004578,14.8199996948,14.8999996185,51578100
2023-10-04T04:00:00.000Z,15.4600000381,15.8500003815,15.1599998474,15.7299995422,52786200
2023-10-05T04:00:00.000Z,15.5600004196,15.8999996185,15.4099998474,15.8100004196,49648100
2023-10-06T04:00:00.000Z,15.5600004196,16.6949996948,15.5100002289,16.6100006104,65946300
2023-10-09T04:00:00.000Z,16.25,17.8299999237,16.2199993134,17.6100006104,106161200
2023-10-10T04:00:00.000Z,18.0599994659,18.3999996185,17.6200008392,17.7999992371,99971500
2023-10-11T04:00:00.000Z,17.8700008392,18.4400005341,17.7299995422,17.9200000763,55745600
2023-10-12T04:00:00.000Z,17.9200000763,18.2399997711,17.5510005951,17.9400005341,57940900
2023-10-13T04:00:00.000Z,18.0599994659,18.1599998474,17.2700004578,17.3600006104,54541600
2023-10-16T04:00:00.000Z,17.2099990845,17.4599990845,16.6700000763,17.3600006104,44987300
2023-10-17T04:00:00.000Z,17.0,18.0300006866,16.9099998474,17.8400001526,54401300
2023-10-18T04:00:00.000Z,17.8099994659,18.2199993134,17.1900005341,17.2000007629,44208300
2023-10-19T04:00:00.000Z,17.4400005341,17.5799999237,16.9699993134,17.0599994659,46303200
2023-10-20T04:00:00.000Z,16.8500003815,16.9400005341,15.8100004196,16.1100006104,63875500
2023-10-23T04:00:00.000Z,15.8999996185,16.3400001526,15.2100000381,16.2000007629,55967200
2023-10-24T04:00:00.000Z,16.3799991608,16.9300003052,16.2999992371,16.6399993896,39833800
2023-10-25T04:00:00.000Z,16.5699996948,16.6299991608,15.5799999237,15.5900001526,46706500
2023-10-26T04:00:00.000Z,15.6000003815,15.9099998474,15.0500001907,15.2899999619,49351800
2023-10-27T04:00:00.000Z,15.4799995422,15.6000003815,14.9600000381,15.0699996948,39913600
2023-10-30T04:00:00.000Z,15.2700004578,15.2899999619,14.5600004196,14.6899995804,46886400
2023-10-31T04:00:00.000Z,14.5799999237,15.0100002289,14.5500001907,14.8000001907,40195400
2023-11-01T04:00:00.000Z,14.8000001907,14.9600000381,14.4799995422,14.9200000763,54419100
2023-11-02T04:00:00.000Z,17.4799995422,18.2999992371,17.2099990845,17.9699993134,170406800
2023-11-03T04:00:00.000Z,18.0200004578,19.079000473,17.7600002289,18.8899993896,109302000
2023-11-06T05:00:00.000Z,18.9899997711,19.0799999237,17.9300003052,18.5400009155,79952600
2023-11-07T05:00:00.000Z,18.8600006104,19.1700000763,18.5300006866,18.7999992371,56289100
2023-11-08T05:00:00.000Z,18.8500003815,18.9300003052,18.1499996185,18.4899997711,46063100
2023-11-09T05:00:00.000Z,18.6599998474,18.8700008392,18.1599998474,18.2700004578,48454200
2023-11-10T05:00:00.000Z,18.1550006866,19.7199993134,18.0599994659,19.6700000763,92748000
2023-11-13T05:00:00.000Z,19.5900001526,19.8799991608,19.2999992371,19.7099990845,74877500
2023-11-14T05:00:00.000Z,20.0,20.1000003815,19.5,19.9400005341,83230500
2023-11-15T05:00:00.000Z,19.8999996185,20.3700008392,19.611000061,19.9500007629,75533500
2023-11-16T05:00:00.000Z,19.7999992371,19.875,19.2900009155,19.7700004578,49942800
2023-11-17T05:00:00.000Z,19.6800003052,20.5799999237,19.6590003967,20.4899997711,69497400
2023-11-20T05:00:00.000Z,20.6499996185,21.6000003815,20.5599994659,21.3400001526,90270000
2023-11-21T05:00:00.000Z,21.1100006104,21.8500003815,19.7199993134,19.7999992371,106643300
2023-11-22T05:00:00.000Z,20.2600002289,20.4400005341,19.3299999237,19.6900005341,68326000
2023-11-24T05:00:00.000Z,19.3799991608,19.6000003815,18.9300003052,19.2000007629,39800400
2023-11-27T05:00:00.000Z,19.1299991608,19.5,18.6200008392,19.0799999237,58808200
2023-11-28T05:00:00.000Z,19.1100006104,19.7999992371,19.0300006866,19.7099990845,54170700
2023-11-29T05:00:00.000Z,19.9449996948,20.3099994659,19.7800006866,19.8400001526,62782100
2023-11-30T05:00:00.000Z,19.9400005341,20.2299995422,19.6800003052,20.0499992371,55501000
2023-12-01T05:00:00.000Z,19.9300003052,20.2900009155,19.5499992371,20.2700004578,61493700
2023-12-04T05:00:00.000Z,19.75,19.8999996185,18.2700004578,18.3999996185,104948500
2023-12-05T05:00:00.000Z,18.25,18.5499992371,17.9599990845,18.2999992371,54460800
2023-12-06T05:00:00.000Z,17.6900005341,17.8299999237,17.0499992371,17.1299991608,96111000
2023-12-07T05:00:00.000Z,17.2199993134,17.4799995422,17.0799999237,17.2199993134,56455000
2023-12-08T05:00:00.000Z,17.1800003052,17.9200000763,17.0900001526,17.7700004578,57542100
2023-12-11T05:00:00.000Z,17.9699993134,18.2800006866,17.7000007629,17.7700004578,50929600
2023-12-12T05:00:00.000Z,17.6900005341,17.8799991608,17.2299995422,17.5,46231900
2023-12-13T05:00:00.000Z,17.6499996185,17.8999996185,17.2199993134,17.8700008392,52682600
2023-12-14T05:00:00.000Z,18.1700000763,18.5799999237,17.7199993134,18.2099990845,67462800
2023-12-15T05:00:00.000Z,18.6700000763,19.1499996185,18.0400009155,18.2000007629,93307100
2023-12-18T05:00:00.000Z,18.2099990845,18.5750007629,17.7700004578,17.8400001526,60188100
2023-12-19T05:00:00.000Z,17.9799995422,18.1900005341,17.8400001526,17.9500007629,43530300
2023-12-20T05:00:00.000Z,17.8700008392,17.9200000763,17.1900005341,17.25,58666900
2023-12-21T05:00:00.000Z,17.5300006866,17.7399997711,17.4200000763,17.5900001526,30493600
2023-12-22T05:00:00.000Z,17.7000007629,17.7000007629,17.3250007629,17.4099998474,33693800
2023-12-26T05:00:00.000Z,17.4400005341,17.7450008392,17.3299999237,17.6800003052,31750700
2023-12-27T05:00:00.000Z,17.7800006866,17.9099998474,17.4500007629,17.4699993134,32918400
2023-12-28T05:00:00.000Z,17.4599990845,17.8400001526,17.4200000763,17.5599994659,38990000
2023-12-29T05:00:00.000Z,17.5200004578,17.6399993896,17.1000003815,17.1700000763,38943500
2024-01-02T05:00:00.000Z,16.9500007629,16.9500007629,16.5,16.5799999237,41626700
2024-01-03T05:00:00.000Z,16.1200008392,16.3799991608,16.0100002289,16.0900001526,46865200
2024-01-04T05:00:00.000Z,16.0499992371,16.5799999237,15.9499998093,16.25,39937700
2024-01-05T05:00:00.000Z,15.6999998093,16.1280002594,15.6639995575,15.9799995422,57700000
2024-01-08T05:00:00.000Z,16.2199993134,16.8899993896,16.1399993896,16.6700000763,49090000
2024-01-09T05:00:00.000Z,16.5100002289,16.6299991608,16.2800006866,16.3899993896,35794500
2024-01-10T05:00:00.000Z,16.5,17.0300006866,16.3999996185,16.7900009155,41254400
2024-01-11T05:00:00.000Z,16.8099994659,16.9300003052,16.1700000763,16.6800003052,39552400
2024-01-12T05:00:00.000Z,16.6800003052,17.0599994659,16.6200008392,16.7600002289,33952600
2024-01-16T05:00:00.000Z,16.5900001526,16.7399997711,16.2900009155,16.5300006866,32659300
2024-01-17T05:00:00.000Z,16.2600002289,16.4099998474,16.0499992371,16.3899993896,30832800
2024-01-18T05:00:00.000Z,16.75,16.8099994659,16.1000003815,16.3999996185,35239700
2024-01-19T05:00:00.000Z,16.5699996948,16.7800006866,16.1499996185,16.7800006866,40690600
2024-01-22T05:00:00.000Z,17.4599990845,18.3500003815,17.4300003052,17.6000003815,85573900
2024-01-23T05:00:00.000Z,17.6399993896,17.7299995422,17.2000007629,17.3299999237,37794300
2024-01-24T05:00:00.000Z,17.5100002289,17.6499996185,16.7350006104,16.75,42710700
2024-01-25T05:00:00.000Z,16.9200000763,17.0,16.3099994659,16.4599990845,44589000
2024-01-26T05:00:00.000Z,16.3999996185,16.75,16.3400001526,16.3500003815,28612200
2024-01-29T05:00:00.000Z,16.4500007629,17.1100006104,16.4300003052,17.0900001526,35987800
2024-01-30T05:00:00.000Z,17.0400009155,17.2399997711,16.6599998474,16.7399997711,36388200
2024-01-31T05:00:00.000Z,16.4099998474,16.7600002289,16.0699996948,16.0900001526,43582500
2024-02-01T05:00:00.000Z,16.2099990845,16.4869995117,16.0300006866,16.3299999237,40454400
2024-02-02T05:00:00.000Z,16.3400001526,17.0200004578,16.1450004578,17.0200004578,57672700
2024-02-05T05:00:00.000Z,17.5599994659,17.8700008392,16.4799995422,16.7199993134,167698300
2024-02-06T05:00:00.000Z,20.2999992371,22.1800003052,19.7600002289,21.8700008392,420501900
2024-02-07T05:00:00.000Z,21.6000003815,23.8700008392,21.3799991608,23.6000003815,254911100
2024-02-08T05:00:00.000Z,23.9599990845,25.0599994659,23.3199996948,24.5100002289,212671100
2024-02-09T05:00:00.000Z,25.0400009155,25.1100006104,23.5699996948,24.3799991608,149062000
2024-02-12T05:00:00.000Z,23.9099998474,25.5249996185,23.8199996948,25.0499992371,108173000
2024-02-13T05:00:00.000Z,23.5300006866,24.6599998474,23.3099994659,24.0100002289,102293300
2024-02-14T05:00:00.000Z,24.1499996185,25.5,23.7549991608,25.1900005341,97227900
2024-02-15T05:00:00.000Z,25.0400009155,25.4599990845,24.7099990845,25.4099998474,70544300
2024-02-16T05:00:00.000Z,24.9599990845,25.4950008392,24.3899993896,24.4400005341,65498200
2024-02-20T05:00:00.000Z,23.8400001526,24.0,22.7150001526,23.3999996185,93374300
2024-02-21T05:00:00.000Z,22.2999992371,22.9300003052,22.2900009155,22.7399997711,59628300
2024-02-22T05:00:00.000Z,23.7700004578,23.9500007629,23.0499992371,23.5900001526,64458200
2024-02-23T05:00:00.000Z,23.5300006866,24.0699996948,22.8199996948,22.9699993134,48840800
2024-02-26T05:00:00.000Z,23.0300006866,23.8799991608,22.9400005341,23.5599994659,46499500
2024-02-27T05:00:00.000Z,23.7600002289,24.6200008392,23.7199993134,24.5300006866,64967400
2024-02-28T05:00:00.000Z,24.5200004578,24.8400001526,24.2450008392,24.4200000763,47314000
2024-02-29T05:00:00.000Z,24.8099994659,25.2929992676,24.3600006104,25.0799999237,62753300
2024-03-01T05:00:00.000Z,25.2999992371,25.6900005341,24.5349998474,24.9300003052,64794400
2024-03-04T05:00:00.000Z,24.3999996185,24.5799999237,23.5300006866,24.0400009155,64320000
2024-03-05T05:00:00.000Z,23.9599990845,24.4090003967,23.4300003052,23.8099994659,49542300
2024-03-06T05:00:00.000Z,25.75,26.75,24.5300006866,26.1599998474,207386900
2024-03-07T05:00:00.000Z,27.0100002289,27.5,26.3799991608,26.4599990845,117519300
2024-03-08T05:00:00.000Z,27.1900005341,27.2800006866,25.8099994659,26.0400009155,84256100
2024-03-11T04:00:00.000Z,25.8899993896,26.8299999237,25.2900009155,25.3500003815,60829300
2024-03-12T04:00:00.000Z,25.5699996948,25.6399993896,24.3500003815,24.7000007629,75202600
2024-03-13T04:00:00.000Z,24.7000007629,25.4400005341,24.6000003815,25.0,59713000
2024-03-14T04:00:00.000Z,24.8299999237,24.9699993134,24.1399993896,24.4300003052,49214800
2024-03-15T04:00:00.000Z,23.8500003815,24.1000003815,23.4200000763,23.4899997711,61421000
2024-03-18T04:00:00.000Z,23.7700004578,24.1800003052,23.3199996948,24.0,44083000
2024-03-19T04:00:00.000Z,23.5,23.8299999237,22.9200000763,23.7999992371,43247200
2024-03-20T04:00:00.000Z,23.7700004578,24.6499996185,23.6700000763,24.5699996948,40273800
2024-03-21T04:00:00.000Z,25.2999992371,25.3299999237,24.4400005341,24.4899997711,37099600
2024-03-22T04:00:00.000Z,24.2000007629,24.4750003815,24.0200004578,24.1800003052,25453000
2024-03-25T04:00:00.000Z,24.1200008392,24.6200008392,24.0499992371,24.5100002289,29255900
2024-03-26T04:00:00.000Z,24.7600002289,25.4699993134,24.4699993134,24.8899993896,43610500
2024-03-27T04:00:00.000Z,25.0,25.4799995422,24.2600002289,24.5100002289,38600100
2024-03-28T04:00:00.000Z,24.1700000763,24.2800006866,22.9400005341,23.0100002289,70008200
2024-04-01T04:00:00.000Z,22.9799995422,23.2099990845,22.3999996185,22.8600006104,41000000
2024-04-02T04:00:00.000Z,22.0,22.7900009155,21.7199993134,22.7199993134,39770600
2024-04-03T04:00:00.000Z,22.4400005341,23.0100002289,22.3799991608,22.7000007629,30357400
2024-04-04T04:00:00.000Z,23.8199996948,24.1000003815,22.3999996185,22.4799995422,64995300
2024-04-05T04:00:00.000Z,22.4200000763,23.3199996948,22.3069992065,22.9599990845,38716800
2024-04-08T04:00:00.000Z,23.0799999237,23.2000007629,22.6700000763,23.0,25022700
2024-04-09T04:00:00.000Z,23.0100002289,23.0869998932,22.4599990845,22.8099994659,27643300
2024-04-10T04:00:00.000Z,22.2199993134,22.7099990845,22.0100002289,22.4200000763,28642900
2024-04-11T04:00:00.000Z,22.6499996185,22.9099998474,22.25,22.8400001526,26399400
2024-04-12T04:00:00.000Z,22.7000007629,23.2000007629,22.4099998474,22.6700000763,36764500
2024-04-15T04:00:00.000Z,22.7900009155,23.1299991608,21.8299999237,21.8999996185,38182100
2024-04-16T04:00:00.000Z,21.5900001526,21.9899997711,21.2700004578,21.8799991608,33869200
2024-04-17T04:00:00.000Z,22.0100002289,22.1100006104,21.2199993134,21.3099994659,30139800
2024-04-18T04:00:00.000Z,21.25,21.4300003052,20.7000007629,21.1299991608,34550500
2024-04-19T04:00:00.000Z,20.9799995422,21.4300003052,20.3299999237,20.4699993134,39632600
2024-04-22T04:00:00.000Z,20.7199993134,21.0799999237,20.3600006104,20.9699993134,31894500
2024-04-23T04:00:00.000Z,21.25,22.0599994659,21.2299995422,21.6399993896,36304600
2024-04-24T04:00:00.000Z,22.0499992371,22.25,21.2999992371,21.5900001526,34426500
2024-04-25T04:00:00.000Z,20.8199996948,21.7399997711,20.6599998474,21.7099990845,26226700
2024-04-26T04:00:00.000Z,22.0499992371,22.6700000763,21.9099998474,22.5200004578,33119800
2024-04-29T04:00:00.000Z,22.75,23.0900001526,22.5450000763,22.8299999237,30104900
2024-04-30T04:00:00.000Z,22.7700004578,22.8700008392,21.9500007629,21.9699993134,30511900
2024-05-01T04:00:00.000Z,21.9300003052,22.8299999237,21.6299991608,22.1200008392,34665900
2024-05-02T04:00:00.000Z,22.6000003815,22.7150001526,22.1000003815,22.5499992371,30396100
2024-05-03T04:00:00.000Z,23.4799995422,23.6399993896,22.9099998474,23.3299999237,55976400
2024-05-06T04:00:00.000Z,24.3700008392,25.3549995422,24.0300006866,25.2099990845,175936600
2024-05-07T04:00:00.000Z,21.9899997711,22.7000007629,21.3500003815,21.3999996185,161061600
2024-05-08T04:00:00.000Z,21.5799999237,21.7299995422,21.0599994659,21.5599994659,67582900
2024-05-09T04:00:00.000Z,21.4899997711,21.5799999237,20.9400005341,21.1399993896,54101900
2024-05-10T04:00:00.000Z,21.2700004578,21.3700008392,20.5,20.6000003815,59845400
2024-05-13T04:00:00.000Z,20.6000003815,21.1900005341,20.6000003815,20.9400005341,37524800
2024-05-14T04:00:00.000Z,20.9500007629,22.0699996948,20.9300003052,21.4400005341,57894400
2024-05-15T04:00:00.000Z,21.7299995422,21.8099994659,21.1849994659,21.6700000763,39424000
2024-05-16T04:00:00.000Z,21.7399997711,21.8700008392,21.5349998474,21.6499996185,27416700
2024-05-17T04:00:00.000Z,21.7800006866,22.1690006256,21.5599994659,21.7600002289,30032300
2024-05-20T04:00:00.000Z,21.7700004578,21.7700004578,21.2199993134,21.6200008392,35255300
2024-05-21T04:00:00.000Z,21.3400001526,21.4500007629,21.1200008392,21.2399997711,27954000
2024-05-22T04:00:00.000Z,21.2299995422,21.4200000763,21.0799999237,21.1700000763,25212500
2024-05-23T04:00:00.000Z,21.3899993896,21.5200004578,20.6299991608,20.7199993134,36887600
2024-05-24T04:00:00.000Z,20.7199993134,21.1499996185,20.6499996185,21.0100002289,22158700
2024-05-28T04:00:00.000Z,21.0599994659,21.2199993134,20.7299995422,21.0499992371,26274200
2024-05-29T04:00:00.000Z,20.7700004578,20.9899997711,20.6399993896,20.9400005341,24834200
2024-05-30T04:00:00.000Z,21.2800006866,21.9599990845,21.0200004578,21.7299995422,47210300
2024-05-31T04:00:00.000Z,21.7900009155,22.2000007629,21.3099994659,21.6800003052,44416100
2024-06-03T04:00:00.000Z,21.7000007629,21.7900009155,21.0049991608,21.3199996948,33876100
2024-06-04T04:00:00.000Z,21.0499992371,22.2600002289,21.0400009155,22.1000003815,41974000
2024-06-05T04:00:00.000Z,22.4799995422,22.9799995422,22.2199993134,22.9599990845,39825400
2024-06-06T04:00:00.000Z,22.9799995422,23.9500007629,22.9799995422,23.7900009155,60400400
2024-06-07T04:00:00.000Z,23.2399997711,23.5699996948,23.0599994659,23.3099994659,37149900
2024-06-10T04:00:00.000Z,22.75,23.1599998474,22.6599998474,23.1299991608,31429200
2024-06-11T04:00:00.000Z,23.0599994659,23.9500007629,22.8899993896,23.8500003815,30601900
2024-06-12T04:00:00.000Z,24.2000007629,24.3299999237,23.5699996948,23.7700004578,38542700
2024-06-13T04:00:00.000Z,23.8500003815,24.1399993896,23.1499996185,23.2700004578,26035100
2024-06-14T04:00:00.000Z,23.1499996185,23.7199993134,22.8400001526,23.5699996948,26618300
2024-06-17T04:00:00.000Z,23.4699993134,25.0599994659,23.4500007629,25.0200004578,54101500
2024-06-18T04:00:00.000Z,25.1499996185,26.0249996185,24.8299999237,25.8199996948,54458600
2024-06-20T04:00:00.000Z,26.4400005341,26.5699996948,25.1550006866,25.5599994659,66735000
2024-06-21T04:00:00.000Z,24.7099990845,26.0900001526,23.5300006866,23.8400001526,68605900
2024-06-24T04:00:00.000Z,23.4400005341,24.3869991302,23.2999992371,24.1599998474,36477400
2024-06-25T04:00:00.000Z,24.1599998474,24.6299991608,23.9200000763,24.5599994659,29389400
2024-06-26T04:00:00.000Z,24.4699993134,24.6599998474,24.0249996185,24.1000003815,24331400
2024-06-27T04:00:00.000Z,24.1000003815,25.3999996185,24.0499992371,25.2199993134,37882900
2024-06-28T04:00:00.000Z,25.2800006866,25.5699996948,25.0300006866,25.3299999237,38886400
2024-07-01T04:00:00.000Z,25.4799995422,26.0200004578,25.1420001984,25.8799991608,33167900
2024-07-02T04:00:00.000Z,25.8400001526,26.4300003052,25.75,25.8299999237,32148200
2024-07-03T04:00:00.000Z,25.9599990845,26.2700004578,25.7600002289,25.8500003815,18433800
2024-07-05T04:00:00.000Z,26.0,27.25,25.9750003815,27.2299995422,46703700
2024-07-08T04:00:00.000Z,27.9300003052,27.986000061,26.8400001526,27.7000007629,59611200
2024-07-09T04:00:00.000Z,27.9300003052,28.3799991608,27.2299995422,27.3899993896,53067100
2024-07-10T04:00:00.000Z,27.5,28.4699993134,27.3700008392,28.4200000763,43231000
2024-07-11T04:00:00.000Z,28.4899997711,28.5900001526,26.8999996185,27.6399993896,61546100
2024-07-12T04:00:00.000Z,27.3199996948,28.1299991608,27.2800006866,28.0699996948,30760300
2024-07-15T04:00:00.000Z,28.4200000763,29.2999992371,27.8999996185,28.6700000763,49186300
2024-07-16T04:00:00.000Z,28.1800003052,28.8400001526,27.4699993134,28.6700000763,59330700
2024-07-17T04:00:00.000Z,28.0,28.8700008392,27.6000003815,28.2199993134,45203500
2024-07-18T04:00:00.000Z,28.4200000763,29.8299999237,28.1499996185,28.6399993896,76485600
2024-07-19T04:00:00.000Z,28.3099994659,29.6000003815,28.2700004578,28.5799999237,49581600
2024-07-22T04:00:00.000Z,28.9300003052,28.9699993134,27.6900005341,28.4599990845,38037800
2024-07-23T04:00:00.000Z,28.3400001526,29.1900005341,28.3099994659,28.8099994659,31134300
2024-07-24T04:00:00.000Z,28.4400005341,28.6849994659,26.5799999237,26.6000003815,49004100
2024-07-25T04:00:00.000Z,26.0400009155,27.2880001068,25.4200000763,26.6299991608,45474600
2024-07-26T04:00:00.000Z,27.0,27.3400001526,26.7700004578,27.1800003052,27432200
2024-07-29T04:00:00.000Z,27.5599994659,27.7999992371,26.7299995422,27.0799999237,26038800
2024-07-30T04:00:00.000Z,27.25,27.4400005341,25.8899993896,26.3700008392,31819900
2024-07-31T04:00:00.000Z,27.0200004578,27.3899993896,26.8799991608,26.8899993896,29111600
2024-08-01T04:00:00.000Z,27.0200004578,27.5349998474,25.8299999237,26.0799999237,31189600
2024-08-02T04:00:00.000Z,24.75,24.8700008392,23.75,24.7399997711,56092600
2024-08-05T04:00:00.000Z,21.7399997711,24.4200000763,21.2299995422,24.0900001526,88023500
2024-08-06T04:00:00.000Z,27.0499992371,27.4200000763,25.5699996948,26.5900001526,99622700
2024-08-07T04:00:00.000Z,27.0699996948,28.3600006104,26.2399997711,26.3199996948,75975400
2024-08-08T04:00:00.000Z,27.0400009155,29.375,26.6900005341,29.2800006866,96892900
2024-08-09T04:00:00.000Z,29.2800006866,30.3600006104,29.1000003815,30.0100002289,88131100
2024-08-12T04:00:00.000Z,30.2199993134,31.2000007629,29.2700004578,29.3799991608,67890300
2024-08-13T04:00:00.000Z,29.7889995575,30.8500003815,29.5599994659,30.3899993896,57294200
2024-08-14T04:00:00.000Z,30.6200008392,31.3700008392,30.3299999237,31.0,49885600
2024-08-15T04:00:00.000Z,31.3099994659,31.4950008392,30.8299999237,31.2199993134,43407600
2024-08-16T04:00:00.000Z,31.0400009155,32.75,30.9799995422,32.0800018311,64870600
2024-08-19T04:00:00.000Z,32.4199981689,32.5900001526,31.813999176,32.5,52353600
2024-08-20T04:00:00.000Z,32.5,32.7200012207,31.6299991608,32.3199996948,40783000
2024-08-21T04:00:00.000Z,32.3199996948,32.6699981689,31.9699993134,32.5400009155,38147600
2024-08-22T04:00:00.000Z,32.5499992371,33.125,31.8500003815,31.9200000763,43522200
2024-08-23T04:00:00.000Z,31.9899997711,32.5499992371,31.6219997406,31.7800006866,34121200
2024-08-26T04:00:00.000Z,31.4300003052,31.7399997711,30.7900009155,30.8500003815,35283600
2024-08-27T04:00:00.000Z,30.5499992371,31.1200008392,30.3799991608,30.8400001526,23541300
2024-08-28T04:00:00.000Z,30.6200008392,30.7999992371,29.75,30.3600006104,33961400
2024-08-29T04:00:00.000Z,30.6499996185,31.8199996948,30.4839992523,31.0,39733000
2024-08-30T04:00:00.000Z,31.0499992371,31.5,30.7000007629,31.4799995422,42388000
2024-09-03T04:00:00.000Z,31.3500003815,31.5890007019,30.1650009155,30.5100002289,34531600
2024-09-04T04:00:00.000Z,30.0,30.8500003815,29.3099994659,30.5900001526,33419500
2024-09-05T04:00:00.000Z,30.2399997711,30.7399997711,30.0100002289,30.1599998474,24012300
2024-09-06T04:00:00.000Z,30.6000003815,31.0400009155,29.5,30.3299999237,50946800
2024-09-09T04:00:00.000Z,32.7000007629,34.7000007629,32.4700012207,34.5999984741,140582500
2024-09-10T04:00:00.000Z,34.8100013733,35.2000007629,33.7099990845,34.7599983215,91721000
2024-09-11T04:00:00.000Z,34.0099983215,34.8699989319,33.6199989319,34.8499984741,68302300
2024-09-12T04:00:00.000Z,34.8600006104,35.4000015259,34.53099823,34.9099998474,54291900
2024-09-13T04:00:00.000Z,34.9700012207,36.0099983215,34.8899993896,35.5900001526,49727200
2024-09-16T04:00:00.000Z,35.7799987793,36.9199981689,35.5600013733,36.3100013733,74767300
2024-09-17T04:00:00.000Z,37.0,37.0499992371,35.8699989319,36.4500007629,64461800
2024-09-18T04:00:00.000Z,35.9000015259,37.1100006104,35.8709983826,36.3800010681,66279800
2024-09-19T04:00:00.000Z,37.0,37.3499984741,36.2000007629,36.8300018311,59882000
2024-09-20T04:00:00.000Z,36.0099983215,37.2900009155,35.7099990845,37.2000007629,450290500
2024-09-23T04:00:00.000Z,36.8600006104,38.1899986267,36.5699996948,37.9500007629,79460700
2024-09-24T04:00:00.000Z,37.9700012207,37.9799995422,36.4300003052,36.9000015259,79519200
2024-09-25T04:00:00.000Z,36.8899993896,37.1800003052,36.3829994202,37.1199989319,46511700
2024-09-26T04:00:00.000Z,37.2599983215,37.4399986267,36.5999984741,37.0999984741,48602000
2024-09-27T04:00:00.000Z,36.9099998474,37.4700012207,36.5900001526,36.8400001526,43219100
2024-09-30T04:00:00.000Z,36.5800018311,37.3199996948,36.1500015259,37.2000007629,42110200
2024-10-01T04:00:00.000Z,37.2099990845,37.5600013733,36.0499992371,36.4599990845,52858000
2024-10-02T04:00:00.000Z,36.2999992371,37.6800003052,36.1450004578,37.4900016785,34988900
2024-10-03T04:00:00.000Z,37.4500007629,39.2900009155,37.3699989319,39.2400016785,57196400
2024-10-04T04:00:00.000Z,39.6500015259,40.2900009155,39.4000015259,40.0099983215,62532500
2024-10-07T04:00:00.000Z,39.9000015259,40.1500015259,38.7750015259,38.8899993896,44124800
2024-10-08T04:00:00.000Z,39.2900009155,41.4900016785,39.0149993896,41.4500007629,62542900
2024-10-09T04:00:00.000Z,41.5499992371,43.3400001526,41.2099990845,43.1300010681,86404700
2024-10-10T04:00:00.000Z,42.9199981689,43.8779983521,42.4099998474,43.5200004578,62516300
2024-10-11T04:00:00.000Z,43.4000015259,44.3800010681,42.6199989319,43.5099983215,66206900
2024-10-14T04:00:00.000Z,43.7200012207,44.3899993896,43.2799987793,43.4000015259,41010900
2024-10-15T04:00:00.000Z,43.4749984741,43.6800003052,41.5149993896,42.4300003052,48297000
2024-10-16T04:00:00.000Z,42.4000015259,42.4900016785,40.3600006104,41.9300003052,59157900
2024-10-17T04:00:00.000Z,42.1500015259,42.7000007629,41.6100006104,42.0,34028400
2024-10-18T04:00:00.000Z,42.0149993896,42.9900016785,41.6500015259,42.9700012207,33969000
2024-10-21T04:00:00.000Z,42.8600006104,43.4000015259,42.4099998474,42.7000007629,30719800
2024-10-22T04:00:00.000Z,42.6899986267,43.4900016785,42.2999992371,42.9399986267,27830700
2024-10-23T04:00:00.000Z,42.8499984741,43.6800003052,42.0550003052,42.5900001526,35647000
2024-10-24T04:00:00.000Z,42.8899993896,43.7299995422,42.6599998474,43.5600013733,34079600
2024-10-25T04:00:00.000Z,43.8499984741,45.0699996948,43.6450004578,44.8600006104,50416500
2024-10-28T04:00:00.000Z,45.0499992371,45.1399993896,44.6800003052,44.9700012207,36729700
2024-10-29T04:00:00.000Z,44.9000015259,45.0699996948,44.0400009155,44.9300003052,26154700
2024-10-30T04:00:00.000Z,44.5800018311,44.7999992371,43.6100006104,43.6899986267,31309200
2024-10-31T04:00:00.000Z,42.7900009155,43.3199996948,40.9000015259,41.5600013733,50973400
2024-11-01T04:00:00.000Z,41.9300003052,42.5699996948,41.5900001526,41.9199981689,33722500
2024-11-04T05:00:00.000Z,41.0800018311,42.0400009155,41.0320014954,41.4099998474,75413300
2024-11-05T05:00:00.000Z,47.8600006104,51.5750007629,46.8600006104,51.1300010681,208868200
2024-11-06T05:00:00.000Z,53.4399986267,55.6899986267,51.6100006104,55.5299987793,114255900
2024-11-07T05:00:00.000Z,55.8199996948,56.4700012207,53.5499992371,55.8800010681,121591200
2024-11-08T05:00:00.000Z,55.5699996948,58.4799995422,55.2999992371,58.3899993896,84124000
2024-11-11T05:00:00.000Z,60.1329994202,62.0800018311,58.6899986267,60.2400016785,108357800
2024-11-12T05:00:00.000Z,59.0099983215,60.0900001526,58.5699996948,59.8499984741,59061300
2024-11-13T05:00:00.000Z,61.5200004578,63.3899993896,59.8499984741,60.7000007629,85937400
2024-11-14T05:00:00.000Z,61.0499992371,61.1699981689,58.5299987793,59.1800003052,59968200
2024-11-15T05:00:00.000Z,61.0099983215,66.0,60.9099998474,65.7699966431,155280400
2024-11-18T05:00:00.000Z,64.9199981689,64.9199981689,58.8499984741,61.2599983215,136663100
2024-11-19T05:00:00.000Z,59.5099983215,63.0099983215,59.2649993896,62.9799995422,75557800
2024-11-20T05:00:00.000Z,62.5900001526,63.0800018311,59.9599990845,62.1199989319,59182200
2024-11-21T05:00:00.000Z,62.0400009155,63.4000015259,60.8950004578,61.3600006104,56336700
2024-11-22T05:00:00.000Z,61.5999984741,64.4400024414,61.3699989319,64.3499984741,61381700
2024-11-25T05:00:00.000Z,66.9000015259,67.8799972534,64.0800018311,64.6500015259,80640500
2024-11-26T05:00:00.000Z,64.5699996948,65.8499984741,63.8899993896,65.7399978638,46923600
2024-11-27T05:00:00.000Z,66.2399978638,67.5599975586,64.2399978638,66.0500030518,53839900
2024-11-29T05:00:00.000Z,65.8899993896,67.1600036621,65.4700012207,67.0800018311,30104000
2024-12-02T05:00:00.000Z,67.4400024414,67.8799972534,65.9599990845,66.3899993896,46405000
2024-12-03T05:00:00.000Z,66.4100036621,71.3700027466,66.1500015259,70.9599990845,100751400
2024-12-04T05:00:00.000Z,71.1299972534,71.1800003052,67.2799987793,69.8499984741,86284800
2024-12-05T05:00:00.000Z,70.1100006104,72.9800033569,69.8899993896,71.8700027466,66585800
2024-12-06T05:00:00.000Z,72.9499969482,76.8199996948,72.2799987793,76.3399963379,93640900
2024-12-09T05:00:00.000Z,80.5800018311,80.9100036621,71.0500030518,72.4599990845,168134800
2024-12-10T05:00:00.000Z,71.9899978638,75.5599975586,70.7300033569,70.8899993896,89672500
2024-12-11T05:00:00.000Z,72.9800033569,73.0,68.0699996948,72.5100021362,89477700
2024-12-12T05:00:00.000Z,72.3000030518,75.3799972534,71.9000015259,73.1999969482,73859700
2024-12-13T05:00:00.000Z,73.4899978638,76.0999984741,72.4499969482,76.0699996948,76172800
2024-12-16T05:00:00.000Z,75.0599975586,77.8199996948,71.1600036621,75.75,126099600
2024-12-17T05:00:00.000Z,73.2799987793,75.3199996948,71.6999969482,74.3899993896,75469400
2024-12-18T05:00:00.000Z,74.3000030518,77.5999984741,70.2699966431,71.5100021362,109643400
2024-12-19T05:00:00.000Z,73.9899978638,76.5899963379,73.3700027466,74.2099990845,99524300
2024-12-20T05:00:00.000Z,72.6399993896,80.6600036621,71.5,80.5500030518,281230800
2024-12-23T05:00:00.000Z,80.6500015259,82.0199966431,77.4100036621,80.6900024414,93819500
2024-12-24T05:00:00.000Z,81.0899963379,84.7969970703,81.0,82.3799972534,64983300
2024-12-26T05:00:00.000Z,83.1600036621,83.4899978638,81.3000030518,82.1399993896,60377100
2024-12-27T05:00:00.000Z,81.4199981689,82.0,77.9300003052,79.0800018311,66975900
2024-12-31T05:00:00.000Z,77.5800018311,77.9800033569,73.6500015259,75.6299972534,56267900
2025-01-02T05:00:00.000Z,76.1999969482,76.5299987793,72.4199981689,75.1900024414,72217200
2025-01-03T05:00:00.000Z,75.3899993896,79.9800033569,75.1900024414,79.8899993896,62415000
2025-01-06T05:00:00.000Z,78.6900024414,80.0599975586,74.6100006104,75.9199981689,105619500
2025-01-07T05:00:00.000Z,75.1999969482,75.3899993896,69.75,69.9899978638,91727300
2025-01-08T05:00:00.000Z,68.1200027466,69.5299987793,66.5100021362,68.2300033569,91349500
2025-01-10T05:00:00.000Z,66.0100021362,68.1999969482,65.0400009155,67.2600021362,78148600
2025-01-13T05:00:00.000Z,64.2900009155,65.6800003052,63.4000015259,64.9800033569,69046300
2025-01-14T05:00:00.000Z,67.1800003052,68.2300033569,65.1900024414,65.9100036621,56814900
2025-01-15T05:00:00.000Z,68.5500030518,68.8499984741,67.0800018311,68.1399993896,56025800
2025-01-16T05:00:00.000Z,69.0800018311,71.4300003052,68.3600006104,69.2399978638,62908700
2025-01-17T05:00:00.000Z,70.9000015259,72.3399963379,69.9499969482,71.7699966431,54754000
2025-01-21T05:00:00.000Z,73.2399978638,73.6360015869,70.6009979248,73.0699996948,56229000
2025-01-22T05:00:00.000Z,74.5,77.1600036621,73.8000030518,76.8700027466,66876400
2025-01-23T05:00:00.000Z,76.0400009155,79.0,75.8399963379,78.9800033569,55937900
2025-01-24T05:00:00.000Z,79.0500030518,82.2399978638,78.4400024414,78.9800033569,77931900
2025-01-27T05:00:00.000Z,74.0699996948,76.7200012207,72.6699981689,75.4400024414,76093300
2025-01-28T05:00:00.000Z,75.5400009155,80.7399978638,74.0400009155,80.2300033569,65916700
2025-01-29T05:00:00.000Z,79.9499969482,80.8199996948,77.8099975586,79.7600021362,49262200
2025-01-30T05:00:00.000Z,80.0199966431,81.8300018311,79.3799972534,81.2200012207,46067500
2025-01-31T05:00:00.000Z,81.0,85.2200012207,80.8700027466,82.4899978638,78731000
2025-02-03T05:00:00.000Z,80.125,84.25,78.4700012207,83.7399978638,126592700
2025-02-04T05:00:00.000Z,102.8000030518,106.9100036621,100.5100021362,103.8300018311,230806800
2025-02-05T05:00:00.000Z,101.7799987793,103.5699996948,99.3199996948,101.3600006104,90628300
2025-02-06T05:00:00.000Z,101.0899963379,111.5449981689,100.2600021362,111.2799987793,128217500
2025-02-07T05:00:00.000Z,111.6600036621,116.3000030518,110.4499969482,110.8499984741,143795400
2025-02-10T05:00:00.000Z,112.0299987793,116.7600021362,108.7200012207,116.6500015259,99938100
2025-02-11T05:00:00.000Z,116.5,118.6600036621,112.0999984741,112.6200027466,94311700
2025-02-12T05:00:00.000Z,110.2900009155,117.5899963379,110.0,117.3899993896,75316900
2025-02-13T05:00:00.000Z,117.3099975586,118.3899993896,115.1500015259,117.9100036621,60027000
2025-02-14T05:00:00.000Z,117.9000015259,120.6699981689,116.8000030518,119.1600036621,65528900
2025-02-18T05:00:00.000Z,120.9400024414,125.0,118.4300003052,124.6200027466,84227200
2025-02-19T05:00:00.000Z,123.8600006104,125.4100036621,108.5599975586,112.0599975586,147487300
2025-02-20T05:00:00.000Z,102.9100036621,107.4000015259,95.8000030518,106.2699966431,243093900
2025-02-21T05:00:00.000Z,107.6800003052,109.0699996948,100.0,101.3499984741,129063200
2025-02-24T05:00:00.000Z,95.8799972534,99.0100021362,89.3000030518,90.6800003052,184485000
2025-02-25T05:00:00.000Z,90.6500015259,91.6999969482,85.25,87.8399963379,132626300
2025-02-26T05:00:00.000Z,89.1600036621,91.6900024414,87.5899963379,89.3099975586,94428700
2025-02-27T05:00:00.000Z,91.9100036621,93.6200027466,84.1699981689,84.7699966431,99680500
2025-02-28T05:00:00.000Z,79.9800033569,85.1800003052,78.5800018311,84.9199981689,125977400
2025-03-03T05:00:00.000Z,88.5500030518,90.4800033569,82.5299987793,83.4199981689,114573900
2025-03-04T05:00:00.000Z,80.1600036621,88.5,79.3000030518,84.4000015259,116800300
2025-03-05T05:00:00.000Z,86.3499984741,90.3000030518,82.5,90.1299972534,116053000
2025-03-06T05:00:00.000Z,87.5049972534,88.3399963379,80.0100021362,80.4599990845,117340600
2025-03-07T05:00:00.000Z,80.0250015259,85.1600036621,79.1500015259,84.9100036621,105377100
2025-03-10T04:00:00.000Z,82.0,82.6900024414,74.5699996948,76.3799972534,136843800
2025-03-11T04:00:00.000Z,75.7850036621,80.7450027466,75.5299987793,78.0500030518,109351500
2025-03-12T04:00:00.000Z,83.4800033569,84.5500030518,79.8600006104,83.6500015259,116525100
2025-03-13T04:00:00.000Z,82.8450012207,83.7399978638,78.3199996948,79.6200027466,100927200
2025-03-14T04:00:00.000Z,82.9700012207,87.2699966431,82.1600036621,86.2399978638,113985000
2025-03-17T04:00:00.000Z,88.4400024414,88.8199996948,84.5,87.3499984741,99348900
2025-03-18T04:00:00.000Z,85.7799987793,86.1699981689,81.8000030518,83.8899993896,93236500
2025-03-19T04:00:00.000Z,84.5500030518,87.9899978638,82.8600006104,86.0999984741,89797400
2025-03-20T04:00:00.000Z,85.5400009155,89.8000030518,85.1200027466,87.3899993896,105547400
2025-03-21T04:00:00.000Z,85.8499984741,91.0699996948,84.4599990845,90.9599990845,116748700
2025-03-24T04:00:00.000Z,93.4000015259,97.3899993896,92.2799987793,96.75,112164700
2025-03-25T04:00:00.000Z,97.2200012207,98.1699981689,95.0800018311,96.5,78015300
2025-03-26T04:00:00.000Z,96.2900009155,97.3000030518,90.8199996948,92.2799987793,81428600
2025-03-27T04:00:00.000Z,91.0149993896,93.6500015259,89.6699981689,90.0899963379,82823000
2025-03-28T04:00:00.000Z,89.3399963379,89.3799972534,84.0999984741,85.8499984741,91091700
2025-03-31T04:00:00.000Z,80.0,84.6500015259,78.75,84.4000015259,108092900
2025-04-01T04:00:00.000Z,83.8899993896,85.2799987793,81.8199996948,84.6800003052,78980700
2025-04-02T04:00:00.000Z,82.4000015259,88.4049987793,82.3000030518,87.4499969482,96563100
2025-04-03T04:00:00.000Z,81.25,85.6800003052,81.0100021362,83.5999984741,93878200
2025-04-04T04:00:00.000Z,80.0699996948,80.9800033569,71.9300003052,74.0100021362,147323200
2025-04-07T04:00:00.000Z,66.6500015259,81.8000030518,66.1200027466,77.8399963379,169083700
2025-04-08T04:00:00.000Z,83.2900009155,86.1139984131,75.2200012207,77.3199996948,135345600
2025-04-09T04:00:00.000Z,78.1900024414,93.3300018311,77.2699966431,92.0100021362,187244300
2025-04-10T04:00:00.000Z,88.4000015259,90.7799987793,84.1399993896,88.5899963379,124448200
2025-04-11T04:00:00.000Z,87.9800033569,89.5500030518,85.4700012207,88.5500030518,95130700
2025-04-14T04:00:00.000Z,95.8000030518,97.3300018311,91.4599990845,92.6200027466,122836900
2025-04-15T04:00:00.000Z,93.5299987793,98.9899978638,93.0500030518,98.4000015259,118457700
2025-04-16T04:00:00.000Z,96.2799987793,97.3000030518,89.6200027466,92.7099990845,121997600
2025-04-17T04:00:00.000Z,94.7099990845,95.1100006104,92.2699966431,93.7799987793,83991800
2025-04-21T04:00:00.000Z,92.8399963379,96.4749984741,89.3099975586,90.8000030518,83831100
2025-04-22T04:00:00.000Z,93.0149993896,96.3399963379,91.3499984741,93.9899978638,91185400
2025-04-23T04:00:00.000Z,98.8600006104,103.7600021362,97.8300018311,100.8199996948,112909500
2025-04-24T04:00:00.000Z,101.5299987793,108.0,100.9100036621,107.7799987793,103190700
2025-04-25T04:00:00.000Z,108.0500030518,112.8799972534,106.5500030518,112.7799987793,103933800
2025-04-28T04:00:00.000Z,113.7799987793,114.8600006104,108.8700027466,114.6500015259,111082900
2025-04-29T04:00:00.000Z,113.9800033569,117.2300033569,113.2399978638,116.0800018311,79709000
2025-04-30T04:00:00.000Z,111.6100006104,118.7799987793,110.5400009155,118.4400024414,109461700
2025-05-01T04:00:00.000Z,120.0400009155,120.1900024414,116.0,116.1999969482,90677600
2025-05-02T04:00:00.000Z,118.6600036621,124.4199981689,118.6299972534,124.2799987793,103094300
2025-05-05T04:00:00.000Z,123.6999969482,125.2549972534,121.3600006104,123.7699966431,135961300
2025-05-06T04:00:00.000Z,112.7099990845,113.9100036621,105.3199996948,108.8600006104,201193400
2025-05-07T04:00:00.000Z,107.9700012207,111.8499984741,107.0,110.4800033569,95428800
2025-05-08T04:00:00.000Z,112.2799987793,120.3799972534,112.0699996948,119.1500015259,126966200
2025-05-09T04:00:00.000Z,118.9700012207,119.1600036621,114.9000015259,117.3000030518,81005300
2025-05-12T04:00:00.000Z,120.7799987793,120.9349975586,115.0100021362,118.4599990845,94257300
2025-05-13T04:00:00.000Z,119.9199981689,130.6000061035,119.3099975586,128.1000061035,147155400
2025-05-14T04:00:00.000Z,129.0099945068,133.4900054932,127.5589981079,130.1799926758,96611500
2025-05-15T04:00:00.000Z,128.3699951172,130.1999969482,125.7399978638,128.1199951172,69503000
2025-05-16T04:00:00.000Z,129.2299957275,130.3300018311,126.7600021362,129.5200042725,57003700
2025-05-19T04:00:00.000Z,124.7149963379,127.7699966431,124.3199996948,126.3300018311,72503900
2025-05-20T04:00:00.000Z,127.2200012207,128.1999969482,124.6500015259,125.5899963379,61265300
2025-05-21T04:00:00.000Z,125.1600036621,127.1100006104,119.4100036621,120.5800018311,80657700
2025-05-22T04:00:00.000Z,121.9499969482,126.3300018311,121.375,122.2900009155,75498300
2025-05-23T04:00:00.000Z,120.8799972534,125.5400009155,120.6800003052,123.3099975586,65905800
2025-05-27T04:00:00.000Z,126.8199996948,127.8799972534,120.8799972534,123.3899993896,86455200
2025-05-28T04:00:00.000Z,124.2300033569,125.6500015259,122.9100036621,123.7600021362,64866000
2025-05-29T04:00:00.000Z,125.3499984741,126.4700012207,121.5299987793,122.3199996948,62929100
2025-05-30T04:00:00.000Z,123.5299987793,131.9400024414,122.75,131.7799987793,185897600
2025-06-02T04:00:00.000Z,131.4349975586,134.4799957275,128.8600006104,132.0399932861,93218700
2025-06-03T04:00:00.000Z,133.0700073242,135.2799987793,130.1000061035,133.1699981689,91297700
2025-06-04T04:00:00.000Z,132.8000030518,132.9499969482,125.5800018311,130.0099945068,97306300
2025-06-05T04:00:00.000Z,129.2700042725,132.8500061035,118.9300003052,119.9100036621,131055900
2025-06-06T04:00:00.000Z,123.7300033569,128.1300048828,121.9199981689,127.7200012207,87175100
2025-06-09T04:00:00.000Z,127.0749969482,132.2299957275,124.8000030518,132.0599975586,74785600
2025-06-10T04:00:00.000Z,131.0200042725,134.0700073242,129.4100036621,132.8099975586,69308900
2025-06-11T04:00:00.000Z,133.9199981689,140.0,132.9900054932,136.3899993896,97366000
2025-06-12T04:00:00.000Z,136.3999938965,137.1000061035,134.6300048828,135.1900024414,56248200
2025-06-13T04:00:00.000Z,133.8150024414,139.9900054932,133.3500061035,137.3999938965,93519000
2025-06-16T04:00:00.000Z,140.0299987793,144.8600006104,139.81199646,141.4100036621,80779800
2025-06-17T04:00:00.000Z,141.4850006104,141.6900024414,136.0800018311,138.1999969482,70479100
2025-06-18T04:00:00.000Z,139.0399932861,140.3600006104,137.4900054932,139.9600067139,58260200
2025-06-20T04:00:00.000Z,140.6900024414,142.2400054932,136.7420043945,137.3000030518,87067000
2025-06-23T04:00:00.000Z,138.8999938965,142.1499938965,135.9600067139,139.9199981689,70501100
2025-06-24T04:00:00.000Z,140.9799957275,143.6600036621,137.8000030518,143.2299957275,58574200
2025-06-25T04:00:00.000Z,144.4900054932,147.6699981689,141.5299987793,142.8999938965,61435300
2025-06-26T04:00:00.000Z,144.8500061035,148.2149963379,142.9100036621,144.25,69440500
2025-06-27T04:00:00.000Z,144.8699951172,144.9700012207,130.5399932861,130.7400054932,202598600
2025-06-30T04:00:00.000Z,137.7899932861,138.875,134.8000030518,136.3200073242,97305600
2025-07-01T04:00:00.000Z,135.2700042725,136.3200073242,128.5099945068,130.6799926758,91479700
2025-07-02T04:00:00.000Z,131.4700012207,133.6000061035,130.1900024414,132.1199951172,59732000
2025-07-03T04:00:00.000Z,134.3600006104,135.6199951172,132.5099945068,134.3600006104,41812500
2025-07-07T04:00:00.000Z,134.3800048828,139.2899932861,132.3200073242,139.1199951172,71959700
2025-07-08T04:00:00.000Z,138.7749938965,139.8549957275,135.7899932861,139.7100067139,59834800
2025-07-09T04:00:00.000Z,139.6549987793,143.1699981689,137.3899993896,143.1300048828,68494800
2025-07-10T04:00:00.000Z,143.3099975586,145.1600036621,139.5299987793,142.5,64383900
2025-07-11T04:00:00.000Z,142.1100006104,144.5800018311,141.4700012207,142.1000061035,52134800
2025-07-14T04:00:00.000Z,142.7200012207,149.5749969482,142.2200012207,149.1499938965,81774400
2025-07-15T04:00:00.000Z,148.9299926758,150.6199951172,147.3600006104,148.5800018311,59126200
2025-07-16T04:00:00.000Z,149.3000030518,151.5099945068,147.6739959717,150.9100036621,57550300
2025-07-17T04:00:00.000Z,151.5599975586,155.6799926758,150.8200073242,153.9900054932,60165500
2025-07-18T04:00:00.000Z,154.8600006104,154.9199981689,151.8999938965,153.5200042725,45771600
2025-07-21T04:00:00.000Z,153.8800048828,155.4400024414,151.3600006104,151.7899932861,45072800
2025-07-22T04:00:00.000Z,150.8500061035,151.7899932861,145.06199646,149.0700073242,49880800
2025-07-23T04:00:00.000Z,149.7400054932,155.0,148.2870025635,154.6300048828,48062000
2025-07-24T04:00:00.000Z,153.9799957275,155.6300048828,152.5749969482,154.8600006104,38925700
2025-07-25T04:00:00.000Z,155.6300048828,160.3899993896,155.5800018311,158.8000030518,57972300
2025-07-28T04:00:00.000Z,159.8800048828,160.2799987793,153.0399932861,157.8800048828,63886900
2025-07-29T04:00:00.000Z,158.7149963379,160.1399993896,154.9100036621,156.2400054932,42427200
2025-07-30T04:00:00.000Z,157.3650054932,159.3800048828,156.5599975586,158.6100006104,40261700
2025-07-31T04:00:00.000Z,159.9900054932,160.8899993896,156.7299957275,158.3500061035,45342600
2025-08-01T04:00:00.000Z,155.0500030518,158.1900024414,151.0579986572,154.2700042725,61287000
2025-08-04T04:00:00.000Z,158.5299987793,161.3999938965,157.9299926758,160.6600036621,82993600
2025-08-05T04:00:00.000Z,171.8099975586,176.3300018311,169.2200012207,173.2700042725,130917500
2025-08-06T04:00:00.000Z,171.1750030518,180.5809936523,171.0099945068,179.5399932861,82924800
2025-08-07T04:00:00.000Z,181.0099945068,184.4799957275,178.1699981689,182.1999969482,77829200
2025-08-08T04:00:00.000Z,184.7350006104,187.9900054932,184.4100036621,186.9600067139,62657900
2025-08-11T04:00:00.000Z,186.4700012207,187.1799926758,181.9199981689,182.6799926758,56125600
2025-08-12T04:00:00.000Z,184.6999969482,190.0,182.1000061035,186.9700012207,54819000
2025-08-13T04:00:00.000Z,189.0,189.4600067139,183.5899963379,184.3699951172,53610000
2025-08-14T04:00:00.000Z,182.4100036621,185.3300018311,179.1999969482,181.0200042725,53472900
2025-08-15T04:00:00.000Z,179.7250061035,180.0,173.3800048828,177.1699981689,60288700
2025-08-18T04:00:00.000Z,175.2700042725,177.8999938965,171.3899993896,174.0299987793,62656600
2025-08-19T04:00:00.000Z,171.3600006104,172.3000030518,156.8999938965,157.75,137922700
2025-08-20T04:00:00.000Z,152.3000030518,156.4600067139,142.3399963379,156.0099945068,220336400
2025-08-21T04:00:00.000Z,157.1699981689,157.9700012207,153.8099975586,156.1799926758,94678600
2025-08-22T04:00:00.000Z,155.3150024414,163.1999969482,151.7700042725,158.7400054932,102099200
2025-08-25T04:00:00.000Z,156.1000061035,158.5899963379,149.3699951172,157.1699981689,86879800
2025-08-26T04:00:00.000Z,155.3899993896,162.1300048828,154.5700073242,160.8699951172,86573700
2025-08-27T04:00:00.000Z,162.3200073242,162.3999938965,155.9799957275,156.7200012207,76380600
2025-08-28T04:00:00.000Z,157.6300048828,158.2299957275,152.5500030518,158.1199951172,57885200
2025-08-29T04:00:00.000Z,156.9799957275,158.4199981689,153.0,156.7100067139,45270500
2025-09-02T04:00:00.000Z,151.1999969482,158.3899993896,150.2799987793,157.0899963379,65435000
2025-09-03T04:00:00.000Z,158.0,161.1499938965,152.7100067139,154.8999938965,66052300
2025-09-04T04:00:00.000Z,154.8650054932,157.0399932861,153.1600036621,156.1399993896,53292300
2025-09-05T04:00:00.000Z,157.8200073242,158.9700012207,148.0399932861,153.1100006104,81855900
2025-09-08T04:00:00.000Z,154.9100036621,158.3000030518,154.8399963379,156.1000061035,47643000
2025-09-09T04:00:00.000Z,157.25,162.75,156.3699951172,162.3600006104,61359500
2025-09-10T04:00:00.000Z,166.0,169.0,163.4400024414,166.7400054932,62211400
2025-09-11T04:00:00.000Z,167.2400054932,167.4579925537,163.2200012207,164.3600006104,42025500
2025-09-12T04:00:00.000Z,165.3500061035,171.5299987793,164.0099945068,171.4299926758,54498500
2025-09-15T04:00:00.000Z,169.6000061035,171.8000030518,167.4100036621,171.2100067139,45396100
2025-09-16T04:00:00.000Z,171.0399932861,171.3099975586,168.9600067139,170.2599945068,34598700
2025-09-17T04:00:00.000Z,169.0200042725,169.6799926758,161.2700042725,168.3300018311,69255500
2025-09-18T04:00:00.000Z,170.2700042725,178.8000030518,169.3899993896,176.9700012207,70768600
2025-09-19T04:00:00.000Z,177.0700073242,184.4199981689,176.7100067139,182.3899993896,109129900
2025-09-22T04:00:00.000Z,180.8800048828,182.25,178.2899932861,179.3300018311,45916700
2025-09-23T04:00:00.000Z,182.5099945068,185.75,177.0099945068,182.5500030518,62354800
2025-09-24T04:00:00.000Z,183.9100036621,184.8500061035,177.1199951172,179.5599975586,45379700
2025-09-25T04:00:00.000Z,175.8000030518,184.3200073242,174.2899932861,179.1199951172,72321200
2025-09-26T04:00:00.000Z,179.0500030518,180.1199951172,174.9100036621,177.5700073242,44275800
2025-09-29T04:00:00.000Z,179.6399993896,181.4799957275,177.1600036621,178.8600006104,38413800
2025-09-30T04:00:00.000Z,178.9799957275,182.7700042725,178.2200012207,182.4199981689,43561700
2025-10-01T04:00:00.000Z,181.3200073242,186.2799987793,179.5,184.9499969482,45717300
2025-10-02T04:00:00.000Z,186.6999969482,188.1999969482,182.9499969482,187.0500030518,39849200
2025-10-03T04:00:00.000Z,186.3999938965,186.8399963379,170.7700042725,173.0700073242,105533400
2025-10-06T04:00:00.000Z,179.1799926758,182.9499969482,177.8300018311,179.5299987793,52504200
2025-10-07T04:00:00.000Z,180.3099975586,186.1799926758,179.4199981689,182.1699981689,58179300
2025-10-08T04:00:00.000Z,182.8000030518,184.2599945068,181.1999969482,183.5599975586,36299700
2025-10-09T04:00:00.000Z,183.5800018311,187.6199951172,179.9499969482,185.4700012207,45050300
2025-10-10T04:00:00.000Z,185.1699981689,187.1000061035,173.5299987793,175.4400024414,55194000
2025-10-13T04:00:00.000Z,178.6799926758,179.2200012207,173.4499969482,177.2100067139,41332400
2025-10-14T04:00:00.000Z,176.0,182.3399963379,170.8200073242,179.7400054932,49261400
2025-10-15T04:00:00.000Z,181.6549987793,184.3500061035,176.0200042725,179.6199951172,37372100
2025-10-16T04:00:00.000Z,181.7799987793,184.8200073242,176.4499969482,178.1199951172,42870900
2025-10-17T04:00:00.000Z,177.75,181.5899963379,173.9499969482,178.1499938965,43421500
2025-10-20T04:00:00.000Z,179.4900054932,183.0899963379,177.4400024414,181.5899963379,31975800
2025-10-21T04:00:00.000Z,182.0599975586,182.3890075684,178.6499938965,181.5099945068,27528100
2025-10-22T04:00:00.000Z,181.9299926758,182.2100067139,169.4199981689,175.4900054932,58263100
2025-10-23T04:00:00.000Z,175.4450073242,181.5599975586,175.0099945068,180.4799957275,35812300
2025-10-24T04:00:00.000Z,182.8800048828,186.1699981689,182.8500061035,184.6300048828,34813500
2025-10-27T04:00:00.000Z,188.9700012207,192.8300018311,187.5200042725,189.1799926758,47153100
2025-10-28T04:00:00.000Z,189.4799957275,191.7799987793,186.7799987793,189.6000061035,38201000
2025-10-29T04:00:00.000Z,191.0800018311,199.8500061035,190.4900054932,198.8099975586,65537300
2025-10-30T04:00:00.000Z,198.4250030518,199.6699981689,194.1199951172,194.5500030518,43541700
2025-10-31T04:00:00.000Z,199.1999969482,204.1799926758,197.9199981689,200.4700012207,52697600
2025-11-03T05:00:00.000Z,205.0449981689,207.5200042725,201.8200073242,207.1799926758,81016800
2025-11-04T05:00:00.000Z,192.0700073242,195.6999969482,185.5599975586,190.7400054932,121380900
2025-11-05T05:00:00.000Z,189.0,190.3200073242,181.2100067139,187.8999938965,76121000
2025-11-06T05:00:00.000Z,187.9900054932,191.0899963379,174.5299987793,175.0500030518,78468600
2025-11-07T05:00:00.000Z,173.1499938965,178.6999969482,168.9100036621,177.9299926758,73989700
2025-11-10T05:00:00.000Z,184.3099975586,194.9299926758,183.5200042725,193.6100006104,87764200
2025-11-11T05:00:00.000Z,190.3350067139,192.9250030518,187.1300048828,190.9600067139,49819700
2025-11-12T05:00:00.000Z,190.5800018311,190.5800018311,180.3999938965,184.1699981689,55347100
2025-11-13T05:00:00.000Z,181.7149963379,182.6999969482,170.7310028076,172.1399993896,63188800
2025-11-14T05:00:00.000Z,166.9750061035,177.2899932861,164.5,174.0099945068,62596800
2025-11-17T05:00:00.000Z,170.5299987793,174.2400054932,167.6799926758,171.25,50339000
2025-11-18T05:00:00.000Z,168.3699951172,172.8300018311,165.5,167.3300018311,53710100
2025-11-19T05:00:00.000Z,167.8000030518,169.6000061035,162.4199981689,165.4199981689,46108200
2025-11-20T05:00:00.000Z,172.0700073242,174.5700073242,154.3950042725,155.7449951172,78443900
2025-11-21T05:00:00.000Z,156.0099945068,158.1100006104,147.5599975586,154.8500061035,71346400
2025-11-24T05:00:00.000Z,157.4700012207,165.1699981689,157.0,162.25,57877800
2025-11-25T05:00:00.000Z,160.0700073242,164.6499938965,156.5549926758,163.5500030518,36523500
2025-11-26T05:00:00.000Z,166.8500061035,168.3390045166,163.8800048828,165.7700042725,34610500
2025-11-28T05:00:00.000Z,167.7599945068,168.8000030518,165.875,168.4499969482,17199500
2025-12-01T05:00:00.000Z,165.0,169.1000061035,163.1199951172,167.4900054932,27779600
2025-12-02T05:00:00.000Z,169.5899963379,175.75,169.5899963379,170.6900024414,35368000
2025-12-03T05:00:00.000Z,170.1399993896,177.9100036621,168.8300018311,176.0800018311,30541600
2025-12-04T05:00:00.000Z,176.3650054932,178.4400024414,174.4299926758,177.9199981689,29217800
2025-12-05T05:00:00.000Z,178.2299957275,182.1529998779,177.1600036621,181.7599945068,32079300
2025-12-08T05:00:00.000Z,182.2100067139,183.8800048828,179.5399932861,181.4900054932,30456700
2025-12-09T05:00:00.000Z,180.9700012207,182.8500061035,180.3800048828,181.8399963379,18937600
2025-12-10T05:00:00.000Z,184.9499969482,190.3899993896,182.75,187.9100036621,59398000
2025-12-11T05:00:00.000Z,184.8000030518,188.0500030518,180.2100067139,187.5399932861,36843200
2025-12-12T05:00:00.000Z,185.8099975586,186.5249938965,177.6670074463,183.5700073242,42427400
2025-12-15T05:00:00.000Z,185.0800018311,187.7799987793,180.0299987793,183.25,32796100
2025-12-16T05:00:00.000Z,181.6549987793,188.5,181.141998291,187.75,42070300
2025-12-17T05:00:00.000Z,187.7149963379,187.75,176.5,177.2899932861,50424700
2025-12-18T05:00:00.000Z,181.5099945068,187.3300018311,181.5099945068,185.6900024414,40221500
2025-12-19T05:00:00.000Z,186.7400054932,195.0,186.7299957275,193.3800048828,76929400
2025-12-22T05:00:00.000Z,195.0399932861,198.8800048828,192.4299926758,193.9799957275,36686000
2025-12-23T05:00:00.000Z,192.8249969482,195.3699951172,191.7350006104,194.1300048828,24041000
2025-12-24T05:00:00.000Z,193.1600036621,195.1699981689,192.8300018311,194.1699981689,11710100
2025-12-26T05:00:00.000Z,195.0149993896,196.3500061035,188.6199951172,188.7100067139,26262000
2025-12-29T05:00:00.000Z,186.8500061035,187.1999969482,183.6399993896,184.1799926758,28242000
2025-12-30T05:00:00.000Z,184.3500061035,184.7290039062,180.6999969482,180.8399963379,23336300
2025-12-31T05:00:00.000Z,181.1300048828,181.5299987793,177.25,177.75,22997400
2026-01-02T05:00:00.000Z,181.3000030518,181.3500061035,166.3500061035,167.8600006104,60634100
2026-01-05T05:00:00.000Z,174.8800048828,175.8200073242,171.7899932861,174.0399932861,39511700
2026-01-06T05:00:00.000Z,175.7599945068,180.1900024414,174.7700042725,179.7100067139,34838600
2026-01-07T05:00:00.000Z,179.8000030518,187.2799987793,177.6600036621,181.6799926758,45349000
2026-01-08T05:00:00.000Z,185.6150054932,185.6600036621,174.3699951172,176.8600006104,47304300
2026-01-09T05:00:00.000Z,177.0200042725,178.7200012207,174.75,177.4900054932,31362900
2026-01-12T05:00:00.000Z,177.6849975586,182.5,176.3399963379,179.4100036621,34954500
2026-01-13T05:00:00.000Z,178.875,181.1000061035,176.1399993896,178.9600067139,27769400
2026-01-14T05:00:00.000Z,178.125,181.5980072021,173.9499969482,178.3999938965,33651400
2026-01-15T05:00:00.000Z,178.7100067139,180.6000061035,176.5299987793,177.0700073242,31109200
2026-01-16T05:00:00.000Z,179.3600006104,182.4299926758,170.0099945068,170.9600067139,59483600
2026-01-20T05:00:00.000Z,167.625,171.9700012207,166.2400054932,168.5299987793,36708500
2026-01-21T05:00:00.000Z,168.4019927979,169.4900054932,161.1100006104,165.3300018311,47851200
2026-01-22T05:00:00.000Z,168.9250030518,169.0,164.9499969482,165.8999938965,28499500
2026-01-23T05:00:00.000Z,167.2700042725,172.0,166.3000030518,169.6000061035,30285700
2026-01-26T05:00:00.000Z,168.2100067139,170.5899963379,167.3249969482,167.4700012207,22777200
2026-01-27T05:00:00.000Z,167.4799957275,169.4400024414,164.6900024414,165.6999969482,26542300
2026-01-28T05:00:00.000Z,164.3999938965,165.0449981689,157.2400054932,157.3500061035,44822800
2026-01-29T05:00:00.000Z,157.6300048828,157.6300048828,147.1199951172,151.8600006104,59846800
2026-01-30T05:00:00.000Z,150.0500030518,151.0,145.1390075684,146.5899963379,47271000
2026-02-02T05:00:00.000Z,150.9400024414,151.3999938965,146.654006958,147.7599945068,72811100
2026-02-03T05:00:00.000Z,165.0500030518,165.0780029297,153.1199951172,157.8800048828,113169200
2026-02-04T05:00:00.000Z,155.4100036621,155.8500061035,135.6799926758,139.5399932861,113199500
2026-02-05T05:00:00.000Z,136.8200073242,137.9799957275,128.3200073242,130.0099945068,93690800
2026-02-06T05:00:00.000Z,135.3300018311,137.68699646,132.3500061035,135.8999938965,62661400
2026-02-09T05:00:00.000Z,136.5800018311,145.8699951172,134.7760009766,142.9100036621,58042500
2026-02-10T05:00:00.000Z,144.9649963379,145.5599975586,137.7700042725,139.5099945068,56061300
2026-02-11T05:00:00.000Z,139.0249938965,139.25,132.9499969482,135.6799926758,52796100
2026-02-12T05:00:00.000Z,135.3600006104,135.8899993896,126.5599975586,129.1300048828,74090600
2026-02-13T05:00:00.000Z,127.9000015259,133.5599975586,126.233001709,131.4100036621,49438100
2026-02-17T05:00:00.000Z,128.8950042725,134.3200073242,127.2900009155,133.0200042725,48407100
2026-02-18T05:00:00.000Z,135.8899993896,140.9629974365,134.8699951172,135.3800048828,59677100
2026-02-19T05:00:00.000Z,132.3099975586,136.1600036621,131.0099945068,134.8899993896,42197200
2026-02-20T05:00:00.000Z,132.3650054932,136.2100067139,131.1699981689,135.2400054932,53726800
2026-02-23T05:00:00.000Z,132.0399932861,132.0399932861,127.3899993896,130.6000061035,52512200
2026-02-24T05:00:00.000Z,129.0050048828,130.2400054932,126.3700027466,128.8399963379,47121400
2026-02-25T05:00:00.000Z,130.6100006104,136.0899963379,129.1799926758,134.1900024414,53078300
2026-02-26T05:00:00.000Z,133.8450012207,137.5099945068,132.6300048828,135.9400024414,45100000
2026-02-27T05:00:00.000Z,134.0700073242,138.1000061035,133.9799957275,137.1900024414,59412400
2026-03-02T05:00:00.000Z,140.7749938965,147.1399993896,140.5200042725,145.1699981689,72683900
2026-03-03T05:00:00.000Z,142.1000061035,147.5,138.1999969482,147.2200012207,67460200
2026-03-04T05:00:00.000Z,148.4299926758,154.5200042725,148.0599975586,153.1900024414,60062200
2026-03-05T05:00:00.000Z,152.9400024414,156.3800048828,149.6100006104,152.6699981689,50714500
2026-03-06T05:00:00.000Z,150.4400024414,161.4499969482,150.2899932861,157.1600036621,74980900
2026-03-09T04:00:00.000Z,155.6900024414,158.4400024414,152.9700012207,156.4299926758,47574200
2026-03-10T04:00:00.000Z,155.9900054932,156.6569976807,150.1399993896,151.1399993896,47501400
2026-03-11T04:00:00.000Z,151.3800048828,153.1690063477,149.3300018311,151.6000061035,33955900
2026-03-12T04:00:00.000Z,153.0099945068,155.8800048828,150.9799957275,153.5,54409800
2026-03-13T04:00:00.000Z,153.3000030518,154.5599975586,148.5800018311,150.9499969482,42460600
2026-03-16T04:00:00.000Z,152.4499969482,153.8600006104,151.1699981689,152.7200012207,32898900
2026-03-17T04:00:00.000Z,152.4049987793,156.75,152.1199951172,155.0800018311,37118500
2026-03-18T04:00:00.000Z,154.9450073242,156.6900024414,152.6100006104,152.7700042725,32476700
2026-03-19T04:00:00.000Z,153.1000061035,156.1499938965,150.5,155.6799926758,33915900
2026-03-20T04:00:00.000Z,155.1999969482,156.6499938965,149.0899963379,150.6799926758,48700200
2026-03-23T04:00:00.000Z,153.2400054932,161.0800018311,153.2400054932,160.8399963379,57507100
2026-03-24T04:00:00.000Z,160.0700073242,162.3999938965,151.6399993896,154.7799987793,56155700
2026-03-25T04:00:00.000Z,157.4199981689,160.2700042725,154.8549957275,154.9600067139,38543300
2026-03-26T04:00:00.000Z,153.0549926758,153.1199951172,147.25,147.5599975586,43038400
2026-03-27T04:00:00.000Z,145.8800048828,145.9600067139,141.5599975586,143.0599975586,35790800
2026-03-30T04:00:00.000Z,143.2700042725,144.1199951172,136.3000030518,137.5500030518,41289800
2026-03-31T04:00:00.000Z,140.0200042725,147.8600006104,138.9700012207,146.2799987793,45558600
2026-04-01T04:00:00.000Z,147.0,148.3000030518,144.4700012207,146.4900054932,34171000
2026-04-02T04:00:00.000Z,143.4850006104,148.5099945068,137.9900054932,148.4600067139,30437000
2026-04-06T04:00:00.000Z,148.3600006104,150.6100006104,146.6309967041,147.9299926758,25142200
2026-04-07T04:00:00.000Z,146.8820037842,150.2700042725,144.4499969482,150.0700073242,28671100
2026-04-08T04:00:00.000Z,154.7649993896,156.2799987793,139.1699981689,140.7599945068,64827700
2026-04-09T04:00:00.000Z,139.3950042725,139.5399932861,128.4700012207,130.4900054932,92361400
2026-04-10T04:00:00.000Z,128.4799957275,129.1999969482,122.6800003052,128.0599975586,116656800
2026-04-13T04:00:00.000Z,130.2299957275,134.4199981689,129.1499938965,132.3699951172,65772800
2026-04-14T04:00:00.000Z,134.4270019531,138.0700073242,134.0,135.6999969482,52786800
2026-04-15T04:00:00.000Z,136.7899932861,142.5800018311,134.9299926758,142.1499938965,48389400
2026-04-16T04:00:00.000Z,144.2899932861,145.5500030518,139.5299987793,142.7599945068,43746000
2026-04-17T04:00:00.000Z,145.3150024414,148.2799987793,143.3000030518,146.3899993896,50657600
2026-04-20T04:00:00.000Z,145.0,147.1999969482,143.8300018311,145.8899993896,33482700
2026-04-21T04:00:00.000Z,146.8099975586,149.8699951172,143.9989929199,145.9700012207,44830000
2026-04-22T04:00:00.000Z,148.3600006104,152.6799926758,147.4100036621,152.6199951172,43701500
2026-04-23T04:00:00.000Z,149.6999969482,150.2899932861,139.9199981689,141.5700073242,58654400
2026-04-24T04:00:00.000Z,142.9600067139,143.3300018311,138.9299926758,143.0899963379,38677200
2026-04-27T04:00:00.000Z,141.25,145.0700073242,141.0099945068,143.1000061035,31275400
2026-04-28T04:00:00.000Z,142.3000030518,143.8500061035,140.4199981689,141.1799926758,24757200
2026-04-29T04:00:00.000Z,139.7599945068,139.7599945068,134.6799926758,137.9700012207,33348100
2026-04-30T04:00:00.000Z,138.4750061035,140.1999969482,136.6499938965,139.1100006104,32523600
2026-05-01T04:00:00.000Z,143.25,146.4400024414,141.3899993896,144.0700073242,33219900
2026-05-04T04:00:00.000Z,147.75,149.6399993896,145.2250061035,146.0299987793,70525900
2026-05-05T04:00:00.000Z,140.2949981689,142.9799957275,134.7200012207,135.9100036621,89747100
2026-05-06T04:00:00.000Z,133.7100067139,135.6999969482,131.1499938965,133.7899932861,55524800
2026-05-07T04:00:00.000Z,135.1000061035,140.9499969482,134.7799987793,137.0500030518,50184900
2026-05-08T04:00:00.000Z,135.8650054932,137.8800048828,133.0200042725,137.8000030518,41745400
2026-05-11T04:00:00.000Z,134.9100036621,137.1399993896,132.7709960938,136.8899993896,41414500
