Date,Open,High,Low,Close,Volume
2021-01-04T05:00:00.000Z,129.7342988383,129.8217435014,123.1659636883,125.7408294678,143301900
2021-01-05T05:00:00.000Z,125.235621776,128.0048225528,124.7886574878,127.2955093384,97664900
2021-01-06T05:00:00.000Z,124.098760655,127.3343470648,122.7967497716,123.0105133057,155088000
2021-01-07T05:00:00.000Z,124.7205941707,127.8978836211,124.2347707304,127.2080078125,109578200
2021-01-08T05:00:00.000Z,128.6752155641,128.8695568409,126.5375949554,128.3059997559,105158200
2021-01-11T05:00:00.000Z,125.5270886041,126.4792985909,124.8566497469,125.3230361938,100384500
2021-01-12T05:00:00.000Z,124.8566504921,126.0129128961,123.2631498649,125.148147583,91951100
2021-01-13T05:00:00.000Z,125.1092808826,127.7230140712,124.8469468286,127.178894043,88636800
2021-01-14T05:00:00.000Z,127.0914556289,127.285782102,125.1092870553,125.2550430298,90221800
2021-01-15T05:00:00.000Z,125.1287180081,126.5278922676,123.3991872781,123.5352172852,111598500
2021-01-19T05:00:00.000Z,124.1570650095,125.0607045203,123.3408850053,124.2056503296,90757300
2021-01-20T05:00:00.000Z,125.0121439516,128.7335548533,124.9052621566,128.2865905762,104319500
2021-01-21T05:00:00.000Z,130.0063553798,135.7099178154,129.8023030117,132.9893035889,120150900
2021-01-22T05:00:00.000Z,132.4160646908,135.8848519305,131.1917946906,135.1269683838,114459400
2021-01-25T05:00:00.000Z,139.0135385334,140.9762547297,132.6686702057,138.8677825928,157611700
2021-01-26T05:00:00.000Z,139.5285250073,140.2086749902,137.361741369,139.1009979248,98390600
2021-01-27T05:00:00.000Z,139.3633325315,140.2086755666,136.4289690465,138.0321807861,140843800
2021-01-28T05:00:00.000Z,135.5642201229,137.9641898687,132.8241679301,133.2031097412,142621100
2021-01-29T05:00:00.000Z,131.9788209864,132.8630233629,126.518169293,128.2185516357,177523800
2021-02-01T05:00:00.000Z,129.9577892114,131.5415786019,127.2177374924,130.336730957,106239800
2021-02-02T05:00:00.000Z,131.8816220914,132.4451790406,130.7933823697,131.162612915,83305400
2021-02-03T05:00:00.000Z,131.9108002273,131.9205261867,129.8217649677,130.1424102783,89880900
2021-02-04T05:00:00.000Z,132.4355217146,133.5043247824,130.7739984115,133.4946136475,84183100
2021-02-05T05:00:00.000Z,133.6551792336,133.7232884555,132.2052561,133.0810394287,75693800
2021-02-08T05:00:00.000Z,132.3706881826,133.2756781952,131.2905474343,133.2270202637,71297200
2021-02-09T05:00:00.000Z,132.9447566483,134.1708706701,132.1954812443,132.3511657715,76774200
2021-02-10T05:00:00.000Z,132.8085534231,133.3048434387,130.784505629,131.7478790283,73046600
2021-02-11T05:00:00.000Z,132.2441485885,132.7209724454,130.1714578087,131.4948730469,64280000
2021-02-12T05:00:00.000Z,130.7358585097,131.8841082194,130.0936095967,131.7284088135,60145100
2021-02-16T05:00:00.000Z,131.8451707679,132.3511714877,129.2177919497,129.6070404053,80576300
2021-02-17T05:00:00.000Z,127.7192179083,128.6631249352,125.9871032266,127.3202438354,97918500
2021-02-18T05:00:00.000Z,125.724420632,126.5029030048,123.9825795008,126.2207107544,96856700
2021-02-19T05:00:00.000Z,126.7364377001,127.1937954851,125.3351725588,126.3763809204,87668800
2021-02-22T05:00:00.000Z,124.5664050227,126.2304109445,122.2212401543,122.6104812622,103916400
2021-02-23T05:00:00.000Z,120.4307367083,123.3013758456,115.205192302,122.4742431641,158273000
2021-02-24T05:00:00.000Z,121.5789843436,122.182300937,118.9418870984,121.9779510498,111039900
2021-02-25T05:00:00.000Z,121.3259902628,123.0581053898,117.297360776,117.7352523804,148199500
2021-02-26T05:00:00.000Z,119.2922172829,121.4914233678,117.9396101031,117.9980010986,164560400
2021-03-01T05:00:00.000Z,120.421004483,124.4885587092,119.4868303088,124.3523254395,116307900
2021-03-02T05:00:00.000Z,124.9556548436,125.2573131788,121.6471165286,121.75415802,102260900
2021-03-03T05:00:00.000Z,121.4524965292,122.3282872057,118.5623910087,118.776473999,112966300
2021-03-04T05:00:00.000Z,118.4747994672,120.2750310749,115.4290023672,116.8983764648,178155000
2021-03-05T05:00:00.000Z,117.7255203821,118.659694532,114.4072492258,118.153678894,153766600
2021-03-08T05:00:00.000Z,117.6768752416,117.7449918821,113.0838462713,113.2298126221,154376600
2021-03-09T05:00:00.000Z,115.8279835569,118.7764726133,115.5944418539,117.8325653076,129525800
2021-03-10T05:00:00.000Z,118.4164246158,118.8835079978,116.2366774197,116.7524261475,111943300
2021-03-11T05:00:00.000Z,119.2435373142,119.8955117802,117.9979719392,118.6791381836,103026500
2021-03-12T05:00:00.000Z,117.161120229,117.9104031869,115.9544795566,117.7741699219,88105100
2021-03-15T04:00:00.000Z,118.1439662191,120.6642893443,117.1805927572,120.6545562744,92403800
2021-03-16T04:00:00.000Z,122.3185396853,123.797654303,121.3649068357,122.1920394897,115227900
2021-03-17T04:00:00.000Z,120.7129548512,122.4742619709,119.0489487394,121.4038543701,111932600
2021-03-18T04:00:00.000Z,119.5744016952,119.866334363,117.0832706466,117.2876205444,121229700
2021-03-19T04:00:00.000Z,116.6745630267,118.1634031996,116.4604800746,116.7621383667,185549500
2021-03-22T04:00:00.000Z,117.0930206236,120.5377924503,117.0249039812,120.0707015991,111912300
2021-03-23T04:00:00.000Z,120.0123099463,120.8978262384,118.8543196786,119.243560791,95467100
2021-03-24T04:00:00.000Z,119.5160147384,119.5938644375,116.8399925812,116.8594512939,88530500
2021-03-25T04:00:00.000Z,116.3242436493,118.3872159944,115.7987693512,117.345993042,98844700
2021-03-26T04:00:00.000Z,117.112452276,118.2120587952,115.7209205384,117.9493179321,94071200
2021-03-29T04:00:00.000Z,118.377504299,119.2824867383,117.4822549292,118.12449646,80819200
2021-03-30T04:00:00.000Z,116.8789027839,117.1611023396,115.6625292285,116.6745529175,85671900
2021-03-31T04:00:00.000Z,118.3775022882,120.1971927813,117.8909527576,118.8640518188,118323800
2021-04-01T04:00:00.000Z,120.3334339441,120.8394421912,119.1949023956,119.6911849976,75089100
2021-04-05T04:00:00.000Z,120.5377935212,122.7661914497,119.7593112371,122.5131835938,88651200
2021-04-06T04:00:00.000Z,123.0970189264,123.7100686009,122.2698862919,122.8148193359,80171300
2021-04-07T04:00:00.000Z,122.4450511751,124.4788245585,121.7736104772,124.4593658447,83466700
2021-04-08T04:00:00.000Z,125.4811294868,126.8823946058,125.0627039893,126.8532028198,88844600
2021-04-09T04:00:00.000Z,126.3082809201,129.4611128699,125.9871563977,129.4221954346,106686700
2021-04-12T04:00:00.000Z,128.955122487,129.2762470355,127.1159654168,127.7095565796,91420000
2021-04-13T04:00:00.000Z,128.87724773,131.0375289291,128.3809576839,130.8137054443,91266500
2021-04-14T04:00:00.000Z,131.310008991,131.3683925675,128.1182447891,128.4782867432,87222800
2021-04-15T04:00:00.000Z,130.2200749148,131.3683242514,130.044909428,130.8817749023,89347100
2021-04-16T04:00:00.000Z,130.6871976204,131.0472394961,129.6946324909,130.5509643555,84922400
2021-04-19T04:00:00.000Z,129.9184232211,131.8257035165,129.752998197,131.2126464844,94264200
2021-04-20T04:00:00.000Z,131.3878434082,131.8841185992,128.2641887932,129.5292205811,94812300
2021-04-21T04:00:00.000Z,128.7994198684,130.1520272587,127.7679370188,129.9087524414,68847100
2021-04-22T04:00:00.000Z,129.4611014255,130.5412420513,127.8749599441,128.3907012939,84566500
2021-04-23T04:00:00.000Z,128.6047676317,131.4851323618,128.6047676317,130.7066650391,78657500
2021-04-26T04:00:00.000Z,131.2029429757,131.4267515933,129.9671030596,131.0959014893,66905100
2021-04-27T04:00:00.000Z,131.3780816017,131.7673300839,130.5022985013,130.7747650146,66015800
2021-04-28T04:00:00.000Z,130.6968997269,131.3878064202,129.4999923396,129.986541748,107760100
2021-04-29T04:00:00.000Z,132.7988074939,133.3826727707,128.8869457754,129.8892364502,151101000
2021-04-30T04:00:00.000Z,128.2349831976,129.9670982049,127.5440912325,127.9235992432,109839500
2021-05-03T04:00:00.000Z,128.4879531856,130.4633573203,128.2836107619,128.9745025635,75135100
2021-05-04T04:00:00.000Z,127.6608757418,127.952808447,123.291655354,124.4107208252,137564700
2021-05-05T04:00:00.000Z,125.7243994183,126.9407732804,124.5274916955,124.6539993286,84000900
2021-05-06T04:00:00.000Z,124.4496312011,126.259595945,123.7100738782,126.2498703003,78128300
2021-05-07T04:00:00.000Z,127.5462954717,127.9459324575,126.210875219,126.922454834,78973300
2021-05-10T04:00:00.000Z,126.1426555526,126.2693631943,123.6082944904,123.6472854614,88071200
2021-05-11T04:00:00.000Z,120.3818623648,123.0819219165,119.6702901896,122.7310180664,126142800
2021-05-12T04:00:00.000Z,120.2843865455,121.4930768252,119.1634203676,119.6702880859,112172300
2021-05-13T04:00:00.000Z,121.4345980112,122.9649582537,121.122677689,121.8147506714,105861300
2021-05-14T04:00:00.000Z,123.0624401606,124.6610328477,122.6725378727,124.2321395874,81918000
2021-05-17T04:00:00.000Z,123.6180486439,123.7252719591,122.0097063526,123.0819320679,74244600
2021-05-18T04:00:00.000Z,123.3646171677,123.783760847,121.6295597071,121.6977920532,63342900
2021-05-19T04:00:00.000Z,120.0504550311,121.7660131272,119.7580264682,121.5418243408,92612000
2021-05-20T04:00:00.000Z,122.0681941342,124.4953244902,121.9414716169,124.0956726074,76857100
2021-05-21T04:00:00.000Z,124.5927943912,124.7682500403,122.0486911977,122.2631378174,79295400
2021-05-24T04:00:00.000Z,122.8284998569,124.7097714876,122.7602675153,123.8909759521,63092900
2021-05-25T04:00:00.000Z,124.5927843443,125.0801677185,123.1306565321,123.6960144043,72009500
2021-05-26T04:00:00.000Z,123.7545087727,124.1736524157,123.2281418184,123.6472854614,56575900
2021-05-27T04:00:00.000Z,123.2476362784,124.4173356185,121.9219730601,122.1169204712,94625600
2021-05-28T04:00:00.000Z,122.3996053037,122.6238015303,121.4053615605,121.4638442993,71311100
2021-06-01T04:00:00.000Z,121.9219706401,122.1851503835,120.8107540581,121.1421661377,67637100
2021-06-02T04:00:00.000Z,121.1421757193,122.0779367342,120.917986927,121.9024810791,59278900
2021-06-03T04:00:00.000Z,121.532069251,121.697775292,120.0212008057,120.4208526611,76229200
2021-06-04T04:00:00.000Z,120.9374541174,122.9746892227,120.723007534,122.7115020752,75169300
2021-06-07T04:00:00.000Z,122.9844550911,123.1306693749,121.6782910122,122.7212753296,71057600
2021-06-08T04:00:00.000Z,123.4035820286,125.2166284911,123.0234294042,123.5400466919,74403800
2021-06-09T04:00:00.000Z,123.9981784638,124.5245453405,123.3255973265,123.9201965332,56877900
2021-06-10T04:00:00.000Z,123.8129847293,124.9534501195,122.7602583151,122.9259643555,71186400
2021-06-11T04:00:00.000Z,123.3353700956,124.2223979905,122.9162264357,124.1346664429,53522400
2021-06-14T04:00:00.000Z,124.5927720461,127.2440906371,123.8617082122,127.1856079102,96906500
2021-06-15T04:00:00.000Z,126.6592650945,127.3026049223,126.1231485713,126.3668365479,62746300
2021-06-16T04:00:00.000Z,127.0784145272,127.5852897359,125.2166494957,126.8639678955,91815000
2021-06-17T04:00:00.000Z,126.5228080402,129.2033759442,126.3765863213,128.4625549316,96721700
2021-06-18T04:00:00.000Z,127.409818023,128.1896075868,126.9516834738,127.1661300659,108953300
2021-06-21T04:00:00.000Z,127.0101823745,129.066909589,125.947706316,128.9596862793,79663300
2021-06-22T04:00:00.000Z,128.7940074699,130.6947712043,128.2968743499,130.5972900391,74783600
2021-06-23T04:00:00.000Z,130.3925958671,130.9287125103,129.8662213907,130.3243560791,60214200
2021-06-24T04:00:00.000Z,131.0553611855,131.2405663855,129.5737344584,130.0416259766,68711000
2021-06-25T04:00:00.000Z,130.0903909051,130.5095270693,129.4567932665,129.7492218018,70783700
2021-06-28T04:00:00.000Z,130.0416545926,131.8351945196,129.9831718583,131.3770599365,62111300
2021-06-29T04:00:00.000Z,131.396570111,133.0439033398,130.9579346939,132.8879394531,64556100
2021-06-30T04:00:00.000Z,132.7319519027,133.940649499,132.4395233856,133.5020141602,63261400
2021-07-01T04:00:00.000Z,133.1511324064,133.8626972192,132.3323294025,133.8042144775,52485800
2021-07-02T04:00:00.000Z,134.4182983823,136.4652835855,134.2720915279,136.4263000488,78852600
2021-07-06T04:00:00.000Z,136.5335170088,139.5357400192,136.5335170088,138.4342803955,108181800
2021-07-07T04:00:00.000Z,139.9158832023,141.2318042357,139.0581116319,140.9198913574,104911600
2021-07-08T04:00:00.000Z,138.0053974028,140.4227783288,137.1183694652,139.6234893799,105575500
2021-07-09T04:00:00.000Z,139.1458733288,141.972648694,139.0483921617,141.4462890625,99890800
2021-07-12T04:00:00.000Z,142.51847096,142.6256942558,140.3642628812,140.8516387939,76299700
2021-07-13T04:00:00.000Z,140.3935241101,143.736931079,140.0036292741,141.9628753662,100827100
2021-07-14T04:00:00.000Z,144.3607843329,145.793671034,143.9513753838,145.384262085,127050800
2021-07-15T04:00:00.000Z,145.4720223562,146.212828667,143.3762962212,144.7312011719,106820300
2021-07-16T04:00:00.000Z,144.7116829108,145.9788485634,142.1968210625,142.693939209,93251400
2021-07-19T04:00:00.000Z,140.1205584953,140.4324861822,138.093073151,138.8533782959,121434600
2021-07-20T04:00:00.000Z,139.837906227,143.3860023479,139.3505303045,142.4599761963,96350000
2021-07-21T04:00:00.000Z,141.8556348529,142.4404919095,140.9783641416,141.7289123535,74993500
2021-07-22T04:00:00.000Z,142.2552797535,144.4582134621,142.1285572602,143.0935668945,77338200
2021-07-23T04:00:00.000Z,143.8246641353,144.9651222187,143.2105656006,144.8091583252,71447400
2021-07-26T04:00:00.000Z,144.5264642055,146.0470747459,143.9708484993,145.2282867432,72434100
2021-07-27T04:00:00.000Z,145.3550509563,145.4427899628,141.8751931534,143.0643920898,104818600
2021-07-28T04:00:00.000Z,141.1538434951,143.2593115153,138.9411521533,141.3195495605,118931200
2021-07-29T04:00:00.000Z,141.0368639756,142.8499032226,140.9296406647,141.9628753662,56699500
2021-07-30T04:00:00.000Z,140.7346785383,142.6354416937,140.4714913711,142.1773071289,70440600
2021-08-02T04:00:00.000Z,142.6646895204,143.2397895752,141.5827143101,141.8459014893,62880000
2021-08-03T04:00:00.000Z,142.1285664554,144.3022589406,141.5144680235,143.6394348145,64786600
2021-08-04T04:00:00.000Z,143.5516890402,144.0585492224,142.5866794892,143.2397613525,56368300
2021-08-05T04:00:00.000Z,143.2690334422,144.1073206907,142.4794867645,143.3470153809,46397700
2021-08-06T04:00:00.000Z,142.8686769099,143.6105928998,142.165802858,142.6636657715,54126800
2021-08-09T04:00:00.000Z,142.7222826661,143.2103889782,142.0584652317,142.6148986816,48908700
2021-08-10T04:00:00.000Z,142.9565198164,144.1963135061,141.8436384819,142.136505127,69023100
2021-08-11T04:00:00.000Z,142.5758178143,143.2298783064,142.0681832175,142.390335083,48493500
2021-08-12T04:00:00.000Z,142.7124810649,145.5044488886,142.3708007955,145.3482513428,72282600
2021-08-13T04:00:00.000Z,145.4263560595,145.8851770591,144.7430103886,145.5532684326,59375000
2021-08-16T04:00:00.000Z,145.0065478391,147.5935190032,142.9857964117,147.525177002,103296000
2021-08-17T04:00:00.000Z,146.6563667662,148.0718715941,145.543485362,146.6173248291,92229700
2021-08-18T04:00:00.000Z,146.2366059324,147.1347194634,142.6734220898,142.8784332275,86326000
2021-08-19T04:00:00.000Z,141.5800847277,144.479436779,141.0626933417,143.210357666,86960300
2021-08-20T04:00:00.000Z,143.9327273339,144.9675098695,143.288423715,144.6648864746,60549600
2021-08-23T04:00:00.000Z,144.7820365867,146.6173203855,144.3720292287,146.1487426758,60131800
2021-08-24T04:00:00.000Z,145.8949282614,147.2713912078,145.6020615862,146.0608825684,48606400
2021-08-25T04:00:00.000Z,146.2463457604,146.7442235105,144.2841646215,144.8308410645,58991300
2021-08-26T04:00:00.000Z,144.8210788289,145.5727514616,144.0010492997,144.0303344727,48597200
2021-08-27T04:00:00.000Z,143.9718022582,145.2115961915,143.3372701491,145.0651702881,55802400
2021-08-30T04:00:00.000Z,145.4556701869,149.8388699061,145.0749478876,149.4776611328,90956700
2021-08-31T04:00:00.000Z,149.0285961334,149.1652652805,147.6911749482,148.2183380127,86453100
2021-09-01T04:00:00.000Z,149.1945362173,151.2933868253,148.7161868002,148.8821411133,80313700
2021-09-02T04:00:00.000Z,150.2097935492,151.0395800272,148.7747601646,149.9950256348,71115500
2021-09-03T04:00:00.000Z,150.102399389,150.9517142277,149.4483389289,150.6295623779,57808700
2021-09-07T04:00:00.000Z,151.2836060822,153.5191254699,150.7174012178,152.9626922607,82278300
2021-09-08T04:00:00.000Z,153.2458157345,153.3043860942,150.3171785851,151.4203033447,74420200
2021-09-09T04:00:00.000Z,151.7912643111,152.396511204,150.287888944,150.4050445557,57305700
2021-09-10T04:00:00.000Z,151.3129047338,151.7814824615,145.1627643364,145.4263458252,140893200
2021-09-13T04:00:00.000Z,147.0468647916,147.8180659611,145.211580885,145.9925537109,102404300
2021-09-14T04:00:00.000Z,146.7735062301,147.4763801866,143.4153339702,144.5965423584,109296300
2021-09-15T04:00:00.000Z,145.0261185341,145.8851902529,142.8882108949,145.4849395752,83281300
2021-09-16T04:00:00.000Z,144.9089754562,145.4263668523,143.7179951003,145.2506408691,68034100
2021-09-17T04:00:00.000Z,145.2799424145,145.2799424145,142.2927198368,142.5855865479,129868800
2021-09-20T04:00:00.000Z,140.3792920823,141.3945460335,137.9094768523,139.5397491455,123478900
2021-09-21T04:00:00.000Z,140.5062642307,141.1603397432,139.3836257641,140.018157959,75834000
2021-09-22T04:00:00.000Z,141.0138481926,142.9467441624,140.2816890484,142.3805541992,76404300
2021-09-23T04:00:00.000Z,143.1615390411,143.5813181087,142.1755699034,143.3372650146,64838200
2021-09-24T04:00:00.000Z,142.1950877232,143.9620296094,142.0974605345,143.4251098633,53477900
2021-09-27T04:00:00.000Z,142.0096144999,142.4879639232,140.3988700495,141.9119873047,74150700
2021-09-28T04:00:00.000Z,139.8424381686,141.3067568929,138.3195490787,138.5343170166,108972300
2021-09-29T04:00:00.000Z,139.0809665432,141.0138627121,138.6514307511,139.4324035645,74602000
2021-09-30T04:00:00.000Z,140.2426242521,140.9454981076,137.9192348466,138.1340026855,89056700
2021-10-01T04:00:00.000Z,138.5245240998,139.5202648504,135.8008982448,139.2566833496,94639600
2021-10-04T04:00:00.000Z,138.3878565109,138.8271639823,134.980884964,135.8301849365,98322000
2021-10-05T04:00:00.000Z,136.1718671629,138.8564511471,136.0449547897,137.753326416,80861100
2021-10-06T04:00:00.000Z,136.1523156921,138.7685572182,135.0784763219,138.6221313477,83221100
2021-10-07T04:00:00.000Z,139.6569145744,140.7893242984,139.3250060023,139.881439209,61732700
2021-10-08T04:00:00.000Z,140.6038724726,140.750298376,139.1688390357,139.5007476807,58773200
2021-10-11T04:00:00.000Z,138.8857394423,141.3653123328,138.4366751935,139.4128875732,64452200
2021-10-12T04:00:00.000Z,139.8229006397,139.8424290589,137.6849930582,138.1438140869,73035900
2021-10-13T04:00:00.000Z,137.8801961997,138.0363788079,135.8887152631,137.5580444336,78762700
2021-10-14T04:00:00.000Z,138.7295267041,140.457426598,138.143793382,140.3402709961,69907100
2021-10-15T04:00:00.000Z,140.3500679693,141.4531779076,140.0962431992,141.3946075439,67940300
2021-10-18T04:00:00.000Z,140.0376549045,143.3470140872,139.7545598847,143.0639190674,85589200
2021-10-19T04:00:00.000Z,143.5129874589,145.621609934,143.0639380719,145.2213592529,76378900
2021-10-20T04:00:00.000Z,145.1627656355,146.1877915269,144.5965607155,145.7094421387,58418800
2021-10-21T04:00:00.000Z,145.270149145,146.0804071368,144.3525072049,145.9242095947,61421000
2021-10-22T04:00:00.000Z,146.1292121148,146.6075465775,145.1041862869,145.1529998779,58883400
2021-10-25T04:00:00.000Z,145.1432442101,145.8168331111,144.1084615084,145.1042022705,50720600
2021-10-26T04:00:00.000Z,145.7777926497,147.2518679422,145.4653975464,145.7680358887,60893400
2021-10-27T04:00:00.000Z,145.8070823138,146.1682761294,144.9577823062,145.3092193604,56094900
2021-10-28T04:00:00.000Z,146.2561207625,149.5264227355,146.158493583,148.9407043457,100077900
2021-10-29T04:00:00.000Z,143.7180033008,146.3733024529,142.9272735709,146.2366333008,124953200
2021-11-01T04:00:00.000Z,145.445911161,146.1390137202,144.2842158593,145.4166259766,74588300
2021-11-02T04:00:00.000Z,145.1237511852,147.9645330835,145.113979527,146.4514007568,69122000
2021-11-03T04:00:00.000Z,146.8125437399,148.3549607149,146.2561105637,147.8863830566,54511500
2021-11-04T04:00:00.000Z,147.9742654271,148.8040369626,147.0566234619,147.3690185547,60394600
2021-11-05T04:00:00.000Z,148.4932860575,148.7963511463,146.7042085246,147.8969268799,65463900
2021-11-08T05:00:00.000Z,148.0240846327,148.1805101994,146.8020378636,147.0757751465,55020900
2021-11-09T05:00:00.000Z,146.8410797764,148.0435691534,146.7042111881,147.4374389648,56787900
2021-11-10T05:00:00.000Z,146.6650887001,146.7726293535,144.5436184637,144.6120452881,65187100
2021-11-11T05:00:00.000Z,145.6288684873,146.0883443248,144.3774789357,144.5632324219,41000000
2021-11-12T05:00:00.000Z,145.1106616199,147.036607821,144.1819093966,146.6357879639,63804000
2021-11-15T05:00:00.000Z,147.0073204034,148.4835623176,146.0883389272,146.6455993652,59222800
2021-11-16T05:00:00.000Z,146.5869216939,148.102262312,146.0003334167,147.6232147217,59256200
2021-11-17T05:00:00.000Z,147.623233879,151.5337831208,147.6134628762,150.0575561523,88807000
2021-11-18T05:00:00.000Z,150.272624821,155.1216971162,149.6273806706,154.3395843506,137827700
2021-11-19T05:00:00.000Z,154.1244839423,157.4191311366,153.0295351561,156.9596405029,117305600
2021-11-22T05:00:00.000Z,158.0643882027,161.9944942436,157.399602013,157.4191589355,117467900
2021-11-23T05:00:00.000Z,157.5169071448,158.1817082243,155.5029768196,157.8004302979,96041900
2021-11-24T05:00:00.000Z,157.1551671786,158.5140821799,156.0699893778,158.3185577393,69463600
2021-11-26T05:00:00.000Z,156.0015407987,156.8618512012,152.8633195143,153.3032531738,76959800
2021-11-29T05:00:00.000Z,155.8060160345,157.5853226733,155.2389847403,156.6565704346,88748200
2021-11-30T05:00:00.000Z,156.4121584177,161.8184901598,156.3437166632,161.6034088135,174048100
2021-12-01T05:00:00.000Z,163.7346542506,166.4915979812,160.8506278434,161.0852661133,152052500
2021-12-02T05:00:00.000Z,155.1901120616,160.5280020481,154.2711308397,160.0978393555,136739200
2021-12-03T05:00:00.000Z,160.3520514475,161.2710327663,156.1482086684,158.2207946777,118023100
2021-12-06T05:00:00.000Z,160.6159754923,164.125703645,160.6062044927,161.6229553223,107497000
2021-12-07T05:00:00.000Z,165.2988844702,167.742977247,164.5754276379,167.3519134521,120405400
2021-12-08T05:00:00.000Z,168.2806769395,172.0250287813,166.8826481448,171.1647033691,116998900
2021-12-09T05:00:00.000Z,170.9984899496,172.7973384357,170.0306239566,170.6563110352,108923700
2021-12-10T05:00:00.000Z,171.291824187,175.612978917,170.7834486547,175.43699646,115402700
2021-12-13T05:00:00.000Z,177.0696293115,178.0570523439,171.6046414246,171.8099517822,153237000
2021-12-14T05:00:00.000Z,171.330866417,173.765187664,168.3588568101,170.4314422607,139380400
2021-12-15T05:00:00.000Z,171.1940570891,175.4858839609,168.4566698433,175.2903594971,131063300
2021-12-16T05:00:00.000Z,175.2707613235,177.0891667523,166.9315188519,168.4077453613,150185800
2021-12-17T05:00:00.000Z,166.1298577742,169.5907013065,165.895234428,167.3128051758,195432700
2021-12-20T05:00:00.000Z,164.5167754204,166.7653438081,163.7151207291,165.9539031982,107499100
2021-12-21T05:00:00.000Z,167.7234310461,169.3267554135,165.3379939567,169.1214599609,91185900
2021-12-22T05:00:00.000Z,169.1703261594,171.9272700875,168.3002296911,171.7121887207,92135300
2021-12-23T05:00:00.000Z,171.9174985527,172.8951357014,171.3504672164,172.3378753662,68356600
2021-12-27T05:00:00.000Z,173.1297376474,176.3852707396,173.1101956475,176.2972869873,74919600
2021-12-28T05:00:00.000Z,176.1311331775,177.274966987,174.5375796625,175.2805786133,79144300
2021-12-29T05:00:00.000Z,175.3196606943,176.5905918916,174.1562701734,175.3685455322,62348900
2021-12-30T05:00:00.000Z,175.4565079119,176.5319145442,174.1073641219,174.2149047852,59773000
2021-12-31T05:00:00.000Z,174.1073900998,175.2218958134,173.2959495048,173.599029541,64062300
2022-01-03T05:00:00.000Z,173.8532415771,178.7903128895,173.7359298756,177.9397583008,104487900
2022-01-04T05:00:00.000Z,178.5458501347,178.848915218,175.1143347165,175.6813659668,99310400
2022-01-05T05:00:00.000Z,175.5934373991,176.1409119045,170.7345787873,171.00831604,94537600
2022-01-06T05:00:00.000Z,168.8379380132,171.3798006484,167.8016449892,168.1535949707,96904000
2022-01-07T05:00:00.000Z,169.0236936734,170.2457401645,167.205287898,168.3197937012,86709100
2022-01-10T05:00:00.000Z,165.2988731484,168.6423900479,164.4092198584,168.3393249512,106765600
2022-01-11T05:00:00.000Z,168.4664303732,171.2624581275,166.9999747394,171.1647033691,76138300
2022-01-12T05:00:00.000Z,172.1814011735,173.2176938713,170.9104851735,171.604598999,74805200
2022-01-13T05:00:00.000Z,171.849038358,172.6702498946,167.9482611831,168.3393249512,84505800
2022-01-14T05:00:00.000Z,167.508323213,169.8937599256,167.2639139583,169.1996459961,80440800
2022-01-18T05:00:00.000Z,167.6745281318,168.6814931182,165.6214992399,166.0027770996,90956700
2022-01-19T05:00:00.000Z,166.1983308502,167.2541808598,162.2291260414,162.5126342773,94815000
2022-01-20T05:00:00.000Z,163.2458811802,165.8854990523,160.5084936058,160.8311157227,91420500
2022-01-21T05:00:00.000Z,160.7430908632,162.6103813122,158.6705049761,158.7780456543,122848900
2022-01-24T05:00:00.000Z,156.4415114511,158.6705231098,151.2404743026,158.0057220459,162294600
2022-01-25T05:00:00.000Z,155.4246899664,159.1201557743,153.5085302455,156.2068023682,115798400
2022-01-26T05:00:00.000Z,159.8436608136,160.7137572085,154.290689421,156.1188659668,108275300
2022-01-27T05:00:00.000Z,158.8171416631,160.1760566162,154.740396804,155.6593780518,121954600
2022-01-28T05:00:00.000Z,162.0042562668,166.5404919782,159.1593286226,166.5209350586,179935700
2022-01-31T05:00:00.000Z,166.3547206204,171.0864802658,165.7192476003,170.8713989258,115541600
2022-02-01T05:00:00.000Z,170.1185968115,170.9300372535,168.4566170141,170.7051849365,86213900
2022-02-02T05:00:00.000Z,170.8420939183,171.946828684,169.4538509395,171.9077148438,84914300
2022-02-03T05:00:00.000Z,170.5781310596,172.2987820443,168.2709067171,169.0334625244,89418100
2022-02-04T05:00:00.000Z,168.0545747238,170.4234840014,167.075692024,168.7495880127,82465400
2022-02-07T05:00:00.000Z,169.2096445199,170.2766229546,167.3399751947,168.0349884033,77251200
2022-02-08T05:00:00.000Z,168.1034742622,171.6470387891,167.8098065481,171.1380157471,74829200
2022-02-09T05:00:00.000Z,172.3323257303,172.9196464681,171.2066015104,172.5574645996,71285000
2022-02-10T05:00:00.000Z,170.4626223842,171.7743215374,167.9273199306,168.4852752686,90865900
2022-02-11T05:00:00.000Z,168.6908451581,169.4250071294,164.4914303174,165.0787658691,98670700
2022-02-14T05:00:00.000Z,163.8355982171,165.9989356288,163.0427055934,165.3137207031,86185500
2022-02-15T05:00:00.000Z,167.3595547647,169.2977380778,166.654758117,169.1411132812,62527400
2022-02-16T05:00:00.000Z,168.220989356,169.6795149449,166.4589975989,168.9062042236,61177400
2022-02-17T05:00:00.000Z,167.4183126041,168.2797341887,164.9123751979,165.3137207031,69589300
2022-02-18T05:00:00.000Z,166.2338940865,166.9386760025,162.6805445329,163.7671051025,82772700
2022-02-22T05:00:00.000Z,161.4960419882,163.1699377526,158.7258025267,160.8499908447,91162800
2022-02-23T05:00:00.000Z,162.0442012769,162.6413201949,156.376478216,156.6897277832,90009200
2022-02-24T05:00:00.000Z,149.357923473,159.4110529381,148.7901697172,159.3033752441,141147500
2022-02-25T05:00:00.000Z,160.3801694278,161.6331383345,157.4728860438,161.368850708,91974200
2022-02-28T05:00:00.000Z,159.616621566,161.9267854931,158.9999206432,161.6331176758,95056600
2022-03-01T05:00:00.000Z,161.2219862371,163.0818724275,158.5496405069,159.7536621094,83474400
2022-03-02T05:00:00.000Z,160.9185054438,163.8257878781,159.50891215,163.042678833,79724800
2022-03-03T05:00:00.000Z,164.9123681321,165.343078906,162.0540324671,162.7196655273,76678400
2022-03-04T05:00:00.000Z,161.0163905142,162.0540035918,158.6768618972,159.7242584229,83737200
2022-03-07T05:00:00.000Z,159.9102500456,161.5351986236,155.6814703637,155.9359893799,96418800
2022-03-08T05:00:00.000Z,155.4661429297,159.4404039273,152.5099132721,154.1152801514,131148300
2022-03-09T05:00:00.000Z,158.0699676871,159.9592189871,156.0436883488,159.5089263916,91454900
2022-03-10T05:00:00.000Z,156.8169856505,157.0029757298,152.6860999859,155.1724700928,105342000
2022-03-11T05:00:00.000Z,155.5738289954,155.9164439341,151.2373855628,151.4625244141,96970100
2022-03-14T04:00:00.000Z,148.2517749322,150.8653898254,146.9302923115,147.4393005371,108732100
2022-03-15T04:00:00.000Z,147.7133900796,152.2847853283,147.2043818415,151.8149108887,92964300
2022-03-16T04:00:00.000Z,153.7334937497,156.6211940273,151.1981917562,156.2198486328,102300200
2022-03-17T04:00:00.000Z,155.2605702418,157.6000990653,154.3012694732,157.2281188965,75615400
2022-03-18T04:00:00.000Z,157.1204721593,161.0066380531,156.3863100625,160.5171966553,123511700
2022-03-21T04:00:00.000Z,160.0570832021,162.837121045,159.5676419184,161.8876037598,95811400
2022-03-22T04:00:00.000Z,162.0148602819,165.842294987,161.4275396601,165.2549743652,81532000
2022-03-23T04:00:00.000Z,164.4425103124,168.9943088973,164.1096788423,166.6156311035,98062700
2022-03-24T04:00:00.000Z,167.4476877625,170.4626485498,166.6156463525,170.3941345215,90131400
2022-03-25T04:00:00.000Z,170.2081072106,171.5785368433,169.1019651193,171.0303649902,80546200
2022-03-28T04:00:00.000Z,168.5341947368,172.0190139747,168.3677865077,171.8917694092,90371900
2022-03-29T04:00:00.000Z,172.9587944158,175.2297946147,172.6161794808,175.1808624268,100589400
2022-03-30T04:00:00.000Z,174.7795185635,175.817131892,172.9685794955,174.0159912109,92633200
2022-03-31T04:00:00.000Z,174.0844857308,174.2704758229,170.7171270474,170.9226989746,103049300
2022-04-01T04:00:00.000Z,170.354957614,171.1870138959,168.3090963254,170.6290435791,78751300
2022-04-04T04:00:00.000Z,170.8835430732,174.7207610823,170.7562835552,174.6718139648,76468400
2022-04-05T04:00:00.000Z,173.7516811602,174.5347903161,170.7367206186,171.3632049561,73401800
2022-04-06T04:00:00.000Z,168.7202226513,169.9634078617,166.5373184141,168.2014160156,89058800
2022-04-07T04:00:00.000Z,167.545566689,169.6991056439,166.2632327405,168.5048675537,77594700
2022-04-08T04:00:00.000Z,168.1524832381,168.1524832381,165.6269638661,166.4981689453,76575500
2022-04-11T04:00:00.000Z,165.1473008947,165.4605355803,162.0050809696,162.2498016357,72246700
2022-04-12T04:00:00.000Z,164.4718593947,166.2827832511,163.1209966207,164.1194610596,79265200
2022-04-13T04:00:00.000Z,163.8551736903,167.4280895518,163.2482711992,166.8016052246,70618900
2022-04-14T04:00:00.000Z,167.0169455985,167.6532282549,161.55477886,161.7994995117,75329400
2022-04-18T04:00:00.000Z,160.4584737671,163.0818875523,160.1158737341,161.584197998,69023900
2022-04-19T04:00:00.000Z,161.5352440652,164.2761188963,160.4486835582,163.8649749756,67723800
2022-04-20T04:00:00.000Z,165.1962212792,165.3136973474,162.5924049295,163.6985321045,67929800
2022-04-21T04:00:00.000Z,165.3431091481,167.9077774877,162.4064605383,162.9056854248,87227800
2022-04-22T04:00:00.000Z,162.9448080819,164.3250212293,158.0895436972,158.3734130859,84882400
2022-04-25T04:00:00.000Z,157.7175562723,159.7242685456,155.1137399652,159.4403991699,96046400
2022-04-26T04:00:00.000Z,158.8237232077,158.9118190688,153.4105028967,153.4888153076,95623200
2022-04-27T04:00:00.000Z,152.6176057067,156.4156604349,152.0987990694,153.263671875,88063200
2022-04-28T04:00:00.000Z,155.8870624416,161.0457782035,155.5738128232,160.1843566895,130216800
2022-04-29T04:00:00.000Z,158.42235166,162.6902802658,153.9292842452,154.3208312988,131747600
2022-05-02T04:00:00.000Z,153.4007100152,154.8886009215,150.0333512355,154.6243133545,123055300
2022-05-03T04:00:00.000Z,154.8102821838,157.3162342669,153.0189401125,156.112197876,88966500
2022-05-04T04:00:00.000Z,156.2982030941,162.9643920694,155.8968575916,162.5141143799,108256500
2022-05-05T04:00:00.000Z,160.3899333151,160.6150721495,151.6778684891,153.4594421387,130525300
2022-05-06T04:00:00.000Z,152.9398637122,156.3023722983,151.1458746058,154.1848754883,116124600
2022-05-09T04:00:00.000Z,151.8811126842,152.7634104857,148.5088212906,149.0675964355,131577900
2022-05-10T04:00:00.000Z,152.4595092845,153.6555019692,149.9204668063,151.4693756104,115366700
2022-05-11T04:00:00.000Z,150.4792503383,152.3908730024,142.9405806153,143.6170043945,142689800
2022-05-12T04:00:00.000Z,139.9604210928,143.3229146481,136.0685458672,139.7545471191,182602000
2022-05-13T04:00:00.000Z,141.7445986821,145.1855346956,140.2937279042,144.2150115967,113990900
2022-05-16T04:00:00.000Z,142.6857161032,144.6169495556,141.3426662408,142.6759033203,86643800
2022-05-17T04:00:00.000Z,145.9305738468,146.8226694808,143.7934664467,146.3031005859,78336300
2022-05-18T04:00:00.000Z,143.960131493,144.4600897716,137.1468892075,138.0487976074,109742900
2022-05-19T04:00:00.000Z,137.127274569,138.8722443489,133.9118236289,134.647064209,136095600
2022-05-20T04:00:00.000Z,136.3528361484,137.9311534624,130.0003606366,134.8823547363,137426100
2022-05-23T04:00:00.000Z,135.0784170577,140.4407738485,134.9411727231,140.2937316895,117726300
2022-05-24T04:00:00.000Z,138.0389807599,139.1761565711,134.6274682849,137.5978393555,104132700
2022-05-25T04:00:00.000Z,135.7058176181,138.9996965039,135.6175923255,137.754699707,92482700
2022-05-26T04:00:00.000Z,134.6862667747,141.4994929718,134.4411865881,140.9505157471,90601500
2022-05-27T04:00:00.000Z,142.5288718889,146.7344424649,142.4014253701,146.6952362061,90978500
2022-05-31T04:00:00.000Z,146.1364801166,147.6951871456,143.9503531954,145.9109954834,103718400
2022-06-01T04:00:00.000Z,146.9501235947,148.7539257465,144.7738096051,145.7835540771,74286600
2022-06-02T04:00:00.000Z,144.920809974,148.2931155543,143.9698977042,148.2342987061,72348100
2022-06-03T04:00:00.000Z,144.0091506542,145.0581013169,141.6171799505,142.5190734863,88570300
2022-06-06T04:00:00.000Z,144.1365841444,145.6462867429,142.0484957912,143.2640991211,71598400
2022-06-07T04:00:00.000Z,141.5093535791,146.067840608,141.2642733097,145.7835540771,67808200
2022-06-08T04:00:00.000Z,145.6560729458,146.9206802541,144.5581183861,145.0482788086,53950200
2022-06-09T04:00:00.000Z,144.1856046311,145.0384790562,139.7251413939,139.8329772949,69473000
2022-06-10T04:00:00.000Z,137.5194322486,137.9899821524,134.3627973501,134.431427002,91437900
2022-06-13T04:00:00.000Z,130.2552525243,132.5394023552,128.8534006093,129.2847442627,122207100
2022-06-14T04:00:00.000Z,130.5101135131,131.2551519396,128.8925752103,130.1473846436,84784300
2022-06-15T04:00:00.000Z,131.6472816204,134.6372632332,129.5592083618,132.7648468018,91533000
2022-06-16T04:00:00.000Z,129.4808097107,129.7847068514,126.5006252584,127.5005569458,108123900
2022-06-17T04:00:00.000Z,127.5103247255,130.4610847422,127.2554317619,128.970993042,134520300
2022-06-21T04:00:00.000Z,130.794429251,134.3627971807,130.6964061237,133.1962127686,81000500
2022-06-22T04:00:00.000Z,132.1374244527,135.0489782139,131.2747523831,132.686416626,73409200
2022-06-23T04:00:00.000Z,134.1275636363,135.8627215179,132.9609789291,135.5490264893,72433800
2022-06-24T04:00:00.000Z,137.1468791707,139.1173336273,137.0194476336,138.872253418,89116800
2022-06-27T04:00:00.000Z,139.8917805071,140.6662423455,138.1958296468,138.872253418,70207900
2022-06-28T04:00:00.000Z,139.3330131628,140.5976205317,134.6176720658,134.7353057861,67083400
2022-06-29T04:00:00.000Z,134.7549395392,137.9017617662,133.9804775247,136.4900970459,66242400
2022-06-30T04:00:00.000Z,134.5490182456,135.6469726606,131.1375063429,134.0294494629,98964500
2022-07-01T04:00:00.000Z,133.3628569087,136.3038197907,132.9903451154,136.1959838867,71051600
2022-07-05T04:00:00.000Z,135.0587914466,138.8232194678,134.2353106632,138.7742004395,73353800
2022-07-06T04:00:00.000Z,138.5683413639,141.2838190197,138.3036505781,140.1074371338,74064300
2022-07-07T04:00:00.000Z,140.470176163,143.6660318928,140.460378339,143.4699707031,66253700
2022-07-08T04:00:00.000Z,142.401377422,144.6463201691,142.1464994288,144.1463470459,64547800
2022-07-11T04:00:00.000Z,142.803348483,143.7542609845,140.9505425184,142.0190887451,63141600
2022-07-12T04:00:00.000Z,142.8915554418,145.5286208059,142.1955360456,142.9895935059,77588800
2022-07-13T04:00:00.000Z,140.1760748611,143.5679764108,139.3231856037,142.6268768311,71185600
2022-07-14T04:00:00.000Z,141.2446400475,146.0187981446,140.4309718884,145.548248291,78140700
2022-07-15T04:00:00.000Z,146.8324581753,147.891206506,145.2835494113,147.2147827148,76259900
2022-07-18T04:00:00.000Z,147.7735879207,148.5872561182,143.8130828381,144.1758117676,81420900
2022-07-19T04:00:00.000Z,145.0090674391,148.2539272629,144.0189487035,148.0284576416,82982400
2022-07-20T04:00:00.000Z,148.1461057743,150.6949463756,147.4108650191,150.0283203125,64823400
2022-07-21T04:00:00.000Z,151.4595528168,152.5085031782,148.9499341409,152.2928314209,65086600
2022-07-22T04:00:00.000Z,152.332098674,153.204583875,150.3910670392,151.0576782227,66675400
2022-07-25T04:00:00.000Z,150.979201132,151.98893036,149.2832503351,149.9400634766,53623900
2022-07-26T04:00:00.000Z,149.2636691889,150.0773374091,147.8324089141,148.6166687012,55138700
2022-07-27T04:00:00.000Z,149.5773707705,154.233895234,149.1656377709,153.7045135498,78620700
2022-07-28T04:00:00.000Z,153.8907653705,154.5377807321,151.371348523,154.2534942627,81378700
2022-07-29T04:00:00.000Z,158.06692358,160.409889581,156.3611600849,159.311920166,101786900
2022-08-01T04:00:00.000Z,157.8414892479,160.3707193899,157.7238555069,158.3316497803,67829400
2022-08-02T04:00:00.000Z,156.9494005382,159.2139396902,156.4886484643,156.8611602783,59907000
2022-08-03T04:00:00.000Z,157.674841322,163.3116876179,157.5866160135,162.860748291,82507500
2022-08-04T04:00:00.000Z,162.743073525,163.8998600102,161.194164648,162.5470123291,55474100
2022-08-05T04:00:00.000Z,160.2204428704,162.8120846447,160.0142829089,162.3212432861,56697000
2022-08-08T04:00:00.000Z,163.3225300093,164.7361553555,161.1922805565,161.8500061035,60276900
2022-08-09T04:00:00.000Z,161.0156004495,162.7826323032,160.2597005773,161.8991088867,63135500
2022-08-10T04:00:00.000Z,164.6085314311,166.2381281446,163.8428202003,166.1399688721,70170500
2022-08-11T04:00:00.000Z,166.9449202285,167.8578927246,165.1091787834,165.4036865234,57149200
2022-08-12T04:00:00.000Z,166.7093809821,169.0163265842,166.2970610226,168.9476165771,68039400
2022-08-15T04:00:00.000Z,168.3782005294,170.213942163,168.2113162881,170.0176086426,54091700
2022-08-16T04:00:00.000Z,169.6150987876,170.5280712891,168.5156191963,169.8605194092,56377100
2022-08-17T04:00:00.000Z,169.6052979143,172.9233747387,169.4089644007,171.3526916504,79542000
2022-08-18T04:00:00.000Z,170.5673396933,171.6962686118,169.9488749057,170.9600067139,62290100
2022-08-19T04:00:00.000Z,169.8605242913,170.5575254675,168.172029168,168.3781890869,70346300
2022-08-22T04:00:00.000Z,166.5817269457,166.7486111944,164.0784332574,164.5005645752,69026800
2022-08-23T04:00:00.000Z,164.0195321648,165.6196796114,163.5974008535,164.1667785645,54147100
2022-08-24T04:00:00.000Z,164.2551130106,165.0306355471,163.20470561,164.4612579346,53841500
2022-08-25T04:00:00.000Z,165.6883935354,167.0234825149,165.2662771934,166.9154968262,51218200
2022-08-26T04:00:00.000Z,167.4456159106,167.9168193859,160.5640109839,160.6229095459,78961000
2022-08-29T04:00:00.000Z,158.1981524017,159.9160970321,156.8925276643,158.4239501953,73314000
2022-08-30T04:00:00.000Z,159.1602261385,159.5823425232,154.8310016952,155.999206543,77906200
2022-08-31T04:00:00.000Z,157.3735291899,157.638587676,154.2615972645,154.340133667,87991100
2022-09-01T04:00:00.000Z,153.7707611395,155.5181549609,151.8368452283,155.0665893555,74229900
2022-09-02T04:00:00.000Z,156.823794966,157.4226219497,152.1313533478,152.9559631348,76957800
2022-09-06T04:00:00.000Z,153.6038529313,154.2124912521,150.8747769403,151.6993865967,73714800
2022-09-07T04:00:00.000Z,151.9841535789,153.8002579541,150.7963106805,153.1032714844,87449600
2022-09-08T04:00:00.000Z,151.8073871952,153.4958823603,149.8832828284,151.6306915283,84923800
2022-09-09T04:00:00.000Z,152.6221900934,154.9291501206,151.9153774458,154.4873809814,68028800
2022-09-12T04:00:00.000Z,156.6666985784,161.2511538217,156.3820172588,160.4363555908,104956000
2022-09-13T04:00:00.000Z,156.9710431631,157.5993194336,150.5606569257,151.0220489502,122656600
2022-09-14T04:00:00.000Z,151.9546392747,154.2223386068,150.7962610257,152.4651184082,87965400
2022-09-15T04:00:00.000Z,151.8171992323,152.3964033168,148.6071081029,149.5789642334,90481100
2022-09-16T04:00:00.000Z,148.4402123223,148.5776472684,145.6522227337,147.9395446777,162278800
2022-09-19T04:00:00.000Z,146.5750174053,151.7288507316,146.3688724606,151.6503143311,81474200
2022-09-20T04:00:00.000Z,150.5901117198,155.1843942867,150.2759810627,154.0260009766,107689800
2022-09-21T04:00:00.000Z,154.4579217139,155.8322862083,150.7864387326,150.9042358398,101696800
2022-09-22T04:00:00.000Z,149.5888086088,151.6405217744,148.1457338995,149.9422149658,86652500
2022-09-23T04:00:00.000Z,148.4206031759,148.6954731213,145.8387729969,147.6745147705,96029900
2022-09-26T04:00:00.000Z,146.9186021223,150.953317675,146.8989642787,148.0082702637,93339400
2022-09-27T04:00:00.000Z,149.9422234209,151.8859510042,147.2033202551,148.9801635742,84442700
2022-09-28T04:00:00.000Z,144.935592796,147.8806400745,142.186879007,147.0952911377,146691400
2022-09-29T04:00:00.000Z,143.4238492854,144.0324877695,138.1031158391,139.8701477051,128138200
2022-09-30T04:00:00.000Z,138.692117553,140.4787870883,135.4721997996,135.6685333252,124925300
2022-10-03T04:00:00.000Z,135.6783287485,140.4493057292,135.1678497152,139.8406524658,114311700
2022-10-04T04:00:00.000Z,142.3734054478,143.5416099676,141.6175057622,143.4238128662,87830100
2022-10-05T04:00:00.000Z,141.4310005237,144.6803671,140.3904045238,143.7183074951,79471000
2022-10-06T04:00:00.000Z,143.1391269174,144.8374334956,142.5599378213,142.7660827637,68402200
2022-10-07T04:00:00.000Z,139.9290143479,140.4787691203,136.8956190746,137.5238952637,85925600
2022-10-10T04:00:00.000Z,137.8478851318,139.2909599222,136.0317810955,137.8478851318,74899000
2022-10-11T04:00:00.000Z,137.3373807545,138.7608324147,135.6881612845,136.4342346191,77033700
2022-10-12T04:00:00.000Z,136.5815375837,137.7890032761,135.6293040357,135.8059997559,70433700
2022-10-13T04:00:00.000Z,132.517328434,140.9597890972,131.9086750872,140.3707885742,113224000
2022-10-14T04:00:00.000Z,141.6666479166,141.8728079034,135.6587537431,135.8452758789,88598000
2022-10-17T04:00:00.000Z,138.4859710353,140.2824370045,137.7006219625,139.8014221191,85250900
2022-10-18T04:00:00.000Z,142.8250001011,144.0128276024,138.0343844466,141.1168670654,99136600
2022-10-19T04:00:00.000Z,139.0946342177,142.2949146585,138.9081120945,141.2248840332,61758300
2022-10-20T04:00:00.000Z,140.4002709458,143.2176956418,140.0370381428,140.7634887695,64522000
2022-10-21T04:00:00.000Z,140.253005262,145.1417959874,140.0370338655,144.5724182129,86548600
2022-10-24T04:00:00.000Z,144.4938660682,147.478174618,143.3256613631,146.7124633789,75981900
2022-10-25T04:00:00.000Z,147.3407290522,149.6967761393,146.6241049912,149.5495147705,74732300
2022-10-26T04:00:00.000Z,148.1947823414,149.2059140194,145.3282565391,146.6142730713,88194300
2022-10-27T04:00:00.000Z,145.3577035418,146.3197479897,141.4898729313,142.1475982666,109180200
2022-10-28T04:00:00.000Z,145.4853431295,154.6149933518,145.1123139664,152.8872375488,164762400
2022-10-31T04:00:00.000Z,150.3545085481,151.4147275391,149.1372167483,150.5312042236,97943200
2022-11-01T04:00:00.000Z,152.2393496714,152.6025674645,146.3983408034,147.8904876709,80379300
2022-11-02T04:00:00.000Z,146.2216537375,149.3826736312,142.3440095759,142.3734588623,93604600
2022-11-03T04:00:00.000Z,139.4578336988,140.1842842463,136.2084665511,136.3360900879,97918500
2022-11-04T04:00:00.000Z,139.7186783994,140.2890006697,132.1373577974,136.070602417,140814800
2022-11-07T05:00:00.000Z,134.8217569283,136.8277045451,133.405786844,136.6015472412,83374600
2022-11-08T05:00:00.000Z,138.066737624,139.0697043063,135.1954705452,137.1719207764,89908500
2022-11-09T05:00:00.000Z,136.1885797797,136.2377483328,132.3438299914,132.6191558838,74917800
2022-11-10T05:00:00.000Z,138.882853454,144.4188842773,137.1718868828,144.4188842773,118854000
2022-11-11T05:00:00.000Z,143.3864235117,147.506484179,141.9606104959,147.2016601562,93979700
2022-11-14T05:00:00.000Z,146.4838305709,147.7719654897,144.969523335,145.8053436279,73374100
2022-11-15T05:00:00.000Z,149.67959059,151.0267217594,146.0806689942,147.5359649658,89868300
2022-11-16T05:00:00.000Z,146.6411914304,147.3688320531,144.8318875751,146.306854248,64218300
2022-11-17T05:00:00.000Z,143.986237838,148.9519619169,143.7109119291,148.2046508789,80389400
2022-11-18T05:00:00.000Z,149.7680875658,150.151578234,147.4671435565,148.7651062012,74829600
2022-11-21T05:00:00.000Z,147.6539836131,147.8604705212,145.2547023684,145.539855957,58724100
2022-11-22T05:00:00.000Z,145.6578844381,147.9096603542,144.477899063,147.6736602783,51804100
2022-11-23T05:00:00.000Z,146.9558387051,149.2961238896,146.8476738856,148.5488128662,58301400
2022-11-25T05:00:00.000Z,145.8348275011,146.3953218789,144.6646852071,145.638168335,35195900
2022-11-28T05:00:00.000Z,142.7177700063,144.192736631,140.9871479015,141.8131256104,69246000
2022-11-29T05:00:00.000Z,141.8819361068,142.3932620226,138.0077034107,138.8140106201,83763800
2022-11-30T05:00:00.000Z,139.0401678762,146.2380115194,138.2043625378,145.5595245361,111380900
2022-12-01T05:00:00.000Z,145.7365472755,146.6411917028,144.1632434864,145.8348693848,71250400
2022-12-02T05:00:00.000Z,143.5240993516,145.530047458,143.2192602974,145.3432159424,65447400
2022-12-05T05:00:00.000Z,145.303881125,148.4013049962,143.3372589835,144.1829071045,68826400
2022-12-06T05:00:00.000Z,144.6155559995,144.8417133284,139.551495346,140.5249786377,64727200
2022-12-07T05:00:00.000Z,139.8170296933,140.9773297717,137.663575645,138.587890625,69721100
2022-12-08T05:00:00.000Z,139.984133564,141.1247777539,138.7451672913,140.2692871094,62128300
2022-12-09T05:00:00.000Z,139.9644948951,143.1406004722,138.5485245457,139.7875061035,76097000
2022-12-12T05:00:00.000Z,140.3184932402,142.0884562497,138.7058636103,142.07862854,70462700
2022-12-13T05:00:00.000Z,147.0049936949,147.4671510627,141.8327832647,143.0422515869,93886200
2022-12-14T05:00:00.000Z,142.9242617748,144.2123968015,138.8041862287,140.8199768066,82291200
2022-12-15T05:00:00.000Z,138.7550660743,139.4335533108,133.7598425843,134.2220001221,98931900
2022-12-16T05:00:00.000Z,134.4088086871,135.3527790252,131.4982009688,132.2651824951,160156900
2022-12-19T05:00:00.000Z,132.8551821275,132.9436765381,129.1284391328,130.1609039307,79592600
2022-12-20T05:00:00.000Z,129.1972396086,131.0261987808,127.7222730182,130.0920562744,77432800
2022-12-21T05:00:00.000Z,130.7606890785,134.5267719082,130.5345317557,133.1894683838,85928000
2022-12-22T05:00:00.000Z,132.1078381296,132.3143250361,128.1254256005,130.0232086182,77852100
2022-12-23T05:00:00.000Z,128.7350936896,130.2100604115,127.4764566205,129.6594085693,63814900
2022-12-27T05:00:00.000Z,129.1874078371,129.2169059676,126.571796898,127.8599319458,69007800
2022-12-28T05:00:00.000Z,127.5059397848,128.8432433891,123.7693623625,123.9365234375,85438400
2022-12-29T05:00:00.000Z,125.8539861302,128.3024286792,125.5983306446,127.4469528198,75703700
2022-12-30T05:00:00.000Z,126.2669822367,127.7812747323,125.3033340556,127.7616043091,77034200
2023-01-03T05:00:00.000Z,128.105745529,128.7153934984,122.0977152043,122.9826965332,112117500
2023-01-04T05:00:00.000Z,124.7723362026,126.5128009297,122.992545636,124.2511825562,89113600
2023-01-05T05:00:00.000Z,125.0083271953,125.6376456476,122.6778848807,122.9335403442,80962700
2023-01-06T05:00:00.000Z,123.9070333248,128.1155961139,122.8057221964,127.45677948,87754700
2023-01-09T05:00:00.000Z,128.2926178465,131.1835552739,127.7222955306,127.9779510498,70790800
2023-01-10T05:00:00.000Z,128.086106105,129.0694172635,125.9818208259,128.5482635498,63896200
2023-01-11T05:00:00.000Z,129.05959972,131.2818777118,128.2827904454,131.26222229,69458900
2023-01-12T05:00:00.000Z,131.6456901155,132.0193381172,129.2464087175,131.1835327148,71379600
2023-01-13T05:00:00.000Z,129.8265514715,132.6683196907,129.4627311991,132.5109863281,57809700
2023-01-17T05:00:00.000Z,132.5798193932,134.9987559681,131.8915047176,133.671295166,63646600
2023-01-18T05:00:00.000Z,134.5366071318,136.2967270749,132.7764721846,132.9534759521,69672800
2023-01-19T05:00:00.000Z,131.8423694609,133.9761529962,131.5375453851,133.012512207,58280400
2023-01-20T05:00:00.000Z,133.0223197383,135.7165974592,131.9800124095,135.5690917969,80223600
2023-01-23T05:00:00.000Z,135.8149296938,140.928159619,135.5986000429,138.7550354004,81760300
2023-01-24T05:00:00.000Z,137.9683697008,140.770812168,137.9585419918,140.1513214111,66435100
2023-01-25T05:00:00.000Z,138.538710158,140.0530027582,136.4934211237,139.4925231934,65799300
2023-01-26T05:00:00.000Z,140.7806252969,141.8426029112,139.5318162036,141.5574493408,54105100
2023-01-27T05:00:00.000Z,140.7708221572,144.7728905742,140.6921554679,143.4945831299,70555800
2023-01-30T05:00:00.000Z,142.5407913347,143.1209413139,140.4660042018,140.613494873,64015300
2023-01-31T05:00:00.000Z,140.3184968938,141.9311265657,139.9055080149,141.8819580078,65874500
2023-02-01T05:00:00.000Z,141.5673038475,144.163244617,138.9615353683,143.0029296875,77663600
2023-02-02T05:00:00.000Z,146.4149930473,148.6569407915,145.6971802619,148.3029632568,118339000
2023-02-03T05:00:00.000Z,145.559530983,154.7534951412,145.3628717772,151.9215545654,154357300
2023-02-06T05:00:00.000Z,150.0237617824,150.5449153957,148.2636267451,149.197769165,69858300
2023-02-07T05:00:00.000Z,148.1260187491,152.6394141711,148.1260187491,152.0690917969,83322600
2023-02-08T05:00:00.000Z,151.3119092985,152.0002240332,148.647129749,149.3846130371,64120100
2023-02-09T05:00:00.000Z,151.2135657114,151.754389767,147.9096401221,148.3521270752,56007100
2023-02-10T05:00:00.000Z,147.1900900477,149.0415274197,146.9537296264,148.7165374756,57450700
2023-02-13T05:00:00.000Z,148.6574172041,151.91714359,148.6278740365,151.513381958,62199000
2023-02-14T05:00:00.000Z,149.8096612758,151.4346107933,148.5688030301,150.873260498,61707600
2023-02-15T05:00:00.000Z,150.7846469892,153.1383483336,150.558144315,152.9709320068,65573800
2023-02-16T05:00:00.000Z,151.1785442996,153.9557224472,151.020985738,151.3755187988,68167900
2023-02-17T05:00:00.000Z,150.0361795577,150.6763016257,148.5589609143,150.2331390381,59144100
2023-02-21T05:00:00.000Z,147.9188236463,149.0021233277,146.1560160125,146.2249450684,58867200
2023-02-22T05:00:00.000Z,146.609021329,147.6726205543,144.9250004924,146.6484222412,51011300
2023-02-23T05:00:00.000Z,147.8105044744,148.0567075994,145.0037978665,147.1309814453,48394200
2023-02-24T05:00:00.000Z,144.8757610126,144.9545478124,143.5068722998,144.481842041,55469600
2023-02-27T05:00:00.000Z,145.466659706,146.9044775282,145.210598841,145.6734619141,44998500
2023-02-28T05:00:00.000Z,144.8166553166,146.8158231331,144.5999954031,145.1711883545,50547000
2023-03-01T05:00:00.000Z,144.6000228627,144.9939418565,142.8076568788,143.1031036377,55479000
2023-03-02T05:00:00.000Z,142.1872231726,144.4818379332,141.7145023876,143.6939849854,52238100
2023-03-03T05:00:00.000Z,145.791626714,148.8150081118,145.0924182982,148.7362213135,70732300
2023-03-06T05:00:00.000Z,151.4542666981,153.9261550202,151.129291885,151.4936676025,87558000
2023-03-07T05:00:00.000Z,151.3656740812,151.6906640005,148.8347138399,149.2975769043,56182000
2023-03-08T05:00:00.000Z,150.4891772114,151.1391569879,149.5240652877,150.5482635498,47204800
2023-03-09T05:00:00.000Z,151.2277652608,152.192877049,147.9483386964,148.3028717041,53833600
2023-03-10T05:00:00.000Z,147.9286645783,148.6475733613,145.3681465462,146.2446289062,68572400
2023-03-13T04:00:00.000Z,145.5651333012,150.8141857324,145.4568033251,148.1847381592,84457100
2023-03-14T04:00:00.000Z,148.9824201204,151.0702176201,147.8203486901,150.2725219727,73695900
2023-03-15T04:00:00.000Z,148.8938078409,150.9225192351,147.6430917284,150.6664733887,77167900
2023-03-16T04:00:00.000Z,149.8490419474,154.0837378081,149.336935348,153.483001709,76161100
2023-03-17T04:00:00.000Z,153.7095189797,154.3594987608,151.9368536799,152.6459197998,98944600
2023-03-20T04:00:00.000Z,152.7148758924,155.4231101664,151.8088352024,155.009475708,73641400
2023-03-21T04:00:00.000Z,154.9307073412,156.979104086,154.1625397781,156.8609313965,73938300
2023-03-22T04:00:00.000Z,156.8805822013,159.6774451668,155.4132066535,155.4329071045,75701800
2023-03-23T04:00:00.000Z,156.4177631229,159.0964541871,155.28521979,156.5162353516,67622100
2023-03-24T04:00:00.000Z,156.447334197,157.9048526743,155.4526788555,157.8162231445,59196500
2023-03-27T04:00:00.000Z,157.5109370081,158.3283333075,155.4723676178,155.8761444092,52390300
2023-03-28T04:00:00.000Z,155.5708234656,156.0829301456,153.6110412862,155.2556762695,45992200
2023-03-29T04:00:00.000Z,156.9495464784,158.6040391149,156.92986105,158.3282928467,51305700
2023-03-30T04:00:00.000Z,159.0767840061,160.002510289,158.8207381303,159.8941802979,49501700
2023-03-31T04:00:00.000Z,159.9729386082,162.4940561046,159.4509892059,162.3955688477,68749800
2023-04-03T04:00:00.000Z,161.775133248,163.7644434284,161.7258896237,163.646270752,56976200
2023-04-04T04:00:00.000Z,164.0697866447,164.3061320535,162.6024104477,163.1145172119,46278300
2023-04-05T04:00:00.000Z,162.2379998945,162.5432893337,159.3426490394,161.2728729248,51511700
2023-04-06T04:00:00.000Z,159.9630677767,162.4546569247,159.539605666,162.1592102051,45390100
2023-04-10T04:00:00.000Z,158.968431865,159.5691680908,157.6487867222,159.5691680908,47716900
2023-04-11T04:00:00.000Z,159.8842960582,159.8941387723,158.0722298567,158.3578338623,47644200
2023-04-12T04:00:00.000Z,158.7714420111,159.598680746,157.3533098787,157.6684570312,50133100
2023-04-13T04:00:00.000Z,159.175241754,163.2819078841,158.9684245267,163.0455474854,68445600
2023-04-14T04:00:00.000Z,162.0902575782,163.7939937264,161.3319629046,162.7008514404,49386500
2023-04-17T04:00:00.000Z,162.5827231382,162.8781699501,161.5388240927,162.7205963135,41516200
2023-04-18T04:00:00.000Z,163.5773356687,164.8674374296,163.1341580941,163.9417114258,49923000
2023-04-19T04:00:00.000Z,163.2818979607,165.6060558121,163.0258371209,165.0841064453,47720200
2023-04-20T04:00:00.000Z,163.5674802644,165.3204450523,163.045530919,164.1189727783,52456400
2023-04-21T04:00:00.000Z,162.5432760775,163.9220073118,161.9917835838,162.5137329102,58337300
2023-04-24T04:00:00.000Z,162.4940408767,163.0849343089,161.4008985461,162.8190307617,41949600
2023-04-25T04:00:00.000Z,162.6812080732,163.7841934597,161.2433749568,161.2827758789,48714100
2023-04-26T04:00:00.000Z,160.5835072515,162.7697919777,160.3274614376,161.2728729248,45498800
2023-04-27T04:00:00.000Z,162.6811522208,165.9999649851,162.6811522208,165.8522491455,64902300
2023-04-28T04:00:00.000Z,165.931036985,167.2703823718,165.3303008551,167.1029510498,55275900
2023-05-01T04:00:00.000Z,166.7090690311,167.8612979236,166.0787895935,167.0143585205,52472900
2023-05-02T04:00:00.000Z,167.5067479652,167.7628088225,164.9954731831,165.9802856445,48425700
2023-05-03T04:00:00.000Z,166.9257291072,168.3241611408,164.6212713207,164.9068603516,65136000
2023-05-04T04:00:00.000Z,162.3857237589,164.5030645087,161.8145307364,163.2720489502,81235400
2023-05-05T04:00:00.000Z,168.3832083067,171.6527924617,168.1665483915,170.933883667,113453200
2023-05-08T04:00:00.000Z,169.8604316432,171.2096347948,169.4960558787,170.864944458,55962800
2023-05-09T04:00:00.000Z,170.4217983644,170.9043468501,168.9938233099,169.161239624,45326900
2023-05-10T04:00:00.000Z,170.3922648628,171.3869200892,169.2892646321,170.9240570068,53724500
2023-05-11T04:00:00.000Z,171.2096475325,171.9383991158,169.5551548305,171.1111602783,49514700
2023-05-12T04:00:00.000Z,171.219598916,171.6535180708,168.6358267368,170.1841278076,45533100
2023-05-15T04:00:00.000Z,170.7659972586,170.8153089981,169.0993597778,169.6910705566,37266700
2023-05-16T04:00:00.000Z,169.6121747829,170.7462695532,169.4247992014,169.6910705566,42110300
2023-05-17T04:00:00.000Z,169.3360433616,170.5391625024,168.0638697296,170.3024902344,57951600
2023-05-18T04:00:00.000Z,170.6082066046,172.8172431362,170.1940150764,172.6298675537,65496700
2023-05-19T04:00:00.000Z,173.9513481658,173.9513481658,172.5213979143,172.7383575439,55809500
2023-05-22T04:00:00.000Z,171.5746358644,172.2945540863,171.0519645815,171.791595459,43570900
2023-05-23T04:00:00.000Z,170.7364270802,170.98297075,168.9119979039,169.1881256104,50747300
2023-05-24T04:00:00.000Z,168.7246024757,170.0362164511,168.1624907994,169.4642333984,45143500
2023-05-25T04:00:00.000Z,170.0263446362,171.4957349715,169.3162978112,170.5983276367,56058300
2023-05-26T04:00:00.000Z,170.923824281,173.3399495416,170.7167209511,173.0046386719,54835000
2023-05-30T04:00:00.000Z,174.5134591393,176.5153923196,174.1288516576,174.8487548828,55964400
2023-05-31T04:00:00.000Z,174.8783800431,176.8704573634,174.3162531811,174.7994842529,99625300
2023-06-01T04:00:00.000Z,175.243232396,177.6297732447,174.4838737017,177.600189209,68901800
2023-06-02T04:00:00.000Z,178.5272142674,179.2668453319,176.7816807418,178.4483184814,61996900
2023-06-05T04:00:00.000Z,180.1050488987,182.3929658522,175.5784966292,177.0972137451,121946500
2023-06-06T04:00:00.000Z,177.4818634597,177.6297836468,174.9769712738,176.7323760986,64848400
2023-06-07T04:00:00.000Z,175.9729956942,178.7047035133,174.8684849722,175.3615722656,61944600
2023-06-08T04:00:00.000Z,175.4404480483,178.3398036598,175.0065438825,178.0735473633,50214900
2023-06-09T04:00:00.000Z,178.9906727535,179.7105759292,178.132705749,178.4581451416,48900000
2023-06-12T04:00:00.000Z,178.7638742755,181.3476469168,178.4680188854,181.2490234375,54274900
2023-06-13T04:00:00.000Z,180.2727216495,181.6040483438,179.9176981881,180.7756652832,54929100
2023-06-14T04:00:00.000Z,180.8348467124,181.8407491019,179.5035199197,181.406829834,57462900
2023-06-15T04:00:00.000Z,181.4166932612,183.94129793,181.2391740012,183.4383392334,65433200
2023-06-16T04:00:00.000Z,184.14837692,184.4047919439,181.7223958561,182.3634033203,101256200
2023-06-20T04:00:00.000Z,181.8604679443,183.5271054842,181.8604679443,182.4521636963,49799100
2023-06-21T04:00:00.000Z,182.343647827,182.8466064217,180.0655872796,181.4166564941,49515700
2023-06-22T04:00:00.000Z,181.1997336851,184.4639693343,181.1306942374,184.4146575928,51245300
2023-06-23T04:00:00.000Z,182.9847233686,184.9669291501,182.4521805899,184.0990905762,53117000
2023-06-26T04:00:00.000Z,184.2470331309,185.4501675479,182.6691474879,182.7086029053,48088700
2023-06-27T04:00:00.000Z,183.3199943951,185.7854308763,183.103034781,185.4599914551,50730800
2023-06-28T04:00:00.000Z,185.3317872139,187.2745523992,185.0063628347,186.6335449219,51216800
2023-06-29T04:00:00.000Z,186.465928352,187.442246797,186.3278644854,186.9688720703,46347300
2023-06-30T04:00:00.000Z,188.9806393983,191.7912279199,188.6157445715,191.2882843018,85213200
2023-07-03T04:00:00.000Z,191.1009064222,191.199529898,189.1088295831,189.7991638184,31458200
2023-07-05T04:00:00.000Z,188.9215018075,190.3119967519,187.984623768,188.6848144531,46920300
2023-07-06T04:00:00.000Z,187.2153920829,189.3652606463,186.5842409083,189.1581573486,45094300
2023-07-07T04:00:00.000Z,188.7637264385,190.0063012979,187.6099037016,188.0438079834,46815000
2023-07-10T04:00:00.000Z,186.6434031136,187.3633214204,184.4540942539,186.0023956299,59922200
2023-07-11T04:00:00.000Z,186.5447607531,186.6828245728,184.0201565934,185.4796905518,46638100
2023-07-12T04:00:00.000Z,187.0575799008,189.049656689,185.8643171318,187.1463470459,60750200
2023-07-13T04:00:00.000Z,187.8662603208,188.546723199,187.1562134087,187.9057006836,41342300
2023-07-14T04:00:00.000Z,187.6000029339,188.5368658592,187.0083071616,188.0536499023,41616200
2023-07-17T04:00:00.000Z,189.2468975889,191.6334533361,189.1581454874,191.308013916,50520200
2023-07-18T04:00:00.000Z,190.6768843298,191.6433313227,189.7597340336,191.0516204834,48288200
2023-07-19T04:00:00.000Z,190.4303150491,195.4893803491,189.9865244554,192.4026641846,80507300
2023-07-20T04:00:00.000Z,192.3928244639,193.7537504066,189.8386355247,190.4599304199,59581200
2023-07-21T04:00:00.000Z,191.4164716547,192.2744386328,188.5861406783,189.2863311768,71951700
2023-07-24T04:00:00.000Z,190.7360381669,192.215300107,189.5920719884,190.0851593018,45377800
2023-07-25T04:00:00.000Z,190.6571312304,191.7517856039,190.2527960456,190.9431152344,37283200
2023-07-26T04:00:00.000Z,190.9924625295,192.9352279959,190.6473103948,191.8109893799,47471900
2023-07-27T04:00:00.000Z,193.3099522094,194.4736310319,189.8879250921,190.5486602783,47460200
2023-07-28T04:00:00.000Z,191.9786228727,193.9115318638,191.4559514969,193.1225891113,48291400
2023-07-31T04:00:00.000Z,193.3494012739,193.7734642022,192.560458537,193.7340087891,38824100
2023-08-01T04:00:00.000Z,193.526934544,194.0101505314,192.5802001816,192.9056396484,35175100
2023-08-02T04:00:00.000Z,192.3434921357,192.4815559813,189.1976077239,189.9175109863,50389300
2023-08-03T04:00:00.000Z,188.9214869496,189.7104146398,188.053648433,188.5270080566,61235200
2023-08-04T04:00:00.000Z,182.9551178997,184.7894032766,179.4048832838,179.4739227295,115956800
2023-08-07T04:00:00.000Z,179.6119861039,180.5981607116,174.8980726833,176.3773345947,97576100
2023-08-08T04:00:00.000Z,177.2057139191,177.7776969852,175.1248849389,177.3141937256,67823000
2023-08-09T04:00:00.000Z,178.3693964132,178.428564482,174.562761827,175.7264556885,60378500
2023-08-10T04:00:00.000Z,176.9986245516,178.2510705888,175.1446264151,175.5095062256,54686900
2023-08-11T04:00:00.000Z,175.1046267401,176.3883728931,174.3442426596,175.5687408447,52036700
2023-08-14T04:00:00.000Z,175.7465056275,177.4450177483,175.0947478227,177.2178955078,43675600
2023-08-15T04:00:00.000Z,176.6451128849,177.2376075607,174.8379747409,175.2329711914,43622600
2023-08-16T04:00:00.000Z,174.9170148494,176.3093874327,174.2948809906,174.3640136719,46964900
2023-08-17T04:00:00.000Z,174.9268647492,175.292237257,171.3125880878,171.8260955811,66062900
2023-08-18T04:00:00.000Z,170.1473410594,172.9123617546,169.8115925287,172.3099822998,61172200
2023-08-21T04:00:00.000Z,172.8827583376,173.9295127449,171.5693729744,173.6431274414,46311900
2023-08-22T04:00:00.000Z,174.8478880423,175.4601372139,174.048010236,175.0157623291,42038900
2023-08-23T04:00:00.000Z,176.28963972,179.2817827873,176.1020111006,178.8571472168,52722800
2023-08-24T04:00:00.000Z,178.412756361,178.8373918935,173.810973517,174.176361084,54945800
2023-08-25T04:00:00.000Z,175.1638657781,176.9117410148,173.6233584185,176.3784942627,51449600
2023-08-28T04:00:00.000Z,177.8400098201,178.3337629808,176.319256715,177.9387664795,43820700
2023-08-29T04:00:00.000Z,177.454895197,182.5899254093,177.2573969327,181.8196716309,53003900
2023-08-30T04:00:00.000Z,182.6294084899,185.5030552969,182.4319102533,185.3055419922,60813900
2023-08-31T04:00:00.000Z,185.4931879048,186.7571948187,185.1376850185,185.5228118896,60794500
2023-09-01T04:00:00.000Z,187.1225500051,187.5471704265,185.9276609067,187.0929260254,45766500
2023-09-05T04:00:00.000Z,185.9276685232,187.6064260712,185.2660411689,187.3299255371,45280000
2023-09-06T04:00:00.000Z,186.0461550497,186.4905448775,179.202744574,180.6247558594,81755800
2023-09-07T04:00:00.000Z,172.9913740951,175.9835325258,171.3718641065,175.3416442871,112488800
2023-09-08T04:00:00.000Z,176.121731472,177.9881175308,175.5687153595,175.9538421631,65551300
2023-09-11T04:00:00.000Z,177.8202767678,178.0473990106,175.1243735667,177.119140625,58953100
2023-09-12T04:00:00.000Z,177.2474983536,177.879501737,172.6358460753,174.0973510742,90370200
2023-09-13T04:00:00.000Z,174.3047456608,175.084884139,171.8063557256,172.033493042,84267900
2023-09-14T04:00:00.000Z,171.8260758579,173.8998448697,171.4113250692,173.544342041,60895800
2023-09-15T04:00:00.000Z,174.2751065268,174.2948608718,171.6483512369,172.8234710693,109259500
2023-09-18T04:00:00.000Z,174.2751158561,177.1388933026,173.9689912995,175.7465057373,67257600
2023-09-19T04:00:00.000Z,175.3021258647,177.3857647993,174.9169990032,176.8327636719,51826900
2023-09-20T04:00:00.000Z,177.0203576527,177.4548627957,173.2085830821,173.2974700928,58436200
2023-09-21T04:00:00.000Z,172.3692068273,174.0973426432,171.6878251518,171.756942749,63149100
2023-09-22T04:00:00.000Z,172.4877204986,174.867614255,171.8754714255,172.6062164307,56725400
2023-09-25T04:00:00.000Z,172.0236101182,174.7590070375,171.9742317851,173.8801269531,46172700
2023-09-26T04:00:00.000Z,172.6358685144,173.0111106836,169.5153448108,169.8115997314,64588900
2023-09-27T04:00:00.000Z,170.4633463372,170.8780972082,166.9379563992,168.3007049561,66921800
2023-09-28T04:00:00.000Z,167.2243249737,169.8807195182,165.5258128129,168.5574645996,56294400
2023-09-29T04:00:00.000Z,169.8708616906,170.9077464642,168.2118430393,169.0709838867,51861100
2023-10-02T04:00:00.000Z,169.0808488775,172.1223704312,168.7944635802,171.5792388916,52164500
2023-10-03T04:00:00.000Z,170.107858706,171.4607528132,168.6858620498,170.2461090088,49594600
2023-10-04T04:00:00.000Z,168.9524428588,172.0334726446,168.8339469291,171.4903411865,53020300
2023-10-05T04:00:00.000Z,171.6187141372,173.2579782201,170.5225815358,172.7247314453,48527900
2023-10-06T04:00:00.000Z,171.6286058875,175.7662598867,171.0163417069,175.2725067139,57266700
2023-10-09T04:00:00.000Z,174.6009821463,176.8130016277,173.6036062326,176.7537536621,42390800
2023-10-10T04:00:00.000Z,175.874884675,177.4746401194,175.7267496836,176.1612548828,43698000
2023-10-11T04:00:00.000Z,175.9736185462,177.6030129719,175.3811238108,177.5536346436,47551100
2023-10-12T04:00:00.000Z,177.8202670771,180.0618955341,176.8031217231,178.4522705078,56743100
2023-10-13T04:00:00.000Z,179.1533924067,179.6570151988,175.9143729253,176.6155090332,51427100
2023-10-16T04:00:00.000Z,174.5417330269,176.8426244416,174.3047260978,176.487121582,52517000
2023-10-17T04:00:00.000Z,174.4429839048,176.1908742953,172.6161062693,174.9367370605,57549400
2023-10-18T04:00:00.000Z,173.3863811935,175.3613940582,172.9222519649,173.6431274414,54764400
2023-10-19T04:00:00.000Z,173.8405931467,175.6181074055,173.0012218773,173.2678527832,59302900
2023-10-20T04:00:00.000Z,173.1197567795,173.2283830939,170.4831163138,170.720123291,64244000
2023-10-23T04:00:00.000Z,168.7747230213,171.835983831,167.8069558969,170.8386077881,55980100
2023-10-24T04:00:00.000Z,170.8879901617,171.5002393245,169.3079738517,171.2731170654,43816600
2023-10-25T04:00:00.000Z,169.7325797223,170.8978298691,168.5179361811,168.9623260498,57157000
2023-10-26T04:00:00.000Z,168.2414338903,169.2388248399,163.6001575593,164.8049163818,70625300
2023-10-27T04:00:00.000Z,164.8246706243,166.8490614359,164.7456683167,166.1183013916,58499100
2023-10-30T04:00:00.000Z,166.9083380325,169.0314707918,166.7602030298,168.1624603271,51131000
2023-10-31T04:00:00.000Z,167.2342173091,168.7648401969,165.8023209536,168.6364746094,44846000
2023-11-01T04:00:00.000Z,168.8635832517,172.053224494,167.9945728552,171.7964782715,56934900
2023-11-02T04:00:00.000Z,173.32711053,175.5588693503,173.2678625627,175.3515014648,77334800
2023-11-03T04:00:00.000Z,172.0630992281,174.6108672324,171.1842192438,174.4429779053,79829200
2023-11-06T05:00:00.000Z,174.176354192,177.188236148,174.0084799406,176.990737915,63841300
2023-11-07T05:00:00.000Z,176.9413848451,180.1606652677,176.7340169448,179.5484161377,70530000
2023-11-08T05:00:00.000Z,180.0717946879,181.1580426666,179.3212801944,180.6050415039,49340300
2023-11-09T05:00:00.000Z,180.6741433938,181.8196391493,179.5385022077,180.1310119629,53763500
2023-11-10T05:00:00.000Z,181.9108954867,184.4818007181,181.475817824,184.3136901855,66133400
2023-11-13T05:00:00.000Z,183.7402009463,183.947842054,182.1482204059,182.7316131592,43627500
2023-11-14T05:00:00.000Z,185.5991254796,186.00454009,184.2148013075,185.3420410156,60108400
2023-11-15T05:00:00.000Z,185.7474419604,187.3789678351,185.6782182129,185.9056396484,53790500
2023-11-16T05:00:00.000Z,187.4482069859,188.8226485285,186.538490993,187.5866394043,54412900
2023-11-17T05:00:00.000Z,188.1205937019,188.2491434824,186.4594046371,187.5668640137,50922700
2023-11-20T05:00:00.000Z,187.7646224103,189.7620174322,187.7547397688,189.3071594238,46505100
2023-11-21T05:00:00.000Z,189.2676114417,189.3763808497,187.6163050393,188.5062255859,38134500
2023-11-22T05:00:00.000Z,189.3466943119,190.7705639921,188.6940779451,189.1687011719,39617700
2023-11-24T05:00:00.000Z,188.733655327,188.7633183406,187.1317922374,187.8437347412,24048300
2023-11-27T05:00:00.000Z,187.7942907509,188.535896266,186.7857030258,187.6657409668,40552600
2023-11-28T05:00:00.000Z,187.6558499361,188.9413024557,187.2800983304,188.2689056396,38415400
2023-11-29T05:00:00.000Z,188.7633011569,189.9399842183,186.8549103747,187.2504272461,43014200
2023-11-30T05:00:00.000Z,187.715174685,188.1898130536,186.0836486711,187.8239440918,48794400
2023-12-01T05:00:00.000Z,188.1996691651,189.4158977511,187.1119752505,189.0994873047,45704800
2023-12-04T05:00:00.000Z,187.8536157357,187.9228394923,185.3519343525,187.3097686768,43389500
2023-12-05T05:00:00.000Z,188.0810486187,192.2241386518,188.0513705179,191.2551116943,66628400
2023-12-06T05:00:00.000Z,192.2735994925,192.5801273782,189.9597937546,190.1674499512,41089700
2023-12-07T05:00:00.000Z,191.4627602519,192.81742141,191.423199511,192.0955963135,47477700
2023-12-08T05:00:00.000Z,192.0263767777,193.7963503137,191.5023101099,193.5194854736,53406400
2023-12-11T05:00:00.000Z,190.9485678278,191.3243194094,189.2774811684,191.0177764893,60943700
2023-12-12T05:00:00.000Z,190.9188943568,192.5405375475,189.5741159728,192.5306549072,52696900
2023-12-13T05:00:00.000Z,192.9064211343,195.7838541267,192.6691170281,195.7443084717,70404200
2023-12-14T05:00:00.000Z,195.8036196095,197.3857021869,193.9644374859,195.8926086426,66831600
2023-12-15T05:00:00.000Z,195.3191123529,196.1793699092,194.7950456706,195.3586730957,128538400
2023-12-18T05:00:00.000Z,193.8952224343,194.4291868327,192.2142530194,193.6974639893,55751900
2023-12-19T05:00:00.000Z,193.9644492639,194.745600415,193.6974670605,194.7357177734,40714100
2023-12-20T05:00:00.000Z,194.6961765577,195.4674451446,192.6493530273,192.6493530273,52242800
2023-12-21T05:00:00.000Z,193.9051267903,194.8741537658,191.3342216528,192.5010070801,46482500
2023-12-22T05:00:00.000Z,192.9954077755,193.2228443252,190.8101520216,191.4331054688,37149600
2023-12-26T05:00:00.000Z,191.4429813812,191.7198462174,190.6717128966,190.889251709,28919300
2023-12-27T05:00:00.000Z,190.3354968816,191.334186688,188.9511577959,190.9880981445,48087700
2023-12-28T05:00:00.000Z,191.9670750872,192.4812591787,191.0079306669,191.4133453369,34049900
2023-12-29T05:00:00.000Z,191.7297375239,192.2241411948,189.584027403,190.3750762939,42672100
2024-01-02T05:00:00.000Z,185.0552730998,186.3308429174,181.8317668564,183.5621795654,82488700
2024-01-03T05:00:00.000Z,182.1580963851,183.7995202537,181.3769301072,182.1877593994,58414500
2024-01-04T05:00:00.000Z,180.1112054125,181.0406864912,178.8554312715,179.8739013672,71983600
2024-01-05T05:00:00.000Z,179.9530615244,180.7144323479,178.1534248405,179.1521148682,62379700
2024-01-08T05:00:00.000Z,180.0519155055,183.5226387437,179.4685228265,183.4830780029,59144500
2024-01-09T05:00:00.000Z,181.8614031338,183.0776316629,180.6847202505,183.0677490234,42841800
2024-01-10T05:00:00.000Z,182.286616409,184.3136591326,181.8614214602,184.1060180664,46792900
2024-01-11T05:00:00.000Z,184.4521356693,184.9564371267,181.5648197167,183.5127716064,49128400
2024-01-12T05:00:00.000Z,183.9774827106,184.6498795163,183.117225193,183.839050293,40477800
2024-01-16T05:00:00.000Z,180.1211892248,182.1976760534,178.9049450594,181.5747375488,65603000
2024-01-17T05:00:00.000Z,179.2411080796,180.8825167727,178.2819637671,180.6353149414,47317400
2024-01-18T05:00:00.000Z,184.0071586406,187.0230241166,183.7500741577,186.518737793,78005800
2024-01-19T05:00:00.000Z,187.2108729356,189.8015430261,186.7065866846,189.4159088135,68903000
2024-01-22T05:00:00.000Z,190.1476486318,193.1437335726,190.1080878902,191.7198486328,60133900
2024-01-23T05:00:00.000Z,192.8372093988,193.5590345239,191.660526264,192.9954071045,42355600
2024-01-24T05:00:00.000Z,193.232760173,194.1820220134,192.1648462606,192.323059082,53631300
2024-01-25T05:00:00.000Z,193.0349547434,194.0732053853,190.9485708187,191.9967041016,54822100
2024-01-26T05:00:00.000Z,192.0956113087,192.5801172619,189.7916883342,190.2663116455,44594000
2024-01-29T05:00:00.000Z,189.8608797229,190.0487555196,187.4580852834,189.5840148926,47145600
2024-01-30T05:00:00.000Z,188.802868215,189.6532430963,185.3717056781,185.9353179932,55859400
2024-01-31T05:00:00.000Z,184.9464947542,185.005835861,182.2866160212,182.3360443115,55467800
2024-02-01T05:00:00.000Z,181.9306822267,184.857543734,181.7625867762,184.7685546875,64885400
2024-02-02T05:00:00.000Z,177.8468754706,185.2332669549,177.2437024348,183.7698364258,102551700
2024-02-05T05:00:00.000Z,186.0441016354,187.1317957834,183.7599590124,185.5793609619,69668800
2024-02-06T05:00:00.000Z,184.7685514256,187.1911265388,184.6795623807,187.1812438965,43490800
2024-02-07T05:00:00.000Z,188.5062066759,188.9116212548,186.4989292385,187.2899780273,53439000
2024-02-08T05:00:00.000Z,187.2702046333,187.4185196858,185.2530444803,186.2121887207,40962000
2024-02-09T05:00:00.000Z,186.7765376843,188.1032418168,186.1329987846,186.9745635986,45155200
2024-02-12T05:00:00.000Z,186.5487888855,186.7963061218,184.9349716701,185.2913970947,41781900
2024-02-13T05:00:00.000Z,183.9251386305,184.3607714462,181.6875728239,183.2023773193,56529500
2024-02-14T05:00:00.000Z,183.4795915164,183.6874975431,180.6281880058,182.3211975098,54630500
2024-02-15T05:00:00.000Z,181.7271539269,182.6578211321,179.5490053166,182.034072876,65434500
2024-02-16T05:00:00.000Z,181.5984737729,183.0142804515,179.8658528358,180.49949646,49752500
2024-02-20T05:00:00.000Z,179.9846544112,180.6182980287,178.2124373756,179.756942749,53665600
2024-02-21T05:00:00.000Z,180.1331835615,181.0737462326,178.8658962582,180.5094146729,41371400
2024-02-22T05:00:00.000Z,181.6578862881,183.1231995305,180.6480266163,182.5390472412,52292200
2024-02-23T05:00:00.000Z,183.1726750604,183.2023759242,180.4202842265,180.7074127197,45119700
2024-02-26T05:00:00.000Z,180.4301925449,180.9450175835,178.8559712439,179.3609161377,40867400
2024-02-27T05:00:00.000Z,179.3015102655,182.0934971194,177.7767954747,180.8163146973,54318900
2024-02-28T05:00:00.000Z,180.6975189385,181.301461737,178.3411645847,179.618347168,48953900
2024-02-29T05:00:00.000Z,179.4698420276,180.7569349654,177.7471162394,178.9550018311,136682600
2024-03-01T05:00:00.000Z,177.7669157657,178.7371792856,175.618467561,177.8758239746,73563100
2024-03-04T05:00:00.000Z,174.4006443248,175.1431960579,172.0640809339,173.3610839844,81510100
2024-03-05T05:00:00.000Z,169.0641702639,170.3314573248,167.9354922531,168.4305267334,95132400
2024-03-06T05:00:00.000Z,169.3612273012,169.539447605,167.0048578771,167.4404907227,68587700
2024-03-07T05:00:00.000Z,167.4701748478,169.0344857698,166.8167407521,167.3216705322,71765100
2024-03-08T05:00:00.000Z,167.3216696349,171.9749911536,167.262267909,169.0344848633,76267000
2024-03-11T04:00:00.000Z,171.2225546353,172.6482565737,170.34139373,171.0344390869,60139500
2024-03-12T04:00:00.000Z,171.4304362242,172.3017017527,169.3116892313,171.5096435547,59825400
2024-03-13T04:00:00.000Z,171.0542240176,171.4700511814,169.0641756746,169.4305114746,52488700
2024-03-14T04:00:00.000Z,171.1928340614,172.5789246157,170.3413741189,171.2819366455,72913500
2024-03-15T04:00:00.000Z,169.4701339605,170.9057312012,168.5988682774,170.9057312012,121752700
2024-03-18T04:00:00.000Z,173.8264151189,175.9451620959,171.796770723,171.9947814941,75604200
2024-03-19T04:00:00.000Z,172.6086191724,174.8560799457,171.3116312496,174.3313446045,55215200
2024-03-20T04:00:00.000Z,173.974929297,176.8956298828,173.3511809805,176.8956298828,53423100
2024-03-21T04:00:00.000Z,175.2917054036,175.7273381458,169.1433707598,169.6681060791,106181300
2024-03-22T04:00:00.000Z,170.0542516697,171.3314491823,168.371137335,170.5690917969,71160100
2024-03-25T04:00:00.000Z,168.8761021591,170.2324920602,167.7672144382,169.1533203125,54288300
2024-03-26T04:00:00.000Z,168.3117563521,169.7176527393,167.8959291199,168.0246429443,57388400
2024-03-27T04:00:00.000Z,168.7176579393,171.875980392,168.4206342248,171.5888519287,60273300
2024-03-28T04:00:00.000Z,170.0443614511,170.5195903709,168.8166703752,169.7770385742,65672700
2024-04-01T04:00:00.000Z,169.4899296913,169.5493314195,167.7969049027,168.3414459229,46240500
2024-04-02T04:00:00.000Z,167.4008757934,167.6582883062,166.559311063,167.1632537842,49329500
2024-04-03T04:00:00.000Z,167.1137347837,168.9849645326,166.9058287601,167.9651947021,47691700
2024-04-04T04:00:00.000Z,168.5988661213,170.2126836435,167.1434783936,167.1434783936,53704400
2024-04-05T04:00:00.000Z,167.9057997925,168.697858022,167.2721562303,167.895904541,42104800
2024-04-08T04:00:00.000Z,167.3513719946,167.5196819219,166.5692240844,166.777130127,37425500
2024-04-09T04:00:00.000Z,167.0246628424,168.3909631058,166.6781477037,167.9850311279,42373800
2024-04-10T04:00:00.000Z,167.1236594559,167.4107728345,165.4504403363,166.11378479,49709300
2024-04-11T04:00:00.000Z,166.6682365164,173.7175391133,166.4900313215,173.3016967773,91070300
2024-04-12T04:00:00.000Z,172.5294403955,176.5887298536,172.4799490251,174.7967071533,101670900
2024-04-15T04:00:00.000Z,173.618503831,174.8758957156,170.7869058315,170.9750213623,73531800
2024-04-16T04:00:00.000Z,170.0443344473,172.0343675079,166.5988988876,167.6978759766,73711200
2024-04-17T04:00:00.000Z,167.9256312183,168.9552964998,166.3316192627,166.3316192627,50901200
2024-04-18T04:00:00.000Z,166.361292521,166.9652352141,164.895994634,165.3811187744,43122900
2024-04-19T04:00:00.000Z,164.5593793279,164.7474797526,162.4505274698,163.3613891602,68149400
2024-04-22T04:00:00.000Z,163.876224717,165.5989351042,163.1336729687,164.1930389404,48116400
2024-04-23T04:00:00.000Z,163.7079433242,165.391057892,163.2822057253,165.2425384521,49537800
2024-04-24T04:00:00.000Z,164.8860792641,167.6186792841,164.559369799,167.3414611816,48251800
2024-04-25T04:00:00.000Z,167.8464096106,168.9156860279,166.4801094484,168.202835083,50558300
2024-04-26T04:00:00.000Z,168.1929399989,169.6384323944,167.4998795577,167.6186981201,44838400
2024-04-29T04:00:00.000Z,171.6482789776,174.2818664698,171.3809711917,171.7769927979,68169400
2024-04-30T04:00:00.000Z,171.6086653166,173.2521835181,168.311733662,168.638458252,65934800
2024-05-01T04:00:00.000Z,167.8959162537,170.9948373057,167.4305825779,167.6186981201,50383100
2024-05-02T04:00:00.000Z,170.7968053748,171.6977718308,169.1928983575,171.3116455078,94214900
2024-05-03T04:00:00.000Z,184.7963833456,185.1429135583,180.846017479,181.5588684082,163224100
2024-05-06T04:00:00.000Z,180.5390848281,182.3707033796,178.6282438379,179.9054412842,78569700
2024-05-07T04:00:00.000Z,181.6281680754,183.0637652071,179.5193312269,180.5885925293,77305800
2024-05-08T04:00:00.000Z,181.0341554064,181.2519718343,179.6480494915,180.9252471924,45057100
2024-05-09T04:00:00.000Z,180.7469818074,182.8261326074,180.3014538094,182.7370300293,48983000
2024-05-10T04:00:00.000Z,183.3120848114,183.5004555243,180.5658842827,181.4779815674,50759500
2024-05-13T04:00:00.000Z,183.847408749,185.4931559868,183.0344438023,184.68019104,72044800
2024-05-14T04:00:00.000Z,185.8996425272,186.6828664107,184.6901187821,185.8203277588,52393600
2024-05-15T04:00:00.000Z,186.296214598,189.0126735344,185.760843698,188.0906677246,70400000
2024-05-16T04:00:00.000Z,188.8342195614,189.4588138786,188.0311783694,188.2096252441,52845200
2024-05-17T04:00:00.000Z,187.8824709799,189.1713095252,187.555303225,188.2393798828,41282900
2024-05-20T04:00:00.000Z,187.7040166342,190.2717698217,187.3867575652,189.3993225098,44361300
2024-05-21T04:00:00.000Z,189.4489160527,191.0748311327,189.2803778275,190.6981048584,42309400
2024-05-22T04:00:00.000Z,190.6187424386,191.1640219296,188.6359189279,189.2604980469,34648500
2024-05-23T04:00:00.000Z,189.3398345182,189.3596669913,185.0272019644,185.2750549316,51005900
2024-05-24T04:00:00.000Z,187.1984232708,188.943302965,186.4251079843,188.348449707,36327000
2024-05-28T04:00:00.000Z,189.8653032407,191.34251254,187.476011861,188.3583679199,52280100
2024-05-29T04:00:00.000Z,187.9816240997,190.5989510935,187.8824768517,188.6557769775,53068000
2024-05-30T04:00:00.000Z,189.1217239367,190.5295269847,188.9928506797,189.6471710205,49889100
2024-05-31T04:00:00.000Z,189.7958967688,190.916197058,188.2790377703,190.5989379883,75158300
2024-06-03T04:00:00.000Z,191.2433471864,193.3154095298,190.8666209557,192.3636474609,50080500
2024-06-04T04:00:00.000Z,192.9683957154,193.6425636183,191.3722220828,192.6808929443,47471400
2024-06-05T04:00:00.000Z,193.7218861323,195.2090040354,193.1964390167,194.1878509521,54156800
2024-06-06T04:00:00.000Z,194.009414356,194.8124556459,192.5024638985,192.8097991943,41181800
2024-06-07T04:00:00.000Z,192.9783435685,195.248685565,192.4727288845,195.1991119385,53103900
2024-06-10T04:00:00.000Z,195.2090230879,195.6055969774,190.499815935,191.4614868164,97010200
2024-06-11T04:00:00.000Z,191.9869251216,205.3809107401,191.9671077739,205.3709869385,172373300
2024-06-12T04:00:00.000Z,205.5890679852,218.3088836809,205.1231032112,211.2401275635,198134300
2024-06-13T04:00:00.000Z,212.8957760921,214.8885083708,209.7827436348,212.4000701904,97862700
2024-06-14T04:00:00.000Z,212.0134514718,213.3221073788,209.4853479748,210.6651306152,70122700
2024-06-17T04:00:00.000Z,211.537572018,217.069652752,210.893160274,214.8092346191,93728300
2024-06-18T04:00:00.000Z,215.7213237331,216.7524006382,211.1707464887,212.4496612549,79943300
2024-06-20T04:00:00.000Z,212.0927581272,212.4001085491,207.0563985692,207.8792572021,86172500
2024-06-21T04:00:00.000Z,208.5831574222,210.0702753319,205.3313274696,205.7080688477,241805100
2024-06-24T04:00:00.000Z,205.936086833,210.8733139972,204.8157865139,206.3524780273,80727000
2024-06-25T04:00:00.000Z,207.3538205242,209.5646802484,206.8184646829,207.274520874,55549700
2024-06-26T04:00:00.000Z,209.6836386141,213.0147835489,208.8310236865,211.4186096191,66213200
2024-06-27T04:00:00.000Z,212.8462361886,213.8872217726,210.5263358321,212.2613067627,49772700
2024-06-28T04:00:00.000Z,213.9169372872,214.2143638652,208.4939133037,208.8111572266,82542700
2024-07-01T04:00:00.000Z,210.2685662797,215.6420174745,210.100028056,214.8885498047,60402900
2024-07-02T04:00:00.000Z,214.2936687248,218.4873518088,213.252698368,218.3782958984,58046200
2024-07-03T04:00:00.000Z,218.1106320389,219.6473236084,217.1489612238,219.6473236084,37369800
2024-07-05T04:00:00.000Z,219.7464546905,224.5052351198,219.7464546905,224.3961791992,60412400
2024-07-08T04:00:00.000Z,225.1397379927,225.8932207628,221.3327197032,225.8634796143,59085900
2024-07-09T04:00:00.000Z,225.9725055333,227.4298822264,224.4259054005,226.7160644531,48076100
2024-07-10T04:00:00.000Z,227.3307526887,231.0782884769,227.281179068,230.9791412354,62627700
2024-07-11T04:00:00.000Z,229.4028014783,230.3942133893,223.8310713794,225.6156158447,64710600
2024-07-12T04:00:00.000Z,226.9540218515,230.6420755169,226.7160775374,228.5601043701,53046500
2024-07-15T04:00:00.000Z,234.4491016317,235.1926606194,231.0882156126,232.3869628906,62631300
2024-07-16T04:00:00.000Z,232.981806874,234.2409042788,230.3347387984,232.8033599854,43234300
2024-07-17T04:00:00.000Z,227.4794646102,229.4722122739,224.6935995037,226.9143676758,57345900
2024-07-18T04:00:00.000Z,228.3023493485,228.4609788958,220.3611448415,222.2547302246,66034600
2024-07-19T04:00:00.000Z,222.8892204259,224.8522116623,221.3624376982,222.3835906982,49151500
2024-07-22T04:00:00.000Z,225.0603998923,225.8237912569,221.1740672337,222.036605835,48201800
2024-07-23T04:00:00.000Z,222.4430879179,224.9910238167,220.7675993507,223.0775909424,39960300
2024-07-24T04:00:00.000Z,222.076278168,222.8694107584,215.2652828704,216.6631622314,61777600
2024-07-25T04:00:00.000Z,217.0498282561,218.9533526643,212.7768448314,215.6222076416,51391200
2024-07-26T04:00:00.000Z,216.8218004784,217.6050244267,214.154899789,216.0881652832,41601300
2024-07-29T04:00:00.000Z,215.0967622353,217.4166627716,213.8971470141,216.3657684326,36311800
2024-07-30T04:00:00.000Z,217.3075789949,218.4377879673,214.2639371696,216.9209289551,41643800
2024-07-31T04:00:00.000Z,219.5382722038,221.8978375671,218.735230917,220.1727752686,50036300
2024-08-01T04:00:00.000Z,222.4430909757,222.5521468936,215.1562223314,216.4847106934,62501000
2024-08-02T04:00:00.000Z,217.2679079241,223.6625266662,215.8402875211,217.9718170166,105568600
2024-08-05T04:00:00.000Z,197.3802115476,211.6664621054,194.3167520968,207.4727935791,119548600
2024-08-06T04:00:00.000Z,203.536869131,208.1865934318,199.3432009672,205.4502868652,69660500
2024-08-07T04:00:00.000Z,205.1231451934,211.8052677945,204.6175304986,208.018081665,63516400
2024-08-08T04:00:00.000Z,211.2798090072,212.3604444416,207.036566916,211.4780883789,47161100
2024-08-09T04:00:00.000Z,210.2784745624,214.9182750928,210.1495861717,214.3829193115,42201600
2024-08-12T04:00:00.000Z,214.4623249495,217.8767166928,213.9958208022,215.9114532471,38028100
2024-08-13T04:00:00.000Z,217.3804478338,220.2390240033,217.3804478338,219.6236419678,44155300
2024-08-14T04:00:00.000Z,218.9288598552,221.3705477848,218.0653227769,220.0702972412,41960600
2024-08-15T04:00:00.000Z,222.9288560878,223.6732756672,221.1025352094,223.047958374,46414000
2024-08-16T04:00:00.000Z,222.2539159801,225.1422676892,221.9859206809,224.3680725098,44340200
2024-08-19T04:00:00.000Z,224.0405409873,224.3085363043,221.3804735398,224.209274292,40687800
2024-08-20T04:00:00.000Z,224.090161662,225.4797388983,223.7725353535,224.8246459961,30299000
2024-08-21T04:00:00.000Z,224.8345868016,226.28371522,223.375523095,224.7154693604,34765500
2024-08-22T04:00:00.000Z,226.0951288772,226.6410396482,222.2340729078,222.8593902588,43695300
2024-08-23T04:00:00.000Z,223.9809630538,226.5219127537,222.6608572036,225.1521759033,38677300
2024-08-26T04:00:00.000Z,225.0727813784,225.5889165467,222.2241405281,225.489654541,30602200
2024-08-27T04:00:00.000Z,224.3184489153,227.1472495725,223.2167072551,226.3333435059,35934600
2024-08-28T04:00:00.000Z,226.2241470492,228.1497147971,224.0008084385,224.8047943115,38052200
2024-08-29T04:00:00.000Z,228.387967425,231.1869775897,227.1770435151,228.0802612305,51906300
2024-08-30T04:00:00.000Z,228.477275557,228.6857045724,225.7874326266,227.2961273193,52990800
2024-09-03T04:00:00.000Z,226.8494649336,227.2961136563,219.5243713588,221.1124725342,50190600
2024-09-04T04:00:00.000Z,220.0107426231,220.1298449168,215.8618360335,219.2067718506,43840200
2024-09-05T04:00:00.000Z,219.9809679445,223.8023129517,219.8717857931,220.7253875732,36615400
2024-09-06T04:00:00.000Z,222.2836874978,223.5640976794,218.1347962348,219.1769866943,48423000
2024-09-09T04:00:00.000Z,219.1770154351,219.6236642205,215.0975949236,219.2663421631,67180000
2024-09-10T04:00:00.000Z,217.2911113615,219.8320611114,215.1174037589,218.4722595215,51591000
2024-09-11T04:00:00.000Z,219.8122275599,221.4300892021,216.2687829714,221.0032958984,44587100
2024-09-12T04:00:00.000Z,220.8444772425,221.8866676922,218.1844251908,221.1124725342,37455600
2024-09-13T04:00:00.000Z,221.9164484686,222.3730173442,220.2588759685,220.8444824219,36766600
2024-09-16T04:00:00.000Z,214.9288441684,215.6037925564,212.3283429228,214.7104949951,59357400
2024-09-17T04:00:00.000Z,214.1447161998,215.2861535884,212.9040168012,215.1769714355,45519300
2024-09-18T04:00:00.000Z,215.9313221513,221.0529328037,215.9213868634,219.047958374,59894900
2024-09-19T04:00:00.000Z,223.31597825,228.1100426862,222.9586562067,227.167098999,66781300
2024-09-20T04:00:00.000Z,228.2589097535,231.3556905515,225.9263888671,226.5020751953,318679900
2024-09-23T04:00:00.000Z,225.6484645126,227.7427655838,224.129849747,224.784942627,54146000
2024-09-24T04:00:00.000Z,226.9487281476,227.6435319276,224.0504561671,225.6782531738,43556100
2024-09-25T04:00:00.000Z,223.2563961324,225.5988371065,222.3531785178,224.6856842041,42308700
2024-09-26T04:00:00.000Z,225.6087688853,226.7998372114,223.7328321067,225.8271331787,36636700
2024-09-27T04:00:00.000Z,226.7601361844,227.8122467669,225.6087635999,226.0951080322,34026000
2024-09-30T04:00:00.000Z,228.3283897801,231.2663726807,227.9412921656,231.2663726807,54541900
2024-10-01T04:00:00.000Z,227.8122554324,227.9412778657,222.0752628662,224.5268859863,63285000
2024-10-02T04:00:00.000Z,224.209273982,225.6782578612,221.3606329475,225.0926513672,32880600
2024-10-03T04:00:00.000Z,223.4648199802,225.1223923405,221.6583697698,223.9908752441,34044200
2024-10-04T04:00:00.000Z,226.2043094409,226.3035714514,222.4623709403,225.1125030518,37245100
2024-10-07T04:00:00.000Z,222.8296172342,224.0107655127,219.6832053027,220.0405273438,39505400
2024-10-08T04:00:00.000Z,222.6311004973,224.2985931997,221.5889099857,224.0901641846,31855700
2024-10-09T04:00:00.000Z,223.5541783987,228.0405517089,223.1571606453,227.8321075439,33591100
2024-10-10T04:00:00.000Z,226.0852111187,227.7924147414,225.4797491926,227.3358306885,28183500
2024-10-11T04:00:00.000Z,227.5938974683,227.7030796196,225.6484741751,225.856918335,31759200
2024-10-14T04:00:00.000Z,226.998349312,230.0058033151,226.8991024515,229.5790100098,39882100
2024-10-15T04:00:00.000Z,231.8718266531,235.7229623804,230.6410474142,232.1100463867,64751400
2024-10-16T04:00:00.000Z,229.8767817439,230.3929017692,228.1298673652,230.0554351807,34082200
2024-10-17T04:00:00.000Z,231.6931586744,232.1100469956,228.8048220166,230.4226837158,32993800
2024-10-18T04:00:00.000Z,234.4226776954,234.4226776954,232.2688255608,233.2514648438,46431500
2024-10-21T04:00:00.000Z,232.705564474,235.0877162867,232.705564474,234.7204589844,36254500
2024-10-22T04:00:00.000Z,232.1497286972,234.4623940286,230.8693336732,234.1050720215,38846600
2024-10-23T04:00:00.000Z,232.3383191887,233.3904297885,226.0653361595,229.0430145264,52287000
2024-10-24T04:00:00.000Z,228.268824808,229.102586281,226.710514301,228.8544464111,31109500
2024-10-25T04:00:00.000Z,228.0306141765,231.4847168321,227.8618808869,229.6881866455,38802300
2024-10-28T04:00:00.000Z,231.5839691706,232.9834664305,230.819694183,231.6633605957,36087100
2024-10-29T04:00:00.000Z,231.3656149531,232.5864588418,230.5914197901,231.9313659668,35417200
2024-10-30T04:00:00.000Z,230.8792582634,231.732860011,227.8420287171,228.3879394531,47070900
2024-10-31T04:00:00.000Z,227.6335823879,228.1199419744,223.6931201293,224.2291107178,64370100
2024-11-01T04:00:00.000Z,219.3258665378,223.6732818478,218.6310779403,221.2514343262,65276700
2024-11-04T05:00:00.000Z,219.3457392072,221.1323342712,218.0752642018,220.3581390381,44944500
2024-11-05T05:00:00.000Z,220.1496974538,222.2836942948,219.4946045569,221.7874145508,28111300
2024-11-06T05:00:00.000Z,220.9536535511,224.3879158154,219.5442209892,221.0628356934,54561100
2024-11-07T05:00:00.000Z,222.958659402,226.1844779806,222.8991082515,225.7874450684,42137700
2024-11-08T05:00:00.000Z,225.7278081034,227.2083542879,224.9726384261,225.5191497803,38328800
2024-11-11T05:00:00.000Z,223.5715733715,224.2671263452,220.0937933413,222.8064575195,42005600
2024-11-12T05:00:00.000Z,223.1244332572,224.1578240806,221.941985621,222.8064575195,40398300
2024-11-13T05:00:00.000Z,222.587872617,225.211112036,221.345808211,223.690826416,48566200
2024-11-14T05:00:00.000Z,223.591466884,227.417016098,223.5715896085,226.7711486816,44923900
2024-11-15T05:00:00.000Z,224.9627003154,225.4794033564,222.8462328668,223.5715942383,47923700
2024-11-18T05:00:00.000Z,223.8200143989,228.2815153717,223.7405204545,226.5724334717,44633700
2024-11-19T05:00:00.000Z,225.5389996073,228.6988190707,225.2210390307,226.8307495117,36211800
2024-11-20T05:00:00.000Z,226.6121687359,228.4702922716,224.4559467045,227.5462036133,35169600
2024-11-21T05:00:00.000Z,227.4269900959,228.6988629703,224.2771162459,227.0692749023,42108300
2024-11-22T05:00:00.000Z,226.6121681842,229.2552849241,226.6121681842,228.4106750488,38168300
2024-11-25T05:00:00.000Z,229.9905949147,231.7692245217,228.2815130322,231.3916320801,90152800
2024-11-26T05:00:00.000Z,231.848705661,234.0744904731,231.848705661,233.5677185059,45986200
2024-11-27T05:00:00.000Z,232.9814664023,234.1937224348,232.3256527791,233.4385375977,33498400
2024-11-29T05:00:00.000Z,233.3193123906,236.3002669686,232.4846487477,235.8233184814,28481400
2024-12-02T05:00:00.000Z,235.7636909182,239.2613332115,235.654388649,238.0689544678,48137100
2024-12-03T05:00:00.000Z,238.28757608,241.2188451238,237.3833495295,241.1095428467,38861000
2024-12-04T05:00:00.000Z,241.3281287799,242.5602620667,239.7184182429,241.4672393799,44383900
2024-12-05T05:00:00.000Z,242.4410207944,242.9875169579,240.5928285058,241.4970397949,40033900
2024-12-06T05:00:00.000Z,241.3678874671,243.0769692456,240.5431549096,241.298324585,36870600
2024-12-09T05:00:00.000Z,240.2947387449,245.6703968798,240.2152448073,245.1835021973,44649200
2024-12-10T05:00:00.000Z,245.3226185701,246.6342458297,243.7824557106,246.1970367432,36914800
2024-12-11T05:00:00.000Z,246.3858398594,249.2078065635,244.6966201301,244.9251708984,45205800
2024-12-12T05:00:00.000Z,245.3226041597,247.160865394,244.1202792424,246.3858184814,32777500
2024-12-13T05:00:00.000Z,246.2467189998,247.707372738,244.6767478296,246.5547485352,33155300
2024-12-16T05:00:00.000Z,246.4156186153,249.7840962886,246.0777656128,249.4462432861,51694800
2024-12-17T05:00:00.000Z,248.4923643427,252.2185573988,248.1942658658,251.8707733154,51356400
2024-12-18T05:00:00.000Z,250.5591583936,252.6656946589,246.1672207142,246.4752502441,56774100
2024-12-19T05:00:00.000Z,245.9287379285,250.4001695272,245.5213371884,248.2041931152,60882300
2024-12-20T05:00:00.000Z,246.4652952461,253.3811159044,244.1302234712,252.8743591309,147495300
2024-12-23T05:00:00.000Z,253.1526035582,254.0270065911,251.840976266,253.6494293213,40858800
2024-12-24T05:00:00.000Z,253.8679891826,256.5707069089,253.6692467828,256.5607910156,23234700
2024-12-26T05:00:00.000Z,256.5508624981,258.4487403487,255.9944201289,257.375579834,27237100
2024-12-27T05:00:00.000Z,256.1931463081,257.0576485628,251.4534396916,253.967376709,42355300
2024-12-31T05:00:00.000Z,250.8373804173,251.6720440162,247.8464797782,248.8302001953,39480700
2025-01-02T05:00:00.000Z,247.3496463875,247.5185804753,240.2847991844,242.3019104004,55740700
2025-01-03T05:00:00.000Z,241.815032959,242.6298193159,240.354364021,241.815032959,40244100
2025-01-06T05:00:00.000Z,242.7589734384,245.7598049406,241.6560197674,243.4445953369,45045600
2025-01-07T05:00:00.000Z,241.4374334903,243.9911250835,239.8177918804,240.6723327637,40856000
2025-01-08T05:00:00.000Z,240.3841632667,242.1628078995,238.5260398583,241.1592102051,37628900
2025-01-10T05:00:00.000Z,238.4862864087,238.6353432279,231.5207949877,235.3463592529,61710900
2025-01-13T05:00:00.000Z,232.0474238351,233.180185891,228.261614205,232.911895752,49630700
2025-01-14T05:00:00.000Z,233.2596800887,234.6209777362,230.9941559743,231.7990112305,39435300
2025-01-15T05:00:00.000Z,233.1504034772,237.4429855318,232.9417299765,236.3598937988,39832000
2025-01-16T05:00:00.000Z,235.8432019589,236.4990004603,226.5823622155,226.8108978271,71759100
2025-01-17T05:00:00.000Z,230.646356613,230.8152755304,227.029466147,228.5199432373,68488300
2025-01-21T05:00:00.000Z,222.5779291046,222.9952609023,217.9872641686,221.2265625,98070400
2025-01-22T05:00:00.000Z,218.3946513844,222.6971640978,218.3946513844,222.4090118408,64126500
2025-01-23T05:00:00.000Z,223.3132578126,225.5887132215,220.888745572,222.2401123047,60234800
2025-01-24T05:00:00.000Z,223.3529798523,224.1975896803,220.0043791956,221.3656768799,54697900
2025-01-27T05:00:00.000Z,222.5978054025,230.6761815016,222.5580508532,228.4007263184,94863400
2025-01-28T05:00:00.000Z,229.3844597561,238.6651613262,229.3447052046,236.7474060059,75707600
2025-01-29T05:00:00.000Z,232.6336991918,238.3372646245,232.5243969133,237.8404388428,45486100
2025-01-30T05:00:00.000Z,237.1547951903,239.2613314608,235.7040725307,236.0816497803,55658300
2025-01-31T05:00:00.000Z,245.6207175077,245.6207175077,231.9580093384,234.5017547607,100959800
2025-02-03T05:00:00.000Z,228.529910338,230.3582254303,224.2671369795,226.5624694824,73063300
2025-02-04T05:00:00.000Z,225.8072985219,231.6499740681,225.2111015699,231.3220672607,45067300
2025-02-05T05:00:00.000Z,227.0791667095,231.1928831432,226.8208227884,230.9941558838,39620300
2025-02-06T05:00:00.000Z,229.8216550686,232.3157301056,228.9671141487,231.7394104004,29925300
2025-02-07T05:00:00.000Z,231.1233553967,232.5144614947,225.8172446242,226.1849060059,39707200
2025-02-10T05:00:00.000Z,228.3633671023,229.3779949636,226.00581371,226.4534454346,33115600
2025-02-11T05:00:00.000Z,227.0005723142,233.993621252,226.9309481287,231.3973388672,53718400
2025-02-12T05:00:00.000Z,229.9848183887,235.7145537579,229.4675472393,235.6250152588,45243300
2025-02-13T05:00:00.000Z,235.6648009555,241.0662535043,234.3318476594,240.2605133057,53614100
2025-02-14T05:00:00.000Z,239.9819935689,244.2593958682,239.7233655893,243.3143920898,40896200
2025-02-18T05:00:00.000Z,242.8667484777,243.8913336127,240.5688922005,243.1850738525,48822500
2025-02-19T05:00:00.000Z,243.374074293,244.7169696058,241.8819582709,243.5829620361,32204200
2025-02-20T05:00:00.000Z,243.6525813389,245.4829065325,243.0059886754,244.537902832,32316900
2025-02-21T05:00:00.000Z,244.6572756707,247.3828796048,243.9311168247,244.2593841553,53197400
2025-02-24T05:00:00.000Z,243.6426463844,247.5519982895,243.1353323967,245.8012542725,51326400
2025-02-25T05:00:00.000Z,246.6965075321,248.6859954961,243.6227522707,245.7415466309,48013300
2025-02-26T05:00:00.000Z,243.0457992566,243.6923767743,237.8731335793,239.0966644287,44433600
2025-02-27T05:00:00.000Z,238.1516908289,241.1856633978,235.8140361009,236.0527801514,41153600
2025-02-28T05:00:00.000Z,235.7045807654,240.8175641664,228.9900589648,240.5688781738,56833400
2025-03-03T05:00:00.000Z,240.5191629171,242.7473951067,234.8690238639,236.7789306641,47184000
2025-03-04T05:00:00.000Z,236.4605996662,238.8081960811,233.4465114234,234.6899414062,53798100
2025-03-05T05:00:00.000Z,234.1826359308,235.3067015333,228.0251680036,234.5009613037,47227600
2025-03-06T05:00:00.000Z,233.2077875712,236.6098102558,231.9345164558,234.0931091309,45170400
2025-03-07T05:00:00.000Z,233.8742832928,240.1013758236,233.5261167903,237.8134765625,46273600
2025-03-10T04:00:00.000Z,234.302012872,234.9187645202,223.0415178298,226.2843780518,72071200
2025-03-11T04:00:00.000Z,222.6336665979,224.6529958341,216.3070937419,219.6792755127,76137400
2025-03-12T04:00:00.000Z,218.9829485881,220.5844870721,213.7804415985,215.839553833,62547500
2025-03-13T04:00:00.000Z,214.8149604096,215.7002819486,207.3245394208,208.577911377,61368300
2025-03-14T04:00:00.000Z,210.1396726111,212.8254784088,208.4784519319,212.3679046631,60107600
2025-03-17T04:00:00.000Z,212.1888530517,214.0888178496,208.8664115335,212.8752288818,48073400
2025-03-18T04:00:00.000Z,213.0343879953,214.0191748841,210.3784232206,211.5721130371,42432400
2025-03-19T04:00:00.000Z,213.0940452987,217.6101760496,212.6265144387,214.1086883545,54385400
2025-03-20T04:00:00.000Z,212.8652784783,216.3468825512,211.1045773115,212.9747009277,48862900
2025-03-21T04:00:00.000Z,210.4480334493,217.6897683911,210.1695063498,217.1227722168,94127800
2025-03-24T04:00:00.000Z,219.8384398857,220.3159127902,217.4311610532,219.5698547363,44299500
2025-03-25T04:00:00.000Z,219.609641678,222.922141088,218.9232658752,222.5739746094,34493600
2025-03-26T04:00:00.000Z,222.335235315,223.8373085324,219.3112201066,220.3656463623,34466100
2025-03-27T04:00:00.000Z,220.2263848697,223.8074695252,219.4007454859,222.6734619141,37094800
2025-03-28T04:00:00.000Z,220.5048886325,222.6336400693,216.5358548247,216.754699707,39818600
2025-03-31T04:00:00.000Z,215.8693941955,224.4341408101,215.0934950746,220.9624938965,65299300
2025-04-01T04:00:00.000Z,218.6546823259,222.5043368564,217.7494616177,222.0169219971,36412700
2025-04-02T04:00:00.000Z,220.1567723815,224.0064272068,219.8583461146,222.7132568359,35905900
2025-04-03T04:00:00.000Z,204.4596791341,206.3994421154,200.1922339681,202.1220397949,103419000
2025-04-04T04:00:00.000Z,192.870911229,198.8294331815,186.3553350718,187.3898773193,125910900
2025-04-07T04:00:00.000Z,176.2686368744,193.1295449362,173.7021954877,180.5062561035,160466300
2025-04-08T04:00:00.000Z,185.7187069284,189.339574582,168.320643599,171.5137634277,120859500
2025-04-09T04:00:00.000Z,171.04623198,199.5555993655,170.9865497671,197.8048553467,184395900
2025-04-10T04:00:00.000Z,188.0762332828,193.7562123559,182.038130626,189.419128418,121880000
2025-04-11T04:00:00.000Z,185.1218816004,198.4912294474,185.0820833367,197.1085357666,87435900
2025-04-14T04:00:00.000Z,210.3286654544,211.8207813953,200.1026987539,201.4555511475,101352900
2025-04-15T04:00:00.000Z,200.7990180691,202.4403395456,198.7498479228,201.077545166,51343900
2025-04-16T04:00:00.000Z,197.3174002683,199.6450973474,191.3588788533,193.2489013672,59732400
2025-04-17T04:00:00.000Z,196.1635165282,197.7849541282,193.3981293836,195.9446716309,52164700
2025-04-21T04:00:00.000Z,192.2541520471,192.7813650841,188.8123315776,192.1447296143,46742500
2025-04-22T04:00:00.000Z,195.0891867181,200.5304375649,194.9399811909,198.6901702881,52976400
2025-04-23T04:00:00.000Z,204.9172632087,206.9067512011,201.7340854567,203.5246276855,52929200
2025-04-24T04:00:00.000Z,203.8130907773,207.7323844356,201.8733430775,207.2747955322,47311000
2025-04-25T04:00:00.000Z,205.2853145093,208.6475540878,205.1162098506,208.1800231934,38222300
2025-04-28T04:00:00.000Z,208.8962436469,210.3883596729,206.3696005213,209.0355072021,38743100
2025-04-29T04:00:00.000Z,207.5931400144,211.124484458,207.2748146299,210.099899292,36827600
2025-04-30T04:00:00.000Z,208.1999095873,212.4574124344,205.5837281691,211.3830871582,52286500
2025-05-01T04:00:00.000Z,207.9810715961,213.4322643155,207.8020097882,212.1987915039,57365700
2025-05-02T04:00:00.000Z,205.0068070935,205.902085887,201.0974700821,204.2707061768,101010600
2025-05-05T04:00:00.000Z,202.0325139592,203.0272579665,197.1682163705,197.8446350098,69018500
2025-05-06T04:00:00.000Z,197.1682179666,199.5953806141,195.9844701597,197.4666290283,51216500
2025-05-07T04:00:00.000Z,198.1231719422,198.3917570875,192.2342889482,195.2185211182,68536700
2025-05-08T04:00:00.000Z,196.6807979936,198.9985534894,193.6567675322,196.4520111084,50478900
2025-05-09T04:00:00.000Z,197.9540726817,199.4859718922,196.5017396408,197.486541748,36453900
2025-05-12T04:00:00.000Z,210.1363431334,210.4351607087,205.9330174501,209.9570465088,63775800
2025-05-13T04:00:00.000Z,209.5984864444,212.5567518166,208.1741443311,212.0886077881,51909300
2025-05-14T04:00:00.000Z,211.5905777876,213.0946207655,209.7478971623,211.4909820557,49325800
2025-05-15T04:00:00.000Z,210.1164319176,212.1184991666,208.711999859,210.6144561768,45029500
2025-05-16T04:00:00.000Z,211.5208608495,211.7300377226,208.9410988726,210.425201416,54737900
2025-05-19T04:00:00.000Z,207.0884445112,208.652232732,203.4528584157,207.9550018311,46140500
2025-05-20T04:00:00.000Z,206.8493841099,207.6462259262,204.2198167549,206.0425872803,42496600
2025-05-21T04:00:00.000Z,204.3592586621,206.2218644001,199.9168910863,201.2914276123,59211800
2025-05-22T04:00:00.000Z,199.9169055946,201.9488378927,198.9108868601,200.5643310547,46742400
2025-05-23T04:00:00.000Z,192.9046989896,196.9187729752,192.695537329,194.4983825684,78432900
2025-05-27T04:00:00.000Z,197.5164128108,199.9467734869,196.649840315,199.4188690186,56288500
2025-05-28T04:00:00.000Z,199.7973629185,201.9289060787,199.1100870288,199.628036499,45339700
2025-05-29T04:00:00.000Z,202.7755422753,203.0046291599,197.7255694133,199.1598815918,51396800
2025-05-30T04:00:00.000Z,198.5821728137,201.1619498266,196.0024109992,200.0563354492,70819900
2025-06-02T04:00:00.000Z,199.4885672336,201.3312628058,199.329195846,200.9029541016,35423300
2025-06-03T04:00:00.000Z,200.5543703317,202.9648058632,200.165912027,202.4667816162,46381600
2025-06-04T04:00:00.000Z,202.1081954007,205.4250385756,201.3013985849,202.0185546875,43604000
2025-06-05T04:00:00.000Z,202.6958581473,203.9409187011,199.3590897839,199.8372039795,55126100
2025-06-06T04:00:00.000Z,202.1978340331,204.8871617909,201.2515910515,203.1141967773,46607700
2025-06-09T04:00:00.000Z,203.5823306328,205.1859691551,199.2296040148,200.6539459229,72862600
2025-06-10T04:00:00.000Z,199.8073282052,203.5425099498,199.7774479671,201.869140625,54672600
2025-06-11T04:00:00.000Z,202.6958566684,203.6919051041,197.6259737782,197.9945068359,60989900
2025-06-12T04:00:00.000Z,198.2933360998,198.8909560774,196.5801314735,198.4128570557,43904600
2025-06-13T04:00:00.000Z,198.9407746332,199.5782451036,194.9267001523,195.6737365723,51447300
2025-06-16T04:00:00.000Z,196.5203711009,197.904877901,195.7832897431,197.6359405518,43020700
2025-06-17T04:00:00.000Z,196.4207613302,197.606061478,194.4386345405,194.8669281006,38856200
2025-06-18T04:00:00.000Z,195.1657369933,196.7893008408,194.2991796996,195.8032073975,45394700
2025-06-20T04:00:00.000Z,197.4566611093,200.9029804255,196.0821093088,200.2057495117,96813500
2025-06-23T04:00:00.000Z,200.8332417646,201.5005923622,198.1737943868,200.7037506104,55814300
2025-06-24T04:00:00.000Z,201.7894587455,202.6361060364,199.4089034765,199.5085144043,54064000
2025-06-25T04:00:00.000Z,200.6539686022,202.8651975026,199.827246518,200.7635345459,39525700
2025-06-26T04:00:00.000Z,200.6340430736,201.839268452,198.6718415013,200.2057495117,50799100
2025-06-27T04:00:00.000Z,201.0922277482,202.4169740552,199.2096967221,200.2854309082,73188600
2025-06-30T04:00:00.000Z,201.2117362683,206.5704816425,198.4726031077,204.3592529297,91912800
2025-07-01T04:00:00.000Z,205.8533449024,209.359439933,205.325440405,206.9988098145,78788900
2025-07-02T04:00:00.000Z,208.0844902652,212.496977708,207.317528685,211.6005401611,67941800
2025-07-03T04:00:00.000Z,211.3116693128,213.8017903992,210.9730164926,212.7061462402,34955800
2025-07-07T04:00:00.000Z,211.839584698,215.3755598628,207.9749269075,209.1203765869,50229000
2025-07-08T04:00:00.000Z,209.2697859164,210.5945169834,207.626296851,209.1801300049,42848900
2025-07-09T04:00:00.000Z,208.7020103462,210.4949004227,206.4011410808,210.3056488037,48749400
2025-07-10T04:00:00.000Z,209.6781622017,212.6364274335,209.2000631819,211.5706634521,44443600
2025-07-11T04:00:00.000Z,209.7379271096,211.2917602428,209.0307260305,210.325592041,39765800
2025-07-14T04:00:00.000Z,209.1004294687,210.0765678257,206.7198744445,207.7956085205,38840100
2025-07-15T04:00:00.000Z,208.3932573434,211.0527048736,208.0944397695,208.2836914062,42296300
2025-07-16T04:00:00.000Z,209.4689902412,211.5606828488,207.8155461811,209.3295440674,47490500
2025-07-17T04:00:00.000Z,209.7379236663,210.9630589707,208.7617852692,209.1900939941,48068100
2025-07-18T04:00:00.000Z,210.0367321724,210.9530949243,208.8713573076,210.3455047607,48974600
2025-07-21T04:00:00.000Z,211.2618927646,214.9273439465,210.7937487541,211.6403808594,51377400
2025-07-22T04:00:00.000Z,212.2977645843,214.1006098348,211.3913568534,213.5527801514,46404100
2025-07-23T04:00:00.000Z,214.1504192444,214.2998204343,211.5706573765,213.3037719727,46989300
2025-07-24T04:00:00.000Z,213.0547598974,214.8376951552,212.6862268301,212.9153137207,46022600
2025-07-25T04:00:00.000Z,213.851587597,214.389462242,212.5567216424,213.0348358154,40268800
2025-07-28T04:00:00.000Z,213.1842678888,214.0010349873,212.2180995888,213.2041931152,37858000
2025-07-29T04:00:00.000Z,213.3336549144,213.9611703167,209.9869466316,210.4351654053,51411700
2025-07-30T04:00:00.000Z,211.0626515732,211.5507207645,206.899176523,208.2239227295,45512500
2025-07-31T04:00:00.000Z,207.6661491374,209.0108054409,206.3414028602,206.749786377,80698400
2025-08-01T04:00:00.000Z,210.0367334275,212.7360314354,200.7037642417,201.580291748,104434500
2025-08-04T04:00:00.000Z,203.7018676902,207.0585613784,200.8830486885,202.5464630127,75109300
2025-08-05T04:00:00.000Z,202.596263097,204.5285996596,201.361172658,202.1181640625,44155100
2025-08-06T04:00:00.000Z,204.8174489981,214.5289214501,204.7775985487,212.407333374,108483100
2025-08-07T04:00:00.000Z,218.0150880896,219.9773047383,215.7241736307,219.1605377197,90224800
2025-08-08T04:00:00.000Z,219.9573735658,230.0871841344,218.3836152445,228.4437103271,113854000
2025-08-11T04:00:00.000Z,227.2770108741,228.9123836458,224.1259219287,226.5390930176,61806100
2025-08-12T04:00:00.000Z,227.3667482366,230.1488857994,226.4294128818,229.0021209717,55626200
2025-08-13T04:00:00.000Z,230.4181341092,234.3370398551,229.7799250105,232.6717529297,69878500
2025-08-14T04:00:00.000Z,233.3996940665,234.4567012803,230.1987582749,232.1233062744,51916300
2025-08-15T04:00:00.000Z,233.3398501807,233.6190590406,228.6929931022,230.9366455078,56038700
2025-08-18T04:00:00.000Z,231.0463446647,232.4623368558,229.4608338889,230.2386322021,37476200
2025-08-19T04:00:00.000Z,230.6275311713,232.2130419457,228.7029832279,229.9095611572,39402600
2025-08-20T04:00:00.000Z,229.331192075,229.8198151986,225.1330775565,225.3723907471,42263900
2025-08-21T04:00:00.000Z,225.6316635652,225.8809582787,223.148682741,224.2655181885,30621200
2025-08-22T04:00:00.000Z,225.5319361971,228.4436965812,224.7740857571,227.1174468994,42477800
2025-08-25T04:00:00.000Z,225.8410602544,228.6531118971,225.5917655435,226.5191497803,30983100
2025-08-26T04:00:00.000Z,226.2299670422,228.8425860476,224.056124393,228.6630859375,54575100
2025-08-27T04:00:00.000Z,227.9650662769,230.2485992363,227.6160475797,229.8397674561,31259500
2025-08-28T04:00:00.000Z,230.1688490554,232.751538845,228.6930132764,231.9039306641,38074700
2025-08-29T04:00:00.000Z,231.8540587429,232.7216147258,230.7172754145,231.4851074219,39418400
2025-09-02T04:00:00.000Z,228.6032698757,230.1987622512,226.3297031309,229.0719451904,44075600
2025-09-03T04:00:00.000Z,236.5408165177,238.1761893255,233.6988505309,237.7972564697,66427800
2025-09-04T04:00:00.000Z,237.777281257,239.2231874705,236.0721140339,239.1035308838,47549400
2025-09-05T04:00:00.000Z,239.3229322237,240.6392156545,237.8171975861,239.0138092041,54870400
2025-09-08T04:00:00.000Z,238.6249155623,239.4725085041,235.6732593018,237.2089233398,48999500
2025-09-09T04:00:00.000Z,236.3314066305,238.1063839103,232.7016759305,233.6888885498,66313900
2025-09-10T04:00:00.000Z,231.5349673603,231.7643142431,225.3125656505,226.1501922607,83440800
2025-09-11T04:00:00.000Z,226.2399503373,229.7998710451,226.0105882383,229.3810577393,50208600
2025-09-12T04:00:00.000Z,228.5733592524,233.8484291826,228.3739265064,233.4096832275,55824200
2025-09-15T04:00:00.000Z,236.3313985335,237.5180438551,234.3669548896,236.0322418213,42699500
2025-09-16T04:00:00.000Z,236.5108846619,240.5394959466,235.6533254133,237.4781494141,63421100
2025-09-17T04:00:00.000Z,238.2958480596,239.4226651098,237.0593407194,238.3157958984,46508000
2025-09-18T04:00:00.000Z,239.2930236043,240.5195493999,235.9823823285,237.2089233398,44249600
2025-09-19T04:00:00.000Z,240.5494606794,245.6051649827,239.5323491614,244.8074188232,163741300
2025-09-22T04:00:00.000Z,247.5995237987,255.9160073848,247.4200236846,255.3575592041,105517400
2025-09-23T04:00:00.000Z,255.158156156,256.6140289111,252.8646415138,253.7122344971,60275200
2025-09-24T04:00:00.000Z,254.4999843794,255.0185216359,250.3317689223,251.5981903076,42303700
2025-09-25T04:00:00.000Z,252.4956617031,256.444496619,250.9998934376,256.145324707,55202100
2025-09-26T04:00:00.000Z,253.3831549864,256.8732810043,253.0640504469,254.7393188477,46076300
2025-09-29T04:00:00.000Z,253.8418726304,254.2806338056,252.2962422053,253.7122344971,40127700
2025-09-30T04:00:00.000Z,254.1410137555,255.1980209496,252.3959506895,253.9116668701,37704300
2025-10-01T04:00:00.000Z,254.3204926106,258.0599285933,254.2108023262,254.7293395996,48713900
2025-10-02T04:00:00.000Z,255.8561354255,257.4516276686,253.4329981285,256.4046020508,42630200
2025-10-03T04:00:00.000Z,253.9515436207,258.5086431915,253.2335736096,257.2920837402,49155600
2025-10-06T04:00:00.000Z,257.262155874,258.3391260489,254.3304629034,255.9658355713,44664100
2025-10-07T04:00:00.000Z,256.0855101139,256.6738420114,254.709398367,255.7564544678,31955800
2025-10-08T04:00:00.000Z,255.7963366087,257.7906945345,255.3874895822,257.3320007324,36496900
2025-10-09T04:00:00.000Z,257.0826716713,257.2721380835,252.4258483621,253.3233032227,38322000
2025-10-10T04:00:00.000Z,254.2207976036,255.6567376903,243.3116577283,244.5780792236,61999100
2025-10-13T04:00:00.000Z,248.676483183,248.9856062127,244.8672524166,246.9613342285,38142900
2025-10-14T04:00:00.000Z,245.9043169451,248.1479694164,244.009667951,247.0710144043,35478000
2025-10-15T04:00:00.000Z,248.7861673842,251.1095960298,246.7718617608,248.6365814209,33893600
2025-10-16T04:00:00.000Z,247.5496534846,248.3374180938,244.4384602917,246.7519073486,39777000
2025-10-17T04:00:00.000Z,247.3203043074,252.6651835881,246.5724201648,251.5782470703,49147000
2025-10-20T04:00:00.000Z,255.1681062657,263.6341605431,254.9088452313,261.5001831055,90483000
2025-10-21T04:00:00.000Z,261.1412131338,264.5415968077,261.0913359303,262.0286865234,46695900
2025-10-22T04:00:00.000Z,261.9090191461,262.1084670889,254.7093866241,257.7208862305,45015300
2025-10-23T04:00:00.000Z,259.2066564378,259.8847307097,257.2821086817,258.84765625,32754900
2025-10-24T04:00:00.000Z,260.4531458541,263.384854103,258.4488066307,262.0785522461,38253700
2025-10-27T04:00:00.000Z,264.1327302894,268.3607587414,263.9033682058,268.0516357422,44888200
2025-10-28T04:00:00.000Z,268.2311073414,269.1285925787,267.3934808272,268.2410888672,41534800
2025-10-29T04:00:00.000Z,268.5203194425,270.6443152615,266.3564279487,268.9391479492,51086700
2025-10-30T04:00:00.000Z,271.2226702586,273.3666291675,267.7225931293,270.6343383789,69886500
2025-10-31T04:00:00.000Z,276.2085578376,276.5376438973,268.400660891,269.6072387695,86167100
2025-11-03T05:00:00.000Z,269.6571458354,270.0859254815,265.4988962119,268.2909851074,50194600
2025-11-04T05:00:00.000Z,267.5730004153,270.724089386,266.8650119182,269.2781982422,49274800
2025-11-05T05:00:00.000Z,267.8521863717,270.9334956838,266.1769332693,269.3778991699,43683100
2025-11-06T05:00:00.000Z,267.1342708756,272.6287059366,267.1342708756,269.0089416504,51204000
2025-11-07T05:00:00.000Z,269.0388504915,271.5218466038,266.0173996929,267.7126159668,48227400
2025-11-10T05:00:00.000Z,268.4611987768,273.2223721938,266.9639805624,268.9303283691,41312400
2025-11-11T05:00:00.000Z,269.3096487525,275.3983427074,269.2996575494,274.7395629883,46208300
2025-11-12T05:00:00.000Z,274.4900522427,275.2187095291,271.1961838002,272.962890625,48398000
2025-11-13T05:00:00.000Z,273.6016390736,276.1868626363,271.5853961982,272.4438171387,49602800
2025-11-14T05:00:00.000Z,270.5473523375,275.4482508823,269.100059496,271.9048461914,47431300
2025-11-17T05:00:00.000Z,268.3214829895,269.9883689311,265.2372170226,266.9639892578,45018300
2025-11-18T05:00:00.000Z,269.4892895623,270.2079555295,264.8279672087,266.9440307617,45677300
2025-11-19T05:00:00.000Z,265.0376012369,271.7052065667,265.0076580872,268.0619812012,40424500
2025-11-20T05:00:00.000Z,270.3277493784,274.9192250597,265.4268814706,265.7562561035,45823600
2025-11-21T05:00:00.000Z,265.456807109,272.8230952896,265.1773275883,270.9865112305,59030800
2025-11-24T05:00:00.000Z,270.3976451538,276.4863395908,270.3976451538,275.4083557129,65585800
2025-11-25T05:00:00.000Z,274.7595003319,279.8600396676,274.7395483879,276.4563598633,46914200
2025-11-26T05:00:00.000Z,276.4464065685,279.0116481613,276.1170319118,277.0353088379,33431400
2025-11-28T05:00:00.000Z,276.7458380127,278.4826014787,275.4781737009,278.3328857422,20135600
2025-12-01T05:00:00.000Z,277.4944549965,282.8944260947,275.6279276857,282.575012207,46587700
2025-12-02T05:00:00.000Z,282.4751845674,286.8670188007,282.1058755956,285.6592712402,53669500
2025-12-03T05:00:00.000Z,285.6692634925,288.0847586223,282.7746170805,283.623046875,43538700
2025-12-04T05:00:00.000Z,283.5731318379,284.2019683527,278.0733405949,280.1794433594,43989100
2025-12-05T05:00:00.000Z,280.0197463109,280.6186397014,277.5343433094,278.2630004883,47265800
2025-12-08T05:00:00.000Z,277.6142094763,279.151362057,275.6378704439,277.3746643066,38211800
2025-12-09T05:00:00.000Z,277.6441787437,279.5107061083,276.4064879696,276.6659851074,32193300
2025-12-10T05:00:00.000Z,277.2349118446,279.231202839,275.9273436802,278.2630004883,33038300
2025-12-11T05:00:00.000Z,278.5824273393,279.0715089082,273.302228884,277.5144042969,33248000
2025-12-12T05:00:00.000Z,277.3846158689,278.7021751803,276.3066321803,277.7639160156,39532900
2025-12-15T05:00:00.000Z,279.6304615267,279.6304615267,272.3340202074,273.6016540527,50409100
2025-12-16T05:00:00.000Z,272.3140798989,274.989102698,271.2859911871,274.1007385254,37648600
2025-12-17T05:00:00.000Z,274.500011189,275.6478724531,271.136265636,271.3358764648,50138700
2025-12-18T05:00:00.000Z,273.1025913325,273.1225737387,266.4549687261,271.6852416992,51630700
2025-12-19T05:00:00.000Z,271.6453053723,274.0907741545,269.3994778845,273.1625061035,144632000
2025-12-22T05:00:00.000Z,272.3539780143,273.3721059623,270.008360359,270.4674987793,36571800
2025-12-23T05:00:00.000Z,270.3377490963,271.9946744381,269.060123954,271.8549194336,29642000
2025-12-24T05:00:00.000Z,271.8349404799,274.9192064045,271.6952159503,273.3022155762,17910600
2025-12-26T05:00:00.000Z,273.6516057869,274.8593534534,272.3539982093,272.8930053711,21521800
2025-12-29T05:00:00.000Z,272.1843267483,273.8512128462,271.8449608988,273.2523498535,23715200
2025-12-30T05:00:00.000Z,272.3040590565,273.571692818,271.7750431839,272.5735473633,22139600
2025-12-31T05:00:00.000Z,272.5536218069,273.172467175,271.2460535716,271.3558349609,27293600
2026-01-02T05:00:00.000Z,271.7551282775,277.3247672709,268.5011639042,270.5074462891,37838100
2026-01-05T05:00:00.000Z,270.1381413175,271.0065231206,265.6464860924,266.7644042969,45647200
2026-01-06T05:00:00.000Z,266.5048844878,267.0538524025,261.6339289163,261.8734741211,52352100
2026-01-07T05:00:00.000Z,262.711932445,263.191022835,259.3282042611,259.8472290039,48309800
2026-01-08T05:00:00.000Z,256.5433578452,258.8091677347,255.2258136413,258.5596313477,50419300
2026-01-09T05:00:00.000Z,258.5995368285,259.7274461787,255.7448551642,258.8890075684,39997000
2026-01-12T05:00:00.000Z,258.6793895701,260.815405085,256.3237503674,259.767364502,45263800
2026-01-13T05:00:00.000Z,258.2402216885,261.3244878278,257.910847055,260.5658874512,45730800
2026-01-14T05:00:00.000Z,259.0087756526,261.334471812,256.2339322781,259.4779052734,40019400
2026-01-15T05:00:00.000Z,260.1666483912,260.5559398022,256.5733180859,257.7311706543,39388600
2026-01-16T05:00:00.000Z,257.4217218192,258.4198673326,254.4572284259,255.0561218262,72142800
2026-01-20T05:00:00.000Z,252.2613244754,254.3175019032,242.9685916985,246.2425079346,80267500
2026-01-21T05:00:00.000Z,248.2388060413,251.0935030477,244.7253292878,247.1907501221,54641700
2026-01-22T05:00:00.000Z,248.7378646409,250.5345296527,247.6898087816,247.8894500732,39708300
2026-01-23T05:00:00.000Z,246.8613663013,248.9474868587,244.2262474114,247.5800170898,41689000
2026-01-26T05:00:00.000Z,251.0136507295,256.0842321952,249.3367734354,254.9363708496,55969200
2026-01-27T05:00:00.000Z,258.689401527,261.4642450011,257.7311598451,257.7910461426,49648300
2026-01-28T05:00:00.000Z,257.1721946067,258.3799421919,254.0380181921,255.9644470215,41288000
2026-01-29T05:00:00.000Z,257.5215458616,259.1684798883,253.9382070765,257.8010253906,67253000
2026-01-30T05:00:00.000Z,254.6968198516,261.4143357105,251.71235892,258.998840332,92443400
2026-02-02T05:00:00.000Z,259.5477742456,269.9883676907,258.7292876215,269.5092773438,73913400
2026-02-03T05:00:00.000Z,268.7008060966,271.375828978,267.1137277965,268.9802856445,64394700
2026-02-04T05:00:00.000Z,271.7850411493,278.4326936983,271.7850411493,275.9772338867,90545700
2026-02-05T05:00:00.000Z,277.6142303156,278.9816848632,272.723323149,275.3983459473,52977400
2026-02-06T05:00:00.000Z,276.6060720439,280.3890519627,276.4164219648,277.6042175293,50453400
2026-02-09T05:00:00.000Z,277.6541982367,277.94393984,271.4499228389,274.3672180176,44623400
2026-02-10T05:00:00.000Z,274.636978215,275.1165168614,272.6887609955,273.4280700684,34376900
2026-02-11T05:00:00.000Z,274.4471475312,279.9220836118,274.1973776592,275.2463989258,51931300
2026-02-12T05:00:00.000Z,275.3363333447,275.4662185663,259.9405136069,261.4891052246,81077200
2026-02-13T05:00:00.000Z,261.7688319831,261.9886306947,255.2148575966,255.5445556641,56290700
2026-02-17T05:00:00.000Z,257.8124646512,266.0449008431,255.3047804788,263.6371154785,58469100
2026-02-18T05:00:00.000Z,263.3573797784,266.5744172015,262.208444375,264.1066894531,34203300
2026-02-19T05:00:00.000Z,262.3582784782,264.2365527856,259.8106075015,260.3401184082,30845300
2026-02-20T05:00:00.000Z,258.7316346079,264.5063132392,257.9223826043,264.3364562988,42070500
2026-02-23T05:00:00.000Z,263.2474408171,269.1819753311,263.1375567099,265.934967041,37308200
2026-02-24T05:00:00.000Z,267.6134365762,274.63699516,267.4635807399,271.8895263672,47014600
2026-02-25T05:00:00.000Z,271.5298429675,274.6869380518,270.8005039088,273.9776000977,33714300
2026-02-26T05:00:00.000Z,274.6969199809,275.8558253671,270.5507156755,272.6987609863,32345100
2026-02-27T05:00:00.000Z,272.5588900216,272.5588900216,262.6480379442,263.9368286133,72366500
2026-03-02T05:00:00.000Z,262.1684472242,266.2846497598,259.9604901339,264.4763183594,41827900
2026-03-03T05:00:00.000Z,263.2374921623,265.3155642216,259.8905695548,263.507232666,38568900
2026-03-04T05:00:00.000Z,264.4063951364,265.9050144519,261.1793877236,262.2783508301,39803100
2026-03-05T05:00:00.000Z,260.5499547957,261.3192350447,257.0132047817,260.0504150391,49658600
2026-03-06T05:00:00.000Z,258.3919283392,258.5317836106,254.1358400382,257.2229919434,41120000
2026-03-09T04:00:00.000Z,255.4546321687,260.9095975388,253.446472677,259.6407775879,38218500
2026-03-10T04:00:00.000Z,257.4128391437,262.238410429,256.7135017546,260.5899047852,30590800
2026-03-11T04:00:00.000Z,260.8496568053,261.8887079977,259.3110658747,260.5699157715,26218900
2026-03-12T04:00:00.000Z,258.4219063384,258.7116479295,253.9460192158,255.5245666504,40794000
2026-03-13T04:00:00.000Z,255.24483747,256.094045935,249.2903319286,249.8897705078,36930000
2026-03-16T04:00:00.000Z,251.8779423542,253.6563027082,249.6499992581,252.5872955322,32074200
2026-03-17T04:00:00.000Z,252.7271669001,254.8951676704,251.9478708345,253.9959869385,32361600
2026-03-18T04:00:00.000Z,252.3974721129,254.705343439,248.7708084606,249.7099456787,35757900
2026-03-19T04:00:00.000Z,249.1704324139,251.5982036354,247.0723745164,248.7308502197,34864100
2026-03-20T04:00:00.000Z,247.751733457,248.9706116829,245.7735602891,247.7617340088,88331100
2026-03-23T04:00:00.000Z,253.7362273496,254.3656523266,250.0496214753,251.2585144043,40546100
2026-03-24T04:00:00.000Z,250.1195650926,254.5954370945,249.3202984239,251.4083709717,45152300
2026-03-25T04:00:00.000Z,253.8661151139,254.7652805945,251.3684162845,252.3874664307,28476700
2026-03-26T04:00:00.000Z,251.8879310412,256.7634441191,250.5391827967,252.6572265625,41796700
2026-03-27T04:00:00.000Z,253.6662802152,255.2548282142,247.8416601166,248.5709838867,47900000
2026-03-30T04:00:00.000Z,249.8398205753,250.6390719882,245.2840052007,246.4029846191,39446200
2026-03-31T04:00:00.000Z,247.6818040943,255.2448280306,246.8725521332,253.5563812256,49598100
2026-04-01T04:00:00.000Z,253.8461228128,255.9441806294,253.096813183,255.3946990967,40059400
2026-04-02T04:00:00.000Z,253.9660149622,255.8942463936,250.419279561,255.6844329834,31289400
2026-04-06T04:00:00.000Z,256.2738916739,261.9186847372,256.2239194053,258.6217041016,29329900
2026-04-07T04:00:00.000Z,255.9242178245,255.964189543,245.4738391611,253.2666625977,62148000
2026-04-08T04:00:00.000Z,258.2121146377,259.5109058204,256.2938685403,258.6616821289,41032800
2026-04-09T04:00:00.000Z,258.7615948994,260.8796385971,255.8342992321,260.250213623,28121600
2026-04-10T04:00:00.000Z,259.7406946341,261.9486517517,258.7815563793,260.240234375,31291500
2026-04-13T04:00:00.000Z,259.4909367114,259.9405042051,256.4237552438,258.9614257812,36234700
2026-04-14T04:00:00.000Z,259.0113626489,261.6888884149,256.9532613,258.5917358398,48370700
2026-04-15T04:00:00.000Z,257.9223766327,266.3146386359,257.5726926973,266.184753418,49913500
2026-04-16T04:00:00.000Z,266.5543959086,266.9140803797,261.0294875449,263.1575317383,43323100
2026-04-17T04:00:00.000Z,266.7142527536,272.0493335843,266.4744834321,269.981262207,61436200
2026-04-20T04:00:00.000Z,270.0811475625,274.0275237796,270.041206335,272.7986450195,36590200
2026-04-21T04:00:00.000Z,271.2500989181,272.5488901426,265.1557075407,265.9250183105,50209800
2026-04-22T04:00:00.000Z,267.573497313,273.4880312835,266.6243595273,272.9185791016,43249200
2026-04-23T04:00:00.000Z,274.7968182027,275.5161566987,271.3999538285,273.178314209,33399600
2026-04-24T04:00:00.000Z,272.5089331794,272.8086448325,269.4017800913,270.8104858398,38157100
2026-04-27T04:00:00.000Z,265.8450576136,268.1129570778,264.8260075109,267.3636474609,41466800
2026-04-28T04:00:00.000Z,272.0893199684,272.9785153995,268.4127145557,270.4608154297,40018900
2026-04-29T04:00:00.000Z,267.303711746,270.7905199824,266.7942019268,269.9213256836,30047900
2026-04-30T04:00:00.000Z,270.2510265029,275.7459641952,267.8932133281,271.1002502441,91848200
2026-05-01T04:00:00.000Z,278.6032901046,286.9556104403,278.1137509144,279.8821411133,79915400
2026-05-04T04:00:00.000Z,279.4025768563,280.3716851917,274.6069769587,276.5751647949,46668400
2026-05-05T04:00:00.000Z,276.6750995896,284.3080821832,276.2455026895,283.9184265137,49311700
2026-05-06T04:00:00.000Z,281.6605104939,287.7648717001,280.8112868076,287.2453613281,58336100
2026-05-07T04:00:00.000Z,289.0037171158,291.8611003515,285.5169394039,287.1754150391,45224300
2026-05-08T04:00:00.000Z,289.7430674687,294.4886952889,289.7330669166,293.0500183105,52692800
2026-05-11T04:00:00.000Z,291.9800109863,293.8800048828,290.2300109863,292.6799926758,42247300
