Date,Open,High,Low,Close,Volume
2021-01-04T05:00:00.000Z,26.9194129758,27.2183454958,25.6824502582,25.9968452454,3859254
2021-01-05T05:00:00.000Z,26.0535452119,26.2236269105,25.429908061,25.4762954712,4868646
2021-01-06T05:00:00.000Z,25.7339928328,26.0896186645,25.440213227,25.9092292786,3196284
2021-01-07T05:00:00.000Z,26.1978535331,26.1978535331,25.3062088555,25.4556751251,4740246
2021-01-08T05:00:00.000Z,25.646375683,25.7288391452,25.2392076645,25.6979160309,3047659
2021-01-11T05:00:00.000Z,25.5690653811,25.7443018357,25.2392078815,25.352596283,3624163
2021-01-12T05:00:00.000Z,25.3474437483,25.5329879108,25.0794342976,25.3680591583,2572280
2021-01-13T05:00:00.000Z,25.4196005369,25.4711408881,24.9969718457,25.0021247864,2807743
2021-01-14T05:00:00.000Z,25.0588165785,25.1928203794,24.9145032494,25.1722049713,3335076
2021-01-15T05:00:00.000Z,25.1052026137,25.5742186617,24.9402738735,25.4195976257,3098499
2021-01-18T05:00:00.000Z,25.5020675627,25.739150276,25.4092945594,25.7082271576,901031
2021-01-19T05:00:00.000Z,25.7649160722,25.7649160722,25.1258201599,25.1258201599,3966873
2021-01-20T05:00:00.000Z,25.2598229474,25.6669891104,24.9145030081,25.5690631866,3172905
2021-01-21T05:00:00.000Z,25.5639068025,25.5845240332,25.1979733025,25.2752838135,2027134
2021-01-22T05:00:00.000Z,25.2340545518,25.3732131253,25.002122988,25.2082843781,1960150
2021-01-25T05:00:00.000Z,25.1206654273,25.4969084941,25.0536626126,25.3319797516,5689705
2021-01-26T05:00:00.000Z,25.4299061571,25.703070361,25.1979764196,25.6309127808,2306943
2021-01-27T05:00:00.000Z,25.4505198305,25.517520813,25.1000469792,25.2598209381,4299936
2021-01-28T05:00:00.000Z,25.4402089,26.2854678722,25.3680531579,26.1875419617,3363650
2021-01-29T05:00:00.000Z,25.8834631636,25.9607736943,25.3216758609,25.538143158,5703621
2021-02-01T05:00:00.000Z,25.8164547972,26.151467025,25.744299047,25.9246902466,2373370
2021-02-02T05:00:00.000Z,26.0793136013,26.4967874961,25.9968483159,26.0947742462,2569311
2021-02-03T05:00:00.000Z,26.0174642444,26.5328659039,25.8422277896,26.4967880249,4668995
2021-02-04T05:00:00.000Z,26.6153287719,27.3729696869,26.6153287719,26.8781852722,3142104
2021-02-05T05:00:00.000Z,26.9967258235,27.3523534792,26.8575672549,26.8987998962,2932803
2021-02-08T05:00:00.000Z,26.9761150184,27.2286620259,26.713260305,27.0585784912,8090351
2021-02-09T05:00:00.000Z,27.0431115353,27.2183479819,26.7029481705,27.1307315826,2411964
2021-02-10T05:00:00.000Z,27.1616568879,27.305970233,26.7338734413,26.8884944916,2593618
2021-02-11T05:00:00.000Z,27.5327461775,28.079070953,27.2956598448,27.8986797333,2429406
2021-02-12T05:00:00.000Z,27.9347566013,28.5532389367,27.7389047434,28.0842247009,3532501
2021-02-16T05:00:00.000Z,28.1151468232,28.6047782748,28.099684355,28.5790081024,3111488
2021-02-17T05:00:00.000Z,28.3780045788,28.8676360837,28.3728498141,28.7800178528,3053225
2021-02-18T05:00:00.000Z,28.5532367879,28.8006289738,28.3522301808,28.6614704132,3755718
2021-02-19T05:00:00.000Z,28.5326216494,28.6717783872,28.1821487747,28.3161525726,3036155
2021-02-22T05:00:00.000Z,28.1357582189,28.2646090626,27.8986737611,28.2182216644,2694557
2021-02-23T05:00:00.000Z,28.2027675213,28.3780039794,27.8368321355,28.0172233582,3416718
2021-02-24T05:00:00.000Z,28.0172171037,28.5326186579,27.7440529484,28.5016937256,3128002
2021-02-25T05:00:00.000Z,28.5394422982,28.5394422982,27.1127277688,27.1230659485,6919345
2021-02-26T05:00:00.000Z,27.2471198051,27.3505052304,26.5389336665,26.5699481964,6518743
2021-03-01T05:00:00.000Z,26.9524743709,27.195429762,26.8490889424,26.988658905,4585683
2021-03-02T05:00:00.000Z,27.0713691122,27.4797408677,26.9214609562,27.3970317841,2962677
2021-03-03T05:00:00.000Z,27.4073701023,27.4538928156,26.9886601946,27.0093383789,3294069
2021-03-04T05:00:00.000Z,26.9421385146,27.2522929974,26.4510595164,26.7405376434,3307614
2021-03-05T05:00:00.000Z,26.9576454039,27.3711853043,26.6629972874,27.2212753296,2980490
2021-03-08T05:00:00.000Z,27.3453387206,27.6141404768,27.1644142153,27.4073696136,8188878
2021-03-09T05:00:00.000Z,27.5004120516,28.1620772784,27.443551168,27.6761665344,2296181
2021-03-10T05:00:00.000Z,27.7226917005,27.9449688958,27.5779517428,27.805398941,1595730
2021-03-11T05:00:00.000Z,27.9242932959,28.1258923145,27.7640469841,27.960477829,2068326
2021-03-12T05:00:00.000Z,27.9708153416,28.146569829,27.7485363162,28.0690307617,1955883
2021-03-15T04:00:00.000Z,28.0741998967,28.229276197,27.8053981709,28.0380153656,2724060
2021-03-16T04:00:00.000Z,28.0225102041,28.2499574204,27.8777702348,28.1207256317,3324314
2021-03-17T04:00:00.000Z,28.0690342488,29.2993158134,28.0070033531,29.2579612732,5723475
2021-03-18T04:00:00.000Z,29.1597431744,29.4440530971,28.9994968611,29.1649131775,4164299
2021-03-19T04:00:00.000Z,29.1132206151,29.3768523562,28.9633124778,29.2786369324,19418735
2021-03-22T04:00:00.000Z,29.1442429083,29.6043055908,28.9839947321,29.3303356171,2415119
2021-03-23T04:00:00.000Z,29.2166046747,29.423375519,29.0977110733,29.144235611,3939041
2021-03-24T04:00:00.000Z,29.3251628707,29.6456573637,29.237285614,29.237285614,2480618
2021-03-25T04:00:00.000Z,29.0925472643,29.7438725943,28.9995000045,29.5991344452,2806258
2021-03-26T04:00:00.000Z,29.6094697495,29.811070614,29.3768543524,29.630147934,2156648
2021-03-29T04:00:00.000Z,29.4078670179,29.8110687213,29.2476225324,29.7180233002,3016672
2021-03-30T04:00:00.000Z,29.6094692788,29.8369164982,29.5009156725,29.6146392822,2583784
2021-03-31T04:00:00.000Z,29.3510068706,29.4440541236,28.828913376,28.896112442,5316193
2021-04-01T04:00:00.000Z,29.1338961921,29.1338961921,28.5704481913,29.0356807709,2916475
2021-04-05T04:00:00.000Z,29.3096543317,29.5991342873,29.0977152833,29.3975334167,2203221
2021-04-06T04:00:00.000Z,29.4182067676,29.6094676114,29.1338968446,29.252790451,1879807
2021-04-07T04:00:00.000Z,29.3871934713,29.609470698,29.2631316783,29.5112552643,1596287
2021-04-08T04:00:00.000Z,29.4078647828,29.5732829177,29.2682966617,29.4026966095,2183181
2021-04-09T04:00:00.000Z,29.3975338256,29.542271976,29.1545784109,29.5009174347,1757530
2021-04-12T04:00:00.000Z,29.5732830802,29.9713147525,29.4130349472,29.8420829773,2089293
2021-04-13T04:00:00.000Z,29.7542086282,29.9403013049,29.4699005246,29.4854068756,1841584
2021-04-14T04:00:00.000Z,29.5836244258,29.9092889202,29.3044863055,29.3613471985,2704206
2021-04-15T04:00:00.000Z,29.516424746,29.9816573763,29.475070206,29.9713191986,1852717
2021-04-16T04:00:00.000Z,29.8834408139,30.1160562055,29.6353154122,29.8007335663,1445435
2021-04-19T04:00:00.000Z,29.9041199177,30.1522453421,29.5784572418,29.6559963226,1513160
2021-04-20T04:00:00.000Z,29.5112567954,29.6766731377,28.6738387345,28.8185787201,3262897
2021-04-21T04:00:00.000Z,28.7772237658,29.1700873447,28.5394383487,29.1545791626,1924710
2021-04-22T04:00:00.000Z,29.1338970403,29.3716842547,28.9374661921,29.1287288666,1988354
2021-04-23T04:00:00.000Z,29.0925434004,29.2527897098,29.025342509,29.2476215363,2331250
2021-04-26T04:00:00.000Z,29.2424569224,29.4027032613,28.9736551366,29.1080551147,1479205
2021-04-27T04:00:00.000Z,29.0925480218,29.257962531,28.9374698613,29.1028862,1957738
2021-04-28T04:00:00.000Z,29.1804252802,29.2631325348,29.0098389378,29.1028862,1686835
2021-04-29T04:00:00.000Z,29.2062658845,29.4802376305,29.020175044,29.1649131775,2032515
2021-04-30T04:00:00.000Z,29.0615275718,29.1545748209,28.9012812595,28.963312149,3349549
2021-05-03T04:00:00.000Z,29.0977096207,29.1855868593,28.983986028,29.0098323822,3780952
2021-05-04T04:00:00.000Z,29.0511914913,29.0511914913,28.4618970829,28.7513751984,2381720
2021-05-05T04:00:00.000Z,28.9271281596,29.2269444365,28.7358654841,28.828912735,2546859
2021-05-06T04:00:00.000Z,28.6893446515,28.8237446187,28.487743786,28.7410373688,2689547
2021-05-07T04:00:00.000Z,28.818574758,29.3871909557,28.7048493231,29.118391037,2162400
2021-05-10T04:00:00.000Z,29.1235611635,29.4388856437,28.761713969,28.7927303314,3342498
2021-05-11T04:00:00.000Z,28.4722348717,28.6893439127,28.141404051,28.5859584808,2987912
2021-05-12T04:00:00.000Z,28.487742916,28.7048501266,28.0535248361,28.0586948395,3454755
2021-05-13T04:00:00.000Z,28.5807899143,28.875438044,28.3119899733,28.5704517365,3163813
2021-05-14T04:00:00.000Z,28.7875634891,30.3693542383,28.6893480465,30.2814769745,5696199
2021-05-17T04:00:00.000Z,29.9868263757,30.601969002,29.9816582014,30.4158744812,4171164
2021-05-18T04:00:00.000Z,30.3331670199,31.0827096132,30.2659661195,30.5399360657,3718422
2021-05-19T04:00:00.000Z,30.1263969204,30.632982254,29.8265787959,30.632982254,5680057
2021-05-20T04:00:00.000Z,30.7105242064,31.0051705081,30.5399360392,30.6019687653,5896222
2021-05-21T04:00:00.000Z,30.6278160785,30.741537868,30.2763070435,30.4830760956,3664984
2021-05-25T04:00:00.000Z,30.8087399462,31.1912653371,30.7001845039,30.7673835754,4859740
2021-05-26T04:00:00.000Z,30.9483051799,31.186092398,30.7105216207,31.1240596771,2772674
2021-05-27T04:00:00.000Z,31.2007679355,31.4806423187,31.0919305471,31.4806423187,9271934
2021-05-28T04:00:00.000Z,31.5635640652,31.610209177,31.3199712953,31.5065517426,2085211
2021-05-31T04:00:00.000Z,31.5117378397,31.6931383644,30.9571727226,31.1074752808,1367689
2021-06-01T04:00:00.000Z,31.3769847773,31.615397647,31.2785109331,31.3873519897,3243414
2021-06-02T04:00:00.000Z,31.4961914977,31.5376530084,31.0452838117,31.1696720123,2110817
2021-06-03T04:00:00.000Z,30.9675433603,31.5013741132,30.9571761475,31.3614387512,4041465
2021-06-04T04:00:00.000Z,31.5221054805,31.57911414,31.2525946585,31.3510684967,3048401
2021-06-07T04:00:00.000Z,31.382167044,31.5687511805,31.3096075655,31.392534256,1504811
2021-06-08T04:00:00.000Z,31.4547259665,31.5687506225,31.3096070121,31.4236316681,2704762
2021-06-09T04:00:00.000Z,31.3977168539,31.3977168539,31.0556465594,31.1074752808,1689062
2021-06-10T04:00:00.000Z,31.2785100585,31.3199752387,30.8949819049,31.2681465149,1413520
2021-06-11T04:00:00.000Z,31.3251567346,31.4236342495,31.2370501009,31.2836952209,1096044
2021-06-14T04:00:00.000Z,31.2785073493,31.2888745605,31.0556453238,31.205947876,1795196
2021-06-15T04:00:00.000Z,31.2785081264,31.838256841,31.2785081264,31.6361255646,2934102
2021-06-16T04:00:00.000Z,31.6620439273,32.1647803792,31.6361295638,31.8589916229,7468388
2021-06-17T04:00:00.000Z,31.9574665612,32.1336835057,31.5376567921,31.5739383698,2608276
2021-06-18T04:00:00.000Z,31.3355207935,31.7656977114,31.1593038754,31.3821659088,9851963
2021-06-21T04:00:00.000Z,31.7449711808,31.9160045158,31.4443660257,31.8278942108,2097643
2021-06-22T04:00:00.000Z,31.8952742969,32.2217938215,31.8227148102,32.0714912415,2420314
2021-06-23T04:00:00.000Z,32.169953021,32.2062309165,31.6879474906,32.0300140381,2548900
2021-06-24T04:00:00.000Z,32.2425209966,33.0976912597,32.226973847,32.9940338135,2575434
2021-06-25T04:00:00.000Z,33.0406753526,33.2739045814,32.7659846171,33.2531738281,1919700
2021-06-28T04:00:00.000Z,33.0925105339,33.5745162336,32.8955628362,33.2428131104,2299707
2021-06-29T04:00:00.000Z,33.3568285853,33.6885316171,33.0665870568,33.5952377319,4298451
2021-06-30T04:00:00.000Z,33.4915791988,33.6522489386,32.6934214417,32.776348114,4922085
2021-07-02T04:00:00.000Z,33.0665859644,33.3775582343,32.6882378368,32.776348114,3287018
2021-07-05T04:00:00.000Z,32.7867167099,32.9681172287,32.6260506139,32.6778793335,637179
2021-07-06T04:00:00.000Z,32.8800074685,32.9888448346,32.7037905723,32.9784812927,3486299
2021-07-07T04:00:00.000Z,32.890379176,33.061416178,32.651969964,32.94739151,2280781
2021-07-08T04:00:00.000Z,32.4861045845,32.7711624809,32.0455642313,32.6830558777,2526820
2021-07-09T04:00:00.000Z,32.8385426232,33.128784162,32.7348851928,33.092502594,1725615
2021-07-12T04:00:00.000Z,33.1495212483,33.1598884607,32.8385488976,32.931842804,1145771
2021-07-13T04:00:00.000Z,33.0354916722,33.0354916722,32.5327553704,32.776348114,1461206
2021-07-14T04:00:00.000Z,32.7141575687,32.9733011695,32.6001365854,32.8281822205,1915618
2021-07-15T04:00:00.000Z,32.7193447157,32.9784883446,32.6519688396,32.9370231628,1528561
2021-07-16T04:00:00.000Z,32.9162965961,33.0199540609,32.3772821817,32.4239273071,1450815
2021-07-19T04:00:00.000Z,32.1181337108,32.23733831,31.3044249355,31.6413116455,3190903
2021-07-20T04:00:00.000Z,31.6775837603,32.4135493141,31.5169176782,32.3202590942,2343497
2021-07-21T04:00:00.000Z,32.486116201,33.2583634991,32.2891685059,33.2013511658,2143103
2021-07-22T04:00:00.000Z,33.1961622922,33.6729843036,33.0147617766,33.4812202454,2050884
2021-07-23T04:00:00.000Z,33.7144457277,34.1083410115,33.2065258078,33.3723754883,2754861
2021-07-26T04:00:00.000Z,33.3257336286,33.3257336286,32.8851931938,32.9992141724,6959609
2021-07-27T04:00:00.000Z,32.8903733651,34.1757204456,32.7867159283,34.0306015015,3624719
2021-07-28T04:00:00.000Z,34.1446303245,34.8909595585,33.8388415822,34.8805923462,5330666
2021-07-29T04:00:00.000Z,34.8183986188,35.341865782,34.5488914626,35.1967468262,1819874
2021-07-30T04:00:00.000Z,34.9376073704,35.3677843515,34.8080355485,34.9065093994,2696227
2021-08-03T04:00:00.000Z,34.9324214664,35.4714394761,34.9324214664,35.3625984192,2796795
2021-08-04T04:00:00.000Z,35.2433974,36.3214298604,35.2433974,35.8394241333,4355044
2021-08-05T04:00:00.000Z,35.834232449,36.1918498758,35.7824073986,36.1659355164,1319632
2021-08-06T04:00:00.000Z,36.3473340739,37.0988467891,36.3162361105,36.9174499512,2431818
2021-08-09T04:00:00.000Z,36.8967205443,37.2232400328,36.6738585021,37.1869621277,2526078
2021-08-10T04:00:00.000Z,37.2543336096,37.586036665,37.1351290278,37.1817741394,3908054
2021-08-11T04:00:00.000Z,37.1351305835,37.4253684763,36.9537300662,37.1973228455,1799464
2021-08-12T04:00:00.000Z,37.2906280544,37.295807993,35.404070173,36.7153320312,3792642
2021-08-13T04:00:00.000Z,36.7827072144,37.0781287968,36.5546615187,36.7827072144,1638221
2021-08-16T04:00:00.000Z,36.6686703319,37.1143980293,36.6686703319,36.9226303101,1843996
2021-08-17T04:00:00.000Z,36.6583072106,36.7878790039,35.9275252314,36.1918487549,3122064
2021-08-18T04:00:00.000Z,36.3525131878,36.8967109713,36.1711127038,36.5805587769,1790929
2021-08-19T04:00:00.000Z,36.4043394804,36.4250702292,36.0778200983,36.3006820679,1970541
2021-08-20T04:00:00.000Z,36.4976455682,37.0573943721,36.2644162885,37.0055656433,1891682
2021-08-23T04:00:00.000Z,37.057386623,37.2854322485,36.6894056601,36.7101364136,2198396
2021-08-24T04:00:00.000Z,36.7101345849,36.8137920158,36.3525171823,36.3991622925,1913392
2021-08-25T04:00:00.000Z,36.5805687287,36.9278189772,36.4769112811,36.8241615295,3024094
2021-08-26T04:00:00.000Z,36.9122640028,37.1817711084,36.7930557622,37.0418357849,2761541
2021-08-27T04:00:00.000Z,37.0884870356,37.3579941859,37.0677562808,37.2491531372,1880920
2021-08-30T04:00:00.000Z,37.4018815608,37.4226597302,36.8876044024,36.9135780334,1360453
2021-08-31T04:00:00.000Z,36.9135861057,37.0902060998,36.3941170491,36.4616470337,6012377
2021-09-01T04:00:00.000Z,36.4616419167,37.2772117878,36.4200855746,37.0330581665,2291357
2021-09-02T04:00:00.000Z,37.084999554,37.2772058787,36.9863004995,37.1005859375,1525221
2021-09-03T04:00:00.000Z,37.1057864572,37.1265683067,36.7109901462,36.9915046692,1785362
2021-09-07T04:00:00.000Z,37.0590246352,37.2927872873,36.814874738,37.0486373901,2220662
2021-09-08T04:00:00.000Z,36.9603244056,37.0901925415,36.7473436042,36.851234436,1577732
2021-09-09T04:00:00.000Z,36.7629314931,37.3031822793,36.6226760927,36.7473487854,2164070
2021-09-10T04:00:00.000Z,36.9083865995,36.9083865995,36.2382712589,36.3006057739,2051255
2021-09-13T04:00:00.000Z,36.4304716276,36.768128846,36.3993025336,36.6694297791,3458652
2021-09-14T04:00:00.000Z,36.6590506361,36.7889188387,36.3265887727,36.3681488037,1702421
2021-09-15T04:00:00.000Z,36.3681351613,36.560337823,36.0148952534,36.4356651306,3741801
2021-09-16T04:00:00.000Z,36.487613309,36.669428729,36.1135952224,36.3161888123,1910979
2021-09-17T04:00:00.000Z,35.8071130095,36.3161947988,35.5837412131,35.7811393738,17613334
2021-09-20T04:00:00.000Z,35.4694517641,35.4694517641,34.4668746855,34.8408927917,2855243
2021-09-21T04:00:00.000Z,35.2201024826,36.5343630101,35.1214034242,36.2330703735,3569054
2021-09-22T04:00:00.000Z,36.4460555631,36.9966935868,36.3369655798,36.8824081421,2532386
2021-09-23T04:00:00.000Z,36.8772144504,37.1888980306,36.7941017706,36.9551353455,2308428
2021-09-24T04:00:00.000Z,36.8304668958,36.9239741868,36.4200878802,36.8148841858,1297922
2021-09-27T04:00:00.000Z,36.9759162324,36.9759162324,36.3369663804,36.446056366,2608091
2021-09-28T04:00:00.000Z,36.1343738478,36.1811256496,35.4642548836,35.562953949,3109076
2021-09-29T04:00:00.000Z,35.7655468368,35.9006104547,35.2720515199,35.3759460449,2123249
2021-09-30T04:00:00.000Z,35.4382738044,35.9057990779,35.1421766707,35.2564620972,3546974
2021-10-01T04:00:00.000Z,35.4798449432,36.0045094177,35.0434886198,35.8642539978,1850861
2021-10-04T04:00:00.000Z,35.5941288793,35.6564670765,34.794145302,35.1733589172,2188562
2021-10-05T04:00:00.000Z,35.272054247,35.6928241644,35.1421860807,35.4902305603,1959779
2021-10-06T04:00:00.000Z,35.0746422913,35.6564492411,34.9967214222,35.5369720459,2243856
2021-10-07T04:00:00.000Z,35.9214014512,36.7369715577,35.9214014512,36.3681488037,2344424
2021-10-08T04:00:00.000Z,36.2278775158,36.5187829275,36.0356748465,36.4928092957,1911165
2021-10-12T04:00:00.000Z,36.3421520598,36.6070800833,36.3265656793,36.5135765076,2085396
2021-10-13T04:00:00.000Z,36.5811181323,36.7681290203,36.3006036388,36.6798171997,1209972
2021-10-14T04:00:00.000Z,36.7992995104,37.3759112279,36.6278713245,37.3551330566,1889827
2021-10-15T04:00:00.000Z,37.6564166377,37.8486192715,37.5473266689,37.7655029297,2203777
2021-10-18T04:00:00.000Z,37.6044785385,37.6927866857,37.3447422051,37.6720085144,1605193
2021-10-19T04:00:00.000Z,37.6771965027,37.848620978,37.4953811054,37.6771965027,1431704
2021-10-20T04:00:00.000Z,37.6823976701,38.3005657023,37.5473340477,38.2226448059,1656962
2021-10-21T04:00:00.000Z,38.1551143389,38.8512032584,38.0564152735,38.8200378418,1822843
2021-10-22T04:00:00.000Z,38.6070510947,39.2460009289,38.565494757,39.1992454529,1986869
2021-10-25T04:00:00.000Z,39.173273242,39.6459903444,38.9135369541,39.568069458,2121393
2021-10-26T04:00:00.000Z,39.7187238911,39.833005675,39.2356157676,39.433013916,1700937
2021-10-27T04:00:00.000Z,39.464163765,39.5472800889,38.9602777154,38.965473175,2217137
2021-10-28T04:00:00.000Z,39.2044518848,39.7187291729,39.0953655486,39.6460037231,2211570
2021-10-29T04:00:00.000Z,39.5005361302,39.8381895987,38.7784700468,38.8148345947,5626247
2021-11-01T04:00:00.000Z,38.9602836579,39.1369035752,38.6174347443,38.7472991943,2325127
2021-11-02T04:00:00.000Z,38.8979571595,39.4745725516,38.6486117516,38.9083480835,2013403
2021-11-03T04:00:00.000Z,38.9550956446,39.14730198,38.5499084818,39.0485992432,1670321
2021-11-04T04:00:00.000Z,39.0641815402,39.3758650719,38.7524980086,39.1888542175,1627274
2021-11-05T04:00:00.000Z,39.4693761596,40.056378785,39.4693761596,39.8018379211,2160359
2021-11-08T05:00:00.000Z,40.0875390624,40.2641590058,39.6407955809,39.7498855591,1859025
2021-11-09T05:00:00.000Z,39.8278086676,40.0615676669,39.4537869148,39.6875495911,1837873
2021-11-10T05:00:00.000Z,39.3343133622,39.4330124327,38.9602952514,39.2148361206,1890755
2021-11-11T05:00:00.000Z,39.9680668414,39.9680668414,38.435629878,38.5551071167,1571980
2021-11-12T05:00:00.000Z,38.7525015186,40.1394874771,38.6901670127,39.3343086243,5111903
2021-11-15T05:00:00.000Z,39.5005488825,39.7654770176,38.4408289884,38.5499153137,2966945
2021-11-16T05:00:00.000Z,38.6382148447,39.012232863,38.633019384,38.8252220154,2242743
2021-11-17T05:00:00.000Z,38.8460097377,39.1524978727,38.5447170647,38.9031524658,2326055
2021-11-18T05:00:00.000Z,38.9654898398,39.2563915827,38.726531685,38.8667907715,1837316
2021-11-19T05:00:00.000Z,38.8096515793,39.1784742534,38.3213479785,39.1680870056,2552982
2021-11-22T05:00:00.000Z,39.4070338898,39.6771611114,38.7473058969,38.8615913391,2571166
2021-11-23T05:00:00.000Z,38.8304208522,38.9602889969,38.0927719961,38.497959137,3685023
2021-11-24T05:00:00.000Z,38.3680890881,38.9239225139,38.2434164107,38.8823661804,3640862
2021-11-25T05:00:00.000Z,38.7940627167,39.3395052862,38.7265290705,39.0745735168,1445620
2021-11-26T05:00:00.000Z,38.165498427,38.3265356661,37.7187549388,38.2278366089,3587053
2021-11-29T05:00:00.000Z,38.6162389782,39.0379601469,38.335090304,38.4600448608,5320646
2021-11-30T05:00:00.000Z,38.1372436966,38.3402953004,37.1428108215,37.1428108215,21845358
2021-12-01T05:00:00.000Z,37.7727870692,37.9810458599,36.9762023541,37.023059845,2808114
2021-12-02T05:00:00.000Z,37.0699193979,38.2830217619,37.0282691115,38.1164169312,2724987
2021-12-03T05:00:00.000Z,38.173693395,38.3246803076,36.6690277912,37.059513092,2565971
2021-12-06T05:00:00.000Z,37.574950094,38.3923637974,37.3198337622,38.0695648193,2583969
2021-12-07T05:00:00.000Z,38.6578894027,39.0952321958,38.5797923437,38.8036727905,2591020
2021-12-08T05:00:00.000Z,38.793258388,38.9442452983,38.3507120723,38.4548377991,1647870
2021-12-09T05:00:00.000Z,38.3246724246,38.5797850131,38.0695561509,38.329875946,1806886
2021-12-10T05:00:00.000Z,38.5068996062,38.7203656217,38.2830228614,38.6578865051,1596287
2021-12-13T05:00:00.000Z,38.5329390698,38.8036770446,38.4392240628,38.7880554199,4878481
2021-12-14T05:00:00.000Z,38.3194688087,38.9025912482,38.3038471873,38.5693778992,2233651
2021-12-15T05:00:00.000Z,38.6682973183,39.6575228802,38.4340061809,39.4648857117,4979049
2021-12-16T05:00:00.000Z,39.3763689801,39.558595396,38.7776287275,38.8088645935,4561005
2021-12-17T05:00:00.000Z,37.6478316246,38.9234130017,37.6478316246,38.4392127991,8141563
2021-12-20T05:00:00.000Z,38.0903844357,38.423597781,37.6738668327,38.1216239929,2614585
2021-12-21T05:00:00.000Z,38.4965001228,39.2358168969,38.3871634794,38.8921890259,1677186
2021-12-22T05:00:00.000Z,38.8921844488,39.2930805135,38.668307665,39.261844635,1743613
2021-12-23T05:00:00.000Z,39.3711691578,40.1104856868,39.2566290289,39.9751167297,1659930
2021-12-24T05:00:00.000Z,40.0115699418,40.3239581922,39.5638163978,39.7824859619,384645
2021-12-29T05:00:00.000Z,40.693610193,40.9591372284,40.4124615356,40.6050987244,2468186
2021-12-30T05:00:00.000Z,40.6259266959,40.8862465186,40.1417264454,40.1729660034,1127773
2021-12-31T05:00:00.000Z,40.0480094797,40.0844562464,39.3503468712,39.7720680237,2573393
2022-01-04T05:00:00.000Z,39.6991798771,40.3864317854,39.6835619393,40.0688400269,2482288
2022-01-05T05:00:00.000Z,40.1937953024,40.3031282388,38.3871558675,38.4340133667,2835946
2022-01-06T05:00:00.000Z,38.4079835686,38.4652554871,37.809243084,38.1268348694,2397306
2022-01-07T05:00:00.000Z,38.1476600233,38.3090576618,37.5385051813,37.7779998779,1689804
2022-01-10T05:00:00.000Z,37.6061851373,37.7415540987,36.9814124024,37.3979263306,3441767
2022-01-11T05:00:00.000Z,37.3875132087,38.4444214258,37.283383812,38.3975639343,1817091
2022-01-12T05:00:00.000Z,38.4340121275,39.0327562381,38.220549784,38.3559150696,2567826
2022-01-13T05:00:00.000Z,38.2778188683,38.6943365198,37.8508904867,37.9862594604,1689989
2022-01-14T05:00:00.000Z,37.6426196882,37.8717035866,36.976196817,37.3094100952,2364093
2022-01-17T05:00:00.000Z,37.408348903,37.8821348434,37.3510769817,37.7259407043,900289
2022-01-18T05:00:00.000Z,36.9605885897,36.9657957976,36.0598742877,36.2108612061,4663057
2022-01-19T05:00:00.000Z,36.3358060666,36.3358060666,35.5912860897,35.8099555969,4312368
2022-01-20T05:00:00.000Z,35.9713665737,36.6534113116,35.6225315503,35.7474861145,4306430
2022-01-21T05:00:00.000Z,35.5079821581,35.5756647879,34.8988274342,34.9873352051,3692259
2022-01-24T05:00:00.000Z,34.0501800414,35.3101436663,33.6284588874,35.2736968994,4169494
2022-01-25T05:00:00.000Z,34.6749528413,35.7839257599,34.5031408104,35.3882369995,3947205
2022-01-26T05:00:00.000Z,35.4403093473,36.2160691,34.6593387014,34.8103256226,3921228
2022-01-27T05:00:00.000Z,35.0966891453,35.2737084597,34.5864563533,34.7010002136,3047473
2022-01-28T05:00:00.000Z,34.6957865956,35.3778313669,34.4875277499,35.3517990112,3084027
2022-01-31T05:00:00.000Z,35.1851995971,36.5492893511,35.0602450073,36.4451599121,4676231
2022-02-01T05:00:00.000Z,36.5128265176,36.7523248589,36.0130083786,36.7002601624,2955626
2022-02-02T05:00:00.000Z,36.8408357167,37.0282693771,36.4972116386,36.8356285095,2168894
2022-02-03T05:00:00.000Z,36.3982881552,36.4920031395,35.9401202772,35.9505310059,1829337
2022-02-04T05:00:00.000Z,36.0859039309,36.6898515588,36.0338392261,36.2941627502,1900960
2022-02-07T05:00:00.000Z,36.4191200598,37.1324043588,36.2889582879,36.7835693359,2744470
2022-02-08T05:00:00.000Z,36.8512560726,37.2417377075,36.3878808966,37.1167831421,2451858
2022-02-09T05:00:00.000Z,37.5489139082,38.0174962318,37.4395809809,37.4916419983,2186521
2022-02-10T05:00:00.000Z,39.506540071,41.1517780394,39.4128250804,39.5690155029,8797668
2022-02-11T05:00:00.000Z,39.7460381736,39.7928993581,38.4808709512,38.5485572815,4239818
2022-02-14T05:00:00.000Z,38.501701958,38.5381450439,37.356282023,37.564540863,3119652
2022-02-15T05:00:00.000Z,38.1372371064,38.2882239813,37.3302380379,37.4551925659,3299636
2022-02-16T05:00:00.000Z,37.2885916145,37.4187533753,36.8616632502,37.2261161804,3649026
2022-02-17T05:00:00.000Z,37.0959615391,37.1219938963,36.0598781465,36.0963249207,3120209
2022-02-18T05:00:00.000Z,36.2629276256,36.4295324903,35.1956047312,35.357006073,3177544
2022-02-22T05:00:00.000Z,35.2424536073,35.7422754495,35.0498164342,35.5027770996,4045361
2022-02-23T05:00:00.000Z,35.6954170982,35.8412004765,34.6749555611,34.7270202637,2421242
2022-02-24T05:00:00.000Z,33.6336688073,35.5756735774,33.4566495366,35.5340232849,5356086
2022-02-25T05:00:00.000Z,35.6326837705,36.4313633305,35.2255126396,36.3217391968,3850534
2022-02-28T05:00:00.000Z,35.6692252472,36.2277803672,35.434317956,36.1599197388,4574921
2022-03-01T05:00:00.000Z,36.102499705,36.1703603381,34.943629567,35.5126228333,4542450
2022-03-02T05:00:00.000Z,35.5961353158,36.2851943238,35.5961353158,36.0711669922,3052298
2022-03-03T05:00:00.000Z,36.3321780283,36.4000386463,35.5178358331,35.7109832764,1775157
2022-03-04T05:00:00.000Z,35.5230672419,35.8884786358,35.1889775636,35.8362770081,2026020
2022-03-07T05:00:00.000Z,35.6274625489,36.1181533059,34.9384034339,34.9645042419,2751521
2022-03-08T05:00:00.000Z,35.2150704395,35.9615520694,34.7609185978,35.1211090088,3287204
2022-03-09T05:00:00.000Z,35.9511168311,36.4104896572,35.4813058969,36.2591056824,2232167
2022-03-10T05:00:00.000Z,35.6640005389,36.0555126491,35.4447559741,35.9458885193,2277070
2022-03-11T05:00:00.000Z,35.9563274,36.2277735575,35.5439354164,35.6065788269,3361053
2022-03-14T04:00:00.000Z,35.4604207648,35.9772160957,34.6982800218,34.896648407,2542035
2022-03-15T04:00:00.000Z,35.0219309182,35.2672763259,34.7557019058,35.1941947937,2691774
2022-03-16T04:00:00.000Z,35.2881544637,36.5201097311,35.2255147371,36.1442565918,3661273
2022-03-17T04:00:00.000Z,36.1129505778,36.5671026026,35.9145821403,36.5462226868,2028433
2022-03-18T04:00:00.000Z,36.4052594657,38.1070253707,36.0555108813,36.7811088562,16467748
2022-03-21T04:00:00.000Z,36.7654520408,36.9324949926,36.2695366959,36.817653656,1938626
2022-03-22T04:00:00.000Z,37.0786674468,37.397094393,37.0264658235,37.1674079895,2250536
2022-03-23T04:00:00.000Z,37.0943207727,37.2196039105,36.368722754,36.3896026611,2184295
2022-03-24T04:00:00.000Z,36.5357650291,36.9481570434,36.2956368642,36.8437538147,2338487
2022-03-25T04:00:00.000Z,37.062999278,37.109979993,36.5670876247,36.9899177551,2069996
2022-03-28T04:00:00.000Z,36.8333131916,37.5954538293,36.7550107676,37.376209259,2218065
2022-03-29T04:00:00.000Z,37.9034515269,38.1226961487,37.6998659157,38.0235137939,3016486
2022-03-30T04:00:00.000Z,37.7520557383,37.9034396739,37.4127452607,37.5223693848,2412707
2022-03-31T04:00:00.000Z,37.7520561431,38.0652658181,36.8907332318,36.8959541321,3754048
2022-04-01T04:00:00.000Z,37.1830629902,37.4023075457,36.8698533153,37.324005127,1643787
2022-04-04T04:00:00.000Z,37.5119283421,38.2166463531,37.3605444183,38.195766449,1737861
2022-04-05T04:00:00.000Z,38.0391669981,38.3210549813,37.8982211591,37.9452018738,1743799
2022-04-06T04:00:00.000Z,37.6946336745,37.7416143868,37.2561445629,37.5380325317,1319075
2022-04-07T04:00:00.000Z,37.4231851737,37.475386783,36.8019904569,37.0160140991,1830822
2022-04-08T04:00:00.000Z,37.0629921326,37.2665776552,36.765445198,36.8489685059,1027205
2022-04-11T04:00:00.000Z,36.687150803,36.7967749376,35.9563318608,36.0085334778,1561960
2022-04-12T04:00:00.000Z,36.0607350203,36.2695377927,35.4813000295,35.523059845,1890198
2022-04-13T04:00:00.000Z,35.6326849884,35.8989102858,35.3507969885,35.7266464233,2132155
2022-04-14T04:00:00.000Z,35.7788521913,36.3060856414,35.7788521913,35.9563369751,2767849
2022-04-18T04:00:00.000Z,35.8414869582,35.9250102846,35.3038154746,35.4238777161,1377709
2022-04-19T04:00:00.000Z,35.4917369326,36.3478389857,35.4760779261,36.1181526184,2045132
2022-04-20T04:00:00.000Z,36.2538825949,36.4000456595,35.8362733113,36.2225608826,1893538
2022-04-21T04:00:00.000Z,36.5409872607,36.8594141638,35.6901023941,35.7214241028,2768963
2022-04-22T04:00:00.000Z,35.7997292432,35.7997292432,34.2336880273,34.2754478455,3959266
2022-04-25T04:00:00.000Z,34.0718555867,34.6251896964,33.6960062119,34.4216041565,2817391
2022-04-26T04:00:00.000Z,34.4581522953,34.4894740053,33.2418597608,33.2575187683,4071338
2022-04-27T04:00:00.000Z,34.2128002078,34.4894672529,33.6124817144,33.6751251221,3214097
2022-04-28T04:00:00.000Z,34.1031805497,34.6721737187,33.9048158908,34.5051307678,2362423
2022-04-29T04:00:00.000Z,34.2545610613,34.489468305,33.3305947863,33.4506607056,3248053
2022-05-02T04:00:00.000Z,33.4767677489,33.8004155725,33.1165773137,33.7168922424,3054895
2022-05-03T04:00:00.000Z,33.8473863789,34.1762550071,33.5811574587,33.8369445801,2825184
2022-05-04T04:00:00.000Z,33.7743138798,34.5260127462,33.4663250721,34.4842529297,3488154
2022-05-05T04:00:00.000Z,34.1658220023,34.3119887485,32.803366434,32.9704093933,3061761
2022-05-06T04:00:00.000Z,32.7302809229,32.8868857566,32.1926058051,32.5841178894,3656077
2022-05-09T04:00:00.000Z,32.0986514805,32.4327411273,31.3887123666,31.4617938995,3119652
2022-05-10T04:00:00.000Z,32.0829804547,32.5266941332,31.4617857386,32.0516624451,3780025
2022-05-11T04:00:00.000Z,31.853295699,32.6102152879,31.6444892759,31.780210495,3803589
2022-05-12T04:00:00.000Z,31.5244308264,31.5244308264,29.9636105729,30.8875751495,4633555
2022-05-13T04:00:00.000Z,31.2947460204,32.4118561389,30.9815363328,32.1926078796,3687435
2022-05-16T04:00:00.000Z,32.1873808189,32.4953695471,31.6288258665,32.041217804,3314294
2022-05-17T04:00:00.000Z,32.7094019237,33.1061312242,32.4483938603,32.7302818298,4551542
2022-05-18T04:00:00.000Z,32.3648690096,32.3857526097,30.7883862931,30.8771305084,4203264
2022-05-19T04:00:00.000Z,30.5534802257,31.294742705,30.198510762,30.9815330505,5218037
2022-05-20T04:00:00.000Z,31.3208450083,31.5922948985,30.7153091986,31.5505313873,3604865
2022-05-24T04:00:00.000Z,31.2999642553,31.388708481,30.3759997109,31.3260650635,3071780
2022-05-25T04:00:00.000Z,31.169464073,31.5922979565,31.038963711,31.4617938995,2594175
2022-05-26T04:00:00.000Z,31.6079473124,32.5110336327,31.4774432953,32.2030448914,3529718
2022-05-27T04:00:00.000Z,32.5375902244,33.6736596379,32.4642960212,33.657951355,5879894
2022-05-30T04:00:00.000Z,33.7469528736,34.4694264018,33.5898922831,34.1186599731,1827296
2022-05-31T04:00:00.000Z,33.7678881779,34.0663010289,33.1762948634,33.4851799011,9169881
2022-06-01T04:00:00.000Z,33.657943184,33.7992991674,32.904056958,33.1239395142,2391368
2022-06-02T04:00:00.000Z,33.0558838806,33.8411830175,32.8621780695,33.8150062561,1940111
2022-06-03T04:00:00.000Z,33.3961807932,33.4223575539,32.9564119555,33.1291770935,1349320
2022-06-06T04:00:00.000Z,33.38048172,33.8097784896,33.212952629,33.38048172,1073407
2022-06-07T04:00:00.000Z,33.0977605817,33.5165887057,33.0506431588,33.4432945251,2586938
2022-06-08T04:00:00.000Z,33.3857128364,33.4014174126,32.8464729811,32.966884613,1901702
2022-06-09T04:00:00.000Z,32.7679342186,32.9982889408,32.4590492249,32.4590492249,1720049
2022-06-10T04:00:00.000Z,32.1501680869,32.1920531268,31.4852843034,31.5585784912,2736677
2022-06-13T04:00:00.000Z,30.7313939445,30.8622777444,30.1921541709,30.5272159576,3732709
2022-06-14T04:00:00.000Z,30.6581018708,30.7471024903,30.0612742958,30.4801006317,4867348
2022-06-15T04:00:00.000Z,30.8832243776,31.3020526184,30.5062811843,30.8622837067,2998117
2022-06-16T04:00:00.000Z,30.1607479955,30.3230428217,29.1241514691,29.2340946198,3177173
2022-06-17T04:00:00.000Z,29.3963878462,30.0403328749,29.3283278925,29.59009552,10950975
2022-06-20T04:00:00.000Z,29.8728030746,30.118862415,29.4749174023,29.7785663605,731438
2022-06-21T04:00:00.000Z,30.071746126,30.2026299415,29.542978476,29.6529197693,2662086
2022-06-22T04:00:00.000Z,29.2236224891,29.76286235,29.0613295154,29.4801540375,2461692
2022-06-23T04:00:00.000Z,29.6686279553,30.207865972,29.5377441321,30.1712188721,2125846
2022-06-24T04:00:00.000Z,30.6005119967,30.9983976609,30.2863927106,30.8203964233,2409923
2022-06-27T04:00:00.000Z,31.0455156156,31.1502226575,30.6109828743,30.836101532,2124176
2022-06-28T04:00:00.000Z,30.9826933542,31.2444609879,30.186923824,30.3911018372,2495648
2022-06-29T04:00:00.000Z,30.2131002675,30.4434550416,29.9251577264,30.1921577454,2195057
2022-06-30T04:00:00.000Z,29.8466266403,30.1607459362,29.474917726,29.9775104523,3688734
2022-07-04T04:00:00.000Z,29.857096616,30.145039146,29.679095375,29.8466262817,897505
2022-07-05T04:00:00.000Z,29.8518600898,30.6476314221,29.7785658982,30.6162185669,2823700
2022-07-06T04:00:00.000Z,30.6162160585,30.7209230967,30.1031549064,30.4434509277,2628130
2022-07-07T04:00:00.000Z,30.6371639205,31.2182851194,30.6214574915,31.144990921,2170378
2022-07-08T04:00:00.000Z,30.8361049249,31.0612236073,30.6266908182,30.8413410187,2164997
2022-07-11T04:00:00.000Z,30.5952765427,30.7471010127,30.1345670395,30.2497444153,1784249
2022-07-12T04:00:00.000Z,30.0979220518,30.8622805485,30.0979220518,30.5848083496,1799093
2022-07-13T04:00:00.000Z,30.0822166071,30.2445114274,29.5325064322,29.9879798889,2177058
2022-07-14T04:00:00.000Z,29.8256821028,29.9722723328,29.1084429379,29.6633872986,4982389
2022-07-15T04:00:00.000Z,30.0717470372,30.5324565994,29.6424503327,30.4958076477,2383390
2022-07-18T04:00:00.000Z,30.7942231442,30.9931669253,30.5010444931,30.5324573517,3150825
2022-07-19T04:00:00.000Z,30.893688723,31.7889308959,30.8884526302,31.5638122559,1944007
2022-07-20T04:00:00.000Z,31.4800452817,32.2391675552,31.4119834878,32.0664024353,1827482
2022-07-21T04:00:00.000Z,32.0664011129,32.4014628591,31.909340572,32.3752861023,1911722
2022-07-22T04:00:00.000Z,32.4538177883,32.6213468158,32.1292245073,32.4485816956,1996518
2022-07-25T04:00:00.000Z,32.4014813093,32.5428336533,32.1135368203,32.4276580811,1468628
2022-07-26T04:00:00.000Z,32.2967656804,32.3595876925,31.7575258077,31.9669399261,1502769
2022-07-27T04:00:00.000Z,32.1763538044,32.7051252515,32.1030595962,32.4642982483,3332478
2022-07-28T04:00:00.000Z,32.5218882481,33.2024805084,32.2496520851,32.9983024597,3065657
2022-07-29T04:00:00.000Z,33.1030116674,33.631779449,33.0140128741,33.2653083801,2793641
2022-08-02T04:00:00.000Z,32.9616505384,33.3019447468,32.9407061638,32.987827301,2244784
2022-08-03T04:00:00.000Z,33.1867729229,33.5584800292,32.9930633756,33.4380683899,1767364
2022-08-04T04:00:00.000Z,33.5218291869,33.8464188021,33.3857092876,33.8411827087,1170635
2022-08-05T04:00:00.000Z,33.6631876808,33.7888354165,33.3071851454,33.7678947449,1521324
2022-08-08T04:00:00.000Z,33.820249135,34.2181330239,33.7521910239,33.8254852295,1890569
2022-08-09T04:00:00.000Z,33.7364745175,33.9249479328,33.4642384339,33.8778305054,1515387
2022-08-10T04:00:00.000Z,34.4484849684,35.5269647012,34.2547791345,35.4536705017,3364949
2022-08-11T04:00:00.000Z,35.7677844522,36.0662010203,35.2180761574,35.8096694946,2254247
2022-08-12T04:00:00.000Z,36.134254344,36.1604311025,35.6735448773,35.8881950378,1724502
2022-08-15T04:00:00.000Z,35.7887322358,36.2546741957,35.7887322358,35.9039077759,1239474
2022-08-16T04:00:00.000Z,35.7259061512,35.8672584542,35.4013164991,35.6840248108,2035484
2022-08-17T04:00:00.000Z,35.4274828382,35.6526014614,35.1552430889,35.4693641663,2567455
2022-08-18T04:00:00.000Z,35.5269634349,35.6997285922,35.3018447505,35.4903144836,1813009
2022-08-19T04:00:00.000Z,35.2704315865,35.5217270323,34.8411348912,35.134311676,1815421
2022-08-22T04:00:00.000Z,34.5531915737,34.9615476122,34.3908948948,34.8516044617,1847150
2022-08-23T04:00:00.000Z,34.8149618294,34.9981991922,34.5636663569,34.6421966553,2145886
2022-08-24T04:00:00.000Z,34.5427076025,34.9929485335,34.4955901842,34.6317100525,1618367
2022-08-25T04:00:00.000Z,34.7416650167,34.9510754243,34.605545102,34.8516044617,3360311
2022-08-26T04:00:00.000Z,34.6264765995,34.8673035071,33.5322925945,33.5637054443,2647799
2022-08-29T04:00:00.000Z,33.1972424727,33.6893649397,33.1972424727,33.5375404358,1904856
2022-08-30T04:00:00.000Z,33.6803352019,33.9953512797,33.3443187955,33.4230728149,2075933
2022-08-31T04:00:00.000Z,33.5175809091,33.8273422691,33.1605604467,33.1710624695,3111117
2022-09-01T04:00:00.000Z,32.9348077145,32.961059061,32.2470254102,32.7930526733,2486927
2022-09-02T04:00:00.000Z,33.1028210714,33.3758328717,32.6407988148,32.8245582581,2220848
2022-09-06T04:00:00.000Z,32.7615519653,32.9610607219,32.1630256953,32.6092948914,3075306
2022-09-07T04:00:00.000Z,32.6565410187,33.2393178674,32.5515356454,33.1920661926,3321716
2022-09-08T04:00:00.000Z,32.9925614649,33.995359928,32.814053052,33.9691085815,2491751
2022-09-09T04:00:00.000Z,34.2526202391,34.5151299714,34.0741118374,34.373374939,2671920
2022-09-12T04:00:00.000Z,34.5571356346,35.0769078225,34.4468792388,34.9981575012,3368475
2022-09-13T04:00:00.000Z,34.3943760952,34.5361348473,33.963856259,34.1318626404,2534427
2022-09-14T04:00:00.000Z,34.2473674074,34.6306355354,34.0898593466,34.3681221008,2176130
2022-09-15T04:00:00.000Z,34.1318712523,34.5991445766,33.848361109,33.8903617859,3671663
2022-09-16T04:00:00.000Z,33.6068405166,33.7275952232,33.2078230255,33.4913368225,10866736
2022-09-19T04:00:00.000Z,33.2445694169,33.6960932725,33.1920667294,33.6593399048,2251835
2022-09-20T04:00:00.000Z,33.5648477874,33.6646021838,33.0188203981,33.2813339233,3284235
2022-09-21T04:00:00.000Z,33.4808329471,33.6278389919,32.7773013641,32.7983016968,4705177
2022-09-22T04:00:00.000Z,32.772042945,32.9873009513,32.2365178605,32.2890205383,3151567
2022-09-23T04:00:00.000Z,31.8952565491,31.916256881,31.0079637249,31.2757263184,5917932
2022-09-26T04:00:00.000Z,31.139222263,31.4647385753,30.6194482237,30.7874546051,4166154
2022-09-27T04:00:00.000Z,31.1707202302,31.2442269645,29.8686588027,29.9316635132,5741845
2022-09-28T04:00:00.000Z,29.9789179639,30.4409401631,29.9054149389,30.278181076,5430677
2022-09-29T04:00:00.000Z,29.9474161536,29.9736674999,29.0181225838,29.2701358795,5517886
2022-09-30T04:00:00.000Z,29.4066397199,30.3254330589,29.2963851881,29.6691513062,3725658
2022-10-03T04:00:00.000Z,29.9159149808,30.5249432274,29.6271520365,30.1889286041,3931433
2022-10-04T04:00:00.000Z,30.7822061314,31.5172419631,30.7769569771,31.4437389374,4943052
2022-10-05T04:00:00.000Z,31.0762188751,31.2757276109,30.8294566034,31.0132160187,2889199
2022-10-06T04:00:00.000Z,30.9029623746,30.981716412,30.2886831128,30.3779373169,4230911
2022-10-07T04:00:00.000Z,30.0156662239,30.0996694064,28.9866184118,29.1651268005,3621750
2022-10-11T04:00:00.000Z,28.9078692924,29.1073780461,28.0205782099,28.1255817413,4201038
2022-10-12T04:00:00.000Z,28.1255805006,28.2043345393,27.600555434,27.894569397,5099100
2022-10-13T04:00:00.000Z,27.427296985,28.4878472445,27.0440288311,28.2463359833,4008066
2022-10-14T04:00:00.000Z,28.6926054021,28.8448624527,27.6320552014,27.6373062134,2548529
2022-10-17T04:00:00.000Z,28.0940781131,28.5823516338,27.9575703785,28.1885814667,3428593
2022-10-18T04:00:00.000Z,28.876360945,29.0863716806,28.6138493836,28.8238582611,2790672
2022-10-19T04:00:00.000Z,28.5666000096,28.645354047,27.9365714273,28.0205764771,2585083
2022-10-20T04:00:00.000Z,28.0205750382,28.1570809144,27.2855392525,27.3065414429,2891426
2022-10-21T04:00:00.000Z,27.1070311121,27.4010450576,26.8130171666,27.3905448914,4022167
2022-10-24T04:00:00.000Z,27.5743018064,27.6898073486,26.8760193988,27.422044754,3792085
2022-10-25T04:00:00.000Z,27.4640528812,28.2305893114,27.4430525449,28.015329361,4394937
2022-10-26T04:00:00.000Z,27.9418226951,28.6506053212,27.7108115935,28.1045799255,3275514
2022-10-27T04:00:00.000Z,28.1990823727,28.9446164383,28.088825987,28.3460884094,3852204
2022-10-28T04:00:00.000Z,28.3303377461,28.7976090664,28.1098268289,28.7136058807,2577661
2022-10-31T04:00:00.000Z,28.5718508272,28.8763649496,28.2410853592,28.3250904083,4674376
2022-11-01T04:00:00.000Z,28.8868646435,29.1913787413,28.5665975099,28.6401023865,3271618
2022-11-02T04:00:00.000Z,28.4930990528,29.0758778564,27.8945709271,27.9155731201,4598486
2022-11-03T04:00:00.000Z,27.8315657034,28.204333694,27.65830831,28.0363254547,2907754
2022-11-04T04:00:00.000Z,28.3513436157,28.9866232478,28.1465838499,28.6191043854,3832164
2022-11-07T05:00:00.000Z,28.7188608335,29.2596352477,28.640106791,29.1966323853,2477278
2022-11-08T05:00:00.000Z,29.2806368417,29.663903163,28.9393711892,29.1283779144,3241002
2022-11-09T05:00:00.000Z,28.813360426,29.2281309192,28.7136060618,28.80286026,3182925
2022-11-10T05:00:00.000Z,29.7374047946,32.4412839465,29.6901512603,31.2704792023,5062546
2022-11-11T05:00:00.000Z,31.7797486985,32.9873029295,31.5749889858,32.5830345154,5498589
2022-11-14T05:00:00.000Z,32.5515365127,32.5515365127,31.6484962245,31.8637542725,5994007
2022-11-15T05:00:00.000Z,32.4937869,32.7562966269,31.9530106936,32.3415298462,3168823
2022-11-16T05:00:00.000Z,32.1210146476,32.2365220403,31.6852438512,32.0685119629,3040237
2022-11-17T05:00:00.000Z,31.8637564103,31.9950131392,31.3124818652,31.459487915,4792014
2022-11-18T05:00:00.000Z,31.7114979348,31.9215086917,31.2074750913,31.4332351685,3222632
2022-11-21T05:00:00.000Z,31.0079662375,31.4752413125,30.8819605195,31.1444721222,4631142
2022-11-22T05:00:00.000Z,31.1759734958,31.4489889728,31.0237164366,31.3964862823,2371329
2022-11-23T05:00:00.000Z,31.4437372562,32.042263455,31.4437372562,32.0212631226,2963234
2022-11-24T05:00:00.000Z,32.1210142547,32.5515340341,32.0947629127,32.3887786865,1294953
2022-11-25T05:00:00.000Z,32.173522462,32.8613047679,32.1262707815,32.5935440063,2301933
2022-11-28T05:00:00.000Z,32.5200366246,32.745796688,32.0212611075,32.1262664795,3588351
2022-11-29T05:00:00.000Z,32.252137155,32.289004396,31.83608158,32.1573410034,2339600
2022-11-30T05:00:00.000Z,32.2574020247,33.6056283539,32.0204079358,33.4002342224,8174962
2022-12-01T05:00:00.000Z,33.4844972682,33.5740261257,32.3258633063,33.0579109192,2875283
2022-12-02T05:00:00.000Z,32.6365947479,32.6681947095,31.8518853539,31.9940795898,3638450
2022-12-05T05:00:00.000Z,31.6096256777,31.8308179661,31.177771937,31.6148929596,2904229
2022-12-06T05:00:00.000Z,31.5832908306,31.7096869478,30.9565756621,31.1725025177,3231353
2022-12-07T05:00:00.000Z,30.9671095912,31.4832286435,30.9671095912,31.1303710938,3991552
2022-12-08T05:00:00.000Z,31.2251683732,31.530625972,31.1093049533,31.1883029938,3495576
2022-12-09T05:00:00.000Z,31.1567045364,31.3462987244,30.9723776302,31.0092430115,2311025
2022-12-12T05:00:00.000Z,32.4691602336,32.4691602336,29.446350081,30.0261573792,2391450
2022-12-13T05:00:00.000Z,30.0261559906,30.8274612029,29.8046561856,29.895860672,3923850
2022-12-14T05:00:00.000Z,30.1369024671,30.4040035612,29.6483015865,29.6743602753,4498050
2022-12-15T05:00:00.000Z,29.316053565,29.7264783895,29.316053565,29.4593772888,3814800
2022-12-16T05:00:00.000Z,29.055468167,29.7916275791,28.8209399501,28.9251747131,18110850
2022-12-19T05:00:00.000Z,28.7036744691,28.8600266114,27.8502518935,27.9153995514,3234600
2022-12-20T05:00:00.000Z,27.6873857809,27.8241953137,27.3095356738,27.3746814728,2588700
2022-12-21T05:00:00.000Z,27.3616525098,28.0717532599,27.3160493331,27.8567676544,3516450
2022-12-22T05:00:00.000Z,27.6939029319,27.8046519128,27.2183303801,27.5701236725,2820000
2022-12-23T05:00:00.000Z,27.504971929,28.2085564978,27.504971929,28.091293335,2090700
2022-12-28T05:00:00.000Z,27.6352667075,28.0782644205,27.5180016751,27.5375461578,2733150
2022-12-29T05:00:00.000Z,27.7069294288,28.4105159647,27.7004152218,28.2737064362,1792800
2022-12-30T05:00:00.000Z,28.0456920202,28.2737041551,27.5636053333,27.7395019531,3399000
2023-01-03T05:00:00.000Z,28.228104273,28.4886911808,27.7525317685,28.1173534393,1960500
2023-01-04T05:00:00.000Z,28.286737609,28.9512351967,28.2476505023,28.905632019,2426700
2023-01-05T05:00:00.000Z,28.7101887217,28.7492776892,28.2411322943,28.3909702301,3139950
2023-01-06T05:00:00.000Z,28.5342986669,29.2313692164,28.3779464986,29.1466789246,2230800
2023-01-09T05:00:00.000Z,29.3290806295,30.0066083873,29.2574206347,29.5570964813,1514100
2023-01-10T05:00:00.000Z,29.5114965784,29.5961868586,29.1401588321,29.4593791962,1291800
2023-01-11T05:00:00.000Z,29.6548183906,30.3453746358,29.6548183906,30.2671985626,2204400
2023-01-12T05:00:00.000Z,30.423551228,30.9316966444,30.1694785198,30.5929336548,2773950
2023-01-13T05:00:00.000Z,30.4626407145,31.1662273041,30.4430980922,31.0424480438,2578800
2023-01-16T05:00:00.000Z,31.1466830055,31.5440776185,30.8535231673,31.309551239,976200
2023-01-17T05:00:00.000Z,31.3877231483,31.557103713,30.9121524892,31.1271362305,1839150
2023-01-18T05:00:00.000Z,31.3160604522,31.752543994,31.1922830673,31.3225765228,2200500
2023-01-19T05:00:00.000Z,31.2053138034,31.5049915691,31.1662266958,31.2769775391,2997750
2023-01-20T05:00:00.000Z,31.2900012991,31.6222500519,31.0359286138,31.5961894989,1705050
2023-01-23T05:00:00.000Z,31.7590713667,32.3258504296,31.5375733454,32.2541885376,1979850
2023-01-24T05:00:00.000Z,32.1694828711,32.2281163237,31.8763230639,31.9870738983,1398450
2023-01-25T05:00:00.000Z,31.7395113888,32.260685142,31.2769710808,32.175994873,1917000
2023-01-26T05:00:00.000Z,32.4365841419,32.5603633833,32.1238798669,32.4821891785,1319250
2023-01-27T05:00:00.000Z,32.404020036,32.8926210641,32.1760059743,32.7167243958,1694850
2023-01-30T05:00:00.000Z,32.5733975144,32.8339844559,31.9610209976,32.0066223145,2105550
2023-01-31T05:00:00.000Z,32.169483652,32.5343053341,32.0652488856,32.2476615906,3202350
2023-02-01T05:00:00.000Z,32.1759974112,32.2476592739,31.5831617543,32.065246582,2676000
2023-02-02T05:00:00.000Z,32.3779540541,33.2248643491,32.2020611429,33.1076011658,2514000
2023-02-03T05:00:00.000Z,32.9382177306,33.1597156638,32.7427766235,32.9317016602,3795600
2023-02-06T05:00:00.000Z,32.2867568587,32.3128136915,31.5505972799,31.7460384369,2252100
2023-02-07T05:00:00.000Z,31.6483068095,32.2606869354,31.3681754356,32.156452179,1746450
2023-02-08T05:00:00.000Z,32.058733729,32.579907515,31.9414705591,32.1955413818,1759350
2023-02-09T05:00:00.000Z,33.3225825884,33.5505966087,32.1499433156,32.2020606995,3636600
2023-02-10T05:00:00.000Z,31.9740446434,31.9870730566,31.4072658002,31.6027069092,3118500
2023-02-13T05:00:00.000Z,31.6613344884,32.0587289753,31.6613344884,31.9154052734,1862400
2023-02-14T05:00:00.000Z,31.850268855,32.228118973,31.5505929525,31.7720909119,1854900
2023-02-15T05:00:00.000Z,31.7590621609,31.9414748745,31.3356070047,31.8176956177,2200050
2023-02-16T05:00:00.000Z,31.6287691386,31.8242065301,31.1792553097,31.5636196136,3239250
2023-02-17T05:00:00.000Z,31.4528724584,31.7134593745,31.2574313394,31.4398403168,3240450
2023-02-21T05:00:00.000Z,31.3421236891,31.5115042638,30.2802314699,30.4040088654,2591250
2023-02-22T05:00:00.000Z,30.4235506602,30.4430951445,29.9414639443,30.1434192657,2379450
2023-02-23T05:00:00.000Z,30.4040071743,30.4300658661,29.8307159529,30.0913028717,3566850
2023-02-24T05:00:00.000Z,29.9479782442,29.9675227273,29.4984644527,29.9349479675,1894950
2023-02-27T05:00:00.000Z,30.1928129692,30.3233782334,29.7815396713,29.8337650299,1465050
2023-02-28T05:00:00.000Z,29.8337625773,29.8990433363,29.6052761855,29.6379165649,6504300
2023-03-01T05:00:00.000Z,29.6640262885,29.9969633558,29.3833145703,29.3963718414,3116400
2023-03-02T05:00:00.000Z,29.3767924901,29.5661089498,28.8480093288,29.5138835907,3519450
2023-03-03T05:00:00.000Z,29.9055729909,30.2646227694,29.6705570282,30.2385082245,2366850
2023-03-06T05:00:00.000Z,29.983912567,30.4865811622,29.7684815681,29.8076515198,1858050
2023-03-07T05:00:00.000Z,30.1928121827,30.3690732302,28.9394036098,28.9720439911,3664350
2023-03-08T05:00:00.000Z,29.0373253314,29.3376201881,28.9459300265,29.2005290985,1671000
2023-03-09T05:00:00.000Z,29.6118034182,29.6118034182,28.4236756935,28.4889564514,3331800
2023-03-10T05:00:00.000Z,28.404092737,28.4889584755,26.9874785234,27.085401535,5479950
2023-03-13T04:00:00.000Z,26.7655193683,26.7720489386,25.9821390243,26.0539493561,6775950
2023-03-14T04:00:00.000Z,26.7002385409,27.0331756532,26.1061746479,26.321603775,3997050
2023-03-15T04:00:00.000Z,25.9299138865,26.047421873,25.4729410814,25.8515758514,5673900
2023-03-16T04:00:00.000Z,25.485995922,26.5305029565,25.4076578944,26.3411865234,3798450
2023-03-17T04:00:00.000Z,26.2040981674,26.230210846,25.5512793352,25.6492023468,12442950
2023-03-20T04:00:00.000Z,26.0865894666,26.360773518,25.7405969518,25.9560260773,3325950
2023-03-21T04:00:00.000Z,26.2889644537,27.0135917663,26.2040987135,26.7132968903,3131400
2023-03-22T04:00:00.000Z,26.896085388,27.0266487823,26.1779857851,26.1975688934,1818150
2023-03-23T04:00:00.000Z,26.3150765607,26.6806559282,26.0865901564,26.2171535492,3469350
2023-03-24T04:00:00.000Z,26.0147829698,26.8960863812,25.8972749766,26.8569164276,1834950
2023-03-27T04:00:00.000Z,27.2355527458,27.2355527458,26.5566230319,26.6937141418,3697350
2023-03-28T04:00:00.000Z,26.9287246701,26.9287246701,26.4586964696,26.6414852142,1840350
2023-03-29T04:00:00.000Z,26.9287257525,27.6925230099,26.8895558004,27.6337680817,5288700
2023-03-30T04:00:00.000Z,27.7643284774,28.0515697815,27.6990477211,27.9275341034,4002750
2023-03-31T04:00:00.000Z,28.2082461384,28.8023099915,28.1364358116,28.743555069,3703200
2023-04-03T04:00:00.000Z,28.5672936467,28.5999358925,28.0907377774,28.3126964569,2044200
2023-04-04T04:00:00.000Z,28.3845104191,28.5281292214,27.8296145831,27.9471225739,1856700
2023-04-05T04:00:00.000Z,27.7447479576,27.9014259067,27.57501647,27.7382221222,3851700
2023-04-06T04:00:00.000Z,27.7382194198,28.0124016016,27.6859921967,27.7447452545,2053800
2023-04-10T04:00:00.000Z,27.6141857459,27.796974503,27.3204166997,27.7773895264,1431900
2023-04-11T04:00:00.000Z,27.8883683007,28.1821373506,27.8361429409,28.0581016541,1767900
2023-04-12T04:00:00.000Z,28.371452801,28.4563185408,27.9601776401,28.116853714,1655700
2023-04-13T04:00:00.000Z,28.2735274077,28.6652175596,28.1690767006,28.6391067505,2372100
2023-04-14T04:00:00.000Z,28.8806515933,28.9002347022,28.1364392924,28.3453407288,1336650
2023-04-17T04:00:00.000Z,28.3061741332,28.6391112818,28.2017215418,28.6325817108,1482600
2023-04-18T04:00:00.000Z,28.7239719243,28.8741221573,28.2343587453,28.7109165192,2547000
2023-04-19T04:00:00.000Z,28.3975639609,29.1940015612,28.3975639609,29.1156635284,2973150
2023-04-20T04:00:00.000Z,28.7305009805,29.3115075882,28.7305009805,29.2331695557,2529000
2023-04-21T04:00:00.000Z,29.2723381481,29.5204095068,29.1417747666,29.4290142059,2346450
2023-04-24T04:00:00.000Z,29.3767890496,29.5791627592,29.3115064245,29.4942970276,2565150
2023-04-25T04:00:00.000Z,29.2788688841,29.4551299343,28.2343598562,28.2670021057,2491200
2023-04-26T04:00:00.000Z,28.208250312,28.3518691191,27.5423760336,27.5880718231,3543300
2023-04-27T04:00:00.000Z,27.8687804236,28.4236762149,27.8687804236,28.3845081329,2890050
2023-04-28T04:00:00.000Z,28.2670006032,28.7305010979,28.2408879256,28.6978607178,2165700
2023-05-01T04:00:00.000Z,28.6848039051,28.7043888806,28.2343588082,28.4432621002,2165250
2023-05-02T04:00:00.000Z,28.3322800265,28.3388095964,27.2877729711,27.3726387024,3626700
2023-05-03T04:00:00.000Z,27.5097338085,27.9928193261,27.1637412627,27.4379253387,2551800
2023-05-04T04:00:00.000Z,27.1572120695,27.3465285236,26.6153735181,26.7328796387,1744350
2023-05-05T04:00:00.000Z,27.2159665498,27.4705656481,26.9613674516,27.4052848816,1431900
2023-05-08T04:00:00.000Z,27.5489009047,27.8622530347,27.3922248398,27.7969722748,1945050
2023-05-09T04:00:00.000Z,27.757803911,28.1756067748,27.2877756892,28.116853714,2726550
2023-05-10T04:00:00.000Z,28.2996442866,28.2996442866,27.1376290631,27.1833267212,2670000
2023-05-11T04:00:00.000Z,27.4183401148,27.7447476806,26.484811339,27.4901504517,2177100
2023-05-12T04:00:00.000Z,27.2551308204,27.4052810448,26.5239758791,26.8373298645,3765000
2023-05-15T04:00:00.000Z,26.9809494488,27.215963544,26.7655184607,26.8634414673,1945950
2023-05-16T04:00:00.000Z,26.7067673753,26.8569157475,26.4195279043,26.5957889557,1905600
2023-05-17T04:00:00.000Z,26.7655206607,27.3269460692,26.4391131021,27.2616634369,2356800
2023-05-18T04:00:00.000Z,27.3465318465,27.4509825743,26.9417843426,27.1049900055,2705550
2023-05-19T04:00:00.000Z,27.3073593083,27.3269442835,26.9613649281,27.1767940521,2729850
2023-05-23T04:00:00.000Z,27.6141840151,28.1625502521,27.4966760305,27.692522049,3262500
2023-05-24T04:00:00.000Z,27.4770915835,27.6207122488,27.0592887282,27.1702690125,1994250
2023-05-25T04:00:00.000Z,26.9809485915,27.7121035312,26.9352509408,27.5227870941,1680150
2023-05-26T04:00:00.000Z,27.7186354886,28.0319876326,27.5097321915,27.986289978,1685100
2023-05-29T04:00:00.000Z,28.0711569419,28.0907400497,27.5227888347,27.6076545715,557850
2023-05-30T04:00:00.000Z,27.689439112,27.9249823219,27.1921812243,27.2379798889,2693250
2023-05-31T04:00:00.000Z,27.113669378,27.113669378,26.5836957016,26.6752967834,4191750
2023-06-01T04:00:00.000Z,26.8192394449,26.9828106576,26.4986375467,26.8584957123,3780900
2023-06-02T04:00:00.000Z,27.0220672911,27.3557539923,26.9631819533,27.2510681152,3661650
2023-06-05T04:00:00.000Z,27.3099537652,27.6305537775,26.9566380143,27.2379798889,4884300
2023-06-06T04:00:00.000Z,27.2379801299,27.872639633,27.1529251988,27.839925766,1740150
2023-06-07T04:00:00.000Z,27.8399237522,27.9380672181,27.5324085574,27.911895752,1897800
2023-06-08T04:00:00.000Z,27.7941223091,27.8922657717,27.1594628726,27.6043796539,1521600
2023-06-09T04:00:00.000Z,27.7025284701,28.0034994427,27.4931548356,27.6174697876,1072650
2023-06-12T04:00:00.000Z,27.7548707901,28.1081846954,27.7090702501,27.9773273468,2114100
2023-06-13T04:00:00.000Z,28.1016436867,28.4811309525,28.0885588871,28.468044281,2005350
2023-06-14T04:00:00.000Z,28.5073029487,29.0307323788,28.494216277,28.8540744781,2040450
2023-06-15T04:00:00.000Z,28.8279017221,28.9456742746,28.5007592788,28.8998737335,2433750
2023-06-16T04:00:00.000Z,28.9129584149,29.1943040598,28.7363023947,28.9718456268,20679600
2023-06-19T04:00:00.000Z,28.9195018981,28.9195018981,28.4287863767,28.5269298553,532350
2023-06-20T04:00:00.000Z,28.4614985653,28.6577855111,28.1408966787,28.3829841614,3044400
2023-06-21T04:00:00.000Z,28.2652146534,28.2717589251,27.7614143088,27.9380722046,2074800
2023-06-22T04:00:00.000Z,27.7548678561,27.8137531888,27.0744078432,27.3361225128,2526150
2023-06-23T04:00:00.000Z,27.0482391415,27.1398402212,26.7472663047,27.0351543427,2960250
2023-06-26T04:00:00.000Z,26.8454064286,27.192179762,26.8126925637,27.0874938965,2053350
2023-06-27T04:00:00.000Z,27.1071273938,27.8922715131,27.0744116516,27.8072128296,2098500
2023-06-28T04:00:00.000Z,27.9053537535,28.1474412387,27.6894396085,28.1016407013,1851750
2023-06-29T04:00:00.000Z,28.1016436941,28.3306445336,27.8726428546,28.26521492,1528200
2023-06-30T04:00:00.000Z,28.4745856301,29.2401025333,28.4680432306,29.1812171936,3602850
2023-07-04T04:00:00.000Z,29.0568998499,29.1157870566,28.762471304,28.8606147766,822300
2023-07-05T04:00:00.000Z,28.6381589134,29.0372733664,28.2652140586,28.9718456268,2889150
2023-07-06T04:00:00.000Z,28.6643273842,28.7493841856,27.8072094839,27.8595542908,4120350
2023-07-07T04:00:00.000Z,27.8072116315,28.5007583816,27.728697223,28.3241004944,1708350
2023-07-10T04:00:00.000Z,28.3110147997,28.6054452458,28.0885582371,28.1539859772,2310900
2023-07-11T04:00:00.000Z,28.2652133965,28.2848424667,27.7156125345,28.0492992401,1879950
2023-07-12T04:00:00.000Z,28.4615004034,28.7624732405,28.343727854,28.5203857422,1737750
2023-07-13T04:00:00.000Z,28.7821005909,29.7962454478,28.7493848518,29.6653881073,3056550
2023-07-14T04:00:00.000Z,29.7896991185,30.0579580519,29.658841787,29.7373561859,2403300
2023-07-17T04:00:00.000Z,29.6326779462,29.6326779462,29.2662773238,29.5345344543,2108700
2023-07-18T04:00:00.000Z,29.6261299342,30.3589310401,29.573786998,30.2084465027,1920600
2023-07-19T04:00:00.000Z,30.4243642666,30.9412512904,30.3916503956,30.8234806061,2259150
2023-07-20T04:00:00.000Z,30.7515019417,30.7973024772,29.972902199,30.4505310059,1051800
2023-07-21T04:00:00.000Z,30.7057059944,30.771133732,30.3851040899,30.6926193237,1201500
2023-07-24T04:00:00.000Z,30.6926182675,30.967419623,30.5552185256,30.5944747925,1444350
2023-07-25T04:00:00.000Z,30.5683068677,30.7842210269,30.4701633873,30.7384204865,1754850
2023-07-26T04:00:00.000Z,30.7515059105,30.8300221939,30.5552208177,30.5813922882,1539300
2023-07-27T04:00:00.000Z,30.7187889143,30.8169323867,30.143016622,30.149559021,1296900
2023-07-28T04:00:00.000Z,30.3785626541,30.6075634869,29.9401900592,30.0514202118,1566000
2023-07-31T04:00:00.000Z,30.090674616,30.4112765107,29.9205610058,30.1168460846,2048700
2023-08-01T04:00:00.000Z,30.0187045122,30.2411629457,29.6130457866,29.914018631,2679150
2023-08-02T04:00:00.000Z,29.5410776631,29.6261344794,28.8279036449,29.168132782,2881950
2023-08-03T04:00:00.000Z,29.0045571912,29.0438134575,28.3437262164,28.3764419556,3154800
2023-08-04T04:00:00.000Z,28.4876720699,29.1615878864,28.2652136402,28.9195022583,6574950
2023-08-08T04:00:00.000Z,28.7951880418,29.1550462293,28.5203866655,29.0961608887,2239350
2023-08-09T04:00:00.000Z,29.0634409249,29.2139273265,28.5923545241,28.9064121246,3972000
2023-08-10T04:00:00.000Z,29.2139317406,30.5617634158,28.8737026219,30.3720207214,3280200
2023-08-11T04:00:00.000Z,29.8485877763,30.4374448607,29.6719299023,30.2280731201,3781050
2023-08-14T04:00:00.000Z,30.1953648108,30.5355939518,30.0317935764,30.2346229553,1785300
2023-08-15T04:00:00.000Z,30.0187021043,30.1495594453,29.2793567237,29.593416214,3481500
2023-08-16T04:00:00.000Z,29.4102192308,29.5868771289,29.0307319634,29.4756469727,2637750
2023-08-17T04:00:00.000Z,29.593417194,29.6392177328,28.6970429745,28.8148155212,1909050
2023-08-18T04:00:00.000Z,28.5596438946,29.456016263,28.2455862585,29.331703186,2498400
2023-08-21T04:00:00.000Z,29.3513342974,29.3709614971,28.8279029955,29.0569038391,1963050
2023-08-22T04:00:00.000Z,29.1419568162,29.1419568162,28.0623823552,28.4484138489,2615700
2023-08-23T04:00:00.000Z,28.4614981063,28.9849274573,28.4484133085,28.8736991882,1540050
2023-08-24T04:00:00.000Z,28.7493849383,29.2466428337,28.6381566665,28.7821006775,1601250
2023-08-25T04:00:00.000Z,28.9522166742,29.1223302954,28.6250742309,28.8998737335,1277850
2023-08-28T04:00:00.000Z,29.0765317792,29.3971318246,29.0045597674,29.2989883423,1239300
2023-08-29T04:00:00.000Z,29.4036712518,30.1757323608,29.2597291147,30.149559021,2043900
2023-08-30T04:00:00.000Z,30.2577400208,30.4413187682,30.0348239081,30.2577400208,1929150
2023-08-31T04:00:00.000Z,30.3364196168,30.4544354754,29.9954876236,30.2380752563,3357000
2023-09-01T04:00:00.000Z,30.4937715863,31.1231863467,30.3691998173,30.9396057129,2660850
2023-09-05T04:00:00.000Z,30.9920550107,30.9920550107,30.2184026556,30.2577400208,1809600
2023-09-06T04:00:00.000Z,30.2052927125,30.3823155672,29.7397889331,30.008600235,2200950
2023-09-07T04:00:00.000Z,29.8250217415,30.3036373267,29.7594569605,30.1462841034,4064700
2023-09-08T04:00:00.000Z,30.0872760574,30.6380142298,29.9430365367,30.559337616,1381200
2023-09-11T04:00:00.000Z,30.6511237411,31.1756344279,30.2774084699,31.0313930511,1409400
2023-09-12T04:00:00.000Z,30.9461594524,31.0969567386,30.5068812986,30.7297992706,1668000
2023-09-13T04:00:00.000Z,30.7494712189,31.3919978135,30.2970811744,31.2936515808,2435100
2023-09-14T04:00:00.000Z,31.5296809125,32.086973063,31.5231231219,31.9820709229,3308400
2023-09-15T04:00:00.000Z,31.9165080232,32.093527102,31.6149134324,31.9820709229,13617300
2023-09-18T04:00:00.000Z,31.8050459282,31.9951805753,31.7198134141,31.7722644806,1254450
2023-09-19T04:00:00.000Z,31.8050481644,31.8050481644,30.9658310414,30.9789428711,2191500
2023-09-20T04:00:00.000Z,31.0051682786,31.1428537441,30.8609268982,30.8740406036,1428900
2023-09-21T04:00:00.000Z,30.5527786289,30.6970181351,29.1890489179,29.221830368,3346500
2023-09-22T04:00:00.000Z,29.4447519712,29.6873377335,28.9136834095,29.0120296478,1989000
2023-09-25T04:00:00.000Z,28.8481166086,29.0644786931,28.6120867785,28.907125473,1630650
2023-09-26T04:00:00.000Z,28.6842066475,28.782550994,27.9630016431,28.2777080536,3354900
2023-09-27T04:00:00.000Z,28.369501746,28.5006294327,27.7335329345,27.8581047058,2615100
2023-09-28T04:00:00.000Z,27.805650785,28.4219518288,27.6941927241,28.3760566711,2358750
2023-09-29T04:00:00.000Z,28.6055283666,28.6055283666,27.7400857317,27.8449878693,2755950
2023-10-02T04:00:00.000Z,27.7532016369,27.8318782517,26.9336540358,27.0188865662,2467800
2023-10-03T04:00:00.000Z,26.8811964055,27.1041143797,26.6713940119,27.0713329315,2258550
2023-10-04T04:00:00.000Z,27.1565681151,27.4319371836,26.750073241,27.3073654175,1544100
2023-10-05T04:00:00.000Z,27.4384929369,27.484388094,26.8811988879,26.9533214569,2961900
2023-10-06T04:00:00.000Z,26.6845068947,27.4909425561,26.4878144465,27.372926712,2091150
2023-10-10T04:00:00.000Z,27.4057128566,28.7104338118,27.4057128566,28.677652359,2257950
2023-10-11T04:00:00.000Z,28.7891085635,29.7725670908,28.7891085635,29.7135601044,2656650
2023-10-12T04:00:00.000Z,29.7266726573,29.7660100215,28.97268619,29.1628227234,1761150
2023-10-13T04:00:00.000Z,29.2152723684,29.3070607974,28.5465203282,28.7956638336,1352100
2023-10-16T04:00:00.000Z,28.9333501312,29.3988538621,28.8022224518,29.2808380127,1288800
2023-10-17T04:00:00.000Z,28.9726873947,29.7266738935,28.9464618589,29.5693206787,1529550
2023-10-18T04:00:00.000Z,29.1562685249,29.3857405602,28.618644094,28.8087787628,3108450
2023-10-19T04:00:00.000Z,28.7563255583,28.7759951779,27.8449877724,28.0613479614,2354550
2023-10-20T04:00:00.000Z,27.7925391457,28.0154571447,27.4253816332,27.6220722198,1860600
2023-10-23T04:00:00.000Z,27.4122689935,27.8515472176,27.3401482961,27.6024055481,1237500
2023-10-24T04:00:00.000Z,27.7532017203,28.1728122093,27.5630670364,27.8384361267,1877400
2023-10-25T04:00:00.000Z,27.6941923828,27.7007501737,26.7828545344,26.9533214569,2254650
2023-10-26T04:00:00.000Z,26.841862972,27.4057129665,26.8156374345,27.1041183472,1822200
2023-10-27T04:00:00.000Z,27.3073681237,27.320481831,26.3239094788,26.5074882507,2279550
2023-10-30T04:00:00.000Z,26.4681488559,27.2352453398,26.2911260133,26.4025840759,2142750
2023-10-31T04:00:00.000Z,26.3632421705,26.5664886392,26.2714518694,26.4878120422,2755050
2023-11-01T04:00:00.000Z,26.5664917402,27.7794260349,26.5074847545,27.7531986237,2062200
2023-11-02T04:00:00.000Z,28.2121445879,29.025136132,28.1793631397,28.933347702,2124000
2023-11-03T04:00:00.000Z,29.3398485459,30.1856235872,29.2808415519,29.7856845856,2080500
2023-11-06T05:00:00.000Z,29.8905860916,30.0151578684,28.9923599917,29.0841503143,2906400
2023-11-07T05:00:00.000Z,28.8874557024,29.2677269202,28.7497721045,28.8743438721,1814400
2023-11-08T05:00:00.000Z,28.9267970834,29.2349476296,28.8481185922,29.0841503143,2026650
2023-11-09T05:00:00.000Z,29.3398457448,29.9561467916,29.116929622,29.1956062317,1860150
2023-11-10T05:00:00.000Z,29.182493841,29.4185255564,28.5465250199,28.9923591614,2261100
2023-11-13T05:00:00.000Z,28.9399038801,29.3332887647,28.5989719391,29.1431522369,1237050
2023-11-14T05:00:00.000Z,29.8446847598,30.9068197866,29.8381288454,30.8805942535,2986200
2023-11-15T05:00:00.000Z,30.8150348669,31.1362991099,30.5199980374,30.8871574402,2597100
2023-11-16T05:00:00.000Z,30.8937118291,31.0969602047,30.4347640051,30.7363567352,4956600
2023-11-17T05:00:00.000Z,30.8150350868,30.9199391139,30.3692009437,30.4544353485,2393850
2023-11-20T05:00:00.000Z,30.4085381315,31.1559668469,30.2839663662,31.136297226,1454850
2023-11-21T05:00:00.000Z,30.8740409645,31.1297404025,30.3495302587,30.4741020203,1361100
2023-11-22T05:00:00.000Z,30.6380119977,30.9658321358,30.3626429316,30.815032959,1053750
2023-11-23T05:00:00.000Z,30.8805969819,31.1166268003,30.6380112486,30.6511249542,398400
2023-11-24T05:00:00.000Z,30.5855621692,30.7756968442,30.3757578726,30.4347648621,1552200
2023-11-27T05:00:00.000Z,30.3298597982,30.5527777799,30.1856184202,30.3823108673,1877550
2023-11-28T05:00:00.000Z,30.2446265334,31.0379503905,30.0479359548,30.9330482483,2786250
2023-11-29T05:00:00.000Z,31.0677266892,31.9480538123,31.0414482396,31.7706775665,3345450
2023-11-30T05:00:00.000Z,31.8166613984,31.9480517585,31.2845232973,31.442193985,3900750
2023-12-01T05:00:00.000Z,31.3305128425,32.0860206591,31.0874376404,32.0531730652,2492850
2023-12-04T05:00:00.000Z,31.7509646685,32.2765336018,31.6195705556,32.1517105103,1236150
2023-12-05T05:00:00.000Z,31.9677618774,32.2042697945,31.6458532313,31.7509670258,2128950
2023-12-06T05:00:00.000Z,32.1845589594,32.3750772329,31.6786993174,31.8495082855,2654100
2023-12-07T05:00:00.000Z,31.8626485524,32.1122947577,31.7378292089,32.0137519836,1838400
2023-12-08T05:00:00.000Z,31.8429458993,32.2502628838,31.8429458993,32.0400352478,1682400
2023-12-11T05:00:00.000Z,32.0991582547,32.3685137816,31.7903841123,32.3488044739,2005050
2023-12-12T05:00:00.000Z,32.3488017278,32.4539155207,31.928346556,32.4276351929,3364500
2023-12-13T05:00:00.000Z,32.2699670915,33.9123730571,32.0006115658,33.8992347717,3714150
2023-12-14T05:00:00.000Z,34.1948655045,35.3314079665,34.1488758687,34.4904975891,2692200
2023-12-15T05:00:00.000Z,34.8649666575,34.8649666575,33.7152821595,33.8335342407,13727550
2023-12-18T05:00:00.000Z,33.9780666506,34.2080035502,33.6758635461,33.8335342407,1754850
2023-12-19T05:00:00.000Z,33.9977732994,34.5036329353,33.8795212275,34.464214325,1676100
2023-12-20T05:00:00.000Z,34.286839764,34.838689119,34.286839764,34.3065490723,1843350
2023-12-21T05:00:00.000Z,34.4839292142,34.9700833828,34.4510816199,34.7992706299,1526250
2023-12-22T05:00:00.000Z,34.7335744468,35.1343203479,34.6284606446,34.884677887,1176300
2023-12-27T05:00:00.000Z,34.891240307,35.6138985368,34.891240307,35.3576850891,1366200
2023-12-28T05:00:00.000Z,34.9240904602,35.3576876854,34.8583952778,34.9503707886,1363950
2023-12-29T05:00:00.000Z,34.69415656,34.9503700209,34.5167765643,34.9175224304,1302150
2024-01-02T05:00:00.000Z,34.5561972584,34.7335772841,33.879528511,34.0306282043,2371200
2024-01-03T05:00:00.000Z,33.577316389,33.7546963673,33.1634285201,33.5181884766,2312850
2024-01-04T05:00:00.000Z,33.4130762086,33.9583544511,33.2751148325,33.8072547913,1921350
2024-01-05T05:00:00.000Z,33.5116277372,34.2145767658,33.4919184292,33.8269691467,1813650
2024-01-08T05:00:00.000Z,33.9255174763,34.2342916731,33.8335419436,34.1620254517,2155350
2024-01-09T05:00:00.000Z,33.958362669,34.5956165695,33.8072629726,34.451084137,2840850
2024-01-10T05:00:00.000Z,34.6218865982,35.180306913,34.4904962365,34.9175224304,1876800
2024-01-11T05:00:00.000Z,34.9700814747,34.9832197599,33.9320817648,34.5233459473,1494450
2024-01-12T05:00:00.000Z,34.7467127737,35.1343203898,34.2999809933,34.4970703125,6270450
2024-01-15T05:00:00.000Z,34.3985245352,34.6087521446,34.1620203543,34.5299186707,524250
2024-01-16T05:00:00.000Z,34.3328276556,34.5364842324,33.8466772726,34.5233459473,1686150
2024-01-17T05:00:00.000Z,33.9057984407,34.201434265,33.603595354,34.1685829163,3268200
2024-01-18T05:00:00.000Z,34.3393981966,34.6415975465,33.9649288814,34.3722457886,1963050
2024-01-19T05:00:00.000Z,34.3656739121,35.1408890931,34.1751556278,35.1146087646,1836000
2024-01-22T05:00:00.000Z,35.2788523352,35.7912830546,35.272281313,35.6139030457,1726350
2024-01-23T05:00:00.000Z,35.7058730302,36.054061972,35.4562268518,35.6073265076,1772400
2024-01-24T05:00:00.000Z,35.817560512,36.2051680918,35.6795991292,35.7518615723,3708450
2024-01-25T05:00:00.000Z,35.9358157962,36.2577244651,35.7781450934,36.2117385864,3552000
2024-01-26T05:00:00.000Z,36.2117312805,36.3299871031,35.7715668539,35.8701133728,2114400
2024-01-29T05:00:00.000Z,35.8044159086,36.1854561986,35.673025557,36.1591758728,2138550
2024-01-30T05:00:00.000Z,36.1591833257,36.3234250583,35.9489557124,36.054069519,1008300
2024-01-31T05:00:00.000Z,35.8372748781,36.0869173512,34.9438037564,35.0554885864,2660850
2024-02-01T05:00:00.000Z,35.2525771375,35.3314106117,33.8860939128,34.470790863,1906500
2024-02-02T05:00:00.000Z,34.273698694,34.7204342079,33.8532435087,34.6087493896,1949700
2024-02-05T05:00:00.000Z,34.4313709478,34.4642185407,34.0043484804,34.2868385315,2991600
2024-02-06T05:00:00.000Z,34.3656805136,35.1540341307,34.3131236058,35.1408958435,1644750
2024-02-07T05:00:00.000Z,35.1014755242,35.4299590015,34.621892354,35.1343231201,2062800
2024-02-08T05:00:00.000Z,35.7124499468,35.9883727373,35.1080437056,35.824131012,2192700
2024-02-09T05:00:00.000Z,35.9161029779,36.1591781512,35.4299526315,36.0934829712,3478050
2024-02-12T05:00:00.000Z,36.2183121923,36.7373102165,36.1000563373,36.1920318604,1632600
2024-02-13T05:00:00.000Z,35.3314028266,35.4562259124,34.7204294393,34.8583908081,3331950
2024-02-14T05:00:00.000Z,35.3971081694,35.7255916515,35.1014760428,35.2854270935,2226600
2024-02-15T05:00:00.000Z,35.4759453805,35.9489575345,35.3839698552,35.8372764587,3420600
2024-02-16T05:00:00.000Z,35.6401822132,36.1788894857,35.5876253145,35.7584342957,3014100
2024-02-20T05:00:00.000Z,35.5744896793,36.1066297847,35.521932771,35.902973175,3885600
2024-02-21T05:00:00.000Z,35.7650026571,35.8963967876,35.3182708835,35.4496612549,3223950
2024-02-22T05:00:00.000Z,35.8044241535,36.5008059588,35.7452999853,36.4154014587,1919700
2024-02-23T05:00:00.000Z,36.2971409452,36.8424192304,36.2971409452,36.6059150696,1837200
2024-02-26T05:00:00.000Z,36.5402212641,36.9409671555,36.1329043506,36.1788902283,5361300
2024-02-27T05:00:00.000Z,36.2708680386,36.7701567391,35.922679025,36.6650466919,4499400
2024-02-28T05:00:00.000Z,36.3365564471,36.6518978072,36.3234181636,36.4745178223,1753650
2024-02-29T05:00:00.000Z,36.5533594176,36.8621297933,36.3299935339,36.7898635864,3904200
2024-03-01T05:00:00.000Z,36.9146841855,37.7358852168,36.763584519,36.9738121033,2064000
2024-03-04T05:00:00.000Z,36.8358521746,37.2365980531,36.5927732313,36.8752670288,1193700
2024-03-05T05:00:00.000Z,36.730741417,37.0723594037,36.5467903787,36.8424224854,2253900
2024-03-06T05:00:00.000Z,37.3351440962,37.8607131238,36.7373088575,36.9475364685,2562300
2024-03-07T05:00:00.000Z,37.2497281281,37.5387928838,37.1906039802,37.3351325989,2525250
2024-03-08T05:00:00.000Z,37.6044996325,37.6504892719,36.7701564518,36.9475364685,2065050
2024-03-11T04:00:00.000Z,36.6519048846,37.4402584372,36.6519048846,37.262878418,1427850
2024-03-12T04:00:00.000Z,37.3932037354,37.6169957398,37.0904241021,37.3932037354,1279950
2024-03-13T04:00:00.000Z,37.5051018216,37.7749674335,37.1035914165,37.2681427002,5631900
2024-03-14T04:00:00.000Z,37.2549729123,37.2812996066,36.0306912348,36.6033401489,2806050
2024-03-15T04:00:00.000Z,36.3663865727,36.7152435727,36.2281619908,36.537525177,14409900
2024-03-18T04:00:00.000Z,36.5572720839,36.6494192943,36.1491781296,36.537525177,2850750
2024-03-19T04:00:00.000Z,36.5967613824,36.9390348176,36.5309408716,36.741569519,1355700
2024-03-20T04:00:00.000Z,36.8995429556,37.6038330034,36.8271388835,37.3997879028,4277850
2024-03-21T04:00:00.000Z,37.6499018452,38.4134325189,37.6499018452,37.7288894653,2254500
2024-03-22T04:00:00.000Z,37.6893962803,37.8868615676,37.4063635807,37.4392738342,1216500
2024-03-25T04:00:00.000Z,37.3602867509,37.6959765803,37.0575071721,37.0640907288,1392000
2024-03-26T04:00:00.000Z,37.1035916049,37.25497954,36.656003825,36.6757507324,3016500
2024-03-27T04:00:00.000Z,36.8863770743,37.1364995307,36.5770138993,37.1167526245,1489350
2024-03-28T04:00:00.000Z,37.0311870932,37.4261139377,36.9324525573,37.307636261,1949100
2024-04-01T04:00:00.000Z,37.1957353269,37.2944698547,36.6362534793,36.8073883057,1194150
2024-04-02T04:00:00.000Z,36.3466358139,36.5375213049,35.9253785552,36.1557540894,2600100
2024-04-03T04:00:00.000Z,35.9714531204,36.5901756126,35.9517062171,36.2939758301,2330850
2024-04-04T04:00:00.000Z,36.702076472,36.8073907979,35.7213372829,35.7739944458,1421100
2024-04-05T04:00:00.000Z,35.9056347929,36.326888278,35.7213328622,36.0636062622,1439700
2024-04-08T04:00:00.000Z,36.1689195786,36.4585358443,36.0570254665,36.2215805054,1208100
2024-04-09T04:00:00.000Z,36.2413266067,36.7349879459,35.9912041585,36.7218208313,1643250
2024-04-10T04:00:00.000Z,36.0636148604,36.12943538,35.0960351431,35.2671737671,3153000
2024-04-11T04:00:00.000Z,35.3922303527,35.8069040914,35.1750181468,35.7674102783,1512600
2024-04-12T04:00:00.000Z,35.477800597,35.8924743688,35.3988129645,35.6291885376,1682250
2024-04-15T04:00:00.000Z,35.8398087014,36.1096780268,35.089445202,35.3658943176,2379750
2024-04-16T04:00:00.000Z,35.1947693378,35.3922346611,34.7537650811,35.2210960388,3678150
2024-04-17T04:00:00.000Z,35.365897522,35.6094364094,35.1289421918,35.3593139648,1394100
2024-04-18T04:00:00.000Z,35.3790641114,35.4580517396,34.7340148019,34.9709701538,3163500
2024-04-19T04:00:00.000Z,34.9907231243,35.3395764212,34.8722454278,35.2935028076,1363950
2024-04-22T04:00:00.000Z,35.4514638192,35.8266474743,35.1486842256,35.7279167175,1947750
2024-04-23T04:00:00.000Z,35.9122118539,36.4058731287,35.5962689393,36.2873954773,2081700
2024-04-24T04:00:00.000Z,36.2676525759,36.6165057785,36.0043667847,36.5441017151,2111250
2024-04-25T04:00:00.000Z,35.9451272316,36.280817097,35.4909596979,36.1755027771,2628900
2024-04-26T04:00:00.000Z,36.3532231379,36.8600478591,36.2018352073,36.8337211609,1726800
2024-04-29T04:00:00.000Z,36.9653546015,37.1167462674,36.5440973855,36.9192810059,1659000
2024-04-30T04:00:00.000Z,36.5572701326,36.9587805077,36.3400579348,36.3466377258,2203950
2024-05-01T04:00:00.000Z,36.3071434238,37.4524374636,36.0504374444,37.1035842896,2057700
2024-05-02T04:00:00.000Z,37.2483968104,37.5182661959,36.8403028362,37.49193573,2229150
2024-05-03T04:00:00.000Z,38.1040783209,38.5055887344,37.9790170829,38.3805274963,2022750
2024-05-06T04:00:00.000Z,38.5187466558,39.3349344837,38.5187466558,39.2954406738,2168850
2024-05-07T04:00:00.000Z,39.3415185277,39.6969552883,39.3349349705,39.5126533508,1947750
2024-05-08T04:00:00.000Z,39.4270910684,39.8549319482,38.8544420426,39.7825241089,2415000
2024-05-09T04:00:00.000Z,39.7035356267,39.8285968504,39.1638006875,39.8154335022,3130800
2024-05-10T04:00:00.000Z,39.808851978,39.9339132081,39.3941782413,39.7956886292,3178650
2024-05-13T04:00:00.000Z,39.9010057568,39.9865731799,39.3810138936,39.5718994141,4038450
2024-05-14T04:00:00.000Z,39.6772114806,40.1379588276,39.565313598,40.0984687805,1758000
2024-05-15T04:00:00.000Z,40.2827684507,40.5460542728,39.9075847417,40.1577072144,2253300
2024-05-16T04:00:00.000Z,40.0984681131,40.2498560403,39.9404966282,40.0063171387,3508500
2024-05-17T04:00:00.000Z,40.0853014471,40.1050483537,39.5784767317,39.8417625427,1818300
2024-05-21T04:00:00.000Z,40.1247901241,40.3880759014,39.8417574427,40.0392227173,2989500
2024-05-22T04:00:00.000Z,39.828601026,40.1906213868,39.637719275,39.9470787048,2673750
2024-05-23T04:00:00.000Z,40.1445407933,40.3683327834,39.6377160952,39.9536590576,3100350
2024-05-24T04:00:00.000Z,40.0392299418,40.3749198393,39.9273320539,40.289352417,2361600
2024-05-27T04:00:00.000Z,40.2169457271,40.3156764926,39.854929154,39.9207496643,724350
2024-05-28T04:00:00.000Z,40.1840357249,40.1906192825,39.0255781638,39.1177253723,2651850
2024-05-29T04:00:00.000Z,38.6964671626,38.722797626,37.8605361501,37.9197731018,1682700
2024-05-30T04:00:00.000Z,37.8802790918,38.6635528617,37.8802790918,38.4265937805,2534550
2024-05-31T04:00:00.000Z,38.4002711091,39.0848141973,38.2949567879,39.0650672913,6824400
2024-06-03T04:00:00.000Z,39.0979753271,39.2756937049,38.7557056856,39.2098731995,2867700
2024-06-04T04:00:00.000Z,39.2559539043,39.3020312795,38.1764838605,38.3542022705,1900650
2024-06-05T04:00:00.000Z,38.6833007607,38.9663334475,38.4265947689,38.8610191345,1509450
2024-06-06T04:00:00.000Z,38.7096338268,38.9136789095,37.9526829146,38.0843276978,3293400
2024-06-07T04:00:00.000Z,37.7157230904,37.8736945517,37.3602863611,37.610408783,3620850
2024-06-10T04:00:00.000Z,37.4129509047,37.7947144032,37.3997875553,37.7354774475,3264450
2024-06-11T04:00:00.000Z,37.4919367534,37.5840877371,37.0772629762,37.2483978271,4691400
2024-06-12T04:00:00.000Z,37.880286561,38.3542010504,37.663074341,37.8737030029,5453400
2024-06-13T04:00:00.000Z,37.662663338,37.6692595048,37.0361595671,37.168056488,7878300
2024-06-14T04:00:00.000Z,36.9108694037,37.1219052925,36.304153959,37.0889282227,2599650
2024-06-17T04:00:00.000Z,37.0757316763,37.2142210004,36.7130217213,37.1812477112,2240250
2024-06-18T04:00:00.000Z,37.1944348146,37.4714172256,36.983402753,37.4186592102,3002700
2024-06-19T04:00:00.000Z,37.2537956032,37.5043971641,36.42285577,36.4624252319,1623600
2024-06-20T04:00:00.000Z,36.4360433833,37.0361663708,36.3437196725,36.8251342773,3105600
2024-06-21T04:00:00.000Z,36.8317277874,36.8581049104,36.2316048431,36.6800498962,14708850
2024-06-24T04:00:00.000Z,36.8910777124,37.4186616746,36.6866418044,37.346118927,4231350
2024-06-25T04:00:00.000Z,37.3263357131,37.3659051722,36.5547501275,37.2406044006,1711500
2024-06-26T04:00:00.000Z,36.9438400269,37.1548721053,36.6800499288,36.9438400269,2007600
2024-06-27T04:00:00.000Z,36.8647051115,37.7484029793,36.7855699602,37.5571556091,2641650
2024-06-28T04:00:00.000Z,37.722017291,37.9528378678,37.2735760193,37.5241775513,3766650
2024-07-02T04:00:00.000Z,37.1944375288,37.9990001524,36.9438397675,37.9594306946,3442050
2024-07-03T04:00:00.000Z,38.2166262752,39.0739469551,38.0715445461,39.0409736633,2281650
2024-07-04T04:00:00.000Z,38.9090768614,39.1464898459,38.7178295044,38.7310180664,249450
2024-07-05T04:00:00.000Z,38.8760973411,38.9552362478,38.2166202886,38.2298126221,1855950
2024-07-08T04:00:00.000Z,38.4210640196,38.546364786,38.0583502815,38.4474449158,2828850
2024-07-09T04:00:00.000Z,38.2627884658,38.7507991777,38.1572724322,38.6848526001,1154400
2024-07-10T04:00:00.000Z,38.8101509324,39.6344944214,38.6716616187,39.5949287415,3016200
2024-07-11T04:00:00.000Z,39.9444555611,40.4390624767,39.8851013727,40.4126815796,3292350
2024-07-12T04:00:00.000Z,40.5577681266,41.4678430635,40.4918215424,41.3689231873,3577050
2024-07-15T04:00:00.000Z,41.3029714947,41.7382241793,41.1644821756,41.5601654053,3788250
2024-07-16T04:00:00.000Z,41.599736775,42.740632215,41.5667634855,42.7274398804,2153100
2024-07-17T04:00:00.000Z,42.1537032882,42.4043048492,41.936075021,42.1800804138,1579500
2024-07-18T04:00:00.000Z,41.9822297806,42.4966213784,41.4942190775,41.7777938843,2819100
2024-07-19T04:00:00.000Z,41.6656862464,42.0349923977,41.467842722,41.7250404358,2217750
2024-07-22T04:00:00.000Z,42.0086115714,42.6021383188,41.9558535544,42.5164070129,1336050
2024-07-23T04:00:00.000Z,42.4043009168,43.169290318,42.0745604625,42.7538223267,1152750
2024-07-24T04:00:00.000Z,42.371325052,42.6483074943,41.6986593363,41.7712020874,1321800
2024-07-25T04:00:00.000Z,41.6458957237,42.7406292368,41.4084865463,42.2328300476,3978000
2024-07-26T04:00:00.000Z,42.5164084373,43.261616867,42.4636504186,43.1165313721,1533000
2024-07-29T04:00:00.000Z,43.0637754797,43.5122205478,42.8593395621,43.4001083374,1481850
2024-07-30T04:00:00.000Z,43.4001142425,44.0266181895,43.3935218474,43.6836891174,1942350
2024-07-31T04:00:00.000Z,43.8551428754,44.9762535842,43.5847603926,44.402507782,2393100
2024-08-01T04:00:00.000Z,44.4025080187,44.4354813084,43.1561003129,43.5188102722,2110650
2024-08-02T04:00:00.000Z,42.608738218,42.7538237207,41.2765953429,41.4612503052,4249800
2024-08-06T04:00:00.000Z,40.2543992354,40.7556022155,39.5817336667,40.597328186,4213950
2024-08-07T04:00:00.000Z,41.2436219714,41.2765952631,38.849726275,38.9090766907,3323100
2024-08-08T04:00:00.000Z,38.8431254633,40.3665155099,38.4804155241,40.2412147522,4147650
2024-08-09T04:00:00.000Z,40.2939720836,40.7687942121,40.1752674949,40.689655304,2420550
2024-08-12T04:00:00.000Z,40.8083686009,40.9534541011,39.9642402704,40.016998291,1479600
2024-08-13T04:00:00.000Z,40.3665173932,41.263403693,40.0301845591,41.1446990967,2483100
2024-08-14T04:00:00.000Z,41.1512912244,41.9492576511,41.1183179353,41.8964996338,1717950
2024-08-15T04:00:00.000Z,42.404299656,42.7340363269,42.0218011932,42.1075325012,3712350
2024-08-16T04:00:00.000Z,42.100939352,42.1998592194,41.6986561679,42.0283966064,2300550
2024-08-19T04:00:00.000Z,41.9756378405,42.4570523818,41.9756378405,42.2130470276,2208900
2024-08-20T04:00:00.000Z,42.1932666886,42.5889537396,41.8437452653,41.9426689148,1103100
2024-08-21T04:00:00.000Z,41.8767187385,42.1800783091,41.68547138,42.1602935791,1701000
2024-08-22T04:00:00.000Z,42.1602919057,42.5691675043,42.0943453241,42.3119735718,1406400
2024-08-23T04:00:00.000Z,42.5229989607,43.8485454205,42.4636447825,43.7562179565,1711500
2024-08-26T04:00:00.000Z,43.8551446963,44.1255309639,43.8023866763,43.9408760071,1908450
2024-08-27T04:00:00.000Z,43.7034691156,44.5080280199,43.6177378003,44.1782913208,1952100
2024-08-28T04:00:00.000Z,44.0529880548,44.4948369424,43.7957941233,43.9870414734,1827150
2024-08-29T04:00:00.000Z,44.1189327655,44.7058671262,43.9540663191,44.1848831177,1421550
2024-08-30T04:00:00.000Z,44.2376412198,44.824571808,44.0925557278,44.7124633789,3809400
2024-09-03T04:00:00.000Z,44.4486731474,44.6662976111,42.5164074542,42.8197669983,2767650
2024-09-04T04:00:00.000Z,42.5691646268,43.2484264472,42.331751666,42.3449440002,2025450
2024-09-05T04:00:00.000Z,42.4834345962,42.9450681974,41.9228811261,42.0218009949,2550750
2024-09-06T04:00:00.000Z,41.988823499,42.5098074599,41.1644800213,41.2765884399,2535450
2024-09-09T04:00:00.000Z,41.4810341672,42.6087373266,41.4744379995,42.2196464539,4236150
2024-09-10T04:00:00.000Z,42.252618034,42.3713226318,41.4546515914,42.3713226318,4919100
2024-09-11T04:00:00.000Z,42.3053750351,43.0571796086,41.5931399179,43.0439872742,2063400
2024-09-12T04:00:00.000Z,43.2613176422,43.9351085103,43.1027788368,43.9218978882,4613850
2024-09-13T04:00:00.000Z,44.2587995593,44.6485413167,44.1663176314,44.2984352112,1771050
2024-09-16T04:00:00.000Z,44.4569702355,45.3223284023,44.4569702355,45.2496643066,2635350
2024-09-17T04:00:00.000Z,45.4214150203,45.612982287,44.965616389,45.1968193054,1611000
2024-09-18T04:00:00.000Z,45.0184610617,45.6790375594,44.6815656115,44.9457969666,1741350
2024-09-19T04:00:00.000Z,45.7715212794,46.8482645662,45.3949901662,46.775604248,2887950
2024-09-20T04:00:00.000Z,46.5311910138,46.9803862645,46.3264131051,46.7623939514,12878250
2024-09-23T04:00:00.000Z,46.7359619357,47.099278594,46.5642087378,46.8945007324,1055100
2024-09-24T04:00:00.000Z,47.0332299802,47.3767288769,46.8614767521,46.8680839539,1453050
2024-09-25T04:00:00.000Z,46.9341407988,47.0530439625,46.2735605271,46.5510025024,1566300
2024-09-26T04:00:00.000Z,46.6500905935,48.2949321452,46.6104549465,47.5484771729,2244450
2024-09-27T04:00:00.000Z,47.6277532619,48.0108916187,47.4758216275,47.667388916,1274550
2024-09-30T04:00:00.000Z,47.2446125248,47.6475648763,47.0662558844,47.4493904114,2269800
2024-10-01T04:00:00.000Z,47.4493899354,47.6343537755,46.9275344221,47.3106689453,3798150
2024-10-02T04:00:00.000Z,47.1124930654,47.5088419794,46.9407436333,47.2115821838,1750500
2024-10-03T04:00:00.000Z,47.0068079576,47.3304928292,46.7359731441,47.0596542358,2046000
2024-10-04T04:00:00.000Z,47.5088437417,48.0571242845,47.2247945581,47.6145362854,1285800
2024-10-07T04:00:00.000Z,47.4758154349,47.6739898999,47.0200168115,47.290851593,1504200
2024-10-08T04:00:00.000Z,47.2181916324,47.7532616007,47.0068065259,47.2776451111,1635000
2024-10-09T04:00:00.000Z,47.1257096858,48.0373069392,47.0926812381,47.9117965698,2347500
2024-10-10T04:00:00.000Z,47.6805949163,48.3213574031,47.5616917453,48.1760292053,2012250
2024-10-11T04:00:00.000Z,48.3015349912,49.5037885501,48.3015349912,48.6846694946,2179200
2024-10-15T04:00:00.000Z,48.8828470107,49.3518600376,48.5987978259,48.7177047729,2568000
2024-10-16T04:00:00.000Z,48.8233964024,49.9661965417,48.8233964024,49.7085723877,1998450
2024-10-17T04:00:00.000Z,49.7415944125,50.5805274399,49.7415944125,50.4550170898,1791600
2024-10-18T04:00:00.000Z,50.5210880792,51.690313332,50.3955777035,51.4525032043,2106750
2024-10-21T04:00:00.000Z,51.3336008765,51.8752742596,50.5210889118,50.6267814636,1558950
2024-10-22T04:00:00.000Z,50.2502481108,50.4286047566,49.4311289804,49.6094856262,1986000
2024-10-23T04:00:00.000Z,49.5236082117,49.9331677547,48.9885383034,49.4047050476,1242900
2024-10-24T04:00:00.000Z,49.4179161517,50.1379461246,49.4179161517,49.701965332,1944600
2024-10-25T04:00:00.000Z,49.7019641753,49.9661955252,48.8564238554,49.1140480042,1804500
2024-10-28T04:00:00.000Z,49.5037946474,50.2436462808,49.5037946474,50.1775856018,2493750
2024-10-29T04:00:00.000Z,50.0785012516,50.13795095,49.094236048,49.3452568054,3438150
2024-10-30T04:00:00.000Z,49.0347863287,50.1379509287,49.0281791267,49.6623344421,1738200
2024-10-31T04:00:00.000Z,49.5170009851,49.5170009851,48.3675936529,48.7705497742,3572250
2024-11-01T04:00:00.000Z,49.1074467983,49.7019664176,48.9224829551,49.0215682983,1561350
2024-11-04T05:00:00.000Z,48.8564263856,49.9992265609,48.7309160154,49.4839744568,3003000
2024-11-05T05:00:00.000Z,49.5434279665,51.0033057792,49.4179175962,50.9108276367,3247950
2024-11-06T05:00:00.000Z,52.3508847613,52.9321937299,51.5581907131,52.456577301,2937750
2024-11-07T05:00:00.000Z,52.5094218454,52.8463172773,52.2187692606,52.6877784729,1845600
2024-11-08T05:00:00.000Z,52.7274153779,52.8265007156,52.350884291,52.4763946533,1814100
2024-11-11T05:00:00.000Z,52.9388043246,54.4449250025,52.9388043246,54.0617904663,1665900
2024-11-12T05:00:00.000Z,53.9627071184,54.2533635424,52.9850490684,53.3483695984,3735450
2024-11-13T05:00:00.000Z,53.341755858,53.9494898811,53.1237673466,53.3021202087,2254500
2024-11-14T05:00:00.000Z,54.3326297413,55.6471832597,53.3351576685,53.7182922363,2522250
2024-11-15T05:00:00.000Z,54.0221572422,54.0750035179,52.6745753236,52.8529319763,3378300
2024-11-18T05:00:00.000Z,52.753837933,52.8463160652,51.8884798396,51.9413223267,2716950
2024-11-19T05:00:00.000Z,51.3798395623,52.5226435776,51.2014829099,52.3839225769,1783950
2024-11-20T05:00:00.000Z,52.4499753214,52.5028215927,51.822423487,52.0800514221,2031900
2024-11-21T05:00:00.000Z,52.2055602453,53.8371874068,51.7497578612,53.0973396301,2487150
2024-11-22T05:00:00.000Z,53.0577060646,54.4449235353,52.8727460031,53.8041610718,2295900
2024-11-25T05:00:00.000Z,54.4515331279,55.3895554392,54.2467514531,55.1319274902,5250450
2024-11-26T05:00:00.000Z,54.3062041344,55.9642564344,54.3062041344,55.7991104126,2676750
2024-11-27T05:00:00.000Z,55.739657927,57.0674218968,55.739657927,56.8692474365,2750850
2024-11-28T05:00:00.000Z,56.7965868396,57.153300134,56.2218850273,56.2483062744,672600
2024-11-29T05:00:00.000Z,56.2483035999,57.1731152408,56.2483035999,56.8362197876,2124000
2024-12-02T05:00:00.000Z,57.0211812698,57.6421259202,56.538961393,57.0938453674,3050550
2024-12-03T05:00:00.000Z,57.1400856569,57.8997512668,56.5059304117,56.7239189148,3201000
2024-12-04T05:00:00.000Z,56.7041012231,57.1070535636,56.0038890832,56.4002342224,2902500
2024-12-05T05:00:00.000Z,56.1492201357,56.6512578416,55.5745145517,55.6471786499,3074250
2024-12-06T05:00:00.000Z,56.1822536926,56.3870316026,55.653790912,55.9114151001,2627700
2024-12-09T05:00:00.000Z,55.9840729787,56.6512566925,55.2376179668,55.3763389587,2610900
2024-12-10T05:00:00.000Z,55.2574355004,55.8057160438,54.7487906058,55.3895530701,2552400
2024-12-11T05:00:00.000Z,55.7792944936,56.53235675,55.7132375946,56.1954612732,2098050
2024-12-12T05:00:00.000Z,56.1492198061,56.254912352,55.3036756592,55.6603889465,3081750
2024-12-13T05:00:00.000Z,55.6669958552,56.0303125623,55.1385331286,55.1979866028,1832700
2024-12-16T05:00:00.000Z,55.2601618279,55.8356525287,55.0881777545,55.7496604919,1668900
2024-12-17T05:00:00.000Z,55.4652250536,55.868727909,55.1675553519,55.8554954529,2703750
2024-12-18T05:00:00.000Z,55.8819576149,56.4971343588,52.7333067402,52.9449806213,3048300
2024-12-19T05:00:00.000Z,53.4675549593,53.5535470098,52.6407042435,52.8391494751,2376300
2024-12-20T05:00:00.000Z,52.7134549902,54.1753270688,52.204115253,53.3154029846,9863250
2024-12-23T05:00:00.000Z,53.4014017883,54.2414848672,53.2955648481,54.2282524109,2190900
2024-12-24T05:00:00.000Z,54.3208569005,54.76404953,53.9636563057,54.76404953,625200
2024-12-27T05:00:00.000Z,54.5457619819,54.9691135182,54.1091855596,54.5259208679,2213850
2024-12-31T05:00:00.000Z,54.7574406385,55.0154167597,54.4663871617,54.6516036987,1459500
2025-01-02T05:00:00.000Z,55.0021842344,55.2403154397,54.1554887758,54.8301963806,1689900
2025-01-03T05:00:00.000Z,55.17417046,55.5512159655,54.6979042459,55.2270889282,1308450
2025-01-06T05:00:00.000Z,55.5776735695,55.7628901017,54.0430379835,54.4465408325,2068800
2025-01-07T05:00:00.000Z,54.7971264981,55.3990745643,53.7255284324,54.1488761902,2388600
2025-01-08T05:00:00.000Z,53.9702745168,55.6041345939,53.8776662509,55.5512161255,3143400
2025-01-09T05:00:00.000Z,55.4519910567,55.9944081909,55.213859844,55.6835098267,990000
2025-01-10T05:00:00.000Z,55.2072388707,55.2535448917,52.3893278618,52.4224014282,4362300
2025-01-13T05:00:00.000Z,51.8336940122,52.6076261859,51.297893068,52.2901153564,3404250
2025-01-14T05:00:00.000Z,52.3430348076,53.0838934236,52.230581634,52.5943984985,2138250
2025-01-15T05:00:00.000Z,53.8247501285,54.6185271889,53.8247501285,53.9173583984,1913100
2025-01-16T05:00:00.000Z,54.0364224586,54.8698892944,53.8842832792,54.8169708252,1505550
2025-01-17T05:00:00.000Z,55.2403173283,55.8025793624,55.2403173283,55.6504364014,1892850
2025-01-20T05:00:00.000Z,55.8290364159,56.0539389574,54.9029613386,55.1807861328,567750
2025-01-21T05:00:00.000Z,55.4453823945,56.8146464238,55.4387661662,56.755115509,1896300
2025-01-22T05:00:00.000Z,56.8014114803,56.900635969,55.9150262352,56.0671691895,1710150
2025-01-23T05:00:00.000Z,56.0142514661,56.6558855044,56.0142514661,56.6161994934,2302350
2025-01-24T05:00:00.000Z,56.543436631,58.0449985989,56.4508283679,57.9457778931,2195250
2025-01-27T05:00:00.000Z,57.1519975993,57.429822391,56.4574450826,57.0990791321,1505550
2025-01-28T05:00:00.000Z,56.9535545378,57.608421024,56.550047925,57.495967865,1801350
2025-01-29T05:00:00.000Z,57.5819658456,58.594033026,57.5621209458,57.714263916,1850100
2025-01-30T05:00:00.000Z,58.2831342088,59.5201038559,58.2831342088,59.420879364,2125650
2025-01-31T05:00:00.000Z,59.5994816626,59.9897558454,58.6072594206,58.7792472839,4398000
2025-02-03T05:00:00.000Z,55.2800032243,57.9920773553,55.2800032243,57.1453819275,2471100
2025-02-04T05:00:00.000Z,56.7551151146,57.1784628832,55.3461575102,55.4255371094,2362950
2025-02-05T05:00:00.000Z,55.7099760211,56.5103693394,55.1807912946,56.4574508667,2050050
2025-02-06T05:00:00.000Z,56.7220385356,57.1453862818,56.186237625,56.834487915,2080050
2025-02-07T05:00:00.000Z,56.8609487485,57.0593939497,56.0142532605,56.1862373352,1500450
2025-02-10T05:00:00.000Z,56.8212579534,57.0858502888,56.2325385879,56.2391548157,1249200
2025-02-11T05:00:00.000Z,55.5644467764,55.6636674888,54.9691149321,55.4453811646,1203300
2025-02-12T05:00:00.000Z,54.96250067,55.4189220193,54.7309818812,55.3395462036,1146750
2025-02-13T05:00:00.000Z,56.9998604188,57.6150371488,56.1333200145,56.6360473633,1662900
2025-02-14T05:00:00.000Z,57.4364342741,57.5224263094,56.8543311402,57.0527763367,1824150
2025-02-18T05:00:00.000Z,57.3107534637,57.6613416239,57.0263162269,57.53565979,1495050
2025-02-19T05:00:00.000Z,57.0527791583,57.310755277,56.3714515001,56.9270973206,2170650
2025-02-20T05:00:00.000Z,56.9998628272,57.4364392693,55.6636685877,56.2523880005,1539900
2025-02-21T05:00:00.000Z,56.4243750234,56.6492775768,54.9691151915,55.3792304993,2455050
2025-02-24T05:00:00.000Z,55.551214666,55.762888534,54.1091836016,54.6317558289,1644600
2025-02-25T05:00:00.000Z,55.1278696316,55.1477145308,53.5601566581,54.539150238,2253300
2025-02-26T05:00:00.000Z,55.1212534068,55.3924619829,54.3076314637,54.7177505493,2737050
2025-02-27T05:00:00.000Z,54.9691129212,55.3726157691,54.1356460986,54.3010139465,2890650
2025-02-28T05:00:00.000Z,54.5060776282,55.438765198,53.9305868956,55.3792304993,5096700
2025-03-03T05:00:00.000Z,55.617359596,55.9216417155,53.864434027,54.2348632812,2022600
2025-03-04T05:00:00.000Z,52.9978999856,53.1500391709,50.7554755111,51.3177375793,4706550
2025-03-05T05:00:00.000Z,51.2714329058,52.4157981873,51.1788284176,52.4157981873,3400500
2025-03-06T05:00:00.000Z,50.9406848571,51.0862115785,49.2737513578,49.7566337585,4755750
2025-03-07T05:00:00.000Z,49.6838751879,49.9153939621,47.8118838807,49.5251197815,5128350
2025-03-10T04:00:00.000Z,48.0235616646,49.0488575543,47.3223890571,48.0632476807,4266600
2025-03-11T04:00:00.000Z,48.0632437329,48.2153866963,47.1570173209,47.5605201721,3873600
2025-03-12T04:00:00.000Z,48.5725861623,48.7644151339,47.2496206892,47.8251113892,2616450
2025-03-13T04:00:00.000Z,48.0169456993,48.0169456993,46.4095465965,46.4227752686,2811000
2025-03-14T04:00:00.000Z,47.0192096135,48.0530367136,46.5818229752,47.9867668152,3323100
2025-03-17T04:00:00.000Z,47.7879516442,49.2525368243,47.7879516442,49.0404701233,2531250
2025-03-18T04:00:00.000Z,48.9013045814,49.4977412637,48.609714747,49.4248466492,2409600
2025-03-19T04:00:00.000Z,49.5176215197,51.6913090554,49.272419864,51.346698761,3454950
2025-03-20T04:00:00.000Z,50.8828043703,51.5985275909,50.6375989289,50.9689559937,2444700
2025-03-21T04:00:00.000Z,50.3923963283,51.0948701069,49.9682629338,50.982208252,6107250
2025-03-24T04:00:00.000Z,51.5919048583,52.6721201331,51.5919048583,52.5528335571,3071850
2025-03-25T04:00:00.000Z,52.4931865015,52.837792996,51.5587680707,52.3672714233,2857200
2025-03-26T04:00:00.000Z,52.5064389883,52.5925906107,50.9755801359,51.3732070923,1863000
2025-03-27T04:00:00.000Z,51.0285972949,51.5985275015,50.4984305428,51.3400726318,1529100
2025-03-28T04:00:00.000Z,50.889430996,51.1810246172,49.0669822399,49.1730155945,2937150
2025-03-31T04:00:00.000Z,48.1988357943,50.0610480883,47.9933937907,49.9086265564,4423950
2025-04-01T04:00:00.000Z,49.5706416095,51.2141585738,49.3386893847,51.0087165833,2646300
2025-04-02T04:00:00.000Z,50.1008096217,51.6250400505,49.7959627775,51.5985298157,2884500
2025-04-03T04:00:00.000Z,48.6627326378,49.1200010251,46.9131784199,47.0059585571,4840200
2025-04-04T04:00:00.000Z,45.0178288272,45.4817256973,42.6983482689,43.6327667236,6438750
2025-04-07T04:00:00.000Z,41.3663038583,45.5347434926,41.34642213,43.2483978271,5681250
2025-04-08T04:00:00.000Z,45.1967589348,45.3558089594,41.6645196536,42.2278213501,4542300
2025-04-09T04:00:00.000Z,41.4988414032,47.7150532097,41.0084381053,47.1650047302,6548250
2025-04-10T04:00:00.000Z,46.0317732329,46.0317732329,42.3007204145,43.4339523315,5374800
2025-04-11T04:00:00.000Z,43.3809358113,45.0575915044,43.0694642625,44.726234436,2687850
2025-04-14T04:00:00.000Z,45.3624349166,45.660657039,44.5473030442,45.170249939,4175850
2025-04-15T04:00:00.000Z,45.6142616272,46.0914154701,45.064213178,45.6142616272,3693300
2025-04-16T04:00:00.000Z,45.1569958318,45.4949776107,44.2358306247,44.8654022217,2801700
2025-04-17T04:00:00.000Z,45.0045765056,45.9853831501,44.9780662707,45.6010131836,2165550
2025-04-21T04:00:00.000Z,45.2365268696,45.2630333137,43.5002258556,44.0171394348,2097600
2025-04-22T04:00:00.000Z,44.9184220099,45.8660936442,44.7858784277,45.8528404236,2439750
2025-04-23T04:00:00.000Z,47.681920269,48.7157473755,46.7872614669,46.9264335632,2896500
2025-04-24T04:00:00.000Z,47.3571935503,48.7422557251,46.9728235717,48.6163406372,2514150
2025-04-25T04:00:00.000Z,48.6892399034,49.2525416594,48.6693581743,48.9211883545,1851150
2025-04-28T04:00:00.000Z,48.9808307017,49.7031824572,48.60971396,48.8549156189,1128600
2025-04-29T04:00:00.000Z,48.5964544871,49.5375014112,48.2982361659,49.1796379089,2212950
2025-04-30T04:00:00.000Z,48.7157463001,49.2591662841,47.9801375466,49.0802345276,3229050
2025-05-01T04:00:00.000Z,49.166386487,50.1339436799,49.0007079505,49.6302833557,1780500
2025-05-02T04:00:00.000Z,50.3460119896,50.9557018944,50.1273167694,50.7701454163,2467500
2025-05-05T04:00:00.000Z,50.4387918691,50.8297865518,49.9550132597,50.0080299377,1135350
2025-05-06T04:00:00.000Z,49.5838965903,50.1737047647,49.504369677,49.7429466248,1946250
2025-05-07T04:00:00.000Z,50.0146538564,51.2340412246,50.0146538564,51.1545143127,2617500
2025-05-08T04:00:00.000Z,50.8430386082,53.7059427369,50.8364101021,53.1161308289,3267750
2025-05-09T04:00:00.000Z,53.1293895159,53.2022879226,52.0226639852,52.3275108337,2006550
2025-05-12T04:00:00.000Z,54.2692470116,55.0247336886,53.9246367252,54.4017868042,2405550
2025-05-13T04:00:00.000Z,54.3421443812,55.4554945442,54.1565841246,54.839176178,2083350
2025-05-14T04:00:00.000Z,55.0313596539,55.3892231446,54.7927827294,55.0976295471,2422950
2025-05-15T04:00:00.000Z,54.7066353252,55.3825989059,54.5542138006,55.2765655518,2427300
2025-05-16T04:00:00.000Z,55.3362088184,55.8266121164,55.1373953383,55.3560905457,2275200
2025-05-20T04:00:00.000Z,54.5807199998,54.9187017886,53.9312666565,54.408416748,2861100
2025-05-21T04:00:00.000Z,53.7722196395,53.9710293447,52.3010058267,52.3341407776,4170900
2025-05-22T04:00:00.000Z,51.9497645863,52.9106932852,51.8238495036,52.5528335571,2439900
2025-05-23T04:00:00.000Z,51.9100031743,52.3871532544,51.7575778621,51.9431381226,2501250
2025-05-26T04:00:00.000Z,52.5859651766,52.6522350711,51.823846222,52.4136581421,715050
2025-05-27T04:00:00.000Z,52.7185076303,53.2818093459,52.5196941448,53.2751846313,3127350
2025-05-28T04:00:00.000Z,53.1492682051,53.2685547766,52.7052530753,52.8974380493,1989600
2025-05-29T04:00:00.000Z,53.2950602144,53.3281951595,52.3871483091,52.8046531677,4502550
2025-05-30T04:00:00.000Z,52.665492094,52.8311706342,51.8834951482,52.519695282,7090800
2025-06-02T04:00:00.000Z,52.2612408867,52.6124759065,51.5190073904,52.4865608215,1801800
2025-06-03T04:00:00.000Z,52.5064438511,53.3016940454,52.2744954037,52.9173240662,1585650
2025-06-04T04:00:00.000Z,52.9968396245,53.1360117067,52.4534196839,52.493183136,1624050
2025-06-05T04:00:00.000Z,52.6721220085,52.9040704541,52.2015966103,52.632358551,1375950
2025-06-06T04:00:00.000Z,53.2818121468,53.7059493745,53.0962556648,53.4474906921,1439250
2025-06-09T04:00:00.000Z,53.4474869563,53.4872504112,51.8702399048,53.1293869019,3138000
2025-06-10T04:00:00.000Z,53.1890305743,53.5667720083,52.8112853483,53.5468940735,1807650
2025-06-11T04:00:00.000Z,53.825233041,54.2758728959,53.4077243429,53.5932846069,1717650
2025-06-12T04:00:00.000Z,53.308320499,53.5468974441,52.9902204335,53.4209823608,1157850
2025-06-13T04:00:00.000Z,52.9908910613,52.9908910613,51.9289503461,52.1147918701,1650900
2025-06-16T04:00:00.000Z,52.4798360064,53.3493004987,52.4333775212,52.7585945129,2364300
2025-06-17T04:00:00.000Z,52.4864729419,52.7851433037,52.1347055425,52.5130195618,3367500
2025-06-18T04:00:00.000Z,53.0572612297,54.3780523635,52.8183264685,54.0661087036,3436200
2025-06-19T04:00:00.000Z,53.8603588722,53.8603588722,53.0373566653,53.7342529297,701850
2025-06-20T04:00:00.000Z,54.4245179817,54.5838090982,53.4156704459,53.7873535156,9205050
2025-06-23T04:00:00.000Z,53.4953133203,54.3979629032,53.1634578054,54.3315925598,3738600
2025-06-24T04:00:00.000Z,54.8360199068,56.0373399123,54.7563724512,55.8979606628,2219550
2025-06-25T04:00:00.000Z,56.0174277042,56.0174277042,54.537345411,54.8227424622,2046300
2025-06-26T04:00:00.000Z,55.0484061853,55.393538842,54.849295135,55.3205299377,2451150
2025-06-27T04:00:00.000Z,55.3537134959,56.482028404,55.2873431477,56.024066925,2521500
2025-06-30T04:00:00.000Z,56.2165407761,56.2696378119,55.4134466854,55.9377822876,2553000
2025-07-02T04:00:00.000Z,55.7253894104,56.5616686597,55.0815902357,56.5085716248,2448000
2025-07-03T04:00:00.000Z,57.0793676276,58.0351142883,56.7541506514,58.0351142883,1850400
2025-07-04T04:00:00.000Z,58.0483925185,58.0749391384,57.8426391236,58.0019302368,603600
2025-07-07T04:00:00.000Z,58.2143163713,58.4665282412,56.9731726826,57.0660934448,3823500
2025-07-08T04:00:00.000Z,57.3581320155,57.484237957,56.8736201136,57.0461845398,3031950
2025-07-09T04:00:00.000Z,57.3315808237,57.3913164155,56.2165430272,56.8205223083,2932950
2025-07-10T04:00:00.000Z,56.9001658935,58.141313426,56.7010548499,57.9753837585,2344950
2025-07-11T04:00:00.000Z,57.1258315169,57.4775989202,56.9333552281,57.3315811157,1857450
2025-07-14T04:00:00.000Z,57.05945552,58.1479466667,56.8337940644,58.0882148743,1321950
2025-07-15T04:00:00.000Z,58.1147646206,58.2939676031,57.5439704983,57.6568031311,1339950
2025-07-16T04:00:00.000Z,57.8559160694,59.7674094224,57.5572419099,59.7474975586,2082750
2025-07-17T04:00:00.000Z,59.4222790031,62.3027960641,59.4222790031,62.1700515747,3823500
2025-07-18T04:00:00.000Z,62.3027967649,62.389078975,61.2541293392,61.2674026489,2112450
2025-07-21T04:00:00.000Z,61.6390851717,61.6390851717,60.1921879946,60.2452850342,1212750
2025-07-22T04:00:00.000Z,60.1457278874,60.2253715457,59.302810033,59.999710083,1905450
2025-07-23T04:00:00.000Z,60.1722688681,61.4266896001,60.1722688681,61.141292572,1555650
2025-07-24T04:00:00.000Z,61.7452769108,61.9709383711,60.8293501643,61.0815620422,4310700
2025-07-25T04:00:00.000Z,61.3404113438,61.7253639097,60.922269807,61.4997024536,1228350
2025-07-28T04:00:00.000Z,61.5926247892,61.7651892131,61.0085535739,61.5660743713,1817400
2025-07-29T04:00:00.000Z,61.9908496632,62.0970437374,61.0616496153,61.9576644897,1544850
2025-07-30T04:00:00.000Z,62.223148549,62.8337663634,61.3072256253,61.9908485413,4076850
2025-07-31T04:00:00.000Z,61.9112058888,62.9333229013,61.3802317211,61.5992584229,2710350
2025-08-01T04:00:00.000Z,60.2585624555,60.3979417104,58.9908682551,59.8072357178,3300300
2025-08-05T04:00:00.000Z,61.1545700809,61.7253641763,60.4908552217,61.4466056824,3065550
2025-08-06T04:00:00.000Z,61.6457186185,62.1567809367,61.240854175,61.6390838623,3627600
2025-08-07T04:00:00.000Z,61.7452754439,61.7917339265,58.9510405849,59.2696228027,3522750
2025-08-08T04:00:00.000Z,59.4886532805,59.6811295747,58.6722858206,59.090423584,1993350
2025-08-11T04:00:00.000Z,58.858121801,59.2430781756,58.6988306867,58.8713951111,2125500
2025-08-12T04:00:00.000Z,58.9975022187,60.1590023237,58.9975022187,59.9665260315,2139300
2025-08-13T04:00:00.000Z,60.6103310493,60.7430717527,60.0129864909,60.5174102783,2951850
2025-08-14T04:00:00.000Z,59.8138707009,60.4974936241,59.7342232469,60.139087677,1907700
2025-08-15T04:00:00.000Z,59.9665246424,60.3780276357,59.6346691048,60.0528068542,1565550
2025-08-18T04:00:00.000Z,59.8404160315,60.0328923106,59.4023664376,59.6346664429,1815750
2025-08-19T04:00:00.000Z,59.4620996771,60.1191759828,59.3160856742,59.3426322937,2688900
2025-08-20T04:00:00.000Z,59.3227221576,59.4753785166,58.4864428535,58.9975013733,2616150
2025-08-21T04:00:00.000Z,58.7652054728,59.1302461895,58.5129935896,59.1236076355,1864650
2025-08-22T04:00:00.000Z,59.3227194192,60.6501453176,59.2828956928,60.5041313171,3383250
2025-08-25T04:00:00.000Z,60.0395304571,60.4112097034,59.3028067202,59.7143096924,1937550
2025-08-26T04:00:00.000Z,59.5019271524,60.1590034994,59.1037012499,60.1125450134,3006900
2025-08-27T04:00:00.000Z,59.7474993208,60.2452845376,59.6877675254,59.9665260315,2079600
2025-08-28T04:00:00.000Z,60.2519205703,60.5970532093,59.9001531754,60.0859909058,2279700
2025-08-29T04:00:00.000Z,60.0461699598,60.3050204005,59.4753796348,59.9134292603,2873700
2025-09-02T04:00:00.000Z,60.1523592044,60.875809631,58.8182985706,60.6899681091,2452200
2025-09-03T04:00:00.000Z,60.7297922484,60.7297922484,59.1634278028,59.8404159546,1986900
2025-09-04T04:00:00.000Z,60.2054561079,61.2408501894,59.6479391393,61.1014709473,1883400
2025-09-05T04:00:00.000Z,61.5727110904,62.043945864,59.9532495822,61.167842865,1918050
2025-09-08T04:00:00.000Z,61.2806788676,61.7386403568,60.2784698773,61.0682907104,2056050
2025-09-09T04:00:00.000Z,60.7165212763,61.5129768392,60.6368738212,60.9023590088,1886400
2025-09-10T04:00:00.000Z,61.4266953011,62.3824419871,60.9488219582,61.7187271118,1950750
2025-09-11T04:00:00.000Z,61.8249209041,63.9753566342,61.7054535183,63.1058883667,2628750
2025-09-12T04:00:00.000Z,63.0228217,63.0959229137,62.2651899664,62.3382949829,2052450
2025-09-15T04:00:00.000Z,62.5908380759,63.5279048891,62.4712134153,63.5146141052,2818650
2025-09-16T04:00:00.000Z,63.268717982,63.946597402,63.0892790883,63.7671585083,2623500
2025-09-17T04:00:00.000Z,63.7671577906,64.4383899097,62.8766106255,63.4547996521,2240250
2025-09-18T04:00:00.000Z,64.2456555824,65.1162607529,63.9731698312,64.8371353149,1806750
2025-09-19T04:00:00.000Z,66.8574858625,66.8574858625,64.7241610945,65.8074417114,10718850
2025-09-22T04:00:00.000Z,65.7875004732,67.076801557,64.9567713546,66.7976760864,2623050
2025-09-23T04:00:00.000Z,67.063503417,68.1800128458,65.8340204317,65.8406677246,3009000
2025-09-24T04:00:00.000Z,65.714395104,66.1929013407,64.3719308928,64.378578186,4226250
2025-09-25T04:00:00.000Z,64.2057872869,64.3121211623,62.8500246719,63.4082794189,2677650
2025-09-26T04:00:00.000Z,63.7937381737,63.9798243552,63.2820068786,63.3617591858,2460150
2025-09-29T04:00:00.000Z,63.6807601566,64.4516826393,63.5744262833,63.9931182861,4027650
2025-09-30T04:00:00.000Z,63.8867841489,64.3519881877,62.4712111392,63.4614448547,4893600
2025-10-01T04:00:00.000Z,63.0028806293,63.7870938937,62.9031902465,62.9164848328,1682100
2025-10-02T04:00:00.000Z,63.2820081579,63.5345520654,62.6572956827,63.2487792969,1681650
2025-10-03T04:00:00.000Z,63.7472163927,64.1326795265,63.3019428334,63.7073402405,1265550
2025-10-06T04:00:00.000Z,64.5978949549,64.5978949549,62.6107763494,63.1025695801,1352250
2025-10-07T04:00:00.000Z,63.4680918228,63.7605080703,62.3781677304,62.7968559265,2346000
2025-10-08T04:00:00.000Z,63.1690286341,63.3750490868,62.1987291919,63.122505188,1393050
2025-10-09T04:00:00.000Z,63.468090154,63.6408817412,62.6041246122,62.9231262207,1451850
2025-10-10T04:00:00.000Z,63.4913484764,63.4913484764,60.0122359732,60.1019554138,1649700
2025-10-14T04:00:00.000Z,62.2452474866,63.8003831961,61.5274957616,63.4415054321,1960300
2025-10-15T04:00:00.000Z,64.2390153025,64.7474191462,63.062691593,63.4714126587,2061400
2025-10-16T04:00:00.000Z,63.5711034588,63.5711034588,61.3679973049,61.6670608521,1866600
2025-10-17T04:00:00.000Z,61.1985250696,62.2651874543,61.1985250696,62.0558433533,1626600
2025-10-20T04:00:00.000Z,62.4745303506,63.411600923,62.4745303506,63.112537384,1083400
2025-10-21T04:00:00.000Z,62.9031894842,63.5611307911,62.8732842712,63.112537384,1428600
2025-10-22T04:00:00.000Z,62.6639428733,63.1922886083,62.1954075669,62.8134727478,1722000
2025-10-23T04:00:00.000Z,62.7636302832,63.4813858594,62.4845048048,63.3916664124,2207100
2025-10-24T04:00:00.000Z,64.0695383165,65.0066088873,63.8801360989,64.4682922363,1244100
2025-10-27T04:00:00.000Z,65.4950838049,65.8938377574,65.0464903619,65.2259292603,1458500
2025-10-28T04:00:00.000Z,65.764242932,67.8975677331,65.2957076298,65.9735870361,2407500
2025-10-29T04:00:00.000Z,65.8240525795,65.9137758263,64.368607202,64.7175140381,1918400
2025-10-30T04:00:00.000Z,64.6676757762,64.9767064647,63.6109805052,63.830291748,2512900
2025-10-31T04:00:00.000Z,63.7306046494,64.4284183292,63.2521022106,64.3885421753,1534800
2025-11-03T05:00:00.000Z,64.4184570312,64.6776406316,63.4913535356,64.4184570312,2048100
2025-11-04T05:00:00.000Z,63.2421286591,64.5281098521,63.2421286591,64.009727478,2618100
2025-11-05T05:00:00.000Z,64.1193831794,64.6975759628,63.8601919997,64.5480422974,1737300
2025-11-06T05:00:00.000Z,64.4284172269,64.7175136338,63.1424436084,64.2589492798,2536800
2025-11-07T05:00:00.000Z,63.0626944086,64.1094187648,62.6440061873,64.0795135498,4072900
2025-11-10T05:00:00.000Z,64.6178275016,64.7175140826,63.7505420778,64.378578186,1735100
2025-11-11T05:00:00.000Z,64.3387024533,65.0664213446,63.9499194609,64.4981994629,2322300
2025-11-12T05:00:00.000Z,64.7274826935,65.7841741043,64.5480438119,65.4751434326,1595200
2025-11-13T05:00:00.000Z,65.0265515009,65.3555164533,60.1717382537,61.1985244751,4751400
2025-11-14T05:00:00.000Z,60.4907374186,61.6770244011,60.3611418281,61.5573997498,2726900
2025-11-17T05:00:00.000Z,60.8097415961,61.437777697,59.5437022573,60.0122375488,3198800
2025-11-18T05:00:00.000Z,58.8159812806,60.660209681,58.5667610209,60.4907417297,2638700
2025-11-19T05:00:00.000Z,60.969243186,61.2982157488,60.0421435308,61.2683067322,1965600
2025-11-20T05:00:00.000Z,62.5144059384,62.7536590491,61.1586471843,61.4078674316,1736900
2025-11-21T05:00:00.000Z,62.0359060938,62.8932243887,61.0589631399,62.8035049438,2162800
2025-11-24T05:00:00.000Z,63.0527231304,63.7904167423,62.2851243055,63.4514770508,5678000
2025-11-25T05:00:00.000Z,63.0626868874,65.0564525796,63.0626868874,64.7573852539,2202000
2025-11-26T05:00:00.000Z,65.2059866787,65.7442956995,64.797261838,65.2159500122,1399300
2025-11-27T05:00:00.000Z,65.0763890692,65.6147057104,65.0365129174,65.3555145264,1433300
2025-11-28T05:00:00.000Z,65.2358990131,66.0533411782,64.9368316528,65.7742156982,2256700
2025-12-01T05:00:00.000Z,64.8570734159,65.3654848397,64.428414295,64.6676712036,2239500
2025-12-02T05:00:00.000Z,64.9467975463,65.7044292227,64.3985099636,64.5679779053,2582800
2025-12-03T05:00:00.000Z,64.5978904948,65.3654855023,64.0894790658,64.6776351929,2617900
2025-12-04T05:00:00.000Z,64.6676780918,65.0564611027,64.1592666139,64.9966430664,1907200
2025-12-05T05:00:00.000Z,64.84711077,65.2857332293,64.1492895209,64.3386993408,1981500
2025-12-08T05:00:00.000Z,64.3287288602,64.3785759518,63.2122232198,64.1193847656,1538600
2025-12-09T05:00:00.000Z,64.2091073237,64.9069209648,63.9798213527,64.4483566284,2338900
2025-12-10T05:00:00.000Z,64.1393161144,65.5648561647,63.999753391,65.2059860229,2437600
2025-12-11T05:00:00.000Z,65.0165816895,65.6446139975,63.8901012633,63.929977417,3282900
2025-12-12T05:00:00.000Z,63.929976637,64.2888544102,62.3050633236,62.6739082336,2269600
2025-12-15T05:00:00.000Z,63.0427551718,63.2321611899,61.8564643657,62.1954040527,2754500
2025-12-16T05:00:00.000Z,62.1085615358,62.3381491353,61.6094570652,61.7891349792,4179900
2025-12-17T05:00:00.000Z,62.1385056764,62.4379675928,60.9905638878,61.2401161194,2939600
2025-12-18T05:00:00.000Z,61.8090938442,62.8871612942,61.4098125652,61.6094551086,2203800
2025-12-19T05:00:00.000Z,62.2083794743,62.6675546628,61.9188979742,62.3581123352,8540200
2025-12-22T05:00:00.000Z,62.6575739172,63.4860853348,62.1484852392,63.376285553,2532500
2025-12-23T05:00:00.000Z,63.2864472868,63.7955321624,63.1367144251,63.2065887451,2068200
2025-12-24T05:00:00.000Z,63.1367140228,64.0351035715,62.9969653836,63.6358184814,420000
2025-12-29T05:00:00.000Z,63.5459801397,64.2447271502,63.5459801397,63.9253005981,2950200
2025-12-30T05:00:00.000Z,63.9352852728,64.2547118271,63.2664833069,63.2664833069,2247800
2025-12-31T05:00:00.000Z,63.2864478409,63.5859097591,62.8671981092,62.9071273804,1667800
2026-01-02T05:00:00.000Z,63.2265553739,64.2646897934,62.6076668879,63.9752082825,1534100
2026-01-05T05:00:00.000Z,64.3645134738,67.349155964,64.2846549337,67.0496902466,4125600
2026-01-06T05:00:00.000Z,67.269300282,68.3174227219,66.3409656573,67.7783889771,4515500
2026-01-07T05:00:00.000Z,67.5787452004,67.9780303173,65.1730655081,65.2030105591,2930900
2026-01-08T05:00:00.000Z,64.7538162456,65.642221587,64.6440126537,65.3627243042,2048100
2026-01-09T05:00:00.000Z,65.7620035948,66.710306677,65.3826869314,66.2311630249,2687300
2026-01-12T05:00:00.000Z,65.7120990102,66.6104886158,65.1530968025,66.3509521484,1808100
2026-01-13T05:00:00.000Z,66.5905136193,66.5905136193,65.0333102,65.5224304199,3589200
2026-01-14T05:00:00.000Z,65.3826844358,65.6821501589,64.524224153,65.5324172974,1951700
2026-01-15T05:00:00.000Z,66.1213552242,66.7602083092,65.3627219456,65.6122741699,1851700
2026-01-16T05:00:00.000Z,65.7320563262,66.2611058391,65.4126297742,65.7919540405,2711400
2026-01-19T05:00:00.000Z,64.913523469,65.5723449978,64.015133937,64.9235076904,680400
2026-01-20T05:00:00.000Z,64.4443673391,64.5142416609,62.4180043902,62.5377922058,3473100
2026-01-21T05:00:00.000Z,63.1167499965,64.4244050616,62.7673783952,63.9253005981,2759600
2026-01-22T05:00:00.000Z,64.5441901675,64.8935617542,64.1249366478,64.1449050903,1555700
2026-01-23T05:00:00.000Z,63.9752050588,64.5142387813,63.3862654604,64.4942779541,2162200
2026-01-26T05:00:00.000Z,64.8536341403,64.9634377297,63.5359986829,64.2946395874,1897700
2026-01-27T05:00:00.000Z,64.1249409195,64.9634403991,63.9652314474,64.3046188354,1789000
2026-01-28T05:00:00.000Z,64.2646898485,64.2946425144,62.947058139,63.7456245422,1818900
2026-01-29T05:00:00.000Z,64.0550642202,64.5342078502,62.4679157016,62.6875190735,5483100
2026-01-30T05:00:00.000Z,62.427987388,62.7973236258,61.4297784581,61.9588279724,2647900
2026-02-02T05:00:00.000Z,61.4497420097,63.9352838767,61.4497420097,63.6058731079,2270000
2026-02-03T05:00:00.000Z,63.1367140144,63.5859087887,59.932464304,60.7210502625,3644400
2026-02-04T05:00:00.000Z,61.3898481024,62.7873421026,60.8108851055,62.5577507019,3441300
2026-02-05T05:00:00.000Z,61.6992940579,62.3381471506,60.3018000617,60.5613327026,3458400
2026-02-06T05:00:00.000Z,61.1702419021,61.8190792286,60.7210509307,61.5994720459,5257600
2026-02-09T05:00:00.000Z,61.6394013217,63.5759252718,61.6394013217,63.4661254883,5141000
2026-02-10T05:00:00.000Z,63.6757505358,64.8536374144,63.1466971971,64.5941009521,2979000
2026-02-11T05:00:00.000Z,65.1231492521,65.1231492521,63.1666606395,63.1966094971,4741500
2026-02-12T05:00:00.000Z,64.7637906391,66.1812530639,63.5459783714,64.6939163208,4309200
2026-02-13T05:00:00.000Z,64.6440156913,65.5024760235,64.3445499509,64.9434738159,1819100
2026-02-17T05:00:00.000Z,65.0932050107,65.8718067767,64.4343910609,65.0233306885,3342400
2026-02-18T05:00:00.000Z,65.0033679013,65.2030066399,64.4842949958,64.8436508179,3319200
2026-02-19T05:00:00.000Z,64.6140675053,64.8636197382,62.3680936009,63.1367149353,2856500
2026-02-20T05:00:00.000Z,63.06684,63.3862665504,62.2283443531,62.8472328186,2343500
2026-02-23T05:00:00.000Z,62.3980407532,62.5677382575,59.7527892796,60.1720352173,4246800
2026-02-24T05:00:00.000Z,59.8925376392,61.7691715514,59.7128597217,61.5495643616,3153800
2026-02-25T05:00:00.000Z,61.7991153047,62.5377915955,60.960619643,62.2483100891,2315200
2026-02-26T05:00:00.000Z,62.5777165884,62.99696632,61.3000103737,62.088596344,2129400
2026-02-27T05:00:00.000Z,60.9306762658,61.0504602757,58.8344351502,59.7128601074,6733400
2026-03-02T05:00:00.000Z,58.1656349795,60.6611573118,57.7064597842,59.9923553467,2134800
2026-03-03T05:00:00.000Z,58.1456715674,59.2037744294,56.8280360528,58.7046699524,3324600
2026-03-04T05:00:00.000Z,58.8943264221,59.4732894248,58.6248095561,58.8843460083,2462700
2026-03-05T05:00:00.000Z,58.445131801,58.9741851206,57.367068142,57.9659919739,4718800
2026-03-06T05:00:00.000Z,56.6084272639,56.718230855,55.16102356,55.8697547913,3344000
2026-03-09T04:00:00.000Z,54.9513998096,55.7300053498,53.7236033055,55.6800918579,6378700
2026-03-10T04:00:00.000Z,55.8098615875,57.3271396306,54.8815269702,56.5185890198,2938100
2026-03-11T04:00:00.000Z,56.3788401688,56.8080703153,54.8415974956,54.9813499451,3565400
2026-03-12T04:00:00.000Z,54.2526548417,54.4922266649,52.6455416328,52.7154159546,4603400
2026-03-13T04:00:00.000Z,53.3243203987,53.6836762308,52.4658638984,52.6155929565,3421400
2026-03-16T04:00:00.000Z,53.4041784316,53.7735146742,52.7852899534,53.5039978027,2198600
2026-03-17T04:00:00.000Z,54.0299987793,54.8199996948,53.9900016785,54.4799995422,2606400
2026-03-18T04:00:00.000Z,54.2799987793,55.1199989319,53.7000007629,53.8899993896,1589900
2026-03-19T04:00:00.000Z,53.4099998474,53.7799987793,52.7299995422,53.7299995422,2160200
2026-03-20T04:00:00.000Z,53.3800010681,53.7000007629,52.0400009155,52.5499992371,9955200
2026-03-23T04:00:00.000Z,54.0,54.75,53.4399986267,54.1500015259,3838200
2026-03-24T04:00:00.000Z,53.3800010681,54.0999984741,52.7400016785,53.9900016785,1683300
2026-03-25T04:00:00.000Z,55.0,55.5499992371,54.1599998474,55.1599998474,2467100
2026-03-26T04:00:00.000Z,54.5400009155,56.0400009155,54.5,54.9500007629,2006900
2026-03-27T04:00:00.000Z,54.4000015259,54.9599990845,53.9799995422,54.1699981689,2475000
2026-03-30T04:00:00.000Z,54.8100013733,55.6199989319,53.8199996948,53.9700012207,4043900
2026-03-31T04:00:00.000Z,54.9099998474,56.5,54.5200004578,56.3699989319,4052400
2026-04-01T04:00:00.000Z,56.9099998474,57.1699981689,56.1100006104,56.6100006104,2504000
2026-04-02T04:00:00.000Z,55.4599990845,57.2799987793,55.2299995422,56.9300003052,3076400
2026-04-06T04:00:00.000Z,56.7900009155,57.1100006104,56.4300003052,56.7200012207,2548500
2026-04-07T04:00:00.000Z,56.4199981689,56.7400016785,55.7099990845,56.7000007629,1834500
2026-04-08T04:00:00.000Z,59.2999992371,59.8499984741,58.0099983215,58.2299995422,2778500
2026-04-09T04:00:00.000Z,57.9300003052,58.8699989319,57.7400016785,58.5600013733,3696300
2026-04-10T04:00:00.000Z,58.5400009155,59.0200004578,58.1100006104,58.3499984741,1836500
2026-04-13T04:00:00.000Z,57.8499984741,60.4300003052,57.8300018311,60.2599983215,3701800
2026-04-14T04:00:00.000Z,60.5,62.9500007629,60.2799987793,62.75,2772600
2026-04-15T04:00:00.000Z,62.9900016785,64.3000030518,62.8800010681,63.9300003052,3169400
2026-04-16T04:00:00.000Z,63.9000015259,64.0299987793,62.9099998474,63.0,2347200
2026-04-17T04:00:00.000Z,63.4199981689,65.0500030518,63.4199981689,63.8400001526,1997600
2026-04-20T04:00:00.000Z,63.4199981689,64.2099990845,63.1699981689,63.7099990845,2688600
2026-04-21T04:00:00.000Z,63.8899993896,65.0500030518,63.2599983215,63.4900016785,2137400
2026-04-22T04:00:00.000Z,64.0,64.1399993896,62.8899993896,63.2000007629,1317400
2026-04-23T04:00:00.000Z,62.8199996948,63.2599983215,61.5200004578,62.1800003052,1911300
2026-04-24T04:00:00.000Z,62.2099990845,62.3699989319,61.4799995422,62.1899986267,1530300
2026-04-27T04:00:00.000Z,61.6399993896,62.2900009155,60.9900016785,61.1599998474,1925700
2026-04-28T04:00:00.000Z,61.1100006104,61.4700012207,60.2099990845,60.4500007629,4647600
2026-04-29T04:00:00.000Z,60.3899993896,60.9000015259,58.7900009155,59.0999984741,3088500
2026-04-30T04:00:00.000Z,58.9300003052,61.4000015259,58.8499984741,61.3499984741,3033900
2026-05-01T04:00:00.000Z,61.7999992371,62.0699996948,60.9900016785,61.4799995422,1973000
2026-05-04T04:00:00.000Z,61.1599998474,62.3800010681,60.8400001526,61.2400016785,1292800
2026-05-05T04:00:00.000Z,61.4799995422,62.6899986267,61.1800003052,62.4700012207,1449900
2026-05-06T04:00:00.000Z,63.5600013733,64.0999984741,62.8800010681,63.4199981689,3218700
2026-05-07T04:00:00.000Z,63.8800010681,64.1800003052,62.8800010681,63.4500007629,1980400
2026-05-08T04:00:00.000Z,63.75,64.4300003052,62.8600006104,64.3799972534,2223300
2026-05-11T04:00:00.000Z,64.0699996948,64.4499969482,63.1500015259,63.3199996948,2008000
