Date,Open,High,Low,Close,Volume
2021-01-04T05:00:00.000Z,165.6990281454,168.397292604,163.2090154273,164.9293823242,4078300
2021-01-05T05:00:00.000Z,164.0782294481,168.234282891,164.0782294481,166.2784881592,2933700
2021-01-06T05:00:00.000Z,169.4566661755,178.6289713413,168.5512070695,175.5323028564,8034700
2021-01-07T05:00:00.000Z,178.2396062408,178.7104349641,174.0292136823,175.8672943115,5297500
2021-01-08T05:00:00.000Z,175.523257731,176.7999446029,173.2324472393,175.8944854736,3186600
2021-01-11T05:00:00.000Z,173.4497441492,176.9810429526,172.3179202666,175.5323028564,2540800
2021-01-12T05:00:00.000Z,176.2747513336,179.2808818428,175.0342769259,178.864364624,2466100
2021-01-13T05:00:00.000Z,179.9961868775,181.2457247072,177.2888733348,177.3703613281,3154700
2021-01-14T05:00:00.000Z,177.5605393167,179.1994181166,176.8904945927,178.7376251221,2486600
2021-01-15T05:00:00.000Z,177.1621289165,177.2074046343,172.8340355704,176.2204437256,3317100
2021-01-19T05:00:00.000Z,176.8575988224,178.5143085672,176.0838722023,176.6482391357,2361200
2021-01-20T05:00:00.000Z,175.3738910008,176.5026250819,173.3348664408,175.0825958252,2501100
2021-01-21T05:00:00.000Z,175.0916924972,176.3387668729,172.9980537434,174.9460449219,1951200
2021-01-22T05:00:00.000Z,173.7262772806,175.5195231143,172.3244436787,174.7184753418,2027000
2021-01-25T05:00:00.000Z,173.4622958031,174.1996175806,170.1944063474,170.5312042236,3837100
2021-01-26T05:00:00.000Z,170.7678490182,172.4154469913,170.0669323388,170.4128417969,2506000
2021-01-27T05:00:00.000Z,167.6728814854,168.9017599715,163.2489383808,164.4232025146,4095300
2021-01-28T05:00:00.000Z,165.9069773601,170.7769618232,165.0422175284,167.8003540039,3445400
2021-01-29T05:00:00.000Z,167.0357376052,171.8784152481,164.5142678133,166.4349517822,4541400
2021-02-01T05:00:00.000Z,169.275033937,170.0396629081,165.6885420952,168.1462860107,2738200
2021-02-02T05:00:00.000Z,169.7665667249,175.483102016,168.9837283817,175.228225708,5265400
2021-02-03T05:00:00.000Z,173.7808872291,174.3452542055,172.0968701746,174.2724304199,2979000
2021-02-04T05:00:00.000Z,174.7730853583,175.3283545705,173.1345849051,174.4544830322,2253800
2021-02-05T05:00:00.000Z,175.2464360364,176.8940342825,172.9616331272,175.6833648682,2240000
2021-02-08T05:00:00.000Z,177.5039105236,179.8160066313,177.2035176236,179.734085083,2725700
2021-02-09T05:00:00.000Z,179.8160125914,180.8355317101,177.4037854371,179.5793457031,2331600
2021-02-10T05:00:00.000Z,180.6898882278,181.7913289224,178.6508638338,179.9798736572,2816400
2021-02-11T05:00:00.000Z,179.8615257148,180.6170568573,176.948643767,180.5533447266,2178200
2021-02-12T05:00:00.000Z,180.2165353184,180.9265498683,179.1059968911,180.2256469727,1804200
2021-02-16T05:00:00.000Z,181.8277093661,186.7705035094,181.3634734064,184.2217407227,3722700
2021-02-17T05:00:00.000Z,184.2308778581,184.6951139171,181.8641531764,184.1489562988,2290400
2021-02-18T05:00:00.000Z,183.4662688709,184.6769385302,180.7627460018,181.9825134277,2345800
2021-02-19T05:00:00.000Z,185.0136522763,192.4870265805,184.5129975487,191.0760955811,4937300
2021-02-22T05:00:00.000Z,190.8212641961,199.2322100369,190.5572762369,198.4948883057,4578300
2021-02-23T05:00:00.000Z,199.8330236337,200.9344644463,194.1437948055,200.424697876,4125100
2021-02-24T05:00:00.000Z,200.6340489202,206.332374873,200.151603481,202.5092163086,4925000
2021-02-25T05:00:00.000Z,203.5560281052,204.2660426696,200.0059552828,201.9175415039,4313000
2021-02-26T05:00:00.000Z,200.9435558229,202.4455066299,196.455898933,196.5105133057,4461300
2021-03-01T05:00:00.000Z,199.6327215243,202.6093293378,199.2595048547,200.0423431396,2871200
2021-03-02T05:00:00.000Z,199.0683451067,199.6600192019,195.7185207831,196.4558563232,2854300
2021-03-03T05:00:00.000Z,193.1060630745,198.0306624495,192.9877226806,195.627532959,2664000
2021-03-04T05:00:00.000Z,195.2361307127,197.2296387853,189.7653730826,193.6795654297,3568400
2021-03-05T05:00:00.000Z,195.1086778056,200.9708611726,192.5234956654,200.4064941406,3602300
2021-03-08T05:00:00.000Z,201.1438121648,204.1750347702,198.6314538647,201.6990814209,3048700
2021-03-09T05:00:00.000Z,201.5169830032,202.3817427586,196.7471299243,197.3479156494,2902400
2021-03-10T05:00:00.000Z,198.1945008187,202.1269020126,197.7029576143,201.2257232666,2435800
2021-03-11T05:00:00.000Z,202.9916437714,203.537815185,199.4870739621,200.0423431396,2960000
2021-03-12T05:00:00.000Z,199.3505143744,208.4714870034,198.549466767,208.4532775879,4756500
2021-03-15T04:00:00.000Z,208.3349441873,211.0020611207,205.5677101894,210.0371704102,4215300
2021-03-16T04:00:00.000Z,207.2882248449,210.4650957368,204.6029111816,206.1412811279,3539200
2021-03-17T04:00:00.000Z,207.661357058,213.2777607111,206.751080669,212.6678771973,3518500
2021-03-18T04:00:00.000Z,213.0046836044,216.4455273822,209.1269110313,209.9825592041,4336200
2021-03-19T04:00:00.000Z,208.2257499439,209.0449932402,203.9474531601,205.0761871338,7485100
2021-03-22T04:00:00.000Z,206.2868649875,206.7966176274,203.5105326531,205.7407073975,2211600
2021-03-23T04:00:00.000Z,202.1359824069,205.0306686853,197.2113835728,198.6678314209,4017600
2021-03-24T04:00:00.000Z,200.7250624669,206.7328928166,200.7250624669,201.3804626465,4258000
2021-03-25T04:00:00.000Z,199.5599244255,204.7849168296,196.6561400049,204.1295166016,2901800
2021-03-26T04:00:00.000Z,206.041097026,209.2179532094,205.0033823429,208.9084625244,3040100
2021-03-29T04:00:00.000Z,207.6340611686,211.0475978128,207.2790539132,209.5638427734,3003200
2021-03-30T04:00:00.000Z,210.4559424313,213.6601198807,210.4013280589,212.1672668457,3139100
2021-03-31T04:00:00.000Z,213.3232914938,215.7446162932,208.3167710216,211.0657958984,4512300
2021-04-01T04:00:00.000Z,210.5469420219,213.9149620507,207.1698103393,211.8577423096,3787100
2021-04-05T04:00:00.000Z,213.9149732062,214.5157590177,211.5209416145,212.7407226562,2323400
2021-04-06T04:00:00.000Z,211.6392510385,215.4441995084,209.5729198382,209.9461364746,2614500
2021-04-07T04:00:00.000Z,211.1477324294,213.1776450332,208.7719103284,209.7368011475,2449600
2021-04-08T04:00:00.000Z,209.4819334124,210.3193861178,206.7875088864,209.8005218506,2158900
2021-04-09T04:00:00.000Z,210.5469347066,211.3661779131,207.1242865433,210.0462799072,2482900
2021-04-12T04:00:00.000Z,209.6366640797,210.5469405074,208.3895759288,210.2101287842,1688200
2021-04-13T04:00:00.000Z,212.4676473546,212.5495689085,207.5885646177,208.7719268799,2286400
2021-04-14T04:00:00.000Z,208.9994923153,213.204965348,208.9539757118,211.7121124268,2491000
2021-04-15T04:00:00.000Z,212.2309353855,212.4949233176,210.0371798354,211.6574707031,1860200
2021-04-16T04:00:00.000Z,213.5690625009,214.7706341171,211.4299211146,212.4221191406,2128400
2021-04-19T04:00:00.000Z,212.0033594802,212.1854258646,209.281642043,211.5391235352,1712600
2021-04-20T04:00:00.000Z,210.1828318562,210.5469507789,205.3583776657,207.206237793,2815800
2021-04-21T04:00:00.000Z,206.9240244034,211.7393801335,205.7406623827,211.6028442383,1977700
2021-04-22T04:00:00.000Z,212.3219703331,212.485813418,208.2439359495,208.3531646729,2410700
2021-04-23T04:00:00.000Z,209.7247900182,211.818739965,208.3714947951,210.4105834961,3458300
2021-04-26T04:00:00.000Z,210.8311743255,212.915985033,210.2733951654,210.8220214844,1864800
2021-04-27T04:00:00.000Z,210.5751272624,211.0963369038,208.5543306778,210.6208496094,1959300
2021-04-28T04:00:00.000Z,210.3557207769,213.7115351644,209.7430802819,212.4131011963,2965300
2021-04-29T04:00:00.000Z,214.8819313721,215.0648068211,204.0921124532,207.9965667725,5442400
2021-04-30T04:00:00.000Z,206.2135171374,208.8378155414,205.6283072996,208.5817871094,3953500
2021-05-03T04:00:00.000Z,210.3099954398,211.1603726372,207.7588498951,208.6366577148,3182900
2021-05-04T04:00:00.000Z,207.5668186684,213.96755757,206.0580786511,213.4280700684,4040700
2021-05-05T04:00:00.000Z,214.5344867481,218.8412759987,212.0016328409,217.515411377,3690600
2021-05-06T04:00:00.000Z,217.6251116395,220.3499935844,215.7963291887,216.7747344971,4527000
2021-05-07T04:00:00.000Z,215.4671325682,221.1820773231,213.1994463962,220.3591308594,3327900
2021-05-10T04:00:00.000Z,222.6542923575,224.7391035065,221.8221928856,221.8404846191,3752900
2021-05-11T04:00:00.000Z,218.3383249354,222.1879179439,216.2900836684,218.8138122559,3163100
2021-05-12T04:00:00.000Z,220.6151688678,222.4073678075,216.1986576947,217.003326416,3668500
2021-05-13T04:00:00.000Z,215.832904249,220.359152093,214.4887619495,219.5179138184,2228100
2021-05-14T04:00:00.000Z,221.2826901278,222.5171239388,219.5270605416,221.4929962158,2041600
2021-05-17T04:00:00.000Z,221.9593105925,224.4373027712,220.4779874563,223.8338012695,1998400
2021-05-18T04:00:00.000Z,223.8338228835,224.5196163054,218.9144075575,218.9692687988,2436200
2021-05-19T04:00:00.000Z,215.8877410432,216.783840401,212.0838707758,216.5918121338,3143100
2021-05-20T04:00:00.000Z,217.1496279947,217.2593644314,212.6782553846,214.8728027344,3339200
2021-05-21T04:00:00.000Z,216.3449659647,218.9052501918,214.8910733362,216.9301757812,2479100
2021-05-24T04:00:00.000Z,217.341678084,219.1887524826,215.9975217089,218.5852508545,2372700
2021-05-25T04:00:00.000Z,219.0058526884,221.1821084218,216.4729988627,216.8661804199,2265700
2021-05-26T04:00:00.000Z,217.0856194231,218.9966936938,216.3632425574,217.3599395752,2070000
2021-05-27T04:00:00.000Z,220.8254499945,222.5353568816,218.4754581773,220.6242828369,3594700
2021-05-28T04:00:00.000Z,221.200398465,221.5204270424,218.3474881764,220.4414520264,2290700
2021-06-01T04:00:00.000Z,223.120619759,223.9618580946,221.1089616565,221.9776306152,2476000
2021-06-02T04:00:00.000Z,222.2610485561,224.1172613493,220.0939321889,222.6176605225,2348500
2021-06-03T04:00:00.000Z,221.6758539732,225.3425716488,220.2494059204,222.9651489258,1923200
2021-06-04T04:00:00.000Z,224.1355827638,225.5711837493,221.5752983797,223.1297607422,1837900
2021-06-07T04:00:00.000Z,223.1571511572,223.4131795495,218.1920002198,219.2344055176,2330700
2021-06-08T04:00:00.000Z,218.9053190349,220.5603793663,215.8512547802,219.6002655029,2212300
2021-06-09T04:00:00.000Z,218.5394969522,218.7132335127,214.3790141988,214.5618896484,2919600
2021-06-10T04:00:00.000Z,215.9243490925,216.3906836069,206.2683797305,206.4055328369,6281800
2021-06-11T04:00:00.000Z,206.9267177916,208.4080269738,201.1934814366,201.8061218262,8734900
2021-06-14T04:00:00.000Z,201.2301002391,202.9674381294,197.1427700088,200.2608337402,7213300
2021-06-15T04:00:00.000Z,201.0654990602,201.8793067455,197.7462542315,200.6723175049,5055900
2021-06-16T04:00:00.000Z,200.2607985874,200.6082716855,198.148557286,198.5691833496,4156900
2021-06-17T04:00:00.000Z,198.3954673252,199.5841787209,190.0836543497,191.519241333,7995300
2021-06-18T04:00:00.000Z,188.5291909145,193.6772183813,187.9074115297,190.9797668457,7156400
2021-06-21T04:00:00.000Z,193.4394741011,196.8044272452,193.3023070405,194.9573669434,5633900
2021-06-22T04:00:00.000Z,195.2134130092,196.4386940613,193.101157285,194.8842315674,3776400
2021-06-23T04:00:00.000Z,195.3139787966,198.2125974177,194.3812958044,195.487701416,3283400
2021-06-24T04:00:00.000Z,198.0022779668,202.9308463167,196.8958723519,200.5625762939,6827600
2021-06-25T04:00:00.000Z,202.2450424264,202.7662521166,196.8410009445,197.7919616699,11274200
2021-06-28T04:00:00.000Z,197.9199700694,198.221720836,195.2773800912,197.7553863525,3172000
2021-06-29T04:00:00.000Z,199.3738452033,199.977346726,196.2191984472,196.685546875,3443400
2021-06-30T04:00:00.000Z,196.246620898,199.2915450514,195.7345640949,198.9989471436,3249500
2021-07-01T04:00:00.000Z,200.3980012626,200.9740582956,197.6456745117,198.1577453613,2426300
2021-07-02T04:00:00.000Z,199.0264281216,199.6756381782,197.1244924055,199.1178588867,2433600
2021-07-06T04:00:00.000Z,198.7977954422,198.9349485421,193.2474341246,195.240814209,4348100
2021-07-07T04:00:00.000Z,194.4818863591,196.648989259,193.0828687969,196.3106689453,2707700
2021-07-08T04:00:00.000Z,192.0221416819,195.5882615893,191.9581276042,193.9515075684,3723800
2021-07-09T04:00:00.000Z,197.4170671808,199.8767818992,196.0454802927,198.8069458008,3163800
2021-07-12T04:00:00.000Z,197.5267756871,200.2059349992,196.45693974,199.8676147461,2509000
2021-07-13T04:00:00.000Z,200.2150806057,200.2973724558,196.3197656055,196.7678222656,2373300
2021-07-14T04:00:00.000Z,196.8318352956,197.1793083999,193.137701163,193.5217437744,3185200
2021-07-15T04:00:00.000Z,192.2781806217,195.1219378148,192.1318746809,193.3114471436,2737500
2021-07-16T04:00:00.000Z,194.2715728047,194.4910177771,189.2881292869,190.1476593018,4368800
2021-07-19T04:00:00.000Z,185.9464564952,187.3070139449,183.1517820269,186.6910858154,5391100
2021-07-20T04:00:00.000Z,186.6543167265,191.7932047761,185.9832329094,191.1772766113,3934300
2021-07-21T04:00:00.000Z,191.8759398556,193.9351730713,190.827940368,193.7237243652,3407300
2021-07-22T04:00:00.000Z,193.9719314449,194.3212692699,191.7104515697,192.2804260254,1931500
2021-07-23T04:00:00.000Z,192.5929971239,193.3927821697,191.0853484474,192.6205749512,2302600
2021-07-26T04:00:00.000Z,192.9055293664,194.9555744356,192.5929713475,193.99949646,2157600
2021-07-27T04:00:00.000Z,190.781976124,194.0270980186,190.2947491445,192.9607086182,2472000
2021-07-28T04:00:00.000Z,193.0526273781,195.5255418494,191.3059663604,194.3764190674,3246900
2021-07-29T04:00:00.000Z,196.729828119,197.1986651828,192.7676548531,195.406036377,3419700
2021-07-30T04:00:00.000Z,191.1221135961,191.8299772245,186.7554466108,190.0649261475,5834900
2021-08-02T04:00:00.000Z,191.2140447497,193.8800041857,188.4101821534,188.6032409668,3977100
2021-08-03T04:00:00.000Z,188.7411270473,192.3999302628,187.0128417974,191.6736907959,3580500
2021-08-04T04:00:00.000Z,191.416262419,192.6756963991,187.8769589213,188.0148620605,2948700
2021-08-05T04:00:00.000Z,188.6859652835,190.9014774264,188.180348442,190.4694061279,2685800
2021-08-06T04:00:00.000Z,192.1425539211,193.4111902044,190.8923075335,191.5358276367,2677100
2021-08-09T04:00:00.000Z,190.5613587734,192.9423522853,189.4857813308,192.0322418213,2747200
2021-08-10T04:00:00.000Z,193.0526536906,197.5572099991,192.0965895777,196.7942047119,4193600
2021-08-11T04:00:00.000Z,198.3202211887,204.6082323121,197.2538458061,203.7716674805,7794100
2021-08-12T04:00:00.000Z,204.304859419,205.7021827365,200.8391008973,202.4662628174,4444500
2021-08-13T04:00:00.000Z,202.1353087668,202.7512369264,200.1588090633,200.9310302734,2049400
2021-08-16T04:00:00.000Z,199.8186361713,200.4069863959,197.0423519733,200.1403961182,3132500
2021-08-17T04:00:00.000Z,198.7707058632,198.9269849116,193.5858633259,196.215057373,4022800
2021-08-18T04:00:00.000Z,195.3508592442,196.3161251188,192.7952114784,192.8779449463,2947700
2021-08-19T04:00:00.000Z,191.370352811,192.0966064272,186.8106404458,187.9505615234,4788100
2021-08-20T04:00:00.000Z,188.8422755394,190.5337812279,187.1599577851,188.4010162354,2765500
2021-08-23T04:00:00.000Z,190.5245811403,192.8228269924,189.2191791795,192.2620544434,2827400
2021-08-24T04:00:00.000Z,192.8228204349,196.0587544123,192.6205736846,195.4336242676,2485900
2021-08-25T04:00:00.000Z,195.9668012422,198.2926246329,195.0291131236,197.4284820557,2599800
2021-08-26T04:00:00.000Z,197.1986765681,197.1986765681,193.4939054796,194.1925811768,2513900
2021-08-27T04:00:00.000Z,195.1302291374,196.7573908645,195.0934633818,195.6542358398,2511400
2021-08-30T04:00:00.000Z,196.0127974005,196.4908364753,193.7880970531,194.385635376,1922100
2021-08-31T04:00:00.000Z,194.2293326403,195.1670207806,193.4387355862,193.8524169922,2857900
2021-09-01T04:00:00.000Z,193.8524239471,193.9627492794,189.9362183215,191.1772766113,4122900
2021-09-02T04:00:00.000Z,192.0598016283,195.7645727029,192.0598016283,194.6889953613,2921600
2021-09-03T04:00:00.000Z,194.1097974015,195.6266477548,193.0526101473,193.3927459717,2512000
2021-09-07T04:00:00.000Z,193.0894344922,193.3652268244,191.0761827299,191.4255065918,2641100
2021-09-08T04:00:00.000Z,190.40510483,191.3244033493,188.244761726,190.0833587646,2603100
2021-09-09T04:00:00.000Z,189.8350984835,191.3519350638,188.3642155962,188.8422546387,2777900
2021-09-10T04:00:00.000Z,190.3866760636,191.1037275872,188.2906771441,188.4653320312,2551200
2021-09-13T04:00:00.000Z,190.4418128133,191.0853187287,187.4724696159,189.5592803955,2699100
2021-09-14T04:00:00.000Z,189.412206099,189.4673757772,185.3672993919,186.0016174316,3757600
2021-09-15T04:00:00.000Z,185.8545282102,189.9178248507,185.5787359257,189.1272277832,3342700
2021-09-16T04:00:00.000Z,188.8698217559,189.7339643512,186.4520769086,187.169128418,3120100
2021-09-17T04:00:00.000Z,186.2774361309,186.8657865359,183.3540599741,183.6298522949,6351100
2021-09-20T04:00:00.000Z,177.4796899698,178.334644502,173.2693029641,175.4204711914,9151100
2021-09-21T04:00:00.000Z,176.5052800523,177.1579880412,171.8903984899,174.5195922852,5699900
2021-09-22T04:00:00.000Z,176.5052836795,178.8035295607,175.73307643,175.9077453613,3924400
2021-09-23T04:00:00.000Z,177.3418223599,181.6533332408,177.2866667112,180.7524108887,3367800
2021-09-24T04:00:00.000Z,179.86071839,181.8280163178,179.1988224491,180.9363098145,2199500
2021-09-27T04:00:00.000Z,181.6533545489,185.6890736328,181.6533545489,183.859664917,3033100
2021-09-28T04:00:00.000Z,184.0435048975,185.597121168,182.7105252546,184.3652648926,3247500
2021-09-29T04:00:00.000Z,184.3008884991,184.926018533,181.7452407738,181.9015197754,2954700
2021-09-30T04:00:00.000Z,182.5910038043,182.820828354,176.1651183705,176.4776763916,4978100
2021-10-01T04:00:00.000Z,177.3326888393,180.0630067189,175.8066638713,178.6472930908,3695500
2021-10-04T04:00:00.000Z,179.0241688306,180.0997462355,176.8822019547,177.5440979004,2864600
2021-10-05T04:00:00.000Z,177.203917269,178.7115657669,175.3377430317,176.9649047852,3074600
2021-10-06T04:00:00.000Z,174.6666611525,176.8637833291,172.6442078815,176.3765563965,3777700
2021-10-07T04:00:00.000Z,178.0956653832,180.5410023603,177.98535407,179.9526519775,3510500
2021-10-08T04:00:00.000Z,179.998598115,180.7156496197,179.0241442254,179.4102478027,2713200
2021-10-11T04:00:00.000Z,180.4950322704,181.258051574,177.1303969876,177.3234558105,2015200
2021-10-12T04:00:00.000Z,176.7994486368,177.9577593981,174.2805663469,174.5931243896,4706700
2021-10-13T04:00:00.000Z,175.1263487723,175.8158225863,172.5707002903,173.6922454834,3253200
2021-10-14T04:00:00.000Z,177.9302413272,179.0793645416,177.0660984256,178.6472930908,5212900
2021-10-15T04:00:00.000Z,180.1456898554,183.3540317457,179.5389496485,182.9587402344,4736300
2021-10-18T04:00:00.000Z,181.4511112445,182.6461878673,179.7687935953,182.1865386963,2809400
2021-10-19T04:00:00.000Z,182.5726273044,185.2201965698,182.4439261181,184.9076385498,2626900
2021-10-20T04:00:00.000Z,184.9260446782,188.6216136503,184.3468822752,187.711517334,2936000
2021-10-21T04:00:00.000Z,185.3305351839,185.9740411617,183.6206398559,185.8269500732,3071300
2021-10-22T04:00:00.000Z,185.466469342,187.0471556894,184.135368019,185.4757080078,2632400
2021-10-25T04:00:00.000Z,186.0580340277,187.9345124868,185.346261959,186.9177093506,3294700
2021-10-26T04:00:00.000Z,187.4168883627,187.4538571284,184.3849418026,184.5420837402,2933600
2021-10-27T04:00:00.000Z,185.1059642079,185.2723448212,181.1034215664,181.2975463867,3406700
2021-10-28T04:00:00.000Z,182.4344687196,189.0344990767,182.147915012,188.6555023193,4462700
2021-10-29T04:00:00.000Z,192.2606084757,193.8875021045,187.8698307165,188.5815887451,4292200
2021-11-01T04:00:00.000Z,188.8403980923,191.2345379771,188.3967024281,189.8479766846,3215200
2021-11-02T04:00:00.000Z,190.1899718546,192.0941802517,187.6479430692,191.4563598633,3429600
2021-11-03T04:00:00.000Z,190.6614491887,190.9572557523,186.5572389047,188.1564025879,3137000
2021-11-04T04:00:00.000Z,188.5723409317,189.3950334235,187.2874613297,188.1933441162,2543500
2021-11-05T04:00:00.000Z,189.9404224904,193.0833034951,189.7093289211,190.3101806641,2591300
2021-11-08T05:00:00.000Z,199.5631687351,200.0993075262,195.2740725113,198.0471954346,5944700
2021-11-09T05:00:00.000Z,198.906832296,199.2673517723,193.1572377857,193.9429473877,3310300
2021-11-10T05:00:00.000Z,193.4437991736,194.07236688,190.8185656392,191.0404205322,3261800
2021-11-11T05:00:00.000Z,192.1589432019,194.5253392665,192.1589432019,192.7597808838,4819800
2021-11-12T05:00:00.000Z,193.5177382473,194.7563962507,192.5471425473,193.4437866211,2018000
2021-11-15T05:00:00.000Z,194.1186115715,194.7564321234,191.1236336295,192.0018005371,2392600
2021-11-16T05:00:00.000Z,192.2698287016,192.4362092831,189.7370383804,189.8941802979,2138000
2021-11-17T05:00:00.000Z,189.4967414764,189.6723748595,185.6605935714,187.6295013428,3135700
2021-11-18T05:00:00.000Z,187.8975829753,188.3043099566,185.4849652946,186.1874847412,2119900
2021-11-19T05:00:00.000Z,185.7252967003,187.5740454401,184.560590072,185.2816009521,2980100
2021-11-22T05:00:00.000Z,186.2521823172,189.062273976,184.9580498375,187.0748748779,2596500
2021-11-23T05:00:00.000Z,187.6941857467,190.0236127001,186.344593197,189.8017578125,3127100
2021-11-24T05:00:00.000Z,188.2580821307,192.5101956468,187.7219433191,191.4102020264,3880500
2021-11-26T05:00:00.000Z,185.7992153544,186.215180926,181.7412131554,183.700881958,3496000
2021-11-29T05:00:00.000Z,186.0118496984,186.2614347265,178.6630763105,181.1034240723,4559900
2021-11-30T05:00:00.000Z,179.180687005,181.8983493409,177.0638763467,178.7277526855,6358000
2021-12-01T05:00:00.000Z,182.6378246339,183.4235341055,176.888216973,176.9898986816,3425300
2021-12-02T05:00:00.000Z,177.7664450374,182.6748710221,177.3042578206,181.9076385498,3445700
2021-12-03T05:00:00.000Z,182.7210591319,184.3109839949,180.9370235721,182.8412322998,3250900
2021-12-06T05:00:00.000Z,184.4866110589,187.888301465,183.3403819326,186.0580444336,2838400
2021-12-07T05:00:00.000Z,187.9160690057,190.6152547153,187.7127196104,189.0253295898,2818000
2021-12-08T05:00:00.000Z,188.9513493091,190.6059730585,188.2118470667,188.7479858398,2341200
2021-12-09T05:00:00.000Z,187.7404006108,189.4689758048,185.6882888136,188.6925048828,1646600
2021-12-10T05:00:00.000Z,189.8665014672,190.3286886802,186.8253158116,188.0732269287,3315200
2021-12-13T05:00:00.000Z,188.4059678246,188.8034419848,185.2908169873,186.0303192139,1868500
2021-12-14T05:00:00.000Z,184.8748652918,188.5538711618,184.6899932475,186.390838623,2248800
2021-12-15T05:00:00.000Z,185.7992118163,187.2782161593,183.6176881681,187.2319946289,2193700
2021-12-16T05:00:00.000Z,189.4967156635,192.4824404536,189.1731790436,190.5782318115,2856800
2021-12-17T05:00:00.000Z,189.4504968083,189.7278119001,186.0118235227,186.1412353516,6079600
2021-12-20T05:00:00.000Z,182.6101463048,182.6101463048,178.4597006083,180.6782073975,3605100
2021-12-21T05:00:00.000Z,182.1017094368,183.9689491885,181.8613772331,183.3126373291,2303400
2021-12-22T05:00:00.000Z,185.7807275033,188.0177114318,185.6420770117,186.8622436523,3558700
2021-12-23T05:00:00.000Z,188.0361978862,191.6227742922,187.9160247267,190.6059570312,2669600
2021-12-27T05:00:00.000Z,190.3656424427,191.2530338573,189.626140194,190.7723693848,1711200
2021-12-28T05:00:00.000Z,190.5874442837,192.5101440954,190.550475526,190.9941711426,1393000
2021-12-29T05:00:00.000Z,190.6706630778,192.7782350469,190.4950297296,191.6504974365,1334900
2021-12-30T05:00:00.000Z,191.6505240196,193.1110370963,190.3563915454,190.4950561523,1465900
2021-12-31T05:00:00.000Z,190.6059478557,192.0294919524,190.1160306821,191.1051177979,1374500
2022-01-03T05:00:00.000Z,191.6505194454,192.8244787198,190.2362279381,191.3454742432,2055600
2022-01-04T05:00:00.000Z,192.5286837058,202.3640259812,192.2143998197,201.5875549316,5242300
2022-01-05T05:00:00.000Z,201.6799816559,206.4682479511,201.6799816559,203.1312561035,5378200
2022-01-06T05:00:00.000Z,204.7396865891,205.8674244616,201.5690751299,205.2018737793,3913200
2022-01-07T05:00:00.000Z,205.6732788312,208.8808587351,205.4236938244,207.2354736328,3673400
2022-01-10T05:00:00.000Z,207.9380031987,208.6775054854,203.9262219823,204.878326416,3734900
2022-01-11T05:00:00.000Z,205.2110863932,205.2942766917,200.210218245,203.316116333,2944300
2022-01-12T05:00:00.000Z,205.3220021463,206.7732764767,203.4270462338,205.5808258057,2506900
2022-01-13T05:00:00.000Z,206.0337831725,210.6464159179,205.802689602,209.8329620361,5002300
2022-01-14T05:00:00.000Z,207.7254055843,212.2733257052,206.6716193868,211.6262664795,3970600
2022-01-18T05:00:00.000Z,210.489263251,213.0035481937,209.7035395094,212.4859008789,5411900
2022-01-19T05:00:00.000Z,213.3218985065,213.4612217768,205.2129440178,205.8910217285,4991700
2022-01-20T05:00:00.000Z,205.3522947101,206.086087603,200.6708341009,201.2188720703,3545600
2022-01-21T05:00:00.000Z,202.0362408898,202.0362408898,197.3083490585,198.8595428467,3754700
2022-01-24T05:00:00.000Z,196.1379906126,199.676943314,191.9581225389,199.0824737549,5107300
2022-01-25T05:00:00.000Z,196.992520615,201.4046031538,192.3668043638,199.063873291,4554300
2022-01-26T05:00:00.000Z,199.7047998502,203.3087793783,197.1411526383,199.0453033447,3558500
2022-01-27T05:00:00.000Z,199.8998670258,202.3984872726,195.199825867,197.0761260986,3678100
2022-01-28T05:00:00.000Z,190.9642212766,193.202776074,182.7995525047,186.8493804932,10747300
2022-01-31T05:00:00.000Z,185.2610075559,187.2580638029,180.8303441762,187.2209014893,6179000
2022-02-01T05:00:00.000Z,186.5149889639,191.1499887615,186.2734764249,190.7413024902,4026400
2022-02-02T05:00:00.000Z,188.7442529543,191.1592933926,187.0723029719,190.3604736328,3492300
2022-02-03T05:00:00.000Z,190.4161737994,191.2242769284,185.8554708205,186.3199005127,2748200
2022-02-04T05:00:00.000Z,185.966978729,186.7100550384,182.5116200323,184.2950286865,3930800
2022-02-07T05:00:00.000Z,184.6944436945,187.1930783435,183.942069669,185.6047363281,2402000
2022-02-08T05:00:00.000Z,186.0134007532,187.9175655873,185.0566765898,187.1651916504,2407100
2022-02-09T05:00:00.000Z,188.2240724114,189.5802134017,187.7131968955,189.1157836914,2743700
2022-02-10T05:00:00.000Z,188.1590748907,192.0417007805,187.2209177289,188.6235046387,3538500
2022-02-11T05:00:00.000Z,188.9485977018,190.0910909177,185.8926561844,186.9236907959,3826700
2022-02-14T05:00:00.000Z,186.654296966,187.3509415286,184.016339624,185.669708252,2730500
2022-02-15T05:00:00.000Z,186.4221002947,189.9053234473,185.7811849669,188.9393157959,2752600
2022-02-16T05:00:00.000Z,188.6606596846,190.8063229309,188.5584845694,189.1529541016,2253900
2022-02-17T05:00:00.000Z,186.7007639032,187.4066920375,180.6074477072,180.8861083984,4699600
2022-02-18T05:00:00.000Z,179.6042815369,181.7034989986,177.5793603661,178.2945861816,4385200
2022-02-22T05:00:00.000Z,178.29457044,181.0347030112,176.9941728658,177.6072235107,3488000
2022-02-23T05:00:00.000Z,178.0809566429,178.6382780503,173.111552309,173.3902130127,3550400
2022-02-24T05:00:00.000Z,169.0803013824,172.0898114024,166.8881922953,171.551071167,5919500
2022-02-25T05:00:00.000Z,171.7832790507,174.5605598986,171.0216074538,173.752456665,3594600
2022-02-28T05:00:00.000Z,171.2259486356,175.3408033939,170.6036145012,174.235458374,5168500
2022-03-01T05:00:00.000Z,174.4119946041,174.8299786459,167.7892202267,169.823425293,5110600
2022-03-02T05:00:00.000Z,172.0247858805,179.7900522879,171.8390168051,178.9076385498,5849900
2022-03-03T05:00:00.000Z,179.5671273331,182.5952042343,178.6568348083,180.98828125,4429700
2022-03-04T05:00:00.000Z,177.5050643719,182.0657539572,176.7712573957,181.7406616211,4334700
2022-03-07T05:00:00.000Z,180.9325399515,189.0229126197,179.8457760121,182.7066650391,6912300
2022-03-08T05:00:00.000Z,189.3665728368,199.6026080146,188.5584696452,195.0604858398,9318600
2022-03-09T05:00:00.000Z,197.4477124022,198.4044367553,192.6919411204,194.8561859131,4798300
2022-03-10T05:00:00.000Z,194.4938874316,202.0455195969,193.369961216,196.7231445312,4886300
2022-03-11T05:00:00.000Z,197.196861753,202.2777240186,197.196861753,199.546875,4045500
2022-03-14T04:00:00.000Z,200.9123146177,202.937221544,197.7820484347,200.113494873,3530700
2022-03-15T04:00:00.000Z,200.7451053513,201.9154773616,195.5342031257,201.0609283447,4364200
2022-03-16T04:00:00.000Z,202.0269408225,203.875376326,197.2154554259,200.7079620361,4378700
2022-03-17T04:00:00.000Z,200.0020620857,206.002487351,199.0917694447,205.9281768799,3600400
2022-03-18T04:00:00.000Z,203.8660899294,205.9281592628,202.4913817648,205.1943664551,4105100
2022-03-21T04:00:00.000Z,205.2779655958,210.8975688461,205.2686821025,207.7951812744,2902200
2022-03-22T04:00:00.000Z,208.4918219704,209.7829361851,205.5937705207,206.866317749,2461500
2022-03-23T04:00:00.000Z,205.9188822058,208.7890549015,205.9188822058,206.364730835,2001700
2022-03-24T04:00:00.000Z,206.7084124455,208.9934133342,205.7516881761,206.4019012451,2110900
2022-03-25T04:00:00.000Z,206.2904067009,207.878762711,205.4079929945,207.4700622559,1581100
2022-03-28T04:00:00.000Z,206.5226370092,206.8384458669,203.4573975399,206.0675048828,3072500
2022-03-29T04:00:00.000Z,205.0921920312,205.6773639115,201.1352412666,205.3151092529,3667800
2022-03-30T04:00:00.000Z,206.2068366187,209.8108164969,204.9993162723,207.2100067139,2507400
2022-03-31T04:00:00.000Z,207.3307605417,209.1698986077,206.6062370038,206.9685058594,3152100
2022-04-01T04:00:00.000Z,208.3896459745,209.4764099485,202.6492865781,204.1354675293,2618300
2022-04-04T04:00:00.000Z,203.5688583891,205.6030630315,201.1909802555,205.1014709473,2181300
2022-04-05T04:00:00.000Z,204.3490472298,206.5504392486,199.8347904377,200.6521911621,3582100
2022-04-06T04:00:00.000Z,199.8162524592,201.6832691378,198.3579504044,200.8287200928,2783300
2022-04-07T04:00:00.000Z,200.1320699596,200.9215920143,198.3672284422,200.5407562256,2253600
2022-04-08T04:00:00.000Z,200.4386020874,202.379929377,198.8038143326,201.5903930664,2450200
2022-04-11T04:00:00.000Z,201.5903931644,203.1973162665,200.4014540379,200.6801147461,2494700
2022-04-12T04:00:00.000Z,200.1227848293,203.8660876373,199.6862197121,201.2838592529,2508200
2022-04-13T04:00:00.000Z,201.4975352029,204.0518994702,201.005240678,202.7422180176,1898900
2022-04-14T04:00:00.000Z,204.2655300237,212.9132111394,203.0580096382,211.603515625,5337900
2022-04-18T04:00:00.000Z,211.7799915145,217.7061203739,211.7799915145,213.5634002686,3644000
2022-04-19T04:00:00.000Z,213.8699177737,216.3685523055,211.3805809085,215.6440429688,2689400
2022-04-20T04:00:00.000Z,216.9351539845,219.5545305846,216.0341590736,218.3563079834,2907700
2022-04-21T04:00:00.000Z,220.3626286482,220.9756651348,215.1702933713,216.0248565674,3571400
2022-04-22T04:00:00.000Z,213.1689311059,214.4662371132,201.2225222228,201.8758392334,5053700
2022-04-25T04:00:00.000Z,200.9518395882,202.5291425624,195.594626222,202.2491455078,4145500
2022-04-26T04:00:00.000Z,201.7171937142,203.6491466176,195.3893248563,196.275970459,4176700
2022-04-27T04:00:00.000Z,197.031913493,201.1758298135,193.475989533,199.6918640137,3358300
2022-04-28T04:00:00.000Z,193.597341528,198.7585817256,188.5294526804,198.2732543945,6092800
2022-04-29T04:00:00.000Z,198.5158853682,202.7251406314,196.1452740694,196.4999237061,3404000
2022-05-02T04:00:00.000Z,195.9959354507,198.5812191583,193.8119841593,197.9279022217,2639500
2022-05-03T04:00:00.000Z,197.7692560715,200.9985291886,196.73327683,199.3745574951,2121100
2022-05-04T04:00:00.000Z,200.615893929,208.3997313072,199.5705865328,207.7464141846,3023700
2022-05-05T04:00:00.000Z,207.5690455521,208.2690311116,199.5145547313,201.5305023193,3005600
2022-05-06T04:00:00.000Z,202.5384675739,202.5384675739,196.3226071093,200.3358459473,2268400
2022-05-09T04:00:00.000Z,197.8905679871,197.9092382549,191.740032092,192.5333404541,2929900
2022-05-10T04:00:00.000Z,194.353313441,195.5479542276,187.9601068132,189.453414917,3040400
2022-05-11T04:00:00.000Z,191.8520267269,195.7252884355,190.0133969772,191.5253753662,2552400
2022-05-12T04:00:00.000Z,190.0320464349,191.6466755171,186.0094657476,189.4907226562,3282000
2022-05-13T04:00:00.000Z,191.4693811986,192.6920346276,189.388094751,190.7040710449,2323800
2022-05-16T04:00:00.000Z,191.3480621481,195.2586505339,190.0974104218,193.3733520508,2540800
2022-05-17T04:00:00.000Z,198.6092280105,199.514543757,195.1932952501,198.8798828125,2275900
2022-05-18T04:00:00.000Z,199.5798497796,203.3691021024,193.6813130763,194.0733032227,4723300
2022-05-19T04:00:00.000Z,192.1320232072,195.3239554214,188.2587757513,192.9720001221,2887700
2022-05-20T04:00:00.000Z,192.6826795183,192.8506834499,181.1002489356,184.6281890869,5404500
2022-05-23T04:00:00.000Z,186.597514941,191.7867542386,185.8788732076,190.5361022949,3246600
2022-05-24T04:00:00.000Z,188.5387574807,191.9826884461,187.8667702561,191.9360198975,2467800
2022-05-25T04:00:00.000Z,191.3293929435,196.0799583553,191.1614032392,195.3519744873,3080200
2022-05-26T04:00:00.000Z,197.4425552677,199.3931778699,196.3692357549,198.786529541,2016000
2022-05-27T04:00:00.000Z,200.6625289774,203.1171495867,199.8785485612,202.6598205566,2020400
2022-05-31T04:00:00.000Z,200.4665010364,203.5464399808,199.2532042703,201.4558258057,3773500
2022-06-01T04:00:00.000Z,203.8917908915,204.3957742056,200.0092010777,203.0611419678,2314000
2022-06-02T04:00:00.000Z,204.9464698251,206.113112621,202.7625179291,205.3291320801,1784100
2022-06-03T04:00:00.000Z,203.6958156723,209.1557092116,203.6958156723,208.0357208252,2222500
2022-06-06T04:00:00.000Z,208.035696246,209.7716609503,207.4290478094,208.7170257568,1565400
2022-06-07T04:00:00.000Z,207.1957051516,212.1142738515,206.8690395596,211.9556121826,1799000
2022-06-08T04:00:00.000Z,210.2663451343,216.8555552011,209.6410263433,214.4756011963,4171300
2022-06-09T04:00:00.000Z,212.2636199192,212.9916180226,208.7076954602,208.7543640137,3045700
2022-06-10T04:00:00.000Z,204.8624288011,205.5344160394,200.6718436955,200.8305053711,2604100
2022-06-13T04:00:00.000Z,195.603959975,195.8746147829,191.236042823,193.0840148926,3559400
2022-06-14T04:00:00.000Z,194.1853282574,195.7439610865,191.5813881994,192.9066925049,2359000
2022-06-15T04:00:00.000Z,193.6440268631,194.7360027717,189.5841186245,192.2627258301,2343100
2022-06-16T04:00:00.000Z,187.6614413383,187.8294310122,180.3629194689,181.8002166748,4789900
2022-06-17T04:00:00.000Z,182.6308779324,184.5535167482,178.1416398403,179.7936096191,7226100
2022-06-21T04:00:00.000Z,183.9562166384,185.1881838573,180.9416018117,183.274887085,2755400
2022-06-22T04:00:00.000Z,177.3296412637,179.9335807824,175.1923586957,175.3043518066,4008700
2022-06-23T04:00:00.000Z,174.1377360106,174.7443844426,164.2819419862,166.7552185059,6667900
2022-06-24T04:00:00.000Z,169.247160643,173.2230874749,167.4085308878,173.1204223633,4868900
2022-06-27T04:00:00.000Z,175.5376970241,177.4043250049,173.4284125327,175.080368042,3061100
2022-06-28T04:00:00.000Z,177.3016672657,180.2229447343,174.9310416564,174.9403839111,3327200
2022-06-29T04:00:00.000Z,174.828413479,175.0617420166,169.9845107601,171.2444763184,2436900
2022-06-30T04:00:00.000Z,168.2391892456,169.9938242556,165.3085836335,166.8392181396,4197100
2022-07-01T04:00:00.000Z,167.352542806,169.2285131921,162.1353205978,166.4005584717,3423100
2022-07-05T04:00:00.000Z,162.182025973,162.7886745568,159.2234214226,162.1726837158,3724900
2022-07-06T04:00:00.000Z,161.9112962657,163.0219421188,158.0007086282,160.8193206787,3190600
2022-07-07T04:00:00.000Z,170.3298011905,170.3298011905,164.5712556483,168.2578430176,4677600
2022-07-08T04:00:00.000Z,168.2111750329,169.1538312694,164.627252759,167.156539917,2491100
2022-07-11T04:00:00.000Z,165.5792528742,167.781874653,162.9752986391,163.3486328125,2773300
2022-07-12T04:00:00.000Z,163.0873019007,165.4205870211,161.0900104073,162.8539733887,2718400
2022-07-13T04:00:00.000Z,160.7633500805,163.5632923171,160.3993581594,162.2753143311,2389000
2022-07-14T04:00:00.000Z,158.4300746517,159.316720233,155.9381276165,158.6074066162,2531200
2022-07-15T04:00:00.000Z,160.7633437394,161.8179931641,157.9167330629,161.8179931641,2282100
2022-07-18T04:00:00.000Z,164.3845717556,164.9165532408,161.1926401209,161.9206237793,2476400
2022-07-19T04:00:00.000Z,163.433772286,168.8847004705,162.4751716072,168.6873474121,2671400
2022-07-20T04:00:00.000Z,168.0200309541,169.9184602119,166.41295623,169.1384124756,2175900
2022-07-21T04:00:00.000Z,167.6817305879,170.1722480512,165.8584878458,170.0970611572,2214500
2022-07-22T04:00:00.000Z,170.5669522625,171.7981070605,166.6667131747,167.8696746826,1961500
2022-07-25T04:00:00.000Z,168.3865810565,171.6101526086,167.0708463456,170.86769104,1845600
2022-07-26T04:00:00.000Z,170.2568370042,172.5969664638,169.7117427493,170.3226165771,1767700
2022-07-27T04:00:00.000Z,171.9109074641,174.9746982995,169.4673977878,174.1006774902,1856500
2022-07-28T04:00:00.000Z,175.604352306,178.1136554036,173.113835174,176.5347595215,2229200
2022-07-29T04:00:00.000Z,177.8035196497,187.4836125266,177.7377257468,186.3182373047,5188100
2022-08-01T04:00:00.000Z,183.3390388072,185.32204824,181.7601427798,183.1322784424,3185100
2022-08-02T04:00:00.000Z,176.6851506642,178.0666793193,172.136451291,172.4653778076,8193100
2022-08-03T04:00:00.000Z,172.2867890519,174.2791910646,170.670307077,171.863861084,4155900
2022-08-04T04:00:00.000Z,171.8545006808,174.7397240853,170.2192180919,172.5875549316,2478900
2022-08-05T04:00:00.000Z,172.5311614242,174.8994981689,172.2022205867,174.2322235107,1908500
2022-08-08T04:00:00.000Z,175.5291968121,176.6851648862,173.0762798537,174.6269683838,2655000
2022-08-09T04:00:00.000Z,174.758553332,176.5724032922,174.0161059747,174.8337402344,2460000
2022-08-10T04:00:00.000Z,177.3712187216,179.9933096825,176.1682570907,179.2414550781,2304300
2022-08-11T04:00:00.000Z,181.2244542638,183.8089444598,180.3598265373,182.3240356445,2538900
2022-08-12T04:00:00.000Z,183.1604674194,185.1152835147,182.1360729438,184.9931030273,1864800
2022-08-15T04:00:00.000Z,181.7601470277,184.6735781701,181.4500208137,184.1566772461,1752400
2022-08-16T04:00:00.000Z,183.5645976034,186.4592139999,183.2168564441,185.6321868896,1959300
2022-08-17T04:00:00.000Z,183.2638576725,185.0494997803,182.2018625237,184.137878418,1576200
2022-08-18T04:00:00.000Z,185.1904801044,185.7355743236,183.4988108622,185.4724273682,1750900
2022-08-19T04:00:00.000Z,183.517602988,185.3502386102,182.145467347,183.8277435303,2003600
2022-08-22T04:00:00.000Z,181.487596992,182.2582375028,180.0214885185,180.2188415527,2008900
2022-08-23T04:00:00.000Z,181.1492712402,186.2148715589,180.895517273,185.3408508301,2444900
2022-08-24T04:00:00.000Z,185.6697594732,186.7223471761,181.8071211143,182.474395752,2503200
2022-08-25T04:00:00.000Z,183.7243683137,186.9385326473,182.8597405697,186.9103393555,1888700
2022-08-26T04:00:00.000Z,187.3989944283,188.3106155864,180.1906193625,180.3691864014,2560400
2022-08-29T04:00:00.000Z,178.5647866801,181.5439974528,177.6249720134,180.2376556396,1996600
2022-08-30T04:00:00.000Z,179.974502012,180.4068230525,173.4803794638,175.688949585,2691200
2022-08-31T04:00:00.000Z,175.3976125717,176.7415406366,173.3958027799,173.593170166,2656600
2022-09-01T04:00:00.000Z,171.3000263155,172.1834544122,169.2606301739,171.4597930908,2686200
2022-09-02T04:00:00.000Z,173.7247291216,174.5611635158,169.0256562683,169.9466705322,2185400
2022-09-06T04:00:00.000Z,171.8920865608,172.6063548428,168.7813024939,169.7869110107,2141700
2022-09-07T04:00:00.000Z,168.3301781167,170.8958677237,167.465550485,169.9748535156,2166900
2022-09-08T04:00:00.000Z,168.8658717771,172.2492098996,167.3621770985,172.1270294189,2245700
2022-09-09T04:00:00.000Z,176.2622370562,178.3392193618,175.9520965069,178.0854797363,2279600
2022-09-12T04:00:00.000Z,179.3636265652,181.1022750138,179.1380658931,180.8203277588,1937200
2022-09-13T04:00:00.000Z,176.5441446838,178.6117335415,172.4559462171,173.2171936035,2207500
2022-09-14T04:00:00.000Z,172.850697787,173.9972727348,170.9240750081,173.5367584229,2295000
2022-09-15T04:00:00.000Z,173.5555638874,175.3130126351,170.7455130154,171.5067749023,1933100
2022-09-16T04:00:00.000Z,169.1666186296,169.4861521342,167.070836203,168.6685180664,5088300
2022-09-19T04:00:00.000Z,166.5821581178,171.7323387371,166.1592443644,171.1496582031,2923700
2022-09-20T04:00:00.000Z,169.7211124662,169.8432929512,165.6987071896,167.2776031494,2512400
2022-09-21T04:00:00.000Z,168.4899469267,169.627128812,161.5353251766,161.6011047363,4061900
2022-09-22T04:00:00.000Z,162.3059808138,164.1104231501,160.0410241546,160.2853851318,2508400
2022-09-23T04:00:00.000Z,158.5091739532,159.2422283793,151.9962496715,154.3551940918,4047200
2022-09-26T04:00:00.000Z,154.1295595275,155.8682218803,152.4566910652,152.832611084,3213400
2022-09-27T04:00:00.000Z,154.5619275814,154.6653077692,150.9342423665,152.6634979248,2753500
2022-09-28T04:00:00.000Z,154.5994940205,158.3399519274,153.6972657395,157.6632843018,3694800
2022-09-29T04:00:00.000Z,155.7272773736,156.5637117995,153.6972743826,155.9152374268,3518100
2022-09-30T04:00:00.000Z,155.9058195616,157.6820683102,154.0261906493,154.2047576904,2963000
2022-10-03T04:00:00.000Z,157.3531403829,162.9356410036,156.0562060788,160.9244384766,3444700
2022-10-04T04:00:00.000Z,163.8096801239,169.34518729,163.7251002554,168.8188934326,4008200
2022-10-05T04:00:00.000Z,166.4881370739,169.4109608151,166.0558304238,167.6441192627,3067400
2022-10-06T04:00:00.000Z,166.7324984325,170.087628832,166.2437908639,168.0482330322,2415000
2022-10-07T04:00:00.000Z,166.0840269168,168.1892166522,164.5991182204,166.864074707,2759200
2022-10-10T04:00:00.000Z,168.9880751724,170.2568307255,165.4731774501,167.9166870117,2633900
2022-10-11T04:00:00.000Z,166.1780363103,172.0612709635,166.037055506,168.9316864014,2542400
2022-10-12T04:00:00.000Z,168.6779160018,170.219211332,168.020048667,168.6967163086,2260800
2022-10-13T04:00:00.000Z,163.2927722672,173.8186919855,162.3153714797,172.1176300049,3745900
2022-10-14T04:00:00.000Z,172.6909433749,173.2360375973,166.845295056,167.4655761719,2830200
2022-10-17T04:00:00.000Z,171.3281941049,173.2172161743,168.4147632846,169.91847229,2940000
2022-10-18T04:00:00.000Z,173.7717165899,174.3638043864,170.0218654537,172.5029754639,2674000
2022-10-19T04:00:00.000Z,171.92967448,174.5235574514,171.0462465167,173.3112030029,2088700
2022-10-20T04:00:00.000Z,173.4333763637,174.5611653326,169.5989454951,169.674118042,2953900
2022-10-21T04:00:00.000Z,170.0431012305,180.1474895548,169.5511380268,179.9677276611,3483800
2022-10-24T04:00:00.000Z,178.4823655505,181.7842709645,178.293147795,180.9895477295,2919500
2022-10-25T04:00:00.000Z,180.0339577419,185.1239971864,178.7378010771,184.3387298584,2545000
2022-10-26T04:00:00.000Z,187.6122418131,188.8232525888,184.0832814015,186.3444671631,3546000
2022-10-27T04:00:00.000Z,198.8235334611,205.4273425889,196.1933683582,200.7062835693,7872200
2022-10-28T04:00:00.000Z,201.04689302,207.6696142018,199.8264264685,207.5182342529,5161000
2022-10-31T04:00:00.000Z,203.7338422385,207.0735850946,203.4216264768,204.7934875488,3786100
2022-11-01T04:00:00.000Z,206.8465392907,207.6412624834,205.0300229488,206.7235412598,2717500
2022-11-02T04:00:00.000Z,205.8720624103,209.7510768744,202.399850957,202.9769744873,3150000
2022-11-03T04:00:00.000Z,200.1386339191,209.8361902336,199.9683422986,207.4425506592,3570400
2022-11-04T04:00:00.000Z,211.9460187613,217.3482593335,211.548657195,215.5695953369,4973800
2022-11-07T05:00:00.000Z,215.7114965541,216.7805976259,210.6687655382,216.2886199951,3405600
2022-11-08T05:00:00.000Z,216.28858383,220.0919215176,214.4531419002,217.4239044189,3676600
2022-11-09T05:00:00.000Z,213.8855421802,216.7900712912,212.9299687767,213.3840942383,6248300
2022-11-10T05:00:00.000Z,219.7040921948,220.0541457687,214.1315447737,219.9216918945,4590800
2022-11-11T05:00:00.000Z,220.4420069569,225.5509575667,219.4959039227,223.7439117432,3585400
2022-11-14T05:00:00.000Z,223.2803358921,226.9228386717,221.8611812148,223.7533874512,3217700
2022-11-15T05:00:00.000Z,224.3210475663,226.497073116,220.2054933658,221.9463195801,3371000
2022-11-16T05:00:00.000Z,221.3881092921,222.0125407574,218.3984202489,219.8932647705,3062000
2022-11-17T05:00:00.000Z,215.4749996623,218.1051653529,213.3557233379,218.0200195312,3256900
2022-11-18T05:00:00.000Z,218.4079226455,219.3445555448,215.3614692821,218.9566497803,2868700
2022-11-21T05:00:00.000Z,219.0702046777,221.0759388954,215.966987254,219.6567840576,2522600
2022-11-22T05:00:00.000Z,221.388106209,224.6805406695,220.782600855,224.4723968506,2523300
2022-11-23T05:00:00.000Z,224.8224964253,226.7147027275,222.9113640178,224.1507568359,2311300
2022-11-25T05:00:00.000Z,224.2264426985,224.6900384311,222.5139983362,222.9965057373,1034800
2022-11-28T05:00:00.000Z,221.3313477901,222.2963769345,219.0890882019,219.7797393799,2862100
2022-11-29T05:00:00.000Z,220.7258386487,223.0248620702,219.0701583547,222.4477386475,2277900
2022-11-30T05:00:00.000Z,223.1857215748,223.9993708404,218.3511340251,223.6682434082,3850000
2022-12-01T05:00:00.000Z,224.131837309,224.2264534014,219.439173626,222.9870605469,2504700
2022-12-02T05:00:00.000Z,221.2840593738,225.6172134195,221.0002255489,223.4033355713,2218300
2022-12-05T05:00:00.000Z,222.1449924646,223.1951673965,219.7418827042,220.0351867676,2064500
2022-12-06T05:00:00.000Z,220.0541010327,220.48931478,213.402997864,215.9858551025,3633800
2022-12-07T05:00:00.000Z,214.7654070091,217.4523363898,213.6111600544,216.6386871338,3044000
2022-12-08T05:00:00.000Z,218.4646652601,219.9689656897,217.1684942261,218.4741210938,2189400
2022-12-09T05:00:00.000Z,219.4959007234,220.2622418601,214.9451475053,215.0397491455,2257000
2022-12-12T05:00:00.000Z,215.2857714737,220.8204661572,214.7843379665,220.4987945557,2709200
2022-12-13T05:00:00.000Z,225.0022275591,225.0968291995,219.6188990556,222.7978057861,2945200
2022-12-14T05:00:00.000Z,223.3370992946,225.3806854903,220.5555538232,221.8422546387,3513800
2022-12-15T05:00:00.000Z,219.647319454,220.3758085141,215.446618992,218.2281646729,2953200
2022-12-16T05:00:00.000Z,216.3075506527,220.6501603021,215.7588091369,220.1771087646,7610700
2022-12-19T05:00:00.000Z,221.2935054727,224.160196661,218.4835781596,219.7702789307,2622400
2022-12-20T05:00:00.000Z,219.9122144923,223.0154316129,219.3634729429,222.4666900635,2649900
2022-12-21T05:00:00.000Z,224.8508753026,228.8718136402,224.8508753026,228.7015075684,4143600
2022-12-22T05:00:00.000Z,227.2066649964,227.8216407038,220.4798710432,224.7373352051,3129900
2022-12-23T05:00:00.000Z,224.1791377459,227.5756445781,223.7533942171,226.9417572021,1959900
2022-12-27T05:00:00.000Z,227.7175423889,231.8425522096,226.7998212877,230.0354919434,3381500
2022-12-28T05:00:00.000Z,230.0354916329,230.6788492044,225.4374302997,226.4781494141,2270000
2022-12-29T05:00:00.000Z,228.2095253558,228.5879608051,225.4279800508,227.2539520264,1652500
2022-12-30T05:00:00.000Z,226.4876322146,227.2161356814,224.8887155833,226.6484680176,1521100
2023-01-03T05:00:00.000Z,227.7080703405,227.7080703405,223.4695328081,226.0050964355,2651900
2023-01-04T05:00:00.000Z,227.0647548336,229.0799591524,225.6929081605,228.3514556885,2387900
2023-01-05T05:00:00.000Z,227.566176653,228.5217355834,224.7562493014,227.3296508789,2355900
2023-01-06T05:00:00.000Z,229.7989533579,236.4406003522,229.1839921925,235.4471893311,3945100
2023-01-09T05:00:00.000Z,235.589127726,237.4434961539,232.7413625922,233.3279418945,3417100
2023-01-10T05:00:00.000Z,233.6401457097,237.3204860031,233.1670941839,237.0082702637,3011900
2023-01-11T05:00:00.000Z,237.9354782728,238.3139137454,233.8104681021,237.2164306641,2402400
2023-01-12T05:00:00.000Z,238.4179664983,243.508005482,237.4813192899,241.3225097656,3881500
2023-01-13T05:00:00.000Z,242.9592657961,244.643328168,241.4738914283,244.529800415,3067800
2023-01-17T05:00:00.000Z,244.908208962,246.4598317425,242.145604368,242.4483642578,4100100
2023-01-18T05:00:00.000Z,243.413398256,244.9555508896,238.484209314,239.1937866211,3361400
2023-01-19T05:00:00.000Z,238.1100681177,238.8420458121,232.2352737146,233.6136627197,4885200
2023-01-20T05:00:00.000Z,234.6783547736,237.5777338493,232.6725562497,237.378112793,2964100
2023-01-23T05:00:00.000Z,238.3667470979,241.1520425042,236.9598407477,240.2204437256,2610200
2023-01-24T05:00:00.000Z,240.3915486433,246.2568275038,237.4161187694,244.8879394531,3505100
2023-01-25T05:00:00.000Z,241.9600478449,246.3899174652,241.7604268071,245.6769561768,2424900
2023-01-26T05:00:00.000Z,247.1599325102,249.3083319761,244.2035333963,249.1752319336,2677200
2023-01-27T05:00:00.000Z,249.4984579172,252.9016765879,249.1752522296,251.4757537842,2783000
2023-01-30T05:00:00.000Z,250.3350203295,251.9130451501,248.4052725025,248.5858917236,3426900
2023-01-31T05:00:00.000Z,244.3080766468,244.6788304547,234.2410663861,239.8306732178,10992100
2023-02-01T05:00:00.000Z,239.317342112,240.2204235208,233.1953787854,237.2164764404,6022000
2023-02-02T05:00:00.000Z,237.0168504704,237.206970578,229.8587203552,232.8056182861,6130300
2023-02-03T05:00:00.000Z,231.9500761184,238.5568479265,231.1230456526,235.5243835449,4134700
2023-02-06T05:00:00.000Z,235.8571131885,239.6880908834,235.7525449472,239.0036468506,3528800
2023-02-07T05:00:00.000Z,238.1766132546,239.5550022314,233.2334176969,237.3305664062,3467900
2023-02-08T05:00:00.000Z,235.8476266155,239.1367469408,234.8779950924,236.5795898438,2300300
2023-02-09T05:00:00.000Z,237.6537821141,239.5264950775,233.356997672,234.1174926758,2464900
2023-02-10T05:00:00.000Z,234.1174731764,236.3514243443,232.5584650757,235.4388275146,2820300
2023-02-13T05:00:00.000Z,231.4747869949,236.1137935279,230.6667583224,235.8951416016,3068100
2023-02-14T05:00:00.000Z,234.8114523265,235.0966397839,229.7161543395,232.2923278809,2512900
2023-02-15T05:00:00.000Z,232.1402008673,236.4845187685,231.2181030744,236.41796875,2398200
2023-02-16T05:00:00.000Z,234.3266257261,236.2563732481,232.4444118608,234.3456420898,1934900
2023-02-17T05:00:00.000Z,235.6194827654,238.4713283498,233.4996149425,235.5529327393,3759300
2023-02-21T05:00:00.000Z,232.4254112047,235.7525643304,227.9099891057,228.8225860596,3105900
2023-02-22T05:00:00.000Z,229.2788323022,230.2674655119,224.7443947277,226.1417999268,3145200
2023-02-23T05:00:00.000Z,228.7845421178,228.9366440202,223.9649309404,226.1988677979,3219000
2023-02-24T05:00:00.000Z,223.6131791557,225.0010835421,221.5123279711,224.5067596436,2105500
2023-02-27T05:00:00.000Z,227.2920848767,229.3359016175,226.9308464832,228.128616333,1720900
2023-02-28T05:00:00.000Z,229.0412030331,229.1933049293,226.9213354352,227.7198486328,2647700
2023-03-01T05:00:00.000Z,230.0583501627,237.3685824447,229.6400917121,236.3894500732,4117700
2023-03-02T05:00:00.000Z,234.3361338705,240.0208228741,233.9749099795,239.7261199951,2676500
2023-03-03T05:00:00.000Z,239.925773912,242.7871204917,237.5682522365,242.7015686035,2314700
2023-03-06T05:00:00.000Z,243.0247508596,243.0722845169,239.1557548443,241.4372253418,2317100
2023-03-07T05:00:00.000Z,241.5037746128,242.1692022971,233.8037863236,233.9844055176,3018400
2023-03-08T05:00:00.000Z,235.743051476,238.708966042,234.5642834921,236.43699646,2068600
2023-03-09T05:00:00.000Z,236.6556319905,237.7773653785,228.7275053453,229.0602264404,2518800
2023-03-10T05:00:00.000Z,224.6398568232,226.3699833052,214.6488971278,215.7991333008,5767500
2023-03-13T04:00:00.000Z,211.5878808457,217.0539168995,210.5992331582,213.6031799316,4885100
2023-03-14T04:00:00.000Z,217.6813944871,218.2517549422,211.2267087227,214.5253448486,3754900
2023-03-15T04:00:00.000Z,208.5649400543,210.2570337145,202.0722519065,206.5306243896,5471700
2023-03-16T04:00:00.000Z,205.0191341345,208.9546796317,202.7851976004,207.9090118408,3555000
2023-03-17T04:00:00.000Z,206.6637391623,206.6637391623,200.9885652446,204.3917694092,7203000
2023-03-20T04:00:00.000Z,206.6162255016,210.9129958862,205.7891803902,209.4300384521,3464200
2023-03-21T04:00:00.000Z,212.9948330431,214.8390287969,212.5670591169,213.8123626709,3074600
2023-03-22T04:00:00.000Z,214.0499800675,215.3998516411,209.002216685,209.0877685547,2930200
2023-03-23T04:00:00.000Z,209.62013219,214.1735866791,206.8538532504,208.6029815674,2957400
2023-03-24T04:00:00.000Z,206.1408813645,206.6922253342,202.614093113,206.29296875,2976800
2023-03-27T04:00:00.000Z,204.315704902,208.1466972577,203.3555888333,207.2341003418,3209500
2023-03-28T04:00:00.000Z,207.3767143602,209.6677006312,206.9584558278,209.2874603271,1802000
2023-03-29T04:00:00.000Z,211.7399974132,212.196288567,210.5612295519,211.9871520996,1857300
2023-03-30T04:00:00.000Z,213.9359491237,215.1622363234,212.9282993539,213.4511260986,1921100
2023-03-31T04:00:00.000Z,215.2002522869,217.7478938079,213.7933314866,217.5387573242,2746700
2023-04-03T04:00:00.000Z,218.6509840996,222.3013572773,217.5577824858,218.5178985596,2242500
2023-04-04T04:00:00.000Z,217.595798315,218.1566722679,205.5705226751,206.7112579346,4282100
2023-04-05T04:00:00.000Z,205.5229732353,207.1200140801,201.1026190048,202.9848327637,4265300
2023-04-06T04:00:00.000Z,202.1673171259,202.4810218581,198.621526767,198.8401641846,4180100
2023-04-10T04:00:00.000Z,199.8382989768,205.4184047346,198.9827512253,204.8860626221,3839000
2023-04-11T04:00:00.000Z,205.4944711616,211.8921069328,205.4944711616,209.7057037354,3882000
2023-04-12T04:00:00.000Z,211.1791660546,212.1963313061,209.0307808719,209.6106567383,2385100
2023-04-13T04:00:00.000Z,209.0783096367,211.2076784037,205.9602929377,210.722869873,2909100
2023-04-14T04:00:00.000Z,211.9776480029,214.6773911717,210.5041918245,212.6335601807,2246900
2023-04-17T04:00:00.000Z,213.8979252043,215.7136037538,213.2229965217,214.1165771484,1751800
2023-04-18T04:00:00.000Z,214.4207284681,216.2649239869,212.9948058924,214.0785064697,2567100
2023-04-19T04:00:00.000Z,213.6982802914,214.0309868778,211.4263107516,213.5556793213,2078400
2023-04-20T04:00:00.000Z,211.4358298853,213.146940137,210.0194080232,211.2932434082,2826800
2023-04-21T04:00:00.000Z,210.9108839081,211.2167389322,207.8810786724,210.5285797119,2712500
2023-04-24T04:00:00.000Z,210.7771162312,213.7973695431,210.7771162312,213.5488586426,2790700
2023-04-25T04:00:00.000Z,212.5261577443,213.3576774377,208.6170409765,208.9611206055,2505600
2023-04-26T04:00:00.000Z,208.100946343,210.6433120723,206.5621475684,206.6290588379,3254700
2023-04-27T04:00:00.000Z,201.1715626979,206.5239097229,195.0163679943,204.8513031006,7711100
2023-04-28T04:00:00.000Z,203.8095038044,210.8057705099,203.5801125119,209.1236114502,4669500
2023-05-01T04:00:00.000Z,209.6397325151,212.1438734998,206.9540064899,207.6612854004,2876400
2023-05-02T04:00:00.000Z,207.5083815978,207.5083815978,201.2767223892,205.635055542,2858000
2023-05-03T04:00:00.000Z,206.1033630371,209.4772483181,205.3578595497,206.1033630371,2635100
2023-05-04T04:00:00.000Z,206.4952480068,207.3363203192,200.0724370877,201.0760040283,3211000
2023-05-05T04:00:00.000Z,204.1440045551,206.1415710575,203.0066298279,205.5776672363,2716600
2023-05-08T04:00:00.000Z,206.8679617128,208.4641043545,204.1822360576,205.2909240723,2414100
2023-05-09T04:00:00.000Z,204.2873904482,205.8644136479,202.5765447238,204.0484466553,4111900
2023-05-10T04:00:00.000Z,205.9026307882,206.4378771155,200.8943784034,203.7425842285,2446100
2023-05-11T04:00:00.000Z,199.757038201,200.9804294213,199.2026867755,200.7414855957,3263300
2023-05-12T04:00:00.000Z,202.3471619598,203.1500095799,198.7343185017,200.2731170654,2172600
2023-05-15T04:00:00.000Z,201.0090841143,203.8764097733,199.9003813594,201.9457397461,1925600
2023-05-16T04:00:00.000Z,200.760570814,200.9708425113,197.8932453977,198.036605835,2771500
2023-05-17T04:00:00.000Z,200.0246318734,204.3829644342,199.422488833,202.7199249268,2897400
2023-05-18T04:00:00.000Z,201.6685450213,206.1224604636,200.9325941147,205.224029541,2643600
2023-05-19T04:00:00.000Z,209.7544382448,210.1654145931,203.5323321681,205.2814025879,4402100
2023-05-22T04:00:00.000Z,204.7748408086,207.5561501979,202.5192107069,204.7843933105,2540600
2023-05-23T04:00:00.000Z,203.7712685095,205.7401630764,202.0030931504,203.302947998,2298300
2023-05-24T04:00:00.000Z,202.4427575697,203.0831252504,199.967303121,200.426071167,2964000
2023-05-25T04:00:00.000Z,200.4164809329,202.4235998713,199.374689585,200.693649292,2243600
2023-05-26T04:00:00.000Z,202.375852841,203.8477402811,200.913517903,202.4331970215,1973900
2023-05-30T04:00:00.000Z,201.8405938122,203.4749757732,199.0401795587,200.6172027588,2885900
2023-05-31T04:00:00.000Z,199.8812663244,201.4582895241,196.507381135,196.6507415771,5937000
2023-06-01T04:00:00.000Z,198.4953872993,201.2575916385,196.9279165486,199.823928833,2989100
2023-06-02T04:00:00.000Z,205.4438543384,217.7064505923,204.5454234131,216.6073150635,8358200
2023-06-05T04:00:00.000Z,216.9514097042,216.9514097042,210.9873674313,212.6313018799,3438400
2023-06-06T04:00:00.000Z,212.0482619834,218.1747838085,211.6563906964,216.655090332,3230100
2023-06-07T04:00:00.000Z,217.7351527481,225.907033879,216.2728178134,225.1328582764,5586400
2023-06-08T04:00:00.000Z,224.1675287266,225.8305829712,221.4913695982,224.0815124512,3546800
2023-06-09T04:00:00.000Z,225.2762013447,225.3813371952,221.1950373452,224.6358337402,2488500
2023-06-12T04:00:00.000Z,224.8269883058,228.325128915,223.0014688218,227.37890625,3644200
2023-06-13T04:00:00.000Z,229.4624939609,235.770601041,229.0801751602,234.5854492188,4335100
2023-06-14T04:00:00.000Z,235.8853128398,237.3380951692,230.8866128273,232.5592193604,3122400
2023-06-15T04:00:00.000Z,233.2091193429,237.395418857,232.7121122182,236.7168121338,2743900
2023-06-16T04:00:00.000Z,238.3703150601,239.7944252748,234.1362381728,234.4229736328,5261200
2023-06-20T04:00:00.000Z,231.6130213693,232.4636607705,229.9117425669,230.4851989746,2979800
2023-06-21T04:00:00.000Z,228.2773370321,234.4134118447,227.5031614815,230.8005828857,2892500
2023-06-22T04:00:00.000Z,229.6058942332,230.3227257019,225.5151771516,226.8437042236,2421600
2023-06-23T04:00:00.000Z,224.0719299316,225.4291289032,221.0516769382,224.0719299316,3354000
2023-06-26T04:00:00.000Z,225.0468211217,229.0228346245,224.7314135751,226.470916748,1748300
2023-06-27T04:00:00.000Z,226.9775025128,230.1889079394,224.9130390546,230.0455474854,2283000
2023-06-28T04:00:00.000Z,228.7074532069,231.3454022312,227.3407015994,231.1733551025,2200100
2023-06-29T04:00:00.000Z,231.2402517444,235.942663928,230.6954528859,233.4385375977,2070000
2023-06-30T04:00:00.000Z,235.6654794383,236.0095444825,233.1039945211,235.16847229,2377900
2023-07-03T04:00:00.000Z,235.0729018099,237.4049955746,234.42298169,236.3918762207,1045700
2023-07-05T04:00:00.000Z,234.1648908996,236.5543285619,233.3238041756,234.0024108887,1820600
2023-07-06T04:00:00.000Z,232.0144296021,233.0848931583,228.2773450731,229.9403991699,3079700
2023-07-07T04:00:00.000Z,229.5676508574,236.8411008153,229.4911870902,234.3369598389,2903900
2023-07-10T04:00:00.000Z,233.6966206838,238.3321368678,233.2951967953,237.8064575195,2771900
2023-07-11T04:00:00.000Z,238.7908625606,243.2161062198,238.7908625606,241.667755127,3293300
2023-07-12T04:00:00.000Z,244.1910123321,246.2459377729,240.3201198357,242.3845977783,2986200
2023-07-13T04:00:00.000Z,243.3021213386,245.1180883011,241.5626181386,244.544631958,1949400
2023-07-14T04:00:00.000Z,245.1372130932,245.1372130932,241.725088917,244.3152313232,1936800
2023-07-17T04:00:00.000Z,243.0249572475,247.4024092885,240.8648960234,246.0738677979,2674500
2023-07-18T04:00:00.000Z,246.236441966,252.4776546935,245.5673874618,252.1431274414,3832400
2023-07-19T04:00:00.000Z,249.8666378757,252.53684972,249.4440118878,252.373550415,2771900
2023-07-20T04:00:00.000Z,253.7374803715,254.9188867734,250.1547740032,250.7790985107,2102300
2023-07-21T04:00:00.000Z,251.4130967673,251.4227112322,247.3405501576,247.4750061035,2249900
2023-07-24T04:00:00.000Z,248.0992937139,252.075812331,247.9072096324,249.1270446777,2195300
2023-07-25T04:00:00.000Z,249.828196985,253.4589169292,249.1942580345,251.7107849121,2016600
2023-07-26T04:00:00.000Z,250.2412763517,252.1719078014,247.0908096692,248.118560791,2622800
2023-07-27T04:00:00.000Z,248.7428424165,250.7887298413,246.6777553775,248.0992889404,2284400
2023-07-28T04:00:00.000Z,249.6649179642,252.5944858969,248.7620378079,250.1451721191,2101200
2023-07-31T04:00:00.000Z,252.373630668,254.7364735793,251.326679828,254.6980743408,3568700
2023-08-01T04:00:00.000Z,261.978655351,277.3756031987,259.8175115396,277.2507324219,11823200
2023-08-02T04:00:00.000Z,276.386293902,282.2742151224,274.7918464301,276.2134094238,6288300
2023-08-03T04:00:00.000Z,274.2635895473,276.5688039524,269.9508866975,270.3351135254,4743500
2023-08-04T04:00:00.000Z,272.0159954995,272.3041362998,264.4855837131,265.5229492188,3888200
2023-08-07T04:00:00.000Z,266.1760891835,270.8249464279,264.9946825845,270.5271911621,2438200
2023-08-08T04:00:00.000Z,267.021391107,272.7364290085,263.9285522389,271.7182922363,2519500
2023-08-09T04:00:00.000Z,273.4182667516,275.7811087077,272.6690715308,273.2933959961,3088600
2023-08-10T04:00:00.000Z,273.2549742882,276.2997982448,270.0853088852,272.6114501953,2647100
2023-08-11T04:00:00.000Z,272.7267576947,274.7438311991,271.4492651066,273.9562072754,1874100
2023-08-14T04:00:00.000Z,272.8419545488,274.3211453713,270.1621284869,273.3030090332,2194000
2023-08-15T04:00:00.000Z,271.3628109147,271.4780965401,266.1088290207,266.4161987305,2593600
2023-08-16T04:00:00.000Z,266.0608461632,270.584832849,263.2561485336,263.6691894531,2831300
2023-08-17T04:00:00.000Z,266.08004834,268.5101336198,263.8132623992,264.3031311035,2534700
2023-08-18T04:00:00.000Z,262.2284629613,264.8026189811,260.4034731665,262.9872436523,2533000
2023-08-21T04:00:00.000Z,263.8997157697,265.330864084,258.184678353,261.9786987305,2207400
2023-08-22T04:00:00.000Z,263.121680561,263.3041795069,259.0203201345,259.5293884277,1668800
2023-08-23T04:00:00.000Z,259.6253303837,262.9487095489,258.4823233879,262.2475280762,1677800
2023-08-24T04:00:00.000Z,260.8740732632,263.8420405419,258.5688590897,258.6648864746,1433600
2023-08-25T04:00:00.000Z,260.7972361296,262.8143096778,258.21346613,261.7961730957,1291700
2023-08-28T04:00:00.000Z,262.6990463132,266.0608256993,262.2572206585,263.9381103516,1550700
2023-08-29T04:00:00.000Z,264.1398049024,269.0672175893,262.6317997085,268.9711608887,2065800
2023-08-30T04:00:00.000Z,268.9711404669,272.6018607007,268.7598274665,271.1802978516,1431000
2023-08-31T04:00:00.000Z,272.4385336553,273.5623117261,269.7490933672,270.0276489258,2579000
2023-09-01T04:00:00.000Z,273.5527165092,275.7330888263,272.4481379705,274.9454650879,2336600
2023-09-05T04:00:00.000Z,275.0320131609,277.980781428,270.2678989869,270.508026123,2515600
2023-09-06T04:00:00.000Z,269.3457112079,273.2357575322,268.0202052567,271.7277526855,1688900
2023-09-07T04:00:00.000Z,269.8356332237,272.2849473713,266.6851666638,270.3158874512,1593200
2023-09-08T04:00:00.000Z,270.4503714264,272.1985038412,268.0971139979,271.1323242188,1240100
2023-09-11T04:00:00.000Z,273.3222315786,273.7448575634,268.8943025139,270.9113464355,1515300
2023-09-12T04:00:00.000Z,269.1921013475,273.4663462636,268.7694752942,270.6808776855,1587300
2023-09-13T04:00:00.000Z,269.1440585892,271.5741437412,262.2476151064,265.0234985352,2119300
2023-09-14T04:00:00.000Z,267.9818376343,271.9967556219,266.8580299339,271.4012451172,2660500
2023-09-15T04:00:00.000Z,270.7384995627,270.7384995627,266.3777831944,268.1259155273,4940900
2023-09-18T04:00:00.000Z,268.0394544782,271.5837325907,267.8377559347,269.8452148438,1363200
2023-09-19T04:00:00.000Z,269.0192099393,272.3041619331,266.6851813006,268.6254272461,2313500
2023-09-20T04:00:00.000Z,270.3831221934,275.2817210335,267.0981704757,267.6072387695,2380300
2023-09-21T04:00:00.000Z,265.3019966268,265.3019966268,260.874067312,261.2870788574,2277600
2023-09-22T04:00:00.000Z,261.267875701,264.2358428718,260.8836489257,262.2763977051,1707800
2023-09-25T04:00:00.000Z,260.0576199982,263.9764809312,259.4044813948,263.4385986328,1257400
2023-09-26T04:00:00.000Z,260.441823427,262.6221960593,258.5208067994,258.8761901855,1756400
2023-09-27T04:00:00.000Z,260.2977247165,263.4001767849,258.5688216647,261.9401855469,1991600
2023-09-28T04:00:00.000Z,262.6894126508,267.2614416618,261.4695776295,265.3308105469,1994700
2023-09-29T04:00:00.000Z,268.0586896069,268.5101297581,260.6435630821,262.2188110352,2257800
2023-10-02T04:00:00.000Z,261.8730300101,265.8783337114,259.5677863495,260.9893493652,1778200
2023-10-03T04:00:00.000Z,260.4994909943,262.7758913524,256.9744413642,258.3479614258,2187900
2023-10-04T04:00:00.000Z,256.935994495,257.243364215,252.4023937187,254.5635375977,2970100
2023-10-05T04:00:00.000Z,253.4782080669,255.437653775,250.1452421262,250.5006256104,2639300
2023-10-06T04:00:00.000Z,251.2402022051,257.8196909476,248.0705067339,255.5336761475,2293400
2023-10-09T04:00:00.000Z,255.5337127807,260.8837233347,254.1985917743,260.5859680176,1640800
2023-10-10T04:00:00.000Z,261.8826497846,264.2359074525,261.0950257402,262.4205322266,2009000
2023-10-11T04:00:00.000Z,262.7278791247,263.5731312635,259.2412287086,262.0555114746,1538200
2023-10-12T04:00:00.000Z,262.9871788829,262.9871788829,255.6777242876,258.9626464844,1910500
2023-10-13T04:00:00.000Z,259.8078658431,263.1216310137,255.5912498894,257.358581543,1918300
2023-10-16T04:00:00.000Z,261.3735632362,263.150509789,258.9338634862,260.0960998535,1678600
2023-10-17T04:00:00.000Z,257.9733528731,264.6777125694,257.9733528731,261.8826293945,2110100
2023-10-18T04:00:00.000Z,257.8965189571,258.3767731823,248.5315615648,248.983001709,4257100
2023-10-19T04:00:00.000Z,247.7247256454,249.7321846895,241.8175901754,242.9029693604,3850000
2023-10-20T04:00:00.000Z,242.6326349109,244.7373703947,239.5914056463,240.595489502,3103500
2023-10-23T04:00:00.000Z,239.0797351207,242.9223079332,238.0466734456,238.7804412842,3193200
2023-10-24T04:00:00.000Z,241.6092377338,243.0284819871,238.7128232954,240.9334106445,2304600
2023-10-25T04:00:00.000Z,241.2423726741,242.1113059126,236.0577951393,236.4826049805,2542400
2023-10-26T04:00:00.000Z,237.0522019822,238.2107647662,232.1089929132,234.0592346191,3859200
2023-10-27T04:00:00.000Z,234.6578327181,235.4977881434,229.6470336669,230.3228607178,3229900
2023-10-30T04:00:00.000Z,232.6206923838,235.1888499639,230.9214532117,233.7985687256,4478300
2023-10-31T04:00:00.000Z,219.789572773,222.5797847132,216.0338893692,218.2448272705,12093300
2023-11-01T04:00:00.000Z,217.3373016002,224.6169506183,216.1883880966,223.8252716064,4932800
2023-11-02T04:00:00.000Z,227.6581829261,231.3173134335,224.8390079104,230.8635406494,7749900
2023-11-03T04:00:00.000Z,233.1710241783,235.8067720653,229.9560022119,232.4372711182,3929500
2023-11-06T05:00:00.000Z,233.1710356017,234.5323540629,228.1988628656,230.0525665283,2891500
2023-11-07T05:00:00.000Z,226.4803064578,228.9519111431,225.5051855453,226.8085632324,4074000
2023-11-08T05:00:00.000Z,227.8512854889,229.579473079,226.3548016421,226.7120361328,2532500
2023-11-09T05:00:00.000Z,229.2415646434,231.01802874,225.7465623854,226.0651550293,2708800
2023-11-10T05:00:00.000Z,227.2140774711,231.8579934009,226.5189367569,231.4042205811,2525200
2023-11-13T05:00:00.000Z,230.6318263467,234.9088578296,230.6318263467,233.3254852295,3035700
2023-11-14T05:00:00.000Z,238.2300990879,240.9334223077,236.2412301011,239.3017730713,3441800
2023-11-15T05:00:00.000Z,240.9044748353,244.1967217552,240.0162427419,242.4202575684,3739900
2023-11-16T05:00:00.000Z,241.8506175288,244.1870568564,238.085284466,239.6396942139,2625000
2023-11-17T05:00:00.000Z,241.4547629959,245.480777368,241.3678740969,244.3318786621,2792500
2023-11-20T05:00:00.000Z,243.8877596516,244.1677399085,240.0741501191,241.8023376465,2661400
2023-11-21T05:00:00.000Z,240.8272112572,241.2230581045,239.7458879007,240.798248291,1765500
2023-11-22T05:00:00.000Z,233.4896408405,239.0797294779,233.4606778719,237.5156555176,3593700
2023-11-24T05:00:00.000Z,238.2300925576,240.3058503893,238.1818160362,238.8190307617,982200
2023-11-27T05:00:00.000Z,238.4328310406,239.64931974,237.8149299142,238.8479766846,1743300
2023-11-28T05:00:00.000Z,239.1858963021,240.2768689954,237.5156201287,238.9541778564,2149900
2023-11-29T05:00:00.000Z,241.0589226113,242.8933273428,239.73623134,240.8368682861,2224700
2023-11-30T05:00:00.000Z,242.3719620222,242.8160854,239.2824561285,242.0630187988,3210500
2023-12-01T05:00:00.000Z,243.211942547,248.5509990586,242.3430093098,247.8944854736,3731500
2023-12-04T05:00:00.000Z,244.8146233447,246.7069392968,243.7043222442,245.9538726807,3028700
2023-12-05T05:00:00.000Z,245.0173590013,248.3192845346,245.0173590013,246.3786773682,2682200
2023-12-06T05:00:00.000Z,247.9330727765,251.9977290606,246.7455616723,247.1317443848,3632600
2023-12-07T05:00:00.000Z,248.3289275971,250.4240138118,246.9772733281,248.5220336914,2162500
2023-12-08T05:00:00.000Z,248.4930762114,252.6059945084,248.1261923024,250.5398712158,3258200
2023-12-11T05:00:00.000Z,250.8681171503,253.1852429141,250.5398603679,251.9108428955,2898300
2023-12-12T05:00:00.000Z,251.0129473238,253.4266262802,250.1729917611,252.4032287598,2375700
2023-12-13T05:00:00.000Z,252.3742521994,258.9684392529,250.3274572688,258.7174072266,3708300
2023-12-14T05:00:00.000Z,263.0426891991,275.6034518143,261.2082700065,275.3234863281,6464100
2023-12-15T05:00:00.000Z,270.4285660171,276.9454984728,270.3127141543,275.8738098145,7321200
2023-12-18T05:00:00.000Z,276.8393137075,278.9054370484,274.7442568613,275.8448791504,2691700
2023-12-19T05:00:00.000Z,276.8972350384,282.9121335384,276.2793485536,282.844543457,3659600
2023-12-20T05:00:00.000Z,281.8500738759,287.9711593452,279.5232841413,279.7067260742,3818400
2023-12-21T05:00:00.000Z,279.8901781722,280.6915360061,276.7041340508,280.0543212891,3209300
2023-12-22T05:00:00.000Z,280.2860277615,282.7190053254,278.9343735593,280.3342895508,2833800
2023-12-26T05:00:00.000Z,281.5218499114,286.8319435153,280.9522252241,285.4223632812,2019000
2023-12-27T05:00:00.000Z,285.422370669,288.8208200565,284.5534521314,287.826385498,1876500
2023-12-28T05:00:00.000Z,286.8416468951,288.8691433503,285.818249254,286.6292419434,2267400
2023-12-29T05:00:00.000Z,286.6002479422,287.9422381338,283.0762825247,285.4609985352,2300600
2024-01-02T05:00:00.000Z,283.2982900601,286.3974747331,281.2901223404,282.6031494141,2433100
2024-01-03T05:00:00.000Z,278.4323556096,278.9536890348,273.5374077593,274.4835510254,3043400
2024-01-04T05:00:00.000Z,274.5897558195,278.2681999172,273.9911681973,276.2214050293,2995400
2024-01-05T05:00:00.000Z,276.3661875249,280.9521766629,275.6131210135,278.9536437988,2684800
2024-01-08T05:00:00.000Z,277.6309637088,282.5741727457,275.3910629065,282.1590270996,2369100
2024-01-09T05:00:00.000Z,279.24335223,282.2652534883,278.0558115943,282.1976928711,1974500
2024-01-10T05:00:00.000Z,282.0624917548,284.3796174532,281.3963140653,283.2210693359,2048000
2024-01-11T05:00:00.000Z,284.4278916409,285.3933630793,279.4170925186,281.9755859375,1941400
2024-01-12T05:00:00.000Z,285.0747765092,285.615438225,278.9536903632,280.382598877,1955600
2024-01-16T05:00:00.000Z,278.9053692523,280.189433188,275.738624392,277.3123474121,3140100
2024-01-17T05:00:00.000Z,269.202384468,272.2822406709,267.377658796,269.0093078613,3789200
2024-01-18T05:00:00.000Z,270.3513212033,272.7746641181,268.0728225859,272.1664123535,2479300
2024-01-19T05:00:00.000Z,273.8346920476,277.4816626228,270.5659843713,276.7057189941,3116000
2024-01-22T05:00:00.000Z,277.5011319739,281.8561733791,277.5011319739,279.9938964844,2072200
2024-01-23T05:00:00.000Z,281.7688988324,284.0773716552,278.8784533448,280.1490783691,1866300
2024-01-24T05:00:00.000Z,282.0985845259,283.815375207,279.6737238802,281.9433898926,2765900
2024-01-25T05:00:00.000Z,285.1636805396,294.1938613886,284.3198335679,291.7301940918,4647100
2024-01-26T05:00:00.000Z,291.953208927,293.8737091303,289.6835430143,290.4303894043,2920500
2024-01-29T05:00:00.000Z,290.0327750085,294.5721374717,288.5099847381,294.1356506348,2101400
2024-01-30T05:00:00.000Z,291.4779867474,296.5410974498,291.4779867474,295.6002502441,2150200
2024-01-31T05:00:00.000Z,296.3859135313,296.560496417,290.9154129788,291.283996582,2813000
2024-02-01T05:00:00.000Z,294.1259652922,298.8108138764,292.8650492627,298.4422302246,3196300
2024-02-02T05:00:00.000Z,297.7729942143,307.8313150482,296.8030496077,305.6198425293,4661500
2024-02-05T05:00:00.000Z,324.8052958531,324.8052958531,306.415157221,311.7401428223,6557500
2024-02-06T05:00:00.000Z,313.4763523751,317.5889074131,309.4801859362,313.0204772949,2825700
2024-02-07T05:00:00.000Z,313.2338304233,317.9671635823,311.4491363733,313.8642883301,3203000
2024-02-08T05:00:00.000Z,314.9119085145,316.6189907858,311.7595887426,312.3221435547,1986100
2024-02-09T05:00:00.000Z,312.3220907293,312.6421593509,306.0853554626,307.6275634766,2823000
2024-02-12T05:00:00.000Z,307.6760589883,313.3793368734,306.9971156594,311.9632263184,2483600
2024-02-13T05:00:00.000Z,306.2987255177,306.5024055371,301.4490039111,303.4373779297,2923200
2024-02-14T05:00:00.000Z,306.5121272636,308.2968213373,304.5334324773,307.1910705566,1887100
2024-02-15T05:00:00.000Z,306.4539850574,313.4957621931,305.978692111,313.3599853516,2362900
2024-02-16T05:00:00.000Z,313.9903992246,318.4327315082,311.7789271986,312.2348022461,2513200
2024-02-20T05:00:00.000Z,307.7245871946,309.4122810738,303.3404193148,304.3103637695,2701600
2024-02-21T05:00:00.000Z,303.4956606014,308.2678010761,303.4956606014,307.6082458496,1779700
2024-02-22T05:00:00.000Z,311.3521574494,313.6509209787,310.711990583,312.4093933105,1875800
2024-02-23T05:00:00.000Z,313.2920739854,315.3095455244,312.3706148689,314.1456298828,1575000
2024-02-26T05:00:00.000Z,313.9225103742,317.4046073427,312.5645940856,315.6005249023,1650000
2024-02-27T05:00:00.000Z,317.1524095335,318.0932567231,314.0388669038,317.7828674316,1640900
2024-02-28T05:00:00.000Z,317.5501442366,321.7111848316,317.1621427561,319.6549072266,1471000
2024-02-29T05:00:00.000Z,321.0516106759,324.8247087678,320.1786665971,323.9226379395,2699800
2024-03-01T05:00:00.000Z,323.9614300245,327.6181097611,323.573458184,326.580291748,1815500
2024-03-04T05:00:00.000Z,325.5133609766,330.0333056328,324.7277083459,328.4716796875,1551000
2024-03-05T05:00:00.000Z,325.3387326309,328.8014113122,321.7693150832,323.5055236816,2030000
2024-03-06T05:00:00.000Z,326.1438107546,327.5793391503,324.1166304718,325.5424499512,1542300
2024-03-07T05:00:00.000Z,328.3358493617,332.0507229488,328.2582372427,329.9944458008,1732500
2024-03-08T05:00:00.000Z,331.7888667927,334.1458244299,327.9381865869,328.9954223633,2307400
2024-03-11T04:00:00.000Z,326.8712994009,328.0449239682,321.5657017548,324.9023132324,1868000
2024-03-12T04:00:00.000Z,325.2030124007,328.2195553884,322.7393449187,327.104095459,1645900
2024-03-13T04:00:00.000Z,327.9770446115,332.7879610019,327.2495862427,331.2554321289,1818800
2024-03-14T04:00:00.000Z,334.1943617583,336.4155429256,328.7529873846,331.6434326172,2110200
2024-03-15T04:00:00.000Z,332.6618481884,336.8520153037,330.8965421907,336.5416259766,4406000
2024-03-18T04:00:00.000Z,337.618230615,342.7201475841,337.404841665,341.323425293,2528200
2024-03-19T04:00:00.000Z,341.0325060979,343.3603670733,339.1120052531,343.2633666992,2207600
2024-03-20T04:00:00.000Z,340.5669041523,347.4147098748,337.6764885201,345.7367248535,2563900
2024-03-21T04:00:00.000Z,346.9200341218,354.2237144287,345.9985750816,353.602935791,2616300
2024-03-22T04:00:00.000Z,353.6417615292,354.5340938701,347.104315639,347.3468017578,2052000
2024-03-25T04:00:00.000Z,346.231332666,348.0839299574,344.3593471433,345.2517089844,1774800
2024-03-26T04:00:00.000Z,345.7463709259,348.7823016198,345.300204792,345.6784973145,1637200
2024-03-27T04:00:00.000Z,347.9384829544,353.8454412499,347.1237331481,353.690246582,2262800
2024-03-28T04:00:00.000Z,353.6611205425,356.1829818894,352.6038847041,355.4167175293,2028600
2024-04-01T04:00:00.000Z,356.4351990607,356.8716563053,351.7406714495,352.8075866699,1953800
2024-04-02T04:00:00.000Z,351.4205881713,354.020032318,350.6155472634,353.8648376465,1968900
2024-04-03T04:00:00.000Z,354.5050067449,364.7670361575,353.6417715299,364.4954528809,2623700
2024-04-04T04:00:00.000Z,366.0278851739,369.5778849553,357.7930673271,358.6757202148,2492200
2024-04-05T04:00:00.000Z,361.3043221758,369.5488503329,360.6156698767,367.8999328613,2068300
2024-04-08T04:00:00.000Z,367.7156498803,370.5285126465,361.6826234296,362.2451782227,2690000
2024-04-09T04:00:00.000Z,363.7582820738,365.8242685802,354.5244211553,360.7223510742,2042700
2024-04-10T04:00:00.000Z,355.1936683802,361.4206951546,353.4380712989,360.8872375488,2148500
2024-04-11T04:00:00.000Z,361.4303846946,362.1481340749,355.8725926543,360.7999267578,2535700
2024-04-12T04:00:00.000Z,357.5603504883,361.6340995802,351.7794600239,354.6408081055,2072900
2024-04-15T04:00:00.000Z,361.7601671149,363.205374811,351.2265554495,352.9724731445,2171000
2024-04-16T04:00:00.000Z,352.1092086848,352.5359865927,346.4447368885,349.0635986328,2513900
2024-04-17T04:00:00.000Z,351.7503530865,352.0025481186,342.2740063526,347.5505065918,2313800
2024-04-18T04:00:00.000Z,350.2954638058,352.5554511544,345.4651589531,347.1722412109,2380700
2024-04-19T04:00:00.000Z,348.78819308,351.377653709,342.8012964113,345.2544555664,2929600
2024-04-22T04:00:00.000Z,346.6562858845,352.3998128034,343.872117219,348.1262207031,2085400
2024-04-23T04:00:00.000Z,350.4528884205,355.8264886813,349.518355703,353.6166992188,1810700
2024-04-24T04:00:00.000Z,354.2981051181,358.4061924541,349.3820126377,353.879486084,3032700
2024-04-25T04:00:00.000Z,321.6767779616,332.8717995063,321.5599650988,329.0362854004,6459600
2024-04-26T04:00:00.000Z,329.4645961813,336.3373630762,329.3574979256,334.2735900879,3324600
2024-04-29T04:00:00.000Z,334.8576540103,341.642810655,334.8576540103,340.5232849121,2171400
2024-04-30T04:00:00.000Z,337.8170125364,338.5471225226,324.2856467332,325.6972045898,4201700
2024-05-01T04:00:00.000Z,324.5388062745,329.523019722,321.9688045047,322.2900695801,3520600
2024-05-02T04:00:00.000Z,324.6750641188,327.2450657783,320.5183148909,326.5441589355,2492000
2024-05-03T04:00:00.000Z,329.1238566354,332.5504956133,326.096348031,327.8193969727,1977100
2024-05-06T04:00:00.000Z,331.8301357141,333.4655750475,330.6911807065,333.0275268555,1653900
2024-05-07T04:00:00.000Z,335.3347341595,339.2968058037,334.2931031892,335.8506774902,1965600
2024-05-08T04:00:00.000Z,330.9832613077,337.0869713433,329.7566667739,335.3639221191,2260300
2024-05-09T04:00:00.000Z,336.7462569258,343.5216702577,336.2692314643,342.4508361816,3208900
2024-05-10T04:00:00.000Z,345.585434465,348.0288790153,344.1446732263,345.3810119629,2210600
2024-05-13T04:00:00.000Z,345.3907388296,349.0412893234,344.972149503,347.2208862305,2051200
2024-05-14T04:00:00.000Z,348.2333292641,351.0466715206,347.561625567,348.6811218262,1563400
2024-05-15T04:00:00.000Z,351.8838295745,353.6750292746,348.6226655144,350.4917602539,1913900
2024-05-16T04:00:00.000Z,347.2890291865,349.2554483134,340.3383669423,341.4189453125,2821700
2024-05-17T04:00:00.000Z,343.6092441233,346.9580177715,342.236633729,346.8217163086,2104300
2024-05-20T04:00:00.000Z,346.9483086299,354.7653528008,345.3615312819,353.1299133301,2247900
2024-05-21T04:00:00.000Z,352.6528890581,353.6068804847,348.0191145577,349.5474853516,1841100
2024-05-22T04:00:00.000Z,348.9926562845,349.6741043167,343.2101814439,346.5005493164,2104200
2024-05-23T04:00:00.000Z,350.8422140254,351.757287675,339.5401245844,341.3994750977,2749200
2024-05-24T04:00:00.000Z,343.2880527424,344.5243618321,337.4860896857,339.6472167969,2635200
2024-05-28T04:00:00.000Z,338.7710700724,339.9684612737,335.2665358197,337.2816467285,2264900
2024-05-29T04:00:00.000Z,335.8506643267,336.1524408078,328.7637297576,329.143371582,3040000
2024-05-30T04:00:00.000Z,329.4938299763,335.4125762601,329.4938299763,330.2531433105,2745800
2024-05-31T04:00:00.000Z,330.3407412994,331.8496533147,326.1742475622,329.5424804688,8319400
2024-06-03T04:00:00.000Z,331.8301625933,332.3461058667,317.1111479836,322.5723571777,3878600
2024-06-04T04:00:00.000Z,319.99265599,321.5696891004,315.894312823,318.8829040527,3706600
2024-06-05T04:00:00.000Z,320.7422159083,322.4847237989,318.0359425717,320.7130126953,2616300
2024-06-06T04:00:00.000Z,321.4626414937,322.2511581003,318.4156436323,319.5838317871,2452100
2024-06-07T04:00:00.000Z,317.5492267148,324.0520667801,315.1349853246,320.2165527344,2499100
2024-06-10T04:00:00.000Z,319.9926786647,323.1078272897,319.7298496971,320.8688049316,2640500
2024-06-11T04:00:00.000Z,319.0678080994,319.924475236,315.144684964,318.6297302246,3247000
2024-06-12T04:00:00.000Z,324.3148498418,326.2812984174,317.3544739169,320.0120849609,4817300
2024-06-13T04:00:00.000Z,318.8147376457,319.1944091505,312.9251948336,317.7049560547,3183900
2024-06-14T04:00:00.000Z,312.8667757789,314.1225436865,307.4736878413,312.9446411133,4195300
2024-06-17T04:00:00.000Z,312.9446462307,315.2517892945,310.4233363585,313.8499755859,3198900
2024-06-18T04:00:00.000Z,314.4827647535,316.9651570728,312.4871422393,316.517364502,3275300
2024-06-20T04:00:00.000Z,316.4394485183,322.3192768188,315.9721673612,320.4015197754,4463300
2024-06-21T04:00:00.000Z,321.7643238192,321.7837827231,317.5296801328,319.1456604004,8265100
2024-06-24T04:00:00.000Z,320.625402059,324.8211287601,317.4226738142,321.2484436035,2447300
2024-06-25T04:00:00.000Z,319.3112455888,320.7325183433,315.7677634488,318.7174072266,2990400
2024-06-26T04:00:00.000Z,317.5978738992,319.0191464878,315.1933769299,318.0651550293,2198600
2024-06-27T04:00:00.000Z,317.3837179312,320.4988661553,316.0597992463,318.7757873535,1995100
2024-06-28T04:00:00.000Z,319.7979651459,325.3273251221,319.6130015457,324.2662353516,8891500
2024-07-01T04:00:00.000Z,326.2229285294,326.3981775399,316.7412410925,320.3528442383,2950200
2024-07-02T04:00:00.000Z,319.3014662888,321.3360360913,316.9456314232,319.0678405762,2119800
2024-07-03T04:00:00.000Z,319.5546000776,322.6210565752,319.5546000776,321.8422546387,1352200
2024-07-05T04:00:00.000Z,322.7768499897,324.5972532834,317.9678552322,319.6422424316,2280900
2024-07-08T04:00:00.000Z,321.5989169663,324.4220334214,318.4643391218,320.333404541,1913400
2024-07-09T04:00:00.000Z,319.8271748015,321.3652603573,317.1890222215,317.4129333496,1896100
2024-07-10T04:00:00.000Z,317.4519111116,319.7687988281,313.1101975745,319.7687988281,2904400
2024-07-11T04:00:00.000Z,321.2484125109,325.5609219488,320.566964601,322.348449707,3016400
2024-07-12T04:00:00.000Z,326.0671737267,329.2601872893,324.5874649507,326.6901855469,2451300
2024-07-15T04:00:00.000Z,330.1071237828,338.673737193,328.880529291,336.6002197266,3394300
2024-07-16T04:00:00.000Z,337.6320747665,352.6723535157,336.1037336568,351.0174255371,4637000
2024-07-17T04:00:00.000Z,349.4501725977,353.0715199644,346.753643262,348.3111877441,3061000
2024-07-18T04:00:00.000Z,347.045671622,359.4380845603,346.3155615134,346.5881347656,3876300
2024-07-19T04:00:00.000Z,345.9261561602,347.0359080152,337.49581501,338.4108886719,3462700
2024-07-22T04:00:00.000Z,340.1507542238,340.8642995904,333.6800751086,340.0236816406,2659600
2024-07-23T04:00:00.000Z,337.9319462624,340.7958518998,333.6800561109,336.4071350098,2027800
2024-07-24T04:00:00.000Z,335.2146564002,337.0424731326,327.8838214869,328.4605102539,2835800
2024-07-25T04:00:00.000Z,327.9424924646,340.3462685336,326.4176810649,336.5342102051,3291300
2024-07-26T04:00:00.000Z,340.7763344336,344.9793347107,339.0560222167,342.5748291016,1894900
2024-07-29T04:00:00.000Z,342.2815589695,343.4545044763,335.390586147,336.7590026855,2190300
2024-07-30T04:00:00.000Z,335.9086351619,337.9221687735,330.9823057273,334.0123901367,1970800
2024-07-31T04:00:00.000Z,337.5605234847,343.0732959243,333.1620224601,338.3913574219,2568100
2024-08-01T04:00:00.000Z,338.4891130233,341.9394918795,320.6800680626,324.0424804688,3747900
2024-08-02T04:00:00.000Z,315.4702299295,316.105562924,310.4950407271,313.6326293945,4246700
2024-08-05T04:00:00.000Z,302.0304229825,313.349219884,300.1243938184,309.6544799805,4681300
2024-08-06T04:00:00.000Z,306.9664437635,324.6777637642,303.4965276018,319.0769958496,5071700
2024-08-07T04:00:00.000Z,325.9875660605,327.619881878,317.1319201543,318.4514465332,3011700
2024-08-08T04:00:00.000Z,322.5567867431,328.8417497015,320.2206793332,328.5778503418,2268300
2024-08-09T04:00:00.000Z,328.4213977061,330.8650092962,324.9808033258,330.6304321289,1668100
2024-08-12T04:00:00.000Z,330.6304877903,332.1846214437,326.0755914401,328.4507751465,2127600
2024-08-13T04:00:00.000Z,329.5748084627,331.8620255623,326.2026420258,331.1582641602,1503800
2024-08-14T04:00:00.000Z,331.9401981292,334.0808042283,327.0529750408,329.9755249023,1610900
2024-08-15T04:00:00.000Z,336.7296928853,339.7988835043,333.103381468,337.8439941406,3232600
2024-08-16T04:00:00.000Z,337.4627628118,338.0394515714,333.0740459125,335.7326965332,2483800
2024-08-19T04:00:00.000Z,335.9281288337,338.2935577206,335.5566951397,336.8762512207,2252600
2024-08-20T04:00:00.000Z,337.2184306622,338.3620541171,334.1101635907,335.5567626953,1479500
2024-08-21T04:00:00.000Z,336.8078941196,337.8049068413,334.1394890801,335.2342224121,1433200
2024-08-22T04:00:00.000Z,335.2635183535,337.3552642438,334.0612506833,334.6379394531,2021400
2024-08-23T04:00:00.000Z,337.1891014962,341.6560309626,335.3319625202,340.5515136719,2183900
2024-08-26T04:00:00.000Z,341.9199151747,346.4161665903,341.0695430905,343.2394714355,1718100
2024-08-27T04:00:00.000Z,342.4477262866,343.7868206343,339.2710312929,343.2003479004,1210800
2024-08-28T04:00:00.000Z,342.6823604626,346.4357448232,338.0394977763,340.346282959,1514500
2024-08-29T04:00:00.000Z,343.2981392877,348.4199401279,339.652259706,343.7086791992,1664500
2024-08-30T04:00:00.000Z,344.6372440666,348.2049114719,341.9394869859,348.0680847168,2974100
2024-09-03T04:00:00.000Z,344.2658108794,344.6763508039,330.7673011179,332.5657958984,3107200
2024-09-04T04:00:00.000Z,330.953005209,333.1620398285,327.7274495545,329.154510498,2782500
2024-09-05T04:00:00.000Z,328.4409434966,328.9003436794,323.104104012,326.0364379883,2525500
2024-09-06T04:00:00.000Z,326.6620416176,330.982330632,320.7191609381,321.9311828613,2676600
2024-09-09T04:00:00.000Z,326.3785426588,328.7732641243,325.4597423127,326.5056152344,2355800
2024-09-10T04:00:00.000Z,327.5514793729,328.1770582995,321.9605243203,326.6229248047,1869200
2024-09-11T04:00:00.000Z,325.4890803551,327.9131539143,318.7544721522,327.4439697266,1934700
2024-09-12T04:00:00.000Z,327.7176540667,333.3477450196,326.1537365988,331.9206542969,1747000
2024-09-13T04:00:00.000Z,334.6966236984,339.3883462763,332.6733060322,337.5214233398,2518600
2024-09-16T04:00:00.000Z,340.4928815855,343.5327204128,336.5244583223,340.1116638184,1648200
2024-09-17T04:00:00.000Z,342.1056291812,346.5823125753,341.3627616982,345.7124023438,2088400
2024-09-18T04:00:00.000Z,346.9928493546,353.4733121307,344.3733048622,347.1101379395,1990700
2024-09-19T04:00:00.000Z,354.8124100459,366.2387404582,353.1214200528,364.8898620605,4066600
2024-09-20T04:00:00.000Z,362.0455398099,363.0718747244,357.5883940085,360.5011901855,5440500
2024-09-23T04:00:00.000Z,360.6673349938,364.5575759046,358.7026912962,362.7981872559,2442700
2024-09-24T04:00:00.000Z,371.4290099583,380.6463069148,370.9402875768,377.2252502441,4024300
2024-09-25T04:00:00.000Z,378.2711168732,379.8741405754,369.3959317003,369.7184753418,2661500
2024-09-26T04:00:00.000Z,381.2131996252,388.260567239,377.4891378742,382.1417541504,3906800
2024-09-27T04:00:00.000Z,382.1808812688,386.6380267561,380.3628484279,382.2590637207,2683700
2024-09-30T04:00:00.000Z,380.5974125481,383.9011803243,378.095156565,382.2981567383,2251300
2024-10-01T04:00:00.000Z,382.4447876303,386.5696055718,377.9094596078,383.5395507812,2091400
2024-10-02T04:00:00.000Z,383.1388213204,386.7358110055,379.874159286,385.162109375,1767900
2024-10-03T04:00:00.000Z,383.4906351734,385.1131968921,379.9522902691,382.2688293457,1866100
2024-10-04T04:00:00.000Z,387.7718646361,388.4951641725,383.0117136945,388.1335144043,1675100
2024-10-07T04:00:00.000Z,387.5079759161,392.1215162441,387.2049704356,389.267364502,2224500
2024-10-08T04:00:00.000Z,385.3673617222,386.0906612638,376.1696034022,379.2094421387,2438800
2024-10-09T04:00:00.000Z,379.4147489101,387.6546011494,378.7598477903,387.2538452148,1757900
2024-10-10T04:00:00.000Z,386.2666042743,388.0064547142,381.692170061,387.6936950684,1331700
2024-10-11T04:00:00.000Z,387.6936435742,394.4966496926,387.6936435742,392.9522705078,2110400
2024-10-14T04:00:00.000Z,384.5169949123,387.3515786506,378.1440362108,385.0643615723,3006100
2024-10-15T04:00:00.000Z,381.8192379248,383.6177326404,378.8477976069,379.2387695312,2715100
2024-10-16T04:00:00.000Z,378.6620533078,385.6996667541,378.2026531269,384.7417602539,1551600
2024-10-17T04:00:00.000Z,386.2372496204,388.1628167848,384.2921443015,385.5921325684,1561500
2024-10-18T04:00:00.000Z,387.3124252867,387.5079261397,380.9297132001,384.9763183594,3024100
2024-10-21T04:00:00.000Z,384.8194130519,385.663021227,381.8274779261,383.0438842773,2375900
2024-10-22T04:00:00.000Z,382.3081813062,383.8384710264,378.38435537,381.0623474121,1523900
2024-10-23T04:00:00.000Z,379.5811370473,382.6024699541,375.4022526962,378.3843688965,1500900
2024-10-24T04:00:00.000Z,379.5811350319,380.9642573724,374.941199944,379.6890258789,1844100
2024-10-25T04:00:00.000Z,382.1904167817,384.5643444924,376.9913597255,378.6197509766,1606800
2024-10-28T04:00:00.000Z,380.9937224706,384.1131570628,379.993127647,383.1714172363,3213900
2024-10-29T04:00:00.000Z,382.0825565006,382.1806581378,378.2077663535,380.1304626465,2186400
2024-10-30T04:00:00.000Z,366.8777417056,380.8661913834,360.2072492855,372.0179443359,4037500
2024-10-31T04:00:00.000Z,370.1639215644,371.6942112281,365.6515159172,369.0358276367,2394500
2024-11-01T04:00:00.000Z,370.8702229839,375.9711787099,369.7617373734,372.4005126953,1633300
2024-11-04T05:00:00.000Z,370.8996288376,374.2250555385,368.1529328964,369.3497009277,1793600
2024-11-05T05:00:00.000Z,369.9481161452,378.7178693303,368.496289801,376.0692749023,1724100
2024-11-06T05:00:00.000Z,397.4541992111,410.334134236,396.3162859615,408.941192627,4720000
2024-11-07T05:00:00.000Z,407.0184885191,410.5302996548,399.7790246816,400.4362487793,3211100
2024-11-08T05:00:00.000Z,393.3243012954,395.3843158878,384.9273162331,385.8788452148,3345900
2024-11-11T05:00:00.000Z,390.3324004743,394.4229722727,387.487632641,388.988494873,1858900
2024-11-12T05:00:00.000Z,390.2146663347,391.136767773,383.7011012756,385.5256958008,1737100
2024-11-13T05:00:00.000Z,381.5430556115,383.7502078115,378.3255193797,379.6988525391,2001900
2024-11-14T05:00:00.000Z,381.1016116978,382.7496114826,378.8552128632,379.9833068848,1372500
2024-11-15T05:00:00.000Z,378.6393705473,381.0917616722,374.9215671561,376.7559509277,2165500
2024-11-18T05:00:00.000Z,378.649200646,378.9434756149,375.6278678647,377.1385192871,1626200
2024-11-19T05:00:00.000Z,370.8310016131,375.9515959769,370.8310016131,375.0491027832,1793200
2024-11-20T05:00:00.000Z,376.6971041214,378.8454011885,371.2625968883,374.2348937988,1859600
2024-11-21T05:00:00.000Z,376.6088308385,384.5545545011,371.7825117097,382.1708374023,1833500
2024-11-22T05:00:00.000Z,382.9261851528,390.5776642179,380.503251209,389.9204101562,1893000
2024-11-25T05:00:00.000Z,392.3825897007,399.3964225043,392.3825897007,397.924987793,4398000
2024-11-26T05:00:00.000Z,395.9630855738,400.6324480974,394.1090933541,400.0634765625,1796600
2024-11-27T05:00:00.000Z,400.6226235257,404.2717828568,395.5608844576,396.0121459961,1371900
2024-11-29T05:00:00.000Z,399.5729888031,403.3594963732,397.2873733826,398.3762207031,1962100
2024-12-02T05:00:00.000Z,399.7005349233,400.3773973165,393.1575717048,394.8448181152,1548500
2024-12-03T05:00:00.000Z,395.8355621609,397.8072943357,389.0473598414,391.6567077637,1716200
2024-12-04T05:00:00.000Z,390.9798150564,393.824582742,388.5862789504,391.9019165039,1193800
2024-12-05T05:00:00.000Z,392.8730907102,393.7853730994,386.7028657473,387.4582214355,1291400
2024-12-06T05:00:00.000Z,390.5678428174,392.1275601332,385.260864311,387.5072631836,1331000
2024-12-09T05:00:00.000Z,394.8742439355,401.9076853837,390.8523162366,391.6567077637,1739800
2024-12-10T05:00:00.000Z,383.2792981751,387.9388412254,378.2665952424,380.9936828613,2251000
2024-12-11T05:00:00.000Z,383.0438634175,383.8972906903,380.0519284547,381.4645080566,1651600
2024-12-12T05:00:00.000Z,381.6410940164,382.4454854882,372.9105876188,373.5285949707,1804600
2024-12-13T05:00:00.000Z,373.3520153946,375.5984139543,371.6745883168,373.2637329102,2034800
2024-12-16T05:00:00.000Z,374.4997117837,375.0392557623,370.5660970003,371.7040100098,1311100
2024-12-17T05:00:00.000Z,368.8690633843,371.6746144796,366.7109471572,368.6434326172,2138700
2024-12-18T05:00:00.000Z,371.4882291154,373.9013736621,356.1166279777,356.9602661133,2820700
2024-12-19T05:00:00.000Z,361.4236199436,362.5321055928,353.1541637261,353.5072937012,2616700
2024-12-20T05:00:00.000Z,351.6728854443,364.415500082,350.4368707442,359.0693054199,5142000
2024-12-23T05:00:00.000Z,357.9215851326,359.3734114963,354.6157665934,358.4317016602,1804900
2024-12-24T05:00:00.000Z,357.5095806594,360.5701599121,355.7536602785,360.5701599121,886000
2024-12-26T05:00:00.000Z,358.0981664763,360.4917027855,356.9406449648,360.1287536621,1097900
2024-12-27T05:00:00.000Z,356.4697659731,360.4033808401,354.8609830833,357.9117431641,1245800
2024-12-31T05:00:00.000Z,356.5777049059,358.8044654909,354.9100668011,355.8518066406,1168100
2025-01-02T05:00:00.000Z,358.5494117101,361.8258027529,351.2707014742,352.9187011719,1802600
2025-01-03T05:00:00.000Z,354.7040662876,357.5390450144,352.6440515978,356.8621826172,1390800
2025-01-06T05:00:00.000Z,360.0110092872,363.7778783805,355.6751687008,357.2643432617,1590700
2025-01-07T05:00:00.000Z,357.1957049034,359.1183713138,354.2135886797,356.0872192383,1607400
2025-01-08T05:00:00.000Z,355.5476638487,355.9694679215,350.8881208872,354.193939209,1828800
2025-01-10T05:00:00.000Z,351.0156235403,352.9971746733,343.138544664,344.3157043457,2773900
2025-01-13T05:00:00.000Z,346.2383773667,356.283391689,345.1004643017,355.5967102051,2746000
2025-01-14T05:00:00.000Z,358.529786194,364.9158226703,358.22569207,364.4940185547,2331700
2025-01-15T05:00:00.000Z,371.9198585458,372.7046117644,367.2014302803,367.750793457,1984500
2025-01-16T05:00:00.000Z,369.1437325975,374.1564358044,367.5840153782,373.3029785156,1974700
2025-01-17T05:00:00.000Z,377.3739529805,379.483003331,374.7253586282,378.6687927246,2605900
2025-01-21T05:00:00.000Z,384.960097093,396.3612038838,384.763174539,392.2063903809,3144500
2025-01-22T05:00:00.000Z,392.5214044678,394.2936170902,389.0065446438,391.4679260254,1994800
2025-01-23T05:00:00.000Z,391.2316831233,403.2629177512,391.1332218488,400.1221923828,2587400
2025-01-24T05:00:00.000Z,399.462577317,403.0758688959,399.019516584,401.3332214355,1938200
2025-01-27T05:00:00.000Z,391.0544846197,393.3681894462,383.8967973933,388.8786315918,2964400
2025-01-28T05:00:00.000Z,387.9531504692,390.7492765039,380.5099345348,384.2610778809,1788900
2025-01-29T05:00:00.000Z,385.8855583489,393.1909220025,385.0782179851,387.1556396484,2675800
2025-01-30T05:00:00.000Z,367.7304123063,374.9274897258,367.3956680131,369.1875610352,4234600
2025-01-31T05:00:00.000Z,371.6292671594,372.1609340495,365.5447384646,365.7022705078,2858000
2025-02-03T05:00:00.000Z,358.5150141259,362.8568648443,354.1337428426,355.9649963379,3079300
2025-02-04T05:00:00.000Z,363.949780154,363.949780154,353.8581142728,356.3588867188,2709800
2025-02-05T05:00:00.000Z,357.26465396,357.3926506257,351.6822566562,353.3067626953,2134200
2025-02-06T05:00:00.000Z,358.2787044129,361.8624904919,356.9200169444,359.8047790527,3007000
2025-02-07T05:00:00.000Z,363.5460762755,363.8217498234,356.9790966943,358.2590332031,1804800
2025-02-10T05:00:00.000Z,359.686614126,360.5825606623,355.965006231,357.6092224121,1944400
2025-02-11T05:00:00.000Z,356.1521312013,358.7907556215,355.4038914817,356.6345825195,1516900
2025-02-12T05:00:00.000Z,351.4853324655,353.3855120658,346.0112215681,346.6019592285,2833100
2025-02-13T05:00:00.000Z,347.1237786832,352.0662227912,345.0069962287,348.236328125,3547200
2025-02-14T05:00:00.000Z,351.0914836138,353.3362624707,347.3501654883,347.8621520996,2045300
2025-02-18T05:00:00.000Z,349.9789097174,351.4163480832,345.686244809,348.5316162109,3120200
2025-02-19T05:00:00.000Z,346.4345697309,348.3839949835,344.1897906731,347.5471191406,2211000
2025-02-20T05:00:00.000Z,349.5162314798,351.3376601038,342.0828701245,343.7565917969,2174100
2025-02-21T05:00:00.000Z,345.1152716529,346.5625653863,332.3850119025,334.787322998,3225200
2025-02-24T05:00:00.000Z,338.0855524232,340.1137284996,331.0361517703,333.6846008301,2513300
2025-02-25T05:00:00.000Z,335.7324948219,338.912611088,331.1838658285,337.071472168,3323500
2025-02-26T05:00:00.000Z,340.1137161736,343.3922631931,334.8660338588,337.2880249023,2397800
2025-02-27T05:00:00.000Z,338.3415053783,341.5610117088,333.2316748236,334.7478942871,1971000
2025-02-28T05:00:00.000Z,336.6973318995,339.5722088615,333.5073608268,338.6369018555,3210300
2025-03-03T05:00:00.000Z,342.2600617415,342.7720183317,324.9319281195,326.9108886719,2569700
2025-03-04T05:00:00.000Z,322.3327343738,326.7927570621,313.7572584177,321.7026062012,3500200
2025-03-05T05:00:00.000Z,324.0359765696,334.2654934422,323.5732356034,333.2612304688,3189100
2025-03-06T05:00:00.000Z,330.0909869187,336.6284315463,327.3834668788,335.7423400879,2234100
2025-03-07T05:00:00.000Z,334.1571461074,346.6806563691,334.1571461074,344.8887634277,3063800
2025-03-10T04:00:00.000Z,339.6706937447,346.9662331203,336.5693586372,339.8774414062,2809100
2025-03-11T04:00:00.000Z,338.6073406332,339.8183210918,331.1739505365,334.5214233398,3190900
2025-03-12T04:00:00.000Z,337.7311013931,339.5820652212,330.2682053703,332.9067993164,1816700
2025-03-13T04:00:00.000Z,330.8392394029,335.3878680259,326.5466040943,328.1612548828,2490300
2025-03-14T04:00:00.000Z,332.5031392469,336.7071684618,331.745044484,334.3934936523,1936100
2025-03-17T04:00:00.000Z,334.4919712221,339.0406005216,333.7634117375,337.3471984863,1683800
2025-03-18T04:00:00.000Z,336.7170201734,336.7170201734,330.1697507903,331.5087280273,3310000
2025-03-19T04:00:00.000Z,331.725324771,336.7170140322,331.4693615075,333.3892211914,2407200
2025-03-20T04:00:00.000Z,329.4018058341,334.5313170159,328.4566136037,331.055847168,2782900
2025-03-21T04:00:00.000Z,326.0936960164,330.7604963126,324.1245905883,330.5931091309,6766100
2025-03-24T04:00:00.000Z,335.289396144,337.8492390677,334.0488802245,336.3921203613,2277200
2025-03-25T04:00:00.000Z,338.2726158269,339.4836265089,335.5650958029,337.3274536133,1678000
2025-03-26T04:00:00.000Z,338.0560028669,341.9056075547,333.5566198334,335.8407592773,1703200
2025-03-27T04:00:00.000Z,335.8112184073,336.7170201027,331.4299769629,334.0587158203,1481100
2025-03-28T04:00:00.000Z,331.7942766837,333.024967621,322.9825175545,324.5971984863,1965200
2025-03-31T04:00:00.000Z,320.5999068393,326.851822617,317.0259756603,324.7054748535,2837500
2025-04-01T04:00:00.000Z,321.9585873288,327.0782433297,318.8867877189,325.4635925293,1955300
2025-04-02T04:00:00.000Z,321.0921839654,331.154313984,321.0626485856,329.4904174805,1747600
2025-04-03T04:00:00.000Z,314.7319659949,319.6842647351,300.288565071,301.0368347168,4638700
2025-04-04T04:00:00.000Z,280.5975345889,289.7440380767,277.1515999536,283.6299438477,7216800
2025-04-07T04:00:00.000Z,271.7365140657,289.80306005,263.1708945386,275.733795166,7824700
2025-04-08T04:00:00.000Z,285.4119696025,287.2727584053,264.1259170051,269.7083435059,4989000
2025-04-09T04:00:00.000Z,266.5775091464,297.1970752832,264.9726833749,296.3602294922,6457300
2025-04-10T04:00:00.000Z,292.0970621411,293.6624971909,275.477809219,284.6932373047,4116800
2025-04-11T04:00:00.000Z,284.486535235,290.8467377236,279.7508388096,288.9170227051,3197900
2025-04-14T04:00:00.000Z,294.0563229549,297.8074657619,291.1420257774,293.5148010254,2758400
2025-04-15T04:00:00.000Z,292.2447508438,297.0690828817,287.8733647059,288.897277832,3611300
2025-04-16T04:00:00.000Z,288.1884197583,291.1617882178,283.167194851,285.6581420898,3017200
2025-04-17T04:00:00.000Z,287.6567943496,293.101369934,287.3909458737,289.7046508789,2717600
2025-04-21T04:00:00.000Z,286.2322285363,287.8843616967,279.4357881268,281.6913757324,2978300
2025-04-22T04:00:00.000Z,284.421801343,290.0904623741,283.927154732,288.052520752,2231200
2025-04-23T04:00:00.000Z,298.1136113756,302.0905591991,292.0195615976,292.6032409668,2458300
2025-04-24T04:00:00.000Z,294.2454954638,304.910075903,293.8893643717,303.5745239258,2874400
2025-04-25T04:00:00.000Z,301.8333933129,304.6924352644,300.656131865,303.1689453125,2162400
2025-04-28T04:00:00.000Z,303.1689454777,308.0956068159,300.5967768458,303.7723999023,2189600
2025-04-29T04:00:00.000Z,301.7344364071,305.3651558603,299.6668171707,304.1087341309,2651000
2025-04-30T04:00:00.000Z,311.8350828788,312.6660854953,298.9445944444,305.9586791992,5124800
2025-05-01T04:00:00.000Z,308.0461170887,315.4757185766,307.6899558425,310.5984802246,2961000
2025-05-02T04:00:00.000Z,315.0701399933,321.193867915,315.0701399933,320.2144470215,3765200
2025-05-05T04:00:00.000Z,315.960468366,322.9745535604,315.960468366,319.6505126953,1829100
2025-05-06T04:00:00.000Z,318.1072527218,320.6299687845,316.4254722042,317.4543457031,1724200
2025-05-07T04:00:00.000Z,319.2844986757,319.3438538563,314.7040660283,316.860748291,1555500
2025-05-08T04:00:00.000Z,321.4016104363,325.3488810214,319.442798844,320.7783508301,2553400
2025-05-09T04:00:00.000Z,322.1633445824,324.2309638761,319.8484019733,322.1336669922,1646200
2025-05-12T04:00:00.000Z,339.4364176172,347.2419564285,336.0926315452,338.8824157715,4592000
2025-05-13T04:00:00.000Z,345.1940776541,351.5255482541,344.3432999724,348.7654418945,4132500
2025-05-14T04:00:00.000Z,347.9542627125,348.6566525466,345.0457378111,345.9163208008,2052200
2025-05-15T04:00:00.000Z,345.6986635642,347.5783148525,344.7687254189,346.0646972656,1580400
2025-05-16T04:00:00.000Z,347.7761445885,350.4274431538,344.5114588708,349.7942810059,2561700
2025-05-19T04:00:00.000Z,345.9558686433,349.1809441742,344.808284827,348.795135498,2277700
2025-05-20T04:00:00.000Z,347.0836292762,348.6862794602,343.7694909549,345.7480773926,2266000
2025-05-21T04:00:00.000Z,342.9286203504,344.6895610953,337.9920265941,338.8428344727,2093400
2025-05-22T04:00:00.000Z,338.3382927308,343.650792672,336.9433856203,341.494140625,2174100
2025-05-23T04:00:00.000Z,334.0150708807,341.246801821,332.639938829,339.7134094238,1936600
2025-05-27T04:00:00.000Z,346.203164995,349.5568532203,342.9088017552,347.7464599609,2240100
2025-05-28T04:00:00.000Z,348.7159570491,349.0226355317,345.1248178342,345.7480773926,1924400
2025-05-29T04:00:00.000Z,348.4291124111,349.3095677491,345.006135855,348.0234985352,2290300
2025-05-30T04:00:00.000Z,348.0630438692,349.4579510267,343.3045455742,344.3037414551,4867100
2025-06-02T04:00:00.000Z,342.7604215218,342.7604215218,335.8650466033,340.9797058105,2552700
2025-06-03T04:00:00.000Z,342.2954665849,347.0836423211,341.2270431523,345.6590576172,2614300
2025-06-04T04:00:00.000Z,346.5494289356,347.9641412915,345.5898132324,345.5898132324,1616300
2025-06-05T04:00:00.000Z,347.2419215126,347.7464707177,342.1470674488,345.2237548828,1753300
2025-06-06T04:00:00.000Z,349.784448718,353.6130090612,348.4884768755,349.5668029785,1608000
2025-06-09T04:00:00.000Z,351.4167750837,356.6006624304,350.1405782448,354.2362670898,2147100
2025-06-10T04:00:00.000Z,355.5915763127,356.5017092166,352.2774378114,354.7308959961,1894300
2025-06-11T04:00:00.000Z,357.0754959724,360.3896342858,353.9196481966,359.251953125,2551700
2025-06-12T04:00:00.000Z,355.9971748851,358.1241492916,354.0383634208,357.0952758789,1571800
2025-06-13T04:00:00.000Z,353.4052380638,356.5215057587,351.8916206011,353.227142334,1609600
2025-06-16T04:00:00.000Z,357.1348635457,360.7061976896,356.3434410214,358.5594482422,1579800
2025-06-17T04:00:00.000Z,356.857862769,358.5099957824,353.2073682569,353.850402832,1560100
2025-06-18T04:00:00.000Z,353.306296848,360.3302848348,353.1381037145,355.9476928711,2000500
2025-06-20T04:00:00.000Z,359.0639785625,360.3500476446,355.2947738906,356.6599731445,6268300
2025-06-23T04:00:00.000Z,356.0664605698,363.1695792729,353.8999058108,362.3088989258,2927400
2025-06-24T04:00:00.000Z,365.9297213447,370.10451018,363.9808122928,369.026184082,3841800
2025-06-25T04:00:00.000Z,369.0063721606,370.1836335111,365.5537484735,367.6015625,1737700
2025-06-26T04:00:00.000Z,369.9956849609,378.2364846602,369.0459718701,377.7913208008,2575100
2025-06-27T04:00:00.000Z,378.9190953853,383.3412374863,378.6519970725,380.591003418,4455000
2025-06-30T04:00:00.000Z,382.1738766771,384.9834659113,380.6899367878,384.053527832,2791400
2025-07-01T04:00:00.000Z,382.450840762,389.6726989759,380.1358983805,386.7344970703,2393600
2025-07-02T04:00:00.000Z,388.4954621514,394.3718663326,385.2505815759,394.1640930176,2713700
2025-07-03T04:00:00.000Z,394.6488678063,398.1113941043,393.3330909061,393.600189209,1737800
2025-07-07T04:00:00.000Z,393.798065445,393.798065445,383.9348106159,387.3182067871,3012900
2025-07-08T04:00:00.000Z,388.2283497508,391.7106813748,387.3280892544,390.0684509277,2003600
2025-07-09T04:00:00.000Z,395.4402790665,399.4370320475,392.6306900017,397.8739318848,3101000
2025-07-10T04:00:00.000Z,400.3274100457,407.5888188756,399.1204710734,403.9580993652,3382800
2025-07-11T04:00:00.000Z,401.1089445573,402.5236266035,397.3990950153,401.5739135742,2072600
2025-07-14T04:00:00.000Z,399.674468428,402.4346050174,397.9234302643,401.4255065918,2497500
2025-07-15T04:00:00.000Z,401.9102979897,404.3736285983,398.7049672296,400.3076477051,2167000
2025-07-16T04:00:00.000Z,400.6637757948,408.6473797583,399.0017703411,408.4594116211,3242100
2025-07-17T04:00:00.000Z,410.4181884423,415.4042349394,408.4594071044,413.5938415527,2444700
2025-07-18T04:00:00.000Z,414.2171116132,415.4042454439,407.7471250586,409.2805175781,2526600
2025-07-21T04:00:00.000Z,414.2649717825,414.4734759385,406.9372370009,407.1656188965,1833300
2025-07-22T04:00:00.000Z,407.4734041066,415.5557351259,407.4734041066,414.235168457,2185000
2025-07-23T04:00:00.000Z,417.0252544577,425.1274630376,416.4791620784,424.5614929199,3254900
2025-07-24T04:00:00.000Z,424.0153982908,427.1132953164,421.4933799476,426.4778137207,2511400
2025-07-25T04:00:00.000Z,426.6466450733,431.7899495115,425.58421627,430.6778869629,2218400
2025-07-28T04:00:00.000Z,428.195594015,433.3091121499,428.0665099152,429.873626709,2550300
2025-07-29T04:00:00.000Z,431.4721865424,432.1275155752,421.7912431827,427.0040588379,2383700
2025-07-30T04:00:00.000Z,426.9544431013,433.7360549928,423.4097210339,431.0452575684,3172600
2025-07-31T04:00:00.000Z,431.0552004434,438.0254691126,430.6083755294,434.9176330566,4116400
2025-08-01T04:00:00.000Z,423.9458980839,427.8083305994,418.3061351283,425.653717041,4027300
2025-08-04T04:00:00.000Z,427.8083231333,433.7956433989,426.9444899511,430.6282348633,4059500
2025-08-05T04:00:00.000Z,424.621097386,436.6254644751,423.5487599838,431.154510498,4329900
2025-08-06T04:00:00.000Z,430.2707725679,431.6310643998,422.5260298668,424.6905822754,2630800
2025-08-07T04:00:00.000Z,423.8168065511,424.30332632,407.0563580801,414.1656494141,4261100
2025-08-08T04:00:00.000Z,417.5415542846,418.9117849484,412.8152887431,413.5698852539,2965200
2025-08-11T04:00:00.000Z,414.0266473858,415.3273665641,403.9187267133,405.6464233398,3416000
2025-08-12T04:00:00.000Z,408.0890156312,415.2280935356,406.7386626302,409.786895752,2765100
2025-08-13T04:00:00.000Z,412.239395666,412.5968616493,407.6322751695,410.7698974609,4403000
2025-08-14T04:00:00.000Z,406.401034848,416.2706351389,404.1173372006,414.54296875,3676000
2025-08-15T04:00:00.000Z,412.7755599096,413.6096067625,404.2166180726,404.9017333984,3107400
2025-08-18T04:00:00.000Z,404.1173090366,410.2138353196,402.5882080315,409.717376709,3185200
2025-08-19T04:00:00.000Z,416.3401391659,418.8919438289,411.1273234845,413.1429443359,3543600
2025-08-20T04:00:00.000Z,411.8620843273,418.9316809635,409.1315617496,417.6110839844,4060200
2025-08-21T04:00:00.000Z,416.9557356823,417.6011258379,411.2266140286,414.9302062988,2504300
2025-08-22T04:00:00.000Z,418.6238150277,434.7388724341,417.074866587,432.5842590332,3785100
2025-08-25T04:00:00.000Z,431.9190174427,433.8055542172,429.1090748687,429.2381286621,1857900
2025-08-26T04:00:00.000Z,428.3444980301,429.1289111465,424.2139586104,428.2055053711,2792200
2025-08-27T04:00:00.000Z,426.6863505788,431.9785863106,425.911876318,429.6055297852,1970900
2025-08-28T04:00:00.000Z,431.8296813965,432.8921102163,429.5658310869,431.8296813965,1651700
2025-08-29T04:00:00.000Z,422.3969610037,425.0679110203,411.4351452996,416.0720825195,3673800
2025-09-02T04:00:00.000Z,410.9784136479,414.2550287,407.6124093713,413.1032409668,2329500
2025-09-03T04:00:00.000Z,415.1685002299,415.1685002299,408.4563698322,412.1798095703,1496700
2025-09-04T04:00:00.000Z,412.864944404,417.8096835182,411.3557210007,417.2437133789,1634600
2025-09-05T04:00:00.000Z,417.8592796624,421.8905211556,414.9500394771,420.083404541,1843200
2025-09-08T04:00:00.000Z,419.6564993962,420.9075849163,413.8280795738,419.7855834961,1876700
2025-09-09T04:00:00.000Z,420.1628820886,420.5501040731,413.4904767192,415.1287841797,1710700
2025-09-10T04:00:00.000Z,416.8465316348,423.4792116635,416.528790839,419.914642334,2221000
2025-09-11T04:00:00.000Z,420.9175218226,432.7034455123,420.3217653729,428.3246765137,2737900
2025-09-12T04:00:00.000Z,426.0210855412,429.545929763,424.7203663291,428.4636535645,2341800
2025-09-15T04:00:00.000Z,430.7572847662,435.6424510542,427.5600899532,432.852355957,2255800
2025-09-16T04:00:00.000Z,433.0410058354,437.6779124321,431.2041028595,437.5488586426,2366300
2025-09-17T04:00:00.000Z,441.8481936385,449.1362029042,439.8623590604,447.4681091309,4512200
2025-09-18T04:00:00.000Z,447.765972297,464.3973368928,445.6907787986,463.6526489258,4331900
2025-09-19T04:00:00.000Z,466.9293103949,468.7761220726,459.4327664193,463.2356567383,5069300
2025-09-22T04:00:00.000Z,464.000204034,469.8881966424,456.3547283245,468.7562866211,3180000
2025-09-23T04:00:00.000Z,469.9080452687,481.9024727714,464.8739473478,467.9222106934,3856600
2025-09-24T04:00:00.000Z,469.3520088785,473.144929847,465.3108282895,466.4626159668,2776700
2025-09-25T04:00:00.000Z,461.4185863329,464.6852927083,456.3249157761,460.4356079102,2979200
2025-09-26T04:00:00.000Z,462.1831355033,465.1321009674,459.1050859476,462.461151123,2329000
2025-09-29T04:00:00.000Z,464.7647174907,469.1434864297,464.1491136115,468.2697143555,2892100
2025-09-30T04:00:00.000Z,468.2796459115,474.0584317925,466.9094152076,473.7704772949,2315300
2025-10-01T04:00:00.000Z,470.6527255514,480.5024479157,467.8030578305,477.4144897461,2964700
2025-10-02T04:00:00.000Z,483.4117138947,492.4671453442,480.760641608,487.0954589844,2648600
2025-10-03T04:00:00.000Z,489.7564574238,500.9069295931,489.0415557569,494.3238830566,2996500
2025-10-06T04:00:00.000Z,496.875679998,502.0090453813,489.5479456026,491.8713684082,2629200
2025-10-07T04:00:00.000Z,494.4033205583,494.8501454789,480.1251644555,483.2627868652,2135400
2025-10-08T04:00:00.000Z,487.5124547682,505.8715162252,485.8741472857,498.5636291504,3959400
2025-10-09T04:00:00.000Z,500.4898765754,502.9423834437,493.6189060374,496.8160705566,3113900
2025-10-10T04:00:00.000Z,499.5565410811,507.8771928026,487.8202514648,487.8202514648,3889100
2025-10-13T04:00:00.000Z,498.5934370227,502.7934882862,491.9409090149,501.184967041,2618400
2025-10-14T04:00:00.000Z,497.0344809157,527.7950668209,495.4756239337,523.7340087891,5459800
2025-10-15T04:00:00.000Z,530.4164178864,534.6363162849,523.4759358638,530.2674560547,3447100
2025-10-16T04:00:00.000Z,534.2491164666,541.1300265528,530.9129286557,537.1286010742,3463100
2025-10-17T04:00:00.000Z,533.5738987713,538.3697062564,523.2375958328,523.346862793,2814700
2025-10-20T04:00:00.000Z,527.3199629182,531.940350341,524.7110503598,528.9331054688,2170800
2025-10-21T04:00:00.000Z,522.8489314563,531.1237772546,519.831719355,522.4307250977,2259100
2025-10-22T04:00:00.000Z,523.5061851867,523.5758963856,508.0518444708,511.7361755371,4149000
2025-10-23T04:00:00.000Z,516.137474952,520.6781836666,510.839971322,518.2982788086,2619400
2025-10-24T04:00:00.000Z,520.6483148322,524.9998250975,518.8161319715,520.5188598633,2392000
2025-10-27T04:00:00.000Z,524.8205802876,527.230326734,519.224357601,524.8405151367,2493800
2025-10-28T04:00:00.000Z,523.7352132024,528.0468535605,519.4633209878,522.2514648438,2775400
2025-10-29T04:00:00.000Z,555.8188904712,593.6880526872,555.6396591647,583.0133666992,6948500
2025-10-30T04:00:00.000Z,575.4455287513,591.2583609074,573.3345012543,580.6832885742,2574800
2025-10-31T04:00:00.000Z,581.5595583407,584.5667422886,568.9331417766,574.8181762695,2974800
2025-11-03T05:00:00.000Z,573.4938306037,573.782582035,562.9984362845,568.1764526367,2439400
2025-11-04T05:00:00.000Z,562.6100286338,564.1036835771,542.893795538,545.2637329102,3440700
2025-11-05T05:00:00.000Z,549.6053291061,571.5819816139,548.0319953945,566.7425537109,2701300
2025-11-06T05:00:00.000Z,570.775389509,581.5197261807,561.843300796,567.3698730469,2245800
2025-11-07T05:00:00.000Z,561.1661872814,563.1876296118,548.0021366805,560.7180786133,2320100
2025-11-10T05:00:00.000Z,567.5889225116,571.7512339834,559.1348446006,568.4353027344,1829900
2025-11-11T05:00:00.000Z,566.3142853462,568.0370087749,557.8901100417,565.5276489258,1517400
2025-11-12T05:00:00.000Z,568.0867705861,578.8112326627,568.0867705861,570.5961303711,2645100
2025-11-13T05:00:00.000Z,570.3471648027,574.3800208818,542.3261842609,551.2084350586,3458700
2025-11-14T05:00:00.000Z,546.6379013909,555.9483262448,538.7115505967,551.6864624023,2764500
2025-11-17T05:00:00.000Z,550.2525373792,559.2144668309,545.2537528364,549.7147827148,1941100
2025-11-18T05:00:00.000Z,541.051614095,549.2368752337,535.7740451635,544.5667114258,1918600
2025-11-19T05:00:00.000Z,547.6734946239,558.5373184754,545.3234920334,550.770324707,1880900
2025-11-20T05:00:00.000Z,563.5559910704,566.4636221816,538.7115197332,543.8198242188,3195000
2025-11-21T05:00:00.000Z,543.5111993666,552.6423934284,534.80817912,548.1016845703,2921600
2025-11-24T05:00:00.000Z,549.7944766419,563.3468913038,548.3406306106,557.2328491211,4653500
2025-11-25T05:00:00.000Z,562.2018426512,564.7410441386,545.2338819999,564.2132568359,3105100
2025-11-26T05:00:00.000Z,564.2132230737,572.4482603926,563.625752811,571.3031005859,1995100
2025-11-28T05:00:00.000Z,571.3628254936,574.9177315566,569.9787514348,573.3245239258,1019500
2025-12-01T05:00:00.000Z,567.9971396844,573.1552817747,564.6015907219,565.6571044922,1764500
2025-12-02T05:00:00.000Z,568.9132722736,583.0830594556,566.6528549998,580.0061035156,2749500
2025-12-03T05:00:00.000Z,578.9406910055,590.7305735402,559.8318626476,588.9879760742,2545700
2025-12-04T05:00:00.000Z,587.6835724911,600.1705072865,584.5170309624,596.6156616211,2313600
2025-12-05T05:00:00.000Z,601.4450974501,604.4324075368,595.211567345,600.6185913086,2177300
2025-12-08T05:00:00.000Z,602.1022631212,602.2914618528,589.4261304348,593.9768066406,1822500
2025-12-09T05:00:00.000Z,590.5413689648,597.4520149925,589.7248302956,591.8458251953,1755300
2025-12-10T05:00:00.000Z,597.5914199385,614.6190616298,596.1575087915,612.7470092773,2797900
2025-12-11T05:00:00.000Z,607.8678369219,624.158620293,601.7040179042,622.963684082,2779500
2025-12-12T05:00:00.000Z,623.3520430632,624.8456981185,593.2599017228,595.3609619141,4581100
2025-12-15T05:00:00.000Z,599.9813220624,601.5944645863,585.4032348025,587.2653198242,3968600
2025-12-16T05:00:00.000Z,588.2013751941,596.1276658208,583.8000886318,586.4388427734,2319400
2025-12-17T05:00:00.000Z,585.104546916,588.5000960243,555.1019906271,559.5132446289,3753300
2025-12-18T05:00:00.000Z,566.0952121657,572.2291282681,559.5330615045,563.4365234375,2193000
2025-12-19T05:00:00.000Z,570.2675560781,579.269295509,567.9175533313,573.7825927734,5355600
2025-12-22T05:00:00.000Z,582.0176298653,583.3121187817,573.2548655345,579.9464111328,2387700
2025-12-23T05:00:00.000Z,578.0444984364,586.2197922061,578.0444984364,579.9563598633,1731000
2025-12-24T05:00:00.000Z,580.1953269726,584.646450519,578.5423754988,581.2907104492,947000
2025-12-26T05:00:00.000Z,580.7430691358,581.3604417008,576.2023601671,580.5339355469,954400
2025-12-29T05:00:00.000Z,577.6362565411,581.4997882965,572.209297787,576.1624755859,2585700
2025-12-30T05:00:00.000Z,577.5565442692,578.5224119575,573.0755794488,574.9476318359,1216700
2025-12-31T05:00:00.000Z,574.858031323,576.4911087733,569.6302386186,570.4467773438,1163900
2026-01-02T05:00:00.000Z,575.1468443868,597.0736593484,572.8764595217,595.8787231445,2761600
2026-01-05T05:00:00.000Z,605.3086959399,619.1200215134,603.6556836406,613.4938964844,3444800
2026-01-06T05:00:00.000Z,613.3943097789,624.1187719488,606.3243672075,620.4543457031,2706800
2026-01-07T05:00:00.000Z,620.3647364106,622.3562764954,593.2599050297,593.9967651367,3312400
2026-01-08T05:00:00.000Z,593.9967420315,607.0014958482,591.6566460567,605.5576171875,2075400
2026-01-09T05:00:00.000Z,607.3898419587,616.5310647081,605.6273702587,615.0075073242,1822000
2026-01-12T05:00:00.000Z,612.0500418818,628.3109218788,610.3671881862,627.1060791016,1856800
2026-01-13T05:00:00.000Z,630.5215932068,641.8634284,630.3224270461,633.8375244141,1959100
2026-01-14T05:00:00.000Z,631.4177408326,637.0239308671,620.434429195,636.0480957031,2105700
2026-01-15T05:00:00.000Z,642.2118678701,649.6004638112,641.3156506128,644.4423828125,2052800
2026-01-16T05:00:00.000Z,649.2120929802,652.9064213053,638.2984934297,644.1536254883,2554900
2026-01-20T05:00:00.000Z,640.7800454047,642.8760305314,623.9321165959,627.8047485352,2659000
2026-01-21T05:00:00.000Z,632.4659153407,645.970235562,626.1280056564,644.1536865234,2490700
2026-01-22T05:00:00.000Z,647.8765384804,654.5339079252,639.6821782129,647.1778564453,1565700
2026-01-23T05:00:00.000Z,642.8960686126,645.2715511221,622.3851289394,625.4293212891,2267800
2026-01-26T05:00:00.000Z,626.806675514,637.7857733336,618.0832929936,634.7116088867,2532900
2026-01-27T05:00:00.000Z,638.783878449,642.9060355381,632.0267232406,637.6959228516,1827500
2026-01-28T05:00:00.000Z,636.7577097227,646.0500774826,627.7848021331,642.0576782227,2720700
2026-01-29T05:00:00.000Z,653.9250189697,678.6978629395,641.5086552097,663.9758911133,4441900
2026-01-30T05:00:00.000Z,654.4041891286,676.5420364273,649.0743091406,656.1109008789,3300100
2026-02-02T05:00:00.000Z,658.5662182249,690.0662455182,656.1807450791,689.5971069336,4450000
2026-02-03T05:00:00.000Z,693.0405617977,708.6808295095,690.086225381,701.5543823242,3524700
2026-02-04T05:00:00.000Z,705.6565802474,721.7858467058,673.7173856676,690.5054321289,7146700
2026-02-05T05:00:00.000Z,680.2448999137,685.1954967372,663.8062258318,677.0210571289,2792800
2026-02-06T05:00:00.000Z,691.2539680725,726.0178002725,689.2078757188,724.8200683594,3359700
2026-02-09T05:00:00.000Z,723.123324786,742.0872215022,720.2388016648,740.7098388672,2496800
2026-02-10T05:00:00.000Z,741.338633387,750.5710566234,736.2682692982,740.9593505859,4008700
2026-02-11T05:00:00.000Z,757.23834773,774.0662957102,754.6632331928,773.52734375,3926300
2026-02-12T05:00:00.000Z,775.2141203737,788.3091846106,754.5734242387,756.8490600586,4893400
2026-02-13T05:00:00.000Z,763.5463514387,782.510247749,745.9997397953,772.7288818359,3232800
2026-02-17T05:00:00.000Z,763.5463579388,772.9484411322,748.5748607243,763.3068237305,3450300
2026-02-18T05:00:00.000Z,763.6561226404,771.2317269198,748.9541320944,750.5410766602,2563700
2026-02-19T05:00:00.000Z,750.5710790333,760.5520774247,742.7360196637,759.0848999023,2908000
2026-02-20T05:00:00.000Z,753.56534242,770.5030666369,750.6808194026,758.2963256836,2095100
2026-02-23T05:00:00.000Z,757.5078606846,766.5206702636,751.349601933,755.0325317383,2289600
2026-02-24T05:00:00.000Z,753.5653615568,772.4693745206,750.2616536005,766.7702026367,2615300
2026-02-25T05:00:00.000Z,771.0320816141,776.1223661347,755.3020193023,765.1532592773,2606500
2026-02-26T05:00:00.000Z,769.1456645551,769.1456645551,727.0159114073,751.4992675781,3350900
2026-02-27T05:00:00.000Z,743.8039303753,750.0620358398,729.6508820143,741.4185180664,3441900
2026-03-02T05:00:00.000Z,732.0962057772,754.2939353766,723.6822318514,750.8904418945,2473100
2026-03-03T05:00:00.000Z,726.8861941226,730.2796970464,705.2573266044,720.8077392578,3332700
2026-03-04T05:00:00.000Z,735.6894287254,744.5924621302,729.451304803,730.5791015625,2823700
2026-03-05T05:00:00.000Z,718.6318748074,726.6865477145,692.2620944586,704.7383422852,3713200
2026-03-06T05:00:00.000Z,681.173164302,695.0068742964,673.7872620837,679.6062011719,3564400
2026-03-09T04:00:00.000Z,663.9559240038,707.2834707164,661.5904323361,703.4807128906,3584400
2026-03-10T04:00:00.000Z,711.4256234981,729.4013501993,708.9303739321,715.3181762695,3089100
2026-03-11T04:00:00.000Z,712.1442265716,719.0510603172,702.2929861526,706.2454833984,1947500
2026-03-12T04:00:00.000Z,691.6831913123,702.4327461173,678.4683591359,699.358581543,3231800
2026-03-13T04:00:00.000Z,703.0016340433,705.5866783889,685.8742075042,692.6712646484,2042200
2026-03-16T04:00:00.000Z,704.0296612307,708.6508682451,693.2801067352,698.4503173828,2145500
2026-03-17T04:00:00.000Z,706.0158770978,707.6527754303,693.5895221014,700.6660766602,1824900
2026-03-18T04:00:00.000Z,699.977392113,710.4874126057,691.3837671633,692.3020019531,1796200
2026-03-19T04:00:00.000Z,675.2045033517,692.1721994339,667.7287458249,687.3414306641,2240200
2026-03-20T04:00:00.000Z,685.3252553635,692.7411294029,669.1660175227,679.5861816406,5131100
2026-03-23T04:00:00.000Z,697.6717565538,710.647053886,693.2401910282,700.3666381836,2981000
2026-03-24T04:00:00.000Z,692.4816144994,719.779680007,691.7131190945,715.2682495117,2098300
2026-03-25T04:00:00.000Z,725.8680661572,727.9640513309,715.637543396,717.6736450195,1591500
2026-03-26T04:00:00.000Z,708.720752494,716.6057045872,695.1066562134,701.8538208008,2428700
2026-03-27T04:00:00.000Z,693.1503268744,707.0139474772,691.014439638,694.0786132812,2059800
2026-03-30T04:00:00.000Z,700.8756834993,701.6541696665,663.3071923525,666.1617431641,2610000
2026-03-31T04:00:00.000Z,678.7078873502,707.5430061849,670.7230886755,707.1138305664,3002200
2026-04-01T04:00:00.000Z,720.6280533561,738.6038404452,718.3723380681,728.9322509766,2435800
2026-04-02T04:00:00.000Z,704.2292904608,734.0125546853,704.1095233571,715.8571166992,1764300
2026-04-06T04:00:00.000Z,715.3780576309,721.1969966583,702.9317820751,719.8695068359,1246500
2026-04-07T04:00:00.000Z,718.2226559053,724.3509423277,707.5828780112,723.0634155273,1549100
2026-04-08T04:00:00.000Z,763.1670947843,772.9285404607,751.6689651334,770.1138916016,3014000
2026-04-09T04:00:00.000Z,771.531130628,794.0083571878,771.5211398832,785.5744018555,2801900
2026-04-10T04:00:00.000Z,789.1675835189,796.3339330606,784.7460085375,789.1575927734,1872000
2026-04-13T04:00:00.000Z,786.921817044,797.0225820153,783.8377228168,790.2255249023,1820100
2026-04-14T04:00:00.000Z,794.4874583801,796.4836580242,780.5539629328,792.7407836914,1866300
2026-04-15T04:00:00.000Z,785.6043037103,788.4688451734,755.2122144835,768.7064819336,2764700
2026-04-16T04:00:00.000Z,766.5406541503,771.3415118001,753.0164139074,771.1917724609,2005100
2026-04-17T04:00:00.000Z,779.0268691368,800.2464802094,774.5254293813,793.1400146484,2818800
2026-04-20T04:00:00.000Z,790.9000244141,799.6300048828,786.8300170898,798.4000244141,1454100
2026-04-21T04:00:00.000Z,804.8800048828,820.200012207,797.7899780273,800.450012207,2293500
2026-04-22T04:00:00.000Z,812.5,817.8499755859,805.4799804688,808.8699951172,1628400
2026-04-23T04:00:00.000Z,817.1099853516,845.2700195312,815.4600219727,835.2399902344,2601800
2026-04-24T04:00:00.000Z,839.2600097656,839.5,826.6500244141,830.7899780273,2253900
2026-04-27T04:00:00.000Z,829.7600097656,836.0200195312,816.7199707031,828.7899780273,1986700
2026-04-28T04:00:00.000Z,814.3499755859,825.0,805.0,817.8699951172,1875600
2026-04-29T04:00:00.000Z,822.9299926758,823.2100219727,809.0999755859,810.049987793,2566300
2026-04-30T04:00:00.000Z,856.6300048828,896.9799804688,850.799987793,890.1099853516,5203300
2026-05-01T04:00:00.000Z,896.8400268555,905.0,879.5800170898,889.6699829102,2376500
2026-05-04T04:00:00.000Z,887.2800292969,892.8400268555,869.5900268555,874.7800292969,2669900
2026-05-05T04:00:00.000Z,888.0999755859,908.9000244141,888.0999755859,904.5900268555,2581100
2026-05-06T04:00:00.000Z,913.5,930.5399780273,905.3499755859,926.9299926758,3010600
2026-05-07T04:00:00.000Z,929.9600219727,931.3499755859,886.8800048828,895.6900024414,2957300
2026-05-08T04:00:00.000Z,911.0,914.7700195312,893.8499755859,897.450012207,2030300
2026-05-11T04:00:00.000Z,903.6099853516,929.0,895.0599975586,926.7899780273,2811700
