Date,Open,High,Low,Close,Volume
2021-01-04T05:00:00.000Z,125.9502207683,126.5696502617,124.7113617813,125.7078323364,913400
2021-01-05T05:00:00.000Z,125.2949021995,126.4260255084,124.9268333735,126.2734146118,852600
2021-01-06T05:00:00.000Z,126.2105449963,129.630858538,126.0489618517,128.4099578857,1184700
2021-01-07T05:00:00.000Z,129.1191202991,129.4423001748,128.2303722164,129.316619873,3398800
2021-01-08T05:00:00.000Z,129.5590354226,132.6561685583,129.5410771763,132.2701416016,1730500
2021-01-11T05:00:00.000Z,131.8662011436,133.679600904,130.6812168701,130.7799530029,941200
2021-01-12T05:00:00.000Z,130.7978976986,130.8966475194,129.0832479468,130.1874542236,990200
2021-01-13T05:00:00.000Z,130.9235793326,131.1569954738,129.3615541323,129.630859375,685500
2021-01-14T05:00:00.000Z,129.5860135581,129.9002076449,127.2698920609,127.4853363037,874300
2021-01-15T05:00:00.000Z,127.2608806711,128.0957680397,126.309298927,127.5840606689,1484500
2021-01-18T05:00:00.000Z,127.7007741011,128.2394120195,126.6684007388,127.0813446045,229000
2021-01-19T05:00:00.000Z,127.0364616392,128.4458898278,125.3667004537,125.5372695923,941100
2021-01-20T05:00:00.000Z,125.2320508377,125.6090919276,123.7956920872,124.9717178345,830700
2021-01-21T05:00:00.000Z,125.8514618906,125.8514618906,122.6914813225,122.8081893921,899100
2021-01-22T05:00:00.000Z,122.9428511796,123.6161417268,121.6860476374,122.0900192261,819500
2021-01-25T05:00:00.000Z,121.9014572779,124.0829251552,121.2012364032,123.5173568726,996400
2021-01-26T05:00:00.000Z,124.7831632307,124.7831632307,121.946362851,122.3323898315,1234600
2021-01-27T05:00:00.000Z,121.1653468416,121.1653468416,116.2189114154,116.5420913696,1792600
2021-01-28T05:00:00.000Z,117.5385521692,121.0396707455,115.9675411113,119.49559021,1145800
2021-01-29T05:00:00.000Z,118.9300268011,118.9838878479,115.9944901648,116.2727813721,1607200
2021-02-01T05:00:00.000Z,117.0178880044,118.5978713604,116.2907227976,118.1669692993,966200
2021-02-02T05:00:00.000Z,118.5619663897,121.6142109549,118.5619663897,121.2820587158,1960400
2021-02-03T05:00:00.000Z,121.6411325967,122.4670338458,120.0342188648,120.0790939331,1050900
2021-02-04T05:00:00.000Z,120.4471589411,120.8062553633,119.6302299911,120.1419372559,1638100
2021-02-05T05:00:00.000Z,120.5010461094,121.7847938375,120.2227548832,121.5693359375,688600
2021-02-08T05:00:00.000Z,121.9374188893,121.9823076692,120.4471990617,121.5334472656,1689400
2021-02-09T05:00:00.000Z,121.9194460882,122.8979583637,121.2281973136,122.3234176636,2855000
2021-02-10T05:00:00.000Z,122.790226431,122.8530734501,120.7972855405,121.5154647827,908700
2021-02-11T05:00:00.000Z,121.6680875788,124.6395409579,121.5513795023,123.2660293579,1314800
2021-02-12T05:00:00.000Z,123.418625515,126.1656483874,123.2211258851,126.1207733154,1882200
2021-02-16T05:00:00.000Z,126.1925951884,126.9376912549,124.7382784571,125.4384994507,1471700
2021-02-17T05:00:00.000Z,123.9662259498,125.2589457178,123.6340737338,124.1367950439,627900
2021-02-18T05:00:00.000Z,123.1762528789,123.4186275848,121.8655747403,122.8710174561,1325800
2021-02-19T05:00:00.000Z,123.095470306,124.0470521515,122.6107071068,123.7508163452,1457000
2021-02-22T05:00:00.000Z,123.3288772708,123.3917105984,121.5334358254,121.605255127,1826700
2021-02-23T05:00:00.000Z,121.4795692026,123.5712463362,121.3718334061,122.8530807495,1144300
2021-02-24T05:00:00.000Z,122.718407604,124.8908898888,121.6411455857,124.2265853882,1319000
2021-02-25T05:00:00.000Z,124.1547996258,126.3721712807,124.1547996258,125.3577423096,1123600
2021-02-26T05:00:00.000Z,125.375667799,125.6988477771,123.5263654733,124.7023773193,1884900
2021-03-01T05:00:00.000Z,125.86043897,127.4134919402,125.456467396,127.1172561646,1195500
2021-03-02T05:00:00.000Z,126.9018122704,128.1855464336,126.461924149,126.9467010498,2469000
2021-03-03T05:00:00.000Z,126.8568841132,127.2518833325,125.689844701,126.4798431396,1868800
2021-03-04T05:00:00.000Z,125.9322943565,127.0185427382,123.5353810526,123.7687835693,1894000
2021-03-05T05:00:00.000Z,124.8909124245,127.8354355317,124.1547884967,127.4045333862,2259900
2021-03-08T05:00:00.000Z,127.8803134967,130.4657535471,127.7097443687,128.8498535156,1318100
2021-03-09T05:00:00.000Z,128.9264680466,130.6034142652,128.601897367,128.7100830078,3246000
2021-03-10T05:00:00.000Z,129.4494148952,131.4058502602,129.0527157876,130.2428131104,671600
2021-03-11T05:00:00.000Z,131.0091425419,131.6672948778,130.0534658948,130.2337799072,1256900
2021-03-12T05:00:00.000Z,130.233795304,130.3600165033,128.6560234342,130.0895385742,1222200
2021-03-15T04:00:00.000Z,129.7379193733,131.2886448018,128.6560214309,131.0452270508,1166100
2021-03-16T04:00:00.000Z,131.2976589778,132.4156141345,130.3239467801,131.9197540283,1260400
2021-03-17T04:00:00.000Z,132.4065631288,133.2540538825,131.8385610796,132.1631317139,1105900
2021-03-18T04:00:00.000Z,132.0279347694,134.236812343,131.6312356936,133.3262176514,1015900
2021-03-19T04:00:00.000Z,133.3893483112,133.8040829989,131.1173528088,132.1271362305,5779300
2021-03-22T04:00:00.000Z,131.7213870358,132.0188975573,127.6642602945,127.6732711792,1385900
2021-03-23T04:00:00.000Z,128.1330771662,129.8911764709,127.7994955835,129.0256500244,1650400
2021-03-24T04:00:00.000Z,129.4674599281,132.2803974326,129.3863069177,131.8476409912,987500
2021-03-25T04:00:00.000Z,131.8115684377,132.7582343201,130.5944383807,132.2263031006,850800
2021-03-26T04:00:00.000Z,132.5237802981,132.6950696288,131.2435332178,132.4606628418,858000
2021-03-29T04:00:00.000Z,132.4787358181,133.4344125174,131.541080891,132.6139678955,1016100
2021-03-30T04:00:00.000Z,132.6951091033,132.9836225488,131.441908058,132.109085083,706900
2021-03-31T04:00:00.000Z,132.4336500387,132.9836167328,131.2435665206,131.4869842529,1275800
2021-04-01T04:00:00.000Z,131.7844797903,133.4073331034,131.6762941552,133.2450408936,798100
2021-04-05T04:00:00.000Z,133.434387207,134.4982493665,133.2811196293,133.434387207,540200
2021-04-06T04:00:00.000Z,133.8761883288,134.299933831,131.9918676623,132.1721954346,969200
2021-04-07T04:00:00.000Z,132.4967713474,133.0287025281,132.0099083546,132.6139678955,552600
2021-04-08T04:00:00.000Z,132.3795110473,132.7311280729,131.342681736,131.6311950684,740300
2021-04-09T04:00:00.000Z,131.6492728252,133.0827877927,131.3066665724,132.7311706543,1000900
2021-04-12T04:00:00.000Z,132.1541276272,133.2811071433,131.8926606755,132.6049194336,1292500
2021-04-13T04:00:00.000Z,132.316459871,132.6590661854,131.3517721666,132.2894134521,737000
2021-04-14T04:00:00.000Z,132.586916056,132.9655796143,131.6582858101,132.0099029541,517700
2021-04-15T04:00:00.000Z,132.2172616944,133.1909738708,132.1992399231,132.6770782471,660700
2021-04-16T04:00:00.000Z,132.8212921207,134.0384216309,132.4426149322,134.0384216309,880000
2021-04-19T04:00:00.000Z,134.0564973709,134.7326852206,133.3803095211,133.5786590576,649700
2021-04-20T04:00:00.000Z,125.211929524,126.2126878283,122.3268511192,125.1848831177,3624300
2021-04-21T04:00:00.000Z,126.2217601194,127.8536249598,124.499731376,124.9505233765,1798500
2021-04-22T04:00:00.000Z,124.8693499364,125.8520729266,122.939961253,123.7243347168,1751200
2021-04-23T04:00:00.000Z,123.598087875,124.9144059357,122.1465377821,122.4801330566,1399900
2021-04-26T04:00:00.000Z,122.7326181168,123.0571888642,121.0376360183,123.0030822754,992100
2021-04-27T04:00:00.000Z,123.3005762832,123.516961314,120.6679536491,120.7130355835,1349600
2021-04-28T04:00:00.000Z,121.1458066122,121.8760872638,120.3433976082,120.9835281372,1566300
2021-04-29T04:00:00.000Z,122.1645895717,122.1645895717,119.7032699585,119.7032699585,975200
2021-04-30T04:00:00.000Z,119.5950868847,119.7573791242,118.7836669586,119.3065872192,1277800
2021-05-03T04:00:00.000Z,120.3524145579,122.0564072218,120.0909475777,120.8663101196,766300
2021-05-04T04:00:00.000Z,121.821987647,121.821987647,120.1991479592,120.5417404175,839700
2021-05-05T04:00:00.000Z,121.1368081424,122.2547770829,120.6228987381,121.6687393188,926800
2021-05-06T04:00:00.000Z,121.8490338464,121.8851048991,120.2171695199,120.8302536011,892200
2021-05-07T04:00:00.000Z,121.2359710952,123.0481495269,120.1540733186,122.9940567017,1288700
2021-05-10T04:00:00.000Z,123.0661619363,124.8332718531,122.7506021721,123.354675293,2737700
2021-05-11T04:00:00.000Z,122.8407908999,123.1383152002,121.7588931076,122.633430481,1341000
2021-05-12T04:00:00.000Z,122.2367121109,122.444072497,121.1187434397,121.2449645996,1205900
2021-05-13T04:00:00.000Z,121.4343401586,122.7055767851,121.3532009076,121.7859573364,846400
2021-05-14T04:00:00.000Z,120.550808332,120.6049011734,116.1510738039,117.2690429688,2552000
2021-05-17T04:00:00.000Z,117.2690086095,119.7663857695,115.2314204666,118.0894393921,2196600
2021-05-18T04:00:00.000Z,118.170585066,119.1893653172,116.8001739563,117.9181289673,1584500
2021-05-19T04:00:00.000Z,117.2870373048,117.4944114911,115.8535223149,116.2953033447,2342200
2021-05-20T04:00:00.000Z,116.8182179866,116.8182179866,114.8798045886,115.646156311,2033300
2021-05-21T04:00:00.000Z,115.880554944,116.1870901085,113.274978532,113.4192352295,2704500
2021-05-25T04:00:00.000Z,112.697983361,115.2404495905,112.697983361,114.7175292969,2364600
2021-05-26T04:00:00.000Z,115.5740440002,117.8820966162,115.0060417328,117.7198181152,2169300
2021-05-27T04:00:00.000Z,119.0541092301,120.9384155273,118.3869324578,120.9384155273,3228700
2021-05-28T04:00:00.000Z,121.2990686674,123.3637031077,121.2720222561,122.6153869629,2416100
2021-05-31T04:00:00.000Z,123.1653502823,123.4268035032,121.2630081177,121.2630081177,823500
2021-06-01T04:00:00.000Z,122.3088911692,122.8588579704,121.1187936622,122.07447052,1708700
2021-06-02T04:00:00.000Z,122.6063804041,122.6063804041,121.0917125345,121.1458053589,1411600
2021-06-03T04:00:00.000Z,121.1458348599,122.5703391976,121.082731135,121.7769546509,1377200
2021-06-04T04:00:00.000Z,122.5432367526,122.687493425,121.830991788,122.4801330566,1091000
2021-06-07T04:00:00.000Z,123.0120996507,123.0211105364,120.77617561,120.8843612671,1567600
2021-06-08T04:00:00.000Z,121.2783502705,121.459508983,120.1099539693,120.8798370361,1024700
2021-06-09T04:00:00.000Z,120.7982969914,121.8217855603,120.1914540675,120.5899810791,998100
2021-06-10T04:00:00.000Z,121.0881577612,121.7040531827,120.4813147475,120.7439727783,940800
2021-06-11T04:00:00.000Z,121.1877794412,122.6369523349,121.0790814543,121.559135437,1085500
2021-06-14T04:00:00.000Z,121.8942375025,122.1297244376,120.8164069314,122.0663299561,997500
2021-06-15T04:00:00.000Z,122.2746685555,123.2619199699,121.4413909912,121.4413909912,1499700
2021-06-16T04:00:00.000Z,121.5047776552,121.7493308462,119.7385908761,119.8291702271,2272400
2021-06-17T04:00:00.000Z,120.3725987178,120.6443229362,118.5611223559,118.6335830688,1285000
2021-06-18T04:00:00.000Z,117.4289584387,118.6426581958,116.8764575541,117.6644592285,9157900
2021-06-21T04:00:00.000Z,117.8365512029,118.678881137,116.9851550413,117.5648269653,1123000
2021-06-22T04:00:00.000Z,117.5738694885,118.5792394088,117.4198956583,117.691619873,965100
2021-06-23T04:00:00.000Z,117.9180494297,117.9180494297,116.9941926668,117.5014038086,1418000
2021-06-24T04:00:00.000Z,117.9814383225,118.3980839239,117.4561085732,118.2441101074,759900
2021-06-25T04:00:00.000Z,118.3528009279,119.086446609,117.8908794525,118.6879196167,963400
2021-06-28T04:00:00.000Z,119.5030965719,119.5030965719,117.7097388618,117.9723968506,630900
2021-06-29T04:00:00.000Z,118.5973627662,119.5393244183,117.945230153,119.3944168091,681200
2021-06-30T04:00:00.000Z,119.4306409647,119.4306409647,118.0267439746,118.4614944458,1583700
2021-07-02T04:00:00.000Z,118.7422808357,120.0555984316,118.5973594101,119.1589126587,1036500
2021-07-05T04:00:00.000Z,118.9324727839,119.2675914727,118.3528009279,118.6879196167,352600
2021-07-06T04:00:00.000Z,118.8781390617,119.0411653043,116.7677673917,117.6191635132,1496300
2021-07-07T04:00:00.000Z,117.3021340362,120.245782803,117.2115685203,119.8382034302,1360500
2021-07-08T04:00:00.000Z,119.5121668734,122.7003695845,118.9143762737,119.6208648682,2164100
2021-07-09T04:00:00.000Z,120.0103101502,121.3507988014,119.9650204766,121.133430481,992600
2021-07-12T04:00:00.000Z,121.1696464881,121.178698894,118.8419066698,119.2766571045,806100
2021-07-13T04:00:00.000Z,119.1498507541,119.783864665,118.9687058968,119.5664825439,683700
2021-07-14T04:00:00.000Z,119.5483804212,119.648012168,118.8600105992,118.8962478638,760900
2021-07-15T04:00:00.000Z,118.6607580991,120.3997738065,117.827480603,119.7748260498,1440500
2021-07-16T04:00:00.000Z,119.8200893221,120.1189845589,118.4705483739,119.2404174805,715900
2021-07-19T04:00:00.000Z,118.6426706014,118.8056968694,116.631930373,117.0666809082,1322400
2021-07-20T04:00:00.000Z,117.3021271845,118.6516818234,116.3873367504,117.5557327271,904900
2021-07-21T04:00:00.000Z,117.2387802513,119.7748505255,117.0032794231,118.7604141235,873300
2021-07-22T04:00:00.000Z,118.8147098859,120.4993831992,118.4343015661,119.349105835,861200
2021-07-23T04:00:00.000Z,120.0103457775,121.0428870676,119.5031344519,120.4541625977,1103500
2021-07-26T04:00:00.000Z,120.1008876932,120.1008876932,118.814727321,119.2223205566,680000
2021-07-27T04:00:00.000Z,119.1136191798,121.912360568,118.5611183552,121.3055038452,1070000
2021-07-28T04:00:00.000Z,121.3870428739,121.577240165,120.20052799,120.7530288696,609600
2021-07-29T04:00:00.000Z,121.1696411703,122.6278800552,121.0428383899,121.1243515015,736700
2021-07-30T04:00:00.000Z,120.84358128,122.8180976167,120.5446860346,122.7818603516,1010900
2021-08-03T04:00:00.000Z,122.7546896138,123.1803876473,122.2021887928,122.4195709229,983400
2021-08-04T04:00:00.000Z,122.0482078791,122.8452618225,121.8670630249,122.5191955566,542100
2021-08-05T04:00:00.000Z,122.6007252936,123.1532261574,121.9304740394,122.9992523193,823100
2021-08-06T04:00:00.000Z,123.2256930083,124.8650770473,122.5192182713,122.7003631592,799800
2021-08-09T04:00:00.000Z,122.3743089058,123.4883632055,122.0210715024,123.0898361206,495800
2021-08-10T04:00:00.000Z,125.4266587697,126.0244494735,121.6135075713,121.7584152222,855800
2021-08-11T04:00:00.000Z,122.0482329396,123.6242225184,121.3779816386,122.3924179077,987300
2021-08-12T04:00:00.000Z,122.6007154872,123.8596909521,122.4557940675,122.7818603516,964700
2021-08-13T04:00:00.000Z,122.8090362705,123.0626418548,121.414205557,121.8217849731,481700
2021-08-16T04:00:00.000Z,121.9123692541,121.9123692541,120.7530254446,121.504776001,865600
2021-08-17T04:00:00.000Z,122.0301089434,122.0301089434,119.9016323763,121.1153182983,735500
2021-08-18T04:00:00.000Z,121.0066201368,122.9086619244,120.499395173,121.7764892578,830500
2021-08-19T04:00:00.000Z,121.4504287258,123.9049852643,121.3689156069,123.6785507202,1064800
2021-08-20T04:00:00.000Z,123.9050184829,123.9593605768,122.6550950421,123.0264511108,509100
2021-08-23T04:00:00.000Z,123.1079426808,123.9955623061,122.7909425819,123.5064697266,1085000
2021-08-24T04:00:00.000Z,123.4158935547,123.4793018684,122.7275374345,123.4158935547,562300
2021-08-25T04:00:00.000Z,123.6332566988,124.1223492157,123.1803876266,123.7510070801,1163300
2021-08-26T04:00:00.000Z,123.760085643,125.4357070923,123.5879931479,125.4357070923,698800
2021-08-27T04:00:00.000Z,125.7074225704,126.5769374885,125.5172252517,126.0878448486,765600
2021-08-30T04:00:00.000Z,125.8976406553,126.0697331668,124.756415219,125.2002182007,672600
2021-08-31T04:00:00.000Z,126.6040858542,137.853352761,126.4772830577,134.4115447998,4886300
2021-09-01T04:00:00.000Z,131.6037396713,142.4454250906,131.6037396713,139.4836578369,3965500
2021-09-02T04:00:00.000Z,139.4112399724,141.4672698199,138.804396959,141.3042297363,1678300
2021-09-03T04:00:00.000Z,140.7788939052,145.6427178556,140.7788939052,144.0214385986,2050300
2021-09-07T04:00:00.000Z,144.3169226239,146.526405123,141.1072542974,141.3982086182,2409200
2021-09-08T04:00:00.000Z,140.0070467471,141.480048921,137.8521173643,141.1618041992,2008500
2021-09-09T04:00:00.000Z,140.6162870124,140.6617525394,136.5246393141,138.1431121826,2222900
2021-09-10T04:00:00.000Z,137.6611939142,138.5249972162,136.9428886082,137.0610961914,895200
2021-09-13T04:00:00.000Z,137.5338808939,138.4795136887,133.9787050451,134.4515075684,1619200
2021-09-14T04:00:00.000Z,133.6423061408,134.5697501958,132.2056814671,132.5057373047,1174600
2021-09-15T04:00:00.000Z,135.7153746677,138.1976504113,134.3787689209,134.3787689209,2980700
2021-09-16T04:00:00.000Z,134.9152525777,135.333502081,133.360420524,133.5240936279,1521200
2021-09-17T04:00:00.000Z,134.5970128156,138.4977244272,133.6695688565,136.6792144775,12799600
2021-09-20T04:00:00.000Z,138.7068502938,138.7068502938,132.0238206258,132.7603149414,1652500
2021-09-21T04:00:00.000Z,133.433188967,134.9152792535,133.1149441251,134.2151489258,1171500
2021-09-22T04:00:00.000Z,135.360754575,135.7062758309,132.9603225123,133.3785858154,975300
2021-09-23T04:00:00.000Z,133.2785883769,134.4333460147,133.1149152761,133.7150268555,1275800
2021-09-24T04:00:00.000Z,131.9238241721,133.951473112,131.396454529,133.2513427734,778500
2021-09-27T04:00:00.000Z,133.6241077196,135.8426780464,133.1058257611,134.833404541,1243400
2021-09-28T04:00:00.000Z,135.2698559423,135.4607917026,132.1783809445,133.7695770264,1153100
2021-09-29T04:00:00.000Z,134.0968960883,135.669916906,134.0514305728,134.1969146729,986300
2021-09-30T04:00:00.000Z,134.8607097033,135.4789964503,133.0421996838,133.4604492188,1146800
2021-10-01T04:00:00.000Z,133.3422371639,135.6699415651,133.2604075455,135.5608215332,989600
2021-10-04T04:00:00.000Z,135.1061887148,135.9790795651,133.2695037185,133.6604766846,1101800
2021-10-05T04:00:00.000Z,133.6604978231,134.8788963102,133.6423088366,134.787979126,947200
2021-10-06T04:00:00.000Z,133.6877500865,135.0243559319,132.9694448027,134.9698028564,1221500
2021-10-07T04:00:00.000Z,135.4789689261,136.1518224912,133.19674431,133.3876800537,916700
2021-10-08T04:00:00.000Z,133.1967301026,134.0241413608,131.9419541382,132.5966186523,1117700
2021-10-12T04:00:00.000Z,131.9147256342,132.4602703452,130.9327285055,131.6146697998,894800
2021-10-13T04:00:00.000Z,131.614699543,134.5425026047,131.614699543,134.3970184326,786900
2021-10-14T04:00:00.000Z,134.8606743048,137.3429359451,134.8606743048,136.8337554932,912700
2021-10-15T04:00:00.000Z,137.4975153508,138.2430970907,136.6610025791,137.9066772461,975200
2021-10-18T04:00:00.000Z,137.3338365731,139.43422678,136.7882920267,139.1159820557,995800
2021-10-19T04:00:00.000Z,139.4342649791,140.5526447859,138.2067651338,139.5888366699,734600
2021-10-20T04:00:00.000Z,145.0079427241,148.7904457899,143.7531806115,146.8719177246,2241400
2021-10-21T04:00:00.000Z,146.3172961397,149.7542785352,146.3082085854,149.3360290527,2381300
2021-10-22T04:00:00.000Z,149.7179357338,153.2458357961,149.2905847622,152.3002166748,1391700
2021-10-25T04:00:00.000Z,152.3183917331,153.3549418117,150.2361901469,150.4089508057,1351300
2021-10-26T04:00:00.000Z,150.8817520802,152.3001874269,150.0270503011,150.2543640137,1065200
2021-10-27T04:00:00.000Z,149.1178271916,151.5728130352,148.1358300794,149.3087768555,970700
2021-10-28T04:00:00.000Z,149.954319656,150.6180718624,148.8723040819,149.2451019287,687300
2021-10-29T04:00:00.000Z,148.8904775988,151.0726836292,148.20853648,149.5542297363,1062800
2021-11-01T04:00:00.000Z,150.2998331998,150.8362902448,148.7813792276,149.8724822998,781700
2021-11-02T04:00:00.000Z,149.9906601327,150.5271170713,149.099580545,149.3905487061,596200
2021-11-03T04:00:00.000Z,149.4269436885,150.1998158863,148.2994765164,149.5269622803,613000
2021-11-04T04:00:00.000Z,149.7542941954,150.0088844829,148.0085262782,149.4724273682,788500
2021-11-05T04:00:00.000Z,150.0179621173,150.6635252888,149.4542146781,150.4271240234,757200
2021-11-08T05:00:00.000Z,151.2545483681,151.2545483681,148.5904244691,149.2087249756,1155600
2021-11-09T05:00:00.000Z,149.1723535633,150.1452629456,148.6268089592,149.3723907471,926100
2021-11-10T05:00:00.000Z,148.9359868001,149.1178350436,147.8812475639,148.6813964844,430400
2021-11-11T05:00:00.000Z,149.1177844495,149.7360710425,148.3540137614,148.5995025635,683500
2021-11-12T05:00:00.000Z,148.4995418434,149.163294147,147.5357198334,148.0176239014,1019000
2021-11-15T05:00:00.000Z,148.05396311,148.1903457825,146.6628043537,146.9628601074,863700
2021-11-16T05:00:00.000Z,147.2083893433,149.0723649998,146.7173977133,147.9994506836,668400
2021-11-17T05:00:00.000Z,147.9812161989,148.3267374568,146.1808956101,146.4354858398,861600
2021-11-18T05:00:00.000Z,146.171830153,148.4176911337,145.5262668666,148.0267181396,1293700
2021-11-19T05:00:00.000Z,147.39933532,149.0723612664,147.2174870866,148.8268585205,642900
2021-11-22T05:00:00.000Z,149.3269377211,150.2816582009,148.6540979323,149.2723846436,1112400
2021-11-23T05:00:00.000Z,149.4451333937,151.0454169959,149.1632665993,150.2998352051,1205600
2021-11-24T05:00:00.000Z,150.6271965941,150.8908744569,148.9814471551,150.7999572754,533300
2021-11-25T05:00:00.000Z,150.4725866407,150.7453519901,149.8451985889,150.4816741943,418400
2021-11-26T05:00:00.000Z,148.9359470124,149.0359656008,146.8355705315,147.162902832,982100
2021-11-29T05:00:00.000Z,148.3904165763,149.9816128623,148.2176559026,148.899597168,904700
2021-11-30T05:00:00.000Z,148.0903241606,148.8177307722,146.5445937825,147.1719818115,2265900
2021-12-01T05:00:00.000Z,147.9085042348,150.4726099085,147.0356272335,147.2083740234,989200
2021-12-02T05:00:00.000Z,147.2447499834,151.554609601,147.026523799,150.2180175781,936800
2021-12-03T05:00:00.000Z,150.0270984178,150.7090397742,148.1903991464,149.4269866943,764800
2021-12-06T05:00:00.000Z,150.354391148,151.7819141295,149.7360906001,150.8453826904,821300
2021-12-07T05:00:00.000Z,151.7819244395,152.4365891234,151.0363425838,151.5727996826,1083800
2021-12-08T05:00:00.000Z,151.4039681529,151.7781464753,148.5565922714,149.898147583,965800
2021-12-09T05:00:00.000Z,149.3870729761,150.2540609492,149.0402722166,149.3596954346,997800
2021-12-10T05:00:00.000Z,149.8525013432,151.0662900452,149.186291308,150.3179473877,1153600
2021-12-13T05:00:00.000Z,150.135424624,150.135424624,145.6088277721,146.8226165771,2401400
2021-12-14T05:00:00.000Z,146.7039380098,148.3101471858,146.0377280692,147.5070495605,1105400
2021-12-15T05:00:00.000Z,148.1367659873,150.911129921,148.1367659873,150.0076293945,1881900
2021-12-16T05:00:00.000Z,149.3505614596,151.6229948987,148.9672619504,150.2266845703,921200
2021-12-17T05:00:00.000Z,148.9398847989,151.330963542,148.9398847989,149.7794952393,2338100
2021-12-20T05:00:00.000Z,141.9035769416,143.5371639313,139.9779442747,141.0000762939,3254400
2021-12-21T05:00:00.000Z,141.6845541427,142.8162103452,139.3391091065,141.9583435059,1409600
2021-12-22T05:00:00.000Z,141.8944279454,143.2542393867,141.3194857035,142.0039520264,1098000
2021-12-23T05:00:00.000Z,142.3690249017,144.7418475536,142.1591257513,142.1773681641,1672100
2021-12-24T05:00:00.000Z,142.834457604,143.7014596043,142.378146625,142.9713592529,194900
2021-12-29T05:00:00.000Z,143.7196801944,144.1942474395,142.1682258868,142.5424041748,968300
2021-12-30T05:00:00.000Z,142.3690280902,143.3729178328,141.5020399991,141.6298065186,555800
2021-12-31T05:00:00.000Z,141.5020100209,142.1955975617,140.6806420622,141.8031768799,552300
2022-01-04T05:00:00.000Z,143.1903677781,143.3637681638,141.2647350492,141.3560028076,725400
2022-01-05T05:00:00.000Z,141.4381633624,141.9127307341,139.3665213066,139.9323425293,1083700
2022-01-06T05:00:00.000Z,140.2973255905,142.7796576498,139.7223834071,142.2138366699,855500
2022-01-07T05:00:00.000Z,141.4928904796,142.7340567963,141.3103688883,142.4602813721,918900
2022-01-10T05:00:00.000Z,142.4146386558,142.5424051544,140.7992941256,141.7849273682,517500
2022-01-11T05:00:00.000Z,141.857939366,141.857939366,139.2934742539,140.3703613281,995300
2022-01-12T05:00:00.000Z,140.3703585621,142.2868699359,140.2152145252,140.5711364746,984100
2022-01-13T05:00:00.000Z,141.2191033877,141.2282245926,139.6311364308,139.8775482178,837200
2022-01-14T05:00:00.000Z,139.6311348021,141.5385110139,139.3573454782,141.4290008545,1169000
2022-01-17T05:00:00.000Z,141.4837855342,142.9348511514,141.4837855342,141.7028198242,366600
2022-01-18T05:00:00.000Z,141.0091612205,141.8944053042,137.8971320857,138.8462524414,1436300
2022-01-19T05:00:00.000Z,139.1200794838,141.3833778124,138.6637685508,140.5894012451,1329400
2022-01-20T05:00:00.000Z,141.7940386087,142.5880290105,140.8357968997,140.8631744385,1371100
2022-01-21T05:00:00.000Z,140.3064889739,142.0678424695,139.6311437882,141.0365753174,1602900
2022-01-24T05:00:00.000Z,139.4486362298,140.489024692,137.3861017181,140.1696014404,2236100
2022-01-25T05:00:00.000Z,138.3808804657,142.0496109363,137.4956359979,141.4016571045,1260900
2022-01-26T05:00:00.000Z,140.3612736144,142.3599181254,136.838551956,137.4043731689,3204600
2022-01-27T05:00:00.000Z,138.5998933878,140.0600941022,136.8202833409,138.3443603516,1406600
2022-01-28T05:00:00.000Z,137.6598576728,139.7588904256,136.6559821305,139.6767578125,1297700
2022-01-31T05:00:00.000Z,139.4759891776,141.6845322279,138.8553991221,141.3924865723,1413500
2022-02-01T05:00:00.000Z,142.0769585082,142.9622027892,140.8175498637,142.0952148438,1030300
2022-02-02T05:00:00.000Z,141.921833506,145.3259233837,141.921833506,144.4863128662,1126400
2022-02-03T05:00:00.000Z,143.2816330003,144.230753614,141.4746456043,141.5932769775,827800
2022-02-04T05:00:00.000Z,141.90360187,143.2177658718,141.7302014594,142.4055328369,1097600
2022-02-07T05:00:00.000Z,142.5789017673,143.2542469213,139.7680249158,140.0874481201,2074500
2022-02-08T05:00:00.000Z,140.5437693622,142.852701602,140.2699800134,142.2868804932,1408500
2022-02-09T05:00:00.000Z,143.2816377471,144.9699938258,143.2360038672,144.1942596436,1137500
2022-02-10T05:00:00.000Z,143.6102001076,144.7600988275,142.5241776872,142.852722168,877900
2022-02-11T05:00:00.000Z,142.8526943493,143.5919158057,140.9453180612,141.6480407715,862500
2022-02-14T05:00:00.000Z,141.4563862761,143.2268748873,140.5620207653,142.761428833,1350500
2022-02-15T05:00:00.000Z,143.6192981181,146.3024086233,143.4824104089,145.7365875244,1123900
2022-02-16T05:00:00.000Z,145.2985269845,147.3793036328,145.179881691,146.9686126709,898800
2022-02-17T05:00:00.000Z,147.0324920509,148.1002578371,146.2202592429,146.3206481934,921700
2022-02-18T05:00:00.000Z,146.8317189779,147.9542398785,145.1616194341,145.2255096436,742400
2022-02-22T05:00:00.000Z,144.7418256279,145.5084246115,141.7666695946,143.4732818604,1728200
2022-02-23T05:00:00.000Z,143.4732945872,143.5919259645,139.7315392384,139.9779510498,881400
2022-02-24T05:00:00.000Z,137.8059187665,142.4055274113,137.6325183625,142.3233947754,1165300
2022-02-25T05:00:00.000Z,142.9713552366,145.1433859659,142.186499818,144.4132995605,806600
2022-02-28T05:00:00.000Z,142.8253109861,144.3493877134,142.5424004576,143.5006561279,1329800
2022-03-01T05:00:00.000Z,143.0808589775,143.5645474657,137.7328941384,138.5268707275,1402400
2022-03-02T05:00:00.000Z,138.5268469537,144.4771445619,138.5268469537,144.1029663086,1458000
2022-03-03T05:00:00.000Z,144.4954185895,146.0194954017,143.7744395326,144.349395752,1045500
2022-03-04T05:00:00.000Z,143.8748049352,147.4340379081,143.8291849907,147.3701477051,1011000
2022-03-07T05:00:00.000Z,147.2515323401,152.7820181953,147.2515323401,147.6804656982,1829400
2022-03-08T05:00:00.000Z,142.5423987027,148.3831725513,142.5423987027,144.4315185547,1949300
2022-03-09T05:00:00.000Z,145.2594520573,146.7081057898,144.0858616394,145.8004150391,1166800
2022-03-10T05:00:00.000Z,144.4067591777,149.9171326977,144.3975955311,149.5962371826,1133800
2022-03-11T05:00:00.000Z,150.2839048684,151.301629366,147.4966170595,147.5974731445,1322000
2022-03-14T04:00:00.000Z,147.450786839,148.5235212176,144.7001815638,145.1035919189,912900
2022-03-15T04:00:00.000Z,146.5797473807,146.7906371868,143.279029518,144.7368469238,980600
2022-03-16T04:00:00.000Z,145.4245134057,148.5510383497,144.7643669662,148.1109313965,850100
2022-03-17T04:00:00.000Z,148.1567722564,148.1567722564,145.9379522446,147.8175354004,807700
2022-03-18T04:00:00.000Z,147.212395481,151.0632401569,147.212395481,150.8432006836,4900500
2022-03-21T04:00:00.000Z,150.7973441713,152.7319370204,149.9904955169,152.3927001953,940300
2022-03-22T04:00:00.000Z,153.1170333601,154.2447776526,152.126813741,153.6671600342,778400
2022-03-23T04:00:00.000Z,153.4195999223,154.7123877987,152.4202166662,153.7038269043,1084400
2022-03-24T04:00:00.000Z,153.6671439415,154.5289884549,152.7135930051,154.1622467041,1187900
2022-03-25T04:00:00.000Z,153.914725791,155.7576406115,153.0712083667,155.6201019287,639300
2022-03-28T04:00:00.000Z,155.6750664618,156.9036806476,155.0882712944,155.8492736816,766000
2022-03-29T04:00:00.000Z,157.2246158548,157.2246158548,153.5296366983,155.8034667969,855600
2022-03-30T04:00:00.000Z,155.3175193692,156.5369561614,154.5473531816,156.3260803223,653300
2022-03-31T04:00:00.000Z,156.335232921,156.7294936258,153.10786608,153.7588348389,1745400
2022-04-01T04:00:00.000Z,153.4745870638,154.033877297,146.1304768792,146.6439208984,1424800
2022-04-04T04:00:00.000Z,146.6531188057,149.4954168493,146.405560385,148.9544677734,1141900
2022-04-05T04:00:00.000Z,148.5418921032,151.7876151151,147.6158597586,147.6342010498,966500
2022-04-06T04:00:00.000Z,147.3682400399,147.4966010441,144.1867058744,146.4330444336,792600
2022-04-07T04:00:00.000Z,146.0938200069,147.0840396426,144.6818487058,146.5614318848,781700
2022-04-08T04:00:00.000Z,145.5528873925,145.5987336197,141.8212255484,143.3799133301,842600
2022-04-11T04:00:00.000Z,143.1689943111,143.9575016905,141.8487155739,143.8016357422,1106400
2022-04-12T04:00:00.000Z,144.3976338703,145.5070369881,142.1879772935,142.3071746826,1092200
2022-04-13T04:00:00.000Z,143.8566581971,146.0021410622,143.774143392,144.8652191162,838900
2022-04-14T04:00:00.000Z,145.6078782516,147.5791538397,144.8835583222,147.0932006836,718400
2022-04-18T04:00:00.000Z,147.0657042353,147.7900381968,145.8554450702,146.1305084229,468200
2022-04-19T04:00:00.000Z,145.9746191033,147.4507777362,145.3878239071,147.3407440186,852500
2022-04-20T04:00:00.000Z,147.1207090696,148.5693488248,146.5889237208,147.4416046143,824700
2022-04-21T04:00:00.000Z,148.1842824706,150.6048147506,146.5614352989,146.9098358154,804600
2022-04-22T04:00:00.000Z,145.7637333245,146.6714380709,143.7282843711,143.8199768066,999600
2022-04-25T04:00:00.000Z,142.9672993183,145.415350539,142.7564234794,144.9477386475,892300
2022-04-26T04:00:00.000Z,145.1586331655,145.5162113346,143.1506888356,143.8291625977,1007500
2022-04-27T04:00:00.000Z,142.3896924967,144.0033761522,136.0724685745,142.426361084,1697000
2022-04-28T04:00:00.000Z,142.7289223207,143.7191420114,141.1519073306,142.169631958,1288200
2022-04-29T04:00:00.000Z,141.3811021794,141.857877657,138.4471261453,138.5204772949,1552300
2022-05-02T04:00:00.000Z,139.0706061063,140.0058158851,137.6219662008,138.7130279541,2291500
2022-05-03T04:00:00.000Z,139.3640171541,140.3725781375,138.5480047185,139.0247802734,1759100
2022-05-04T04:00:00.000Z,139.3365005343,143.352388853,139.1897982235,143.2606964111,2434400
2022-05-05T04:00:00.000Z,143.3799064473,143.6732971045,139.0431081896,139.2356567383,1280000
2022-05-06T04:00:00.000Z,139.2448393951,139.3640367982,136.6225944589,137.4294433594,2347200
2022-05-09T04:00:00.000Z,136.3475076022,136.7784228844,131.8273390595,132.3132781982,1601700
2022-05-10T04:00:00.000Z,133.8719764771,134.5321229747,130.5987629179,131.2955780029,1838800
2022-05-11T04:00:00.000Z,131.1397028286,134.8346818318,131.0205054446,132.5791931152,2310500
2022-05-12T04:00:00.000Z,131.9373378769,133.9727865466,131.8731643733,133.0100860596,1789000
2022-05-13T04:00:00.000Z,132.9642629067,133.6702415209,130.9013089505,131.0388336182,3491500
2022-05-16T04:00:00.000Z,131.1213277697,133.69773939,130.7454224073,132.6708374023,2112900
2022-05-17T04:00:00.000Z,134.3579044398,137.246048622,133.9636576984,135.3022918701,2341500
2022-05-18T04:00:00.000Z,135.3848213831,136.3566998646,132.5425231154,133.1109771729,2083900
2022-05-19T04:00:00.000Z,131.1029995088,131.6531120789,129.0492095389,130.2869873047,2284200
2022-05-20T04:00:00.000Z,130.5804060112,132.1390796144,130.2503328019,131.332244873,1964300
2022-05-24T04:00:00.000Z,132.6066861385,132.6066861385,129.2234393773,129.5535125732,2471900
2022-05-25T04:00:00.000Z,129.3059672997,129.9661137586,128.0315206062,129.3609771729,1905900
2022-05-26T04:00:00.000Z,131.5522834641,133.0376198911,130.7454487282,131.8273468018,1373600
2022-05-27T04:00:00.000Z,132.5058192141,133.8719441158,132.0198801029,133.0467681885,1589800
2022-05-30T04:00:00.000Z,134.3120540421,134.6696321507,131.3230541691,133.6977539062,658400
2022-05-31T04:00:00.000Z,132.1024096943,133.5510635432,131.3964170612,131.8640289307,10266100
2022-06-01T04:00:00.000Z,131.8915636185,133.4960837891,131.7815298649,132.3408203125,1461600
2022-06-02T04:00:00.000Z,131.7815189626,136.6776078822,131.7815189626,136.3108520508,2364000
2022-06-03T04:00:00.000Z,136.1916155003,136.3474954278,134.6421197754,135.3847808838,827000
2022-06-06T04:00:00.000Z,135.8157525163,136.3933702307,135.1189234146,135.7240600586,1541100
2022-06-07T04:00:00.000Z,134.6696328092,134.6696328092,132.8083911076,133.9086303711,1185000
2022-06-08T04:00:00.000Z,133.1281253414,133.9666875381,132.3540744186,132.8793182373,2279900
2022-06-09T04:00:00.000Z,132.0315646916,134.4274530011,131.8196251604,131.9209899902,782700
2022-06-10T04:00:00.000Z,130.7045886429,131.1561253608,129.1104093863,129.4329376221,883700
2022-06-13T04:00:00.000Z,127.4056496273,129.8199714648,126.4841563922,128.0322723389,1657800
2022-06-14T04:00:00.000Z,130.4557908258,131.948605216,128.4192847958,129.4882202148,1211900
2022-06-15T04:00:00.000Z,130.5111101624,132.2619419366,129.9950761262,131.0455780029,1353400
2022-06-16T04:00:00.000Z,128.6865102393,130.5018528339,128.5114383554,129.0366821289,1061600
2022-06-17T04:00:00.000Z,128.456147911,131.146920459,128.456147911,129.8291778564,4155000
2022-06-20T04:00:00.000Z,129.2762835388,130.3083655537,129.0735679572,130.2070007324,340700
2022-06-21T04:00:00.000Z,130.0780129401,132.4093901391,129.9766481027,130.0503692627,1610000
2022-06-22T04:00:00.000Z,129.009073124,132.4923169735,128.8984984179,131.1100769043,867600
2022-06-23T04:00:00.000Z,131.6721790719,132.9806978905,130.9165618661,131.0363464355,1547900
2022-06-24T04:00:00.000Z,131.1745763559,135.4687244305,131.165352424,135.2291412354,1631100
2022-06-27T04:00:00.000Z,136.0584820585,136.141427143,133.3677232715,134.5564575195,1659500
2022-06-28T04:00:00.000Z,134.6577863335,135.7174977358,131.4417704689,131.7458648682,1064200
2022-06-29T04:00:00.000Z,131.6721646945,134.4366443345,130.9626109831,133.8008117676,745400
2022-06-30T04:00:00.000Z,131.4970715554,133.524353702,130.667733333,133.4229888916,1436000
2022-07-04T04:00:00.000Z,133.7639521475,135.7912343126,133.7178746767,134.7130889893,507200
2022-07-05T04:00:00.000Z,134.1141248753,136.2796396929,133.2294992066,136.1874847412,1655500
2022-07-06T04:00:00.000Z,136.104518881,137.0168020504,135.2383131757,136.5284118652,998500
2022-07-07T04:00:00.000Z,134.7223157388,135.7543977816,132.0960683076,135.4318695068,1150200
2022-07-08T04:00:00.000Z,134.9987667919,134.9987667919,133.6718142064,134.5933074951,922400
2022-07-11T04:00:00.000Z,133.948246426,135.2106875569,133.1649716149,133.8100280762,859000
2022-07-12T04:00:00.000Z,133.266359696,134.6854672857,132.2988029569,132.7779693604,1109700
2022-07-13T04:00:00.000Z,131.5339381226,133.819237212,131.1929760935,132.6028594971,840600
2022-07-14T04:00:00.000Z,132.6765889224,134.7683824538,132.4185719475,133.8008117676,1614200
2022-07-15T04:00:00.000Z,134.6025379721,136.0677089978,133.6533869026,133.9667053223,1026700
2022-07-18T04:00:00.000Z,134.5011708619,135.6346037058,134.1417890303,134.4550933838,826900
2022-07-19T04:00:00.000Z,134.8420903413,137.2103203551,134.7407255353,136.933883667,892100
2022-07-20T04:00:00.000Z,137.1089804147,137.1827015652,136.1045561033,136.1690673828,1091800
2022-07-21T04:00:00.000Z,135.9663560076,138.6571150884,135.9663560076,137.6066131592,830300
2022-07-22T04:00:00.000Z,137.4867887727,138.9796173848,137.1089731692,137.5513000488,587500
2022-07-25T04:00:00.000Z,137.4499568428,139.3574408403,136.9154889916,138.6663208008,627000
2022-07-26T04:00:00.000Z,138.4911872458,139.5140451156,138.0673083079,138.7860717773,830300
2022-07-27T04:00:00.000Z,141.9099432923,145.3102552222,141.2833347075,144.5914916992,1443600
2022-07-28T04:00:00.000Z,144.3519134507,147.8535906484,143.8635231481,146.7662353516,944900
2022-07-29T04:00:00.000Z,146.9044418494,150.4337624349,146.9044418494,149.4938354492,1403600
2022-08-02T04:00:00.000Z,148.5907901709,149.7887342372,147.8075152651,148.2221984863,890200
2022-08-03T04:00:00.000Z,148.2037619858,148.8672382547,147.2730588595,147.9733886719,775400
2022-08-04T04:00:00.000Z,148.3696107937,150.1941774009,148.3696107937,149.6136322021,661800
2022-08-05T04:00:00.000Z,149.2266173177,151.4934828108,148.9686003358,151.4289855957,734300
2022-08-08T04:00:00.000Z,152.0371685536,152.5532024973,150.8484344482,150.8484344482,659900
2022-08-09T04:00:00.000Z,151.0235284575,151.4013440653,149.7518632707,149.8348083496,874600
2022-08-10T04:00:00.000Z,151.1433283177,152.2675512188,150.7747225775,151.5764312744,636700
2022-08-11T04:00:00.000Z,151.9542295314,152.4334099529,148.8488018146,149.4846343994,766400
2022-08-12T04:00:00.000Z,150.0282809393,151.2723021789,149.3740287492,150.8760528564,629100
2022-08-15T04:00:00.000Z,151.0696102175,152.4426262025,151.0050989388,151.4382019043,743800
2022-08-16T04:00:00.000Z,151.2446932671,152.3965598421,151.2446932671,152.0279541016,638300
2022-08-17T04:00:00.000Z,151.502714118,152.8573103696,151.428992968,152.2583312988,913100
2022-08-18T04:00:00.000Z,152.2675651519,153.5668600801,151.6778099745,151.7791748047,731200
2022-08-19T04:00:00.000Z,151.3736978896,152.5624179779,151.0972471065,151.7975769043,925100
2022-08-22T04:00:00.000Z,149.7242298963,150.6457232113,149.180552215,150.0744018555,638200
2022-08-23T04:00:00.000Z,149.5399260479,149.9730290077,148.3972693364,148.6921539307,625600
2022-08-24T04:00:00.000Z,148.609234003,149.7887443464,147.964191481,149.3003540039,774200
2022-08-25T04:00:00.000Z,149.9084956148,150.4613971171,149.0791574223,150.3415985107,1021700
2022-08-26T04:00:00.000Z,150.5812546247,150.9774900763,148.2130096054,148.3512420654,656000
2022-08-29T04:00:00.000Z,147.4389292699,148.7290142766,146.7938867665,147.2269897461,753900
2022-08-30T04:00:00.000Z,147.3007097866,147.7338127629,143.4304266738,143.7253112793,840600
2022-08-31T04:00:00.000Z,143.8635282711,144.8126652372,143.3659280801,143.9280395508,1751000
2022-09-01T04:00:00.000Z,143.2921690331,143.4211774975,141.3570280071,142.2601013184,888900
2022-09-02T04:00:00.000Z,143.0710522791,143.1632072384,141.0806373319,141.6888122559,763600
2022-09-06T04:00:00.000Z,141.6980245506,142.1956247313,139.8826816776,140.9976806641,1375400
2022-09-07T04:00:00.000Z,141.1671554042,144.1023489267,141.1115877908,144.0097503662,863100
2022-09-08T04:00:00.000Z,143.2504934464,145.8153068122,143.111595608,144.7227172852,1072600
2022-09-09T04:00:00.000Z,145.4541970623,147.343100314,145.1393845632,147.111618042,783400
2022-09-12T04:00:00.000Z,148.8801315022,150.741258007,148.7875470707,149.0375518799,725000
2022-09-13T04:00:00.000Z,147.1578891102,149.2875286348,146.5282641723,146.9264068604,1095600
2022-09-14T04:00:00.000Z,147.0467840253,147.1949360579,144.981966286,146.1949310303,850600
2022-09-15T04:00:00.000Z,146.3430919276,147.8801375704,144.7690153388,145.2504882812,1104100
2022-09-16T04:00:00.000Z,143.6301013923,144.2412179207,142.296761377,143.1578826904,3358400
2022-09-19T04:00:00.000Z,142.509753365,144.8801296369,142.4079005973,144.5930938721,812100
2022-09-20T04:00:00.000Z,145.0930592611,145.2412112795,143.1393486704,144.6115722656,615000
2022-09-21T04:00:00.000Z,145.0097372437,145.0097372437,142.4356558252,142.4726867676,734500
2022-09-22T04:00:00.000Z,142.287525829,142.7782671311,141.5653022474,142.1393737793,739100
2022-09-23T04:00:00.000Z,140.7875111464,141.6578866909,138.963429836,139.7875061035,1072500
2022-09-26T04:00:00.000Z,139.2874737676,141.2782293243,139.0189606106,139.1485900879,958800
2022-09-27T04:00:00.000Z,139.8152528175,140.0282124916,137.9911718988,138.1856231689,1414000
2022-09-28T04:00:00.000Z,137.4541606902,141.6671405722,136.1393431725,141.0652923584,1534500
2022-09-29T04:00:00.000Z,140.7412032995,140.7412032995,138.472680151,139.4541625977,1053600
2022-09-30T04:00:00.000Z,139.6393653906,140.0930757361,137.9634359792,138.1300964355,1380300
2022-10-03T04:00:00.000Z,138.5189800552,143.2226868064,138.1948992631,142.3523254395,1143100
2022-10-04T04:00:00.000Z,144.4912412548,145.1949422961,142.7041907156,144.7134552002,1583600
2022-10-05T04:00:00.000Z,143.9078573654,144.926384732,143.1115580048,143.3337860107,888500
2022-10-06T04:00:00.000Z,143.241208167,144.5097404574,141.3986185676,142.8800964355,1115000
2022-10-07T04:00:00.000Z,141.3152602778,141.7782247149,138.9171078841,139.6763763428,1208100
2022-10-11T04:00:00.000Z,138.6300618899,139.4448837599,137.018940682,137.926361084,1487100
2022-10-12T04:00:00.000Z,138.2874737857,139.2596877359,136.7874595022,136.870803833,1175400
2022-10-13T04:00:00.000Z,135.1856653038,140.3801287618,133.9912228338,139.8708648682,1055400
2022-10-14T04:00:00.000Z,140.8152768968,141.2689871702,137.3430433223,137.5930480957,944700
2022-10-17T04:00:00.000Z,137.704168982,142.0004791943,137.1393516982,141.3430633545,1598700
2022-10-18T04:00:00.000Z,144.0004713694,145.6023244648,143.7226898643,144.5097351074,1199600
2022-10-19T04:00:00.000Z,144.2411941768,144.8800873397,142.2041535459,144.0004577637,1000700
2022-10-20T04:00:00.000Z,142.7319398897,142.8708377073,139.5374878849,139.9263763428,1211900
2022-10-21T04:00:00.000Z,139.852305251,143.1764009872,139.0467515692,142.5560302734,1057400
2022-10-24T04:00:00.000Z,143.4726695912,144.5374962244,142.6485934964,144.0837860107,1211200
2022-10-25T04:00:00.000Z,143.2319496197,146.1578884534,143.2226812881,145.6023254395,1372800
2022-10-26T04:00:00.000Z,144.7689791149,151.4171413736,144.5560053101,149.9819488525,2388500
2022-10-27T04:00:00.000Z,150.2968368194,151.2412744453,147.593111081,148.1579284668,1526800
2022-10-28T04:00:00.000Z,147.9819871342,150.8801354451,147.9819871342,150.0375366211,695100
2022-10-31T04:00:00.000Z,149.7227278359,150.4449513804,147.5097579231,149.4449462891,1420000
2022-11-01T04:00:00.000Z,151.0653104393,151.6301276935,147.7041977825,148.8523406982,679800
2022-11-02T04:00:00.000Z,148.1023508373,150.843107081,147.1301224952,147.2782745361,900000
2022-11-03T04:00:00.000Z,146.4264195282,149.3986579978,146.4171653239,147.3616027832,735500
2022-11-04T04:00:00.000Z,148.1486417094,150.0004997308,147.7597532204,148.7690124512,692700
2022-11-07T05:00:00.000Z,148.7504671771,150.2875124907,148.565284229,150.0560302734,614600
2022-11-08T05:00:00.000Z,150.3430989836,152.8245962448,150.2227378116,151.167175293,1030100
2022-11-09T05:00:00.000Z,150.7319407659,151.185650957,149.0930569882,149.3245391846,796800
2022-11-10T05:00:00.000Z,152.5282733977,153.4079030826,151.2967861873,152.1856842041,1005600
2022-11-11T05:00:00.000Z,153.0097476266,153.9912299801,148.4727017599,149.9727020264,992200
2022-11-14T05:00:00.000Z,150.3060519874,151.5097624788,149.5004983014,149.5467834473,821000
2022-11-15T05:00:00.000Z,151.3338029536,151.3338029536,148.194904936,149.3245391846,829600
2022-11-16T05:00:00.000Z,149.083822552,151.8338328002,149.0004923332,151.5282745361,1169500
2022-11-17T05:00:00.000Z,150.4079074737,153.8245877092,150.4079074737,152.4819793701,1016200
2022-11-18T05:00:00.000Z,153.5838124599,154.352335094,152.7875130909,154.1578979492,967000
2022-11-21T05:00:00.000Z,154.0190183363,154.8708712759,153.1579111934,154.6393890381,1211500
2022-11-22T05:00:00.000Z,155.0838872118,156.2135219691,154.9264809428,155.2320251465,860300
2022-11-23T05:00:00.000Z,155.5838450316,156.991261034,155.1116263391,156.1949615479,1555600
2022-11-24T05:00:00.000Z,156.6486642449,157.4079328202,156.5005263399,156.6116333008,235300
2022-11-25T05:00:00.000Z,156.5838355651,158.6764297757,156.1949471257,156.6393890381,852400
2022-11-28T05:00:00.000Z,156.9449804657,158.7783161046,156.9449804657,157.5283203125,1161200
2022-11-29T05:00:00.000Z,159.1023722491,159.1023722491,156.6023669243,157.3986663818,1478500
2022-11-30T05:00:00.000Z,157.4079303643,160.1394180949,157.1208946342,159.8986816406,2119900
2022-12-01T05:00:00.000Z,160.176446243,161.5560712681,158.9542133076,159.8801422119,918200
2022-12-02T05:00:00.000Z,159.2320062837,159.7690467824,157.6023763809,159.2968139648,1712600
2022-12-05T05:00:00.000Z,158.3708834961,159.9820049768,157.8153345958,159.5838623047,1437800
2022-12-06T05:00:00.000Z,159.824597975,160.1949639067,157.8523647737,158.6116333008,1325500
2022-12-07T05:00:00.000Z,158.1866500493,159.7674908074,157.5636133935,158.4284210205,1136300
2022-12-08T05:00:00.000Z,158.5028296974,160.8183059291,158.1587682477,159.1630706787,1602300
2022-12-09T05:00:00.000Z,159.4513581184,159.7303334126,158.0099975893,158.1215820312,1301200
2022-12-12T05:00:00.000Z,158.3819512137,161.0321807318,158.1773703007,160.8927001953,1969200
2022-12-13T05:00:00.000Z,162.4642461794,163.0965768602,159.3118583698,160.4649353027,972500
2022-12-14T05:00:00.000Z,159.7581966009,160.9019794634,158.3633346065,158.5772094727,1102100
2022-12-15T05:00:00.000Z,157.4892314468,157.4892314468,154.6065107514,156.4384307861,1119400
2022-12-16T05:00:00.000Z,155.4713399369,155.7224191008,153.7882085199,154.7925109863,3634800
2022-12-19T05:00:00.000Z,154.8389684562,155.8525789108,151.6493909818,152.1515350342,1075100
2022-12-20T05:00:00.000Z,151.788900947,152.1329766058,150.5149313423,151.4448394775,1105500
2022-12-21T05:00:00.000Z,152.160836048,153.7788667323,152.160836048,153.5184936523,670300
2022-12-22T05:00:00.000Z,152.7838908279,153.7137988497,150.8775765452,151.7609863281,576300
2022-12-23T05:00:00.000Z,151.4355249649,152.5235156328,150.8682805117,152.2166442871,504700
2022-12-28T05:00:00.000Z,152.2538694839,152.5607409004,150.8590071484,151.0170898438,1120300
2022-12-29T05:00:00.000Z,151.5471574495,151.9842154875,150.6916435124,151.6122436523,865700
2022-12-30T05:00:00.000Z,150.6916012255,150.9891644208,148.92476743,149.56640625,635300
2023-01-03T05:00:00.000Z,150.6172201422,152.8396999934,150.4126392196,151.4634399414,917100
2023-01-04T05:00:00.000Z,151.5750074984,152.0399615091,150.7845800044,151.6215057373,750200
2023-01-05T05:00:00.000Z,152.1236704987,152.1236704987,148.9526803092,149.2688598633,1512200
2023-01-06T05:00:00.000Z,149.8639955292,153.2581544803,149.2502527666,152.9140930176,923500
2023-01-09T05:00:00.000Z,153.1744293708,155.2202238989,153.0163467316,153.2581176758,942600
2023-01-10T05:00:00.000Z,150.0313477606,151.9097658241,150.0313477606,151.7051849365,822500
2023-01-11T05:00:00.000Z,152.3468440508,153.7231040507,150.4684257365,152.8117980957,1046600
2023-01-12T05:00:00.000Z,152.8396726395,153.360418826,151.5006029088,153.0163574219,1242900
2023-01-13T05:00:00.000Z,152.5142136053,154.9505823359,152.5142136053,154.0299682617,1054300
2023-01-16T05:00:00.000Z,153.7045216522,155.8991055934,153.7045216522,154.35546875,340200
2023-01-17T05:00:00.000Z,154.6064984361,156.1222530114,154.3461253322,154.9691619873,761300
2023-01-18T05:00:00.000Z,155.1551736116,155.8061064499,154.1508711515,154.2252655029,1207500
2023-01-19T05:00:00.000Z,153.9741898033,154.6623269274,152.2445601147,152.3189544678,1035300
2023-01-20T05:00:00.000Z,152.3468221787,154.1601398556,152.1050512183,153.453414917,784300
2023-01-23T05:00:00.000Z,153.5557370566,154.4205448236,152.6351228817,153.732421875,683000
2023-01-24T05:00:00.000Z,152.7002107511,154.9412784209,151.8167867313,154.2810516357,1040200
2023-01-25T05:00:00.000Z,149.1200735342,149.5664254793,145.9955815401,147.0835723877,2835300
2023-01-26T05:00:00.000Z,147.7996011181,147.7996011181,144.6937113553,146.841796875,1828900
2023-01-27T05:00:00.000Z,146.0048640703,147.9204866543,146.0048640703,146.4698181152,881700
2023-01-30T05:00:00.000Z,145.7538402274,148.4040705176,145.7538402274,146.2280883789,1137100
2023-01-31T05:00:00.000Z,146.2001575324,147.3625426965,145.7817017112,147.2788543701,1533300
2023-02-01T05:00:00.000Z,146.5628438001,148.329663847,146.0978896626,147.4927520752,1607100
2023-02-02T05:00:00.000Z,147.7902874173,148.7573997866,146.0327616771,148.0413665771,1349100
2023-02-03T05:00:00.000Z,147.6136258935,149.6594210003,147.6136258935,149.3990478516,1186500
2023-02-06T05:00:00.000Z,148.9526957076,149.6594350541,147.8833069027,147.9669952393,1252000
2023-02-07T05:00:00.000Z,147.4555424899,148.4970350797,146.3861396014,147.1021728516,1214200
2023-02-08T05:00:00.000Z,146.9626966532,148.394763334,146.4884485439,146.786026001,919600
2023-02-09T05:00:00.000Z,147.4834381233,147.8553957073,145.6422097718,146.097869873,978500
2023-02-10T05:00:00.000Z,144.9447778342,148.9247835545,144.8610895066,148.6923065186,1124800
2023-02-13T05:00:00.000Z,148.7945913629,150.3289482557,148.5342182276,149.6129150391,982800
2023-02-14T05:00:00.000Z,149.6966167544,149.8733015811,147.4834449064,148.3389587402,953000
2023-02-15T05:00:00.000Z,147.4648420771,147.7810074554,146.1071698801,147.4834442139,881400
2023-02-16T05:00:00.000Z,146.6743938856,148.0878581055,145.9211706296,146.9533691406,1061100
2023-02-17T05:00:00.000Z,146.0420668652,147.4555311204,145.9118803015,146.2001495361,1082800
2023-02-21T05:00:00.000Z,145.9211743285,147.2416421004,145.3074315898,146.339630127,1324800
2023-02-22T05:00:00.000Z,146.181543788,146.6464978167,144.805283836,145.223739624,1155500
2023-02-23T05:00:00.000Z,145.1400518168,146.3303329994,144.6843917589,146.0885620117,921100
2023-02-24T05:00:00.000Z,145.4469405558,145.8839985317,144.4147419175,145.7723999023,908800
2023-02-27T05:00:00.000Z,146.9161644175,148.1250334199,146.0978408681,146.3675079346,1202700
2023-02-28T05:00:00.000Z,145.6515025067,146.1722487447,144.145041816,144.5170135498,2645900
2023-03-01T05:00:00.000Z,144.9168732028,146.9440802155,144.470521293,146.1908569336,1527500
2023-03-02T05:00:00.000Z,146.0327532014,149.2037430415,145.0656550775,148.9898681641,1564100
2023-03-03T05:00:00.000Z,149.5292226053,151.0449631321,148.9898742144,150.8031921387,1836300
2023-03-06T05:00:00.000Z,151.2309865851,151.2309865851,149.1107968633,149.3711700439,1509800
2023-03-07T05:00:00.000Z,149.3618136126,150.0778467226,148.3668194631,148.6736907959,1667300
2023-03-08T05:00:00.000Z,149.4641222287,151.2309561002,148.8968777304,150.8031921387,849600
2023-03-09T05:00:00.000Z,151.4292867136,151.943242704,149.8126744698,150.1116943359,1763000
2023-03-10T05:00:00.000Z,149.597761035,152.0086705623,149.1865961803,149.2426757812,2788700
2023-03-13T04:00:00.000Z,147.3456741592,150.990077412,147.1774781712,149.0931243896,2109700
2023-03-14T04:00:00.000Z,150.5602309354,150.9713957269,146.4859836746,148.3549041748,1434000
2023-03-15T04:00:00.000Z,148.1212768555,149.9341318721,146.831731513,148.1212768555,1350200
2023-03-16T04:00:00.000Z,147.4671501483,152.2422419607,146.6074485437,151.9338684082,1343300
2023-03-17T04:00:00.000Z,152.7094803702,152.7094803702,147.6634011193,147.9250488281,2825200
2023-03-20T04:00:00.000Z,147.7475177527,148.7473828534,146.243036108,147.2896270752,877000
2023-03-21T04:00:00.000Z,148.1960518768,148.5231186772,146.5140205268,147.14012146,919000
2023-03-22T04:00:00.000Z,147.0560021185,148.196044742,145.9907180245,146.056137085,755800
2023-03-23T04:00:00.000Z,146.7195970646,146.756983459,143.9442490127,144.4768981934,1486800
2023-03-24T04:00:00.000Z,143.794743513,145.9626838133,143.7199849842,145.8785858154,1224000
2023-03-27T04:00:00.000Z,146.1589275547,146.7476278018,144.9067542723,146.26171875,1059100
2023-03-28T04:00:00.000Z,146.1775931273,147.1681328549,145.476748021,146.0374298096,2529100
2023-03-29T04:00:00.000Z,146.9251975157,147.0747145945,145.7103962034,146.1963195801,1211400
2023-03-30T04:00:00.000Z,147.3550395141,147.3550395141,145.5048122064,146.9906005859,1012700
2023-03-31T04:00:00.000Z,147.0653682142,149.1865828525,146.8317531366,149.0183868408,1203300
2023-04-03T04:00:00.000Z,148.4109990688,150.2799197617,148.2147561222,149.5323486328,964900
2023-04-04T04:00:00.000Z,150.5228837055,151.8965416412,150.0930256455,151.1583099365,1118900
2023-04-05T04:00:00.000Z,150.9153218546,152.158155628,147.0186245432,147.2989654541,1245700
2023-04-06T04:00:00.000Z,149.5697028757,149.5697028757,148.1399798574,149.3641204834,1096900
2023-04-10T04:00:00.000Z,149.0464022379,149.3641152845,148.2147332284,148.6539306641,941900
2023-04-11T04:00:00.000Z,148.9529515386,150.4294003792,148.6352384898,149.6164245605,797300
2023-04-12T04:00:00.000Z,150.3639896839,152.5038972037,149.7565820169,151.6441955566,826700
2023-04-13T04:00:00.000Z,151.7563337548,152.027335203,149.4201832089,151.3545227051,1093400
2023-04-14T04:00:00.000Z,151.3825609689,152.877703077,151.1302527082,152.8496704102,642900
2023-04-17T04:00:00.000Z,153.4383456426,154.6811792873,152.6066767236,153.1580047607,631300
2023-04-18T04:00:00.000Z,154.0551111929,154.3821779707,152.9617944554,153.5131225586,882700
2023-04-19T04:00:00.000Z,152.9711268959,154.531673668,152.9711268959,153.9896850586,823300
2023-04-20T04:00:00.000Z,153.5692063318,155.4661596501,153.5038015236,154.4476013184,1249100
2023-04-21T04:00:00.000Z,155.1764489547,155.8212287343,154.4288779891,155.6156463623,1056400
2023-04-24T04:00:00.000Z,155.5689009775,157.7368550798,155.5595615104,157.2415924072,1531200
2023-04-25T04:00:00.000Z,157.4285243443,157.5126223473,149.5229841101,151.036819458,2619500
2023-04-26T04:00:00.000Z,150.9153419913,150.9340351902,148.2240917013,148.8034667969,1470500
2023-04-27T04:00:00.000Z,149.5696756685,150.9713657655,148.0838875878,150.3079071045,964800
2023-04-28T04:00:00.000Z,149.6164298144,152.1114369477,149.6164298144,150.9153289795,853700
2023-05-01T04:00:00.000Z,151.2610892776,153.1860752788,151.2610892776,151.7096405029,557400
2023-05-02T04:00:00.000Z,151.1208848672,151.4292584038,149.2613041799,150.6723480225,725700
2023-05-03T04:00:00.000Z,150.9433553563,151.522716119,148.0278440875,150.2144775391,1073700
2023-05-04T04:00:00.000Z,150.5976035343,151.3451745176,148.2053877945,150.0929870605,1142400
2023-05-05T04:00:00.000Z,150.4948325114,152.8496764339,149.7098892901,152.3824462891,1128600
2023-05-08T04:00:00.000Z,152.7468468441,153.4476918852,150.7097165099,151.111541748,817200
2023-05-09T04:00:00.000Z,150.4387726443,150.8779701371,148.8782256147,150.5509033203,1086400
2023-05-10T04:00:00.000Z,151.4946812362,152.8403061894,150.6069469087,151.8030548096,1029900
2023-05-11T04:00:00.000Z,151.6535436528,153.1486857164,151.092876073,151.3451843262,1150200
2023-05-12T04:00:00.000Z,152.2422436775,153.0458799649,152.1674851555,152.7001342773,682100
2023-05-15T04:00:00.000Z,152.6533959177,153.0645606253,151.8964855507,152.8589782715,2047300
2023-05-16T04:00:00.000Z,151.382557278,152.2796453728,150.8031964981,151.1302490234,996700
2023-05-17T04:00:00.000Z,150.6817443657,151.0929092364,148.9623405963,149.7472839355,1136700
2023-05-18T04:00:00.000Z,149.6257752504,150.4854769957,148.3922950972,150.4481048584,860500
2023-05-19T04:00:00.000Z,150.9807407675,151.3638586113,149.8780703212,150.8125305176,889100
2023-05-23T04:00:00.000Z,147.7942309265,148.1867025055,145.5328389188,145.897277832,2018900
2023-05-24T04:00:00.000Z,145.4300109504,145.5701742437,142.7013895255,143.8227386475,1294000
2023-05-25T04:00:00.000Z,143.7293409322,145.5515357222,142.6640567274,144.8787231445,1831200
2023-05-26T04:00:00.000Z,145.2618166172,146.9625408074,144.7665539154,144.9908294678,1502700
2023-05-29T04:00:00.000Z,145.3178933871,146.1308834169,145.0562456847,145.8131561279,728200
2023-05-30T04:00:00.000Z,146.046754497,146.5046450533,144.962791679,145.2431182861,877300
2023-05-31T04:00:00.000Z,144.6077128863,144.7946020706,142.7668251906,143.0284729004,2052900
2023-06-01T04:00:00.000Z,143.6265245873,145.355281597,143.4209422102,144.6264038086,1286200
2023-06-02T04:00:00.000Z,144.8880756999,148.8969042052,144.869382501,147.6260375977,1768200
2023-06-05T04:00:00.000Z,146.7102722769,148.6539514806,146.7102722769,146.8224029541,2862900
2023-06-06T04:00:00.000Z,146.700910274,146.7102497428,143.9816277006,144.187210083,1431200
2023-06-07T04:00:00.000Z,143.7760525543,146.0467840847,142.6173167279,145.8505554199,1139300
2023-06-08T04:00:00.000Z,146.6676733168,146.6676733168,143.5119134532,144.2726745605,2100300
2023-06-09T04:00:00.000Z,144.6859250694,144.9019402848,142.9014098027,143.145614624,1797400
2023-06-12T04:00:00.000Z,143.1550079165,143.2489350567,141.7837633894,143.0047302246,1560200
2023-06-13T04:00:00.000Z,143.6339948017,144.2351055393,142.8826350424,143.896987915,1229500
2023-06-14T04:00:00.000Z,144.1129995326,146.799152166,144.1129995326,146.0383911133,1089500
2023-06-15T04:00:00.000Z,145.850543596,146.8367212153,145.3809365707,146.4140777588,830600
2023-06-16T04:00:00.000Z,146.1792902678,147.8980538883,146.0665891554,147.4472351074,4074100
2023-06-19T04:00:00.000Z,148.1610137505,148.1610137505,146.6019150157,146.827331543,307100
2023-06-20T04:00:00.000Z,146.3107429842,148.0576814448,145.8411360253,145.8599243164,902100
2023-06-21T04:00:00.000Z,145.3903352185,147.3908513642,144.8549763406,146.827331543,654000
2023-06-22T04:00:00.000Z,146.8273134403,148.1703824633,146.648860503,148.1609954834,1072300
2023-06-23T04:00:00.000Z,147.9731817978,147.9731817978,145.7848112624,145.8787384033,1216500
2023-06-26T04:00:00.000Z,145.5781824912,147.2311941137,145.5781824912,146.7428131104,1236400
2023-06-27T04:00:00.000Z,147.1184718246,148.5648549946,146.5173754728,148.029510498,1471000
2023-06-28T04:00:00.000Z,148.3958325134,148.8842278737,146.4047031442,148.2079925537,722400
2023-06-29T04:00:00.000Z,147.7571702617,149.2692912167,146.8930806714,149.025100708,1383800
2023-06-30T04:00:00.000Z,149.6074151177,151.23226591,149.4477504325,150.6687316895,1205600
2023-07-04T04:00:00.000Z,150.7908310803,151.5234169535,150.4808886984,150.9692840576,424800
2023-07-05T04:00:00.000Z,150.6593252158,151.1289322284,148.8935982625,149.4759063721,808800
2023-07-06T04:00:00.000Z,148.3958470775,148.8842424857,146.7803974692,147.1748657227,1212200
2023-07-07T04:00:00.000Z,146.5174186447,146.8085727606,144.084857249,144.1881713867,1279900
2023-07-10T04:00:00.000Z,144.7704682056,145.5030540945,144.0190940209,144.5732269287,664300
2023-07-11T04:00:00.000Z,143.8124358121,144.7140875122,142.9671489874,143.7091217041,811100
2023-07-12T04:00:00.000Z,143.3616516011,145.7003000643,142.5257515557,144.9019622803,1178300
2023-07-13T04:00:00.000Z,144.8267914152,147.4378051073,144.6389514873,146.0571594238,1461300
2023-07-14T04:00:00.000Z,145.8411723587,147.4566218465,145.8411723587,146.9870147705,947200
2023-07-17T04:00:00.000Z,146.5173955408,146.7334107651,144.9301214628,145.6533203125,1075500
2023-07-18T04:00:00.000Z,145.4654755076,145.9069072542,143.8124496206,145.2682342529,1166400
2023-07-19T04:00:00.000Z,144.9301402019,146.3765380884,144.4135695282,145.9257049561,1267600
2023-07-20T04:00:00.000Z,146.0196149754,146.8649019196,145.2870291354,145.5875701904,742100
2023-07-21T04:00:00.000Z,145.8693415216,147.5974920492,144.8549885604,147.1842498779,930300
2023-07-24T04:00:00.000Z,147.0996916422,148.2361468845,146.4610330032,147.1936187744,917900
2023-07-25T04:00:00.000Z,147.1184580217,148.0107083199,146.4703981673,146.8742675781,987000
2023-07-26T04:00:00.000Z,144.5920293904,148.7809312068,141.9904019327,147.1654815674,2484900
2023-07-27T04:00:00.000Z,147.0621474573,148.9593639773,146.5174015523,147.1842498779,897900
2023-07-28T04:00:00.000Z,147.8135022771,151.5327816506,147.2217928776,150.1897125244,1145400
2023-07-31T04:00:00.000Z,149.7483129759,150.2930589266,148.4334045091,150.1239929199,1710300
2023-08-01T04:00:00.000Z,149.0908508301,150.4433070907,148.6869813163,149.0908508301,909400
2023-08-02T04:00:00.000Z,148.5836568933,149.0344756156,146.3201476382,146.3671112061,1120500
2023-08-03T04:00:00.000Z,145.8787263144,147.5505260988,145.3433674519,147.0151672363,1116000
2023-08-04T04:00:00.000Z,146.9870117907,148.3770446945,146.3483530593,146.9400482178,939600
2023-08-08T04:00:00.000Z,147.6914180635,147.8416957599,145.6439381929,147.475402832,1146200
2023-08-09T04:00:00.000Z,147.7383902879,149.1284232324,147.024578354,148.5930786133,629000
2023-08-10T04:00:00.000Z,149.3444420878,150.03007876,146.3483608822,147.0245819092,1062600
2023-08-11T04:00:00.000Z,146.9682121355,148.0295286096,146.8836863096,147.6726226807,689500
2023-08-14T04:00:00.000Z,147.5317318088,148.4991210493,146.5737295487,146.9212341309,1089200
2023-08-15T04:00:00.000Z,146.1135484123,146.7334188434,144.3384199567,144.357208252,1212500
2023-08-16T04:00:00.000Z,144.3290359533,145.352775932,143.9345677322,144.4041748047,981100
2023-08-17T04:00:00.000Z,144.6389839259,145.7190745019,143.7373320061,143.9815368652,541500
2023-08-18T04:00:00.000Z,143.6997144589,144.9958341165,143.2301075489,144.5919647217,918000
2023-08-21T04:00:00.000Z,144.5544177512,144.6295565844,143.0516697479,143.2676849365,849500
2023-08-22T04:00:00.000Z,143.6903603423,143.7654991848,142.4130286817,142.7417449951,796400
2023-08-23T04:00:00.000Z,142.7605129436,144.1129832539,142.7605129436,143.6245880127,623500
2023-08-24T04:00:00.000Z,143.6434056588,143.9533480293,142.337898643,142.4787750244,1073300
2023-08-25T04:00:00.000Z,142.9483682046,144.2069115275,142.5069364773,143.6809539795,788400
2023-08-28T04:00:00.000Z,144.3008551163,145.0710175646,143.2395385873,143.3898162842,1627200
2023-08-29T04:00:00.000Z,143.2301415372,144.2444944233,142.666607379,143.887588501,1036700
2023-08-30T04:00:00.000Z,144.1693821417,145.8223940024,144.1036302676,144.9395446777,1004400
2023-08-31T04:00:00.000Z,145.0240489305,145.3152030011,142.7699265491,142.9483795166,2910400
2023-09-01T04:00:00.000Z,143.5588635679,144.6953044661,142.8450517662,144.5544281006,1905900
2023-09-05T04:00:00.000Z,144.2726711546,144.7892417496,142.525732444,142.6760101318,1453900
2023-09-06T04:00:00.000Z,142.3378731198,142.8544436445,140.0743641224,140.2152404785,1303800
2023-09-07T04:00:00.000Z,139.7431776103,141.3672210973,138.8745055324,139.1199951172,2234000
2023-09-08T04:00:00.000Z,138.8838861876,139.9886104828,138.0907530127,138.940536499,1746700
2023-09-11T04:00:00.000Z,139.2427199636,140.5929340278,138.9122405342,140.0641784668,1396600
2023-09-12T04:00:00.000Z,139.8659037598,140.819551163,139.0822073283,139.9980926514,675300
2023-09-13T04:00:00.000Z,140.1208392337,142.5285790069,139.5732097957,142.4436035156,1119700
2023-09-14T04:00:00.000Z,143.7843951178,147.9672557453,143.2650763843,147.4479370117,2082100
2023-09-15T04:00:00.000Z,147.1929684655,148.9964139072,146.7775135567,148.6942596436,4443700
2023-09-18T04:00:00.000Z,148.4298719851,148.6753759099,147.0607697867,147.4573364258,1148400
2023-09-19T04:00:00.000Z,146.8247486826,147.4573680573,143.6333122359,144.1998443604,1009800
2023-09-20T04:00:00.000Z,144.7757847649,145.5783549737,143.8976615864,144.0676269531,759300
2023-09-21T04:00:00.000Z,143.1706469943,143.9732172987,140.1113996964,140.290802002,1319700
2023-09-22T04:00:00.000Z,140.3568836849,140.4418735787,139.3371490335,140.2341461182,1178400
2023-09-25T04:00:00.000Z,139.5637779229,142.1320321181,139.5637779229,141.7260284424,830200
2023-09-26T04:00:00.000Z,141.2066808732,141.6976743593,140.0075295235,141.1405792236,2442900
2023-09-27T04:00:00.000Z,141.5088361387,141.9526162674,136.8916469421,138.5534667969,1747600
2023-09-28T04:00:00.000Z,138.015253616,140.7723466782,137.6564489986,139.7053985596,2253100
2023-09-29T04:00:00.000Z,141.0933756216,141.1594772757,138.1002299059,138.8839263916,1481400
2023-10-02T04:00:00.000Z,138.7895202046,139.7998180468,136.8538856081,137.3448791504,1359900
2023-10-03T04:00:00.000Z,136.5328553418,138.6856543071,135.9568863129,137.3259887695,1111000
2023-10-04T04:00:00.000Z,137.2409930422,138.8366965815,137.0238142679,138.109664917,708200
2023-10-05T04:00:00.000Z,137.0615913217,138.6950713534,136.9199511107,138.0435638428,1145700
2023-10-06T04:00:00.000Z,137.5997908799,138.6761902638,136.9199581734,138.1852111816,812400
2023-10-10T04:00:00.000Z,139.1766304336,140.7440234171,138.4495986776,139.4221343994,929900
2023-10-11T04:00:00.000Z,140.0830945105,140.2813850889,139.3088348513,140.1114196777,831000
2023-10-12T04:00:00.000Z,140.1019670293,140.2152676857,138.2229828346,139.2710571289,880700
2023-10-13T04:00:00.000Z,139.7147958418,140.4040653099,138.1757284798,138.940536499,820900
2023-10-16T04:00:00.000Z,139.5732217448,141.3861044191,138.817850362,140.592956543,1240200
2023-10-17T04:00:00.000Z,139.8092598193,141.0744984692,139.7525950853,140.290802002,803700
2023-10-18T04:00:00.000Z,139.6109874201,139.6582008342,136.3629004758,136.4478759766,1028100
2023-10-19T04:00:00.000Z,137.3732140206,137.5337281038,135.8058208682,136.0796356201,1279000
2023-10-20T04:00:00.000Z,135.5508609159,137.9302754774,135.144857305,137.7886352539,1690200
2023-10-23T04:00:00.000Z,136.9577328822,138.5723247334,136.6083652078,136.6555786133,753800
2023-10-24T04:00:00.000Z,136.9105447079,137.9302939422,136.1079598897,136.9011077881,784600
2023-10-25T04:00:00.000Z,135.1731680662,140.3191120072,135.1731680662,138.3929290771,827100
2023-10-26T04:00:00.000Z,138.572332405,141.0367224683,136.4667469541,136.5800476074,884400
2023-10-27T04:00:00.000Z,137.042723908,137.8358573427,136.1834888168,136.9577484131,1054800
2023-10-30T04:00:00.000Z,137.646998748,139.7148219462,137.5525719396,138.3645935059,1078000
2023-10-31T04:00:00.000Z,138.9688982026,139.2238390785,137.8358484537,138.5440063477,1046700
2023-11-01T04:00:00.000Z,138.5912265936,140.5174242285,138.5912265936,139.6770629883,751500
2023-11-02T04:00:00.000Z,140.2152791941,142.4247286206,139.8376007034,141.2822418213,1121000
2023-11-03T04:00:00.000Z,141.5938223726,143.3500545962,141.2727798315,143.3028411865,964000
2023-11-06T05:00:00.000Z,143.529459711,144.3603697165,142.1981336072,143.0195922852,878800
2023-11-07T05:00:00.000Z,142.6985211411,143.4350040942,142.0186885063,142.9723358154,1109600
2023-11-08T05:00:00.000Z,143.1611906839,144.0487508546,142.9912397103,143.6616210938,801500
2023-11-09T05:00:00.000Z,144.435873158,145.9277273924,143.5860895191,143.8882293701,791700
2023-11-10T05:00:00.000Z,144.2092633955,145.7388941789,143.8032598024,145.5406036377,873400
2023-11-13T05:00:00.000Z,145.5878390776,147.1363439317,144.8796811064,146.6736755371,719700
2023-11-14T05:00:00.000Z,147.9578123753,148.7792854734,147.0324899323,148.2127532959,1018800
2023-11-15T05:00:00.000Z,148.8075844997,149.7423436986,146.9286003683,147.4951324463,1106700
2023-11-16T05:00:00.000Z,147.6745344883,148.8359239187,147.4573700809,148.25050354,699100
2023-11-17T05:00:00.000Z,148.7698304492,149.6573907818,148.4676905276,149.3174743652,690400
2023-11-20T05:00:00.000Z,149.3646770549,149.3930022203,148.3638161245,148.5998687744,639200
2023-11-21T05:00:00.000Z,148.713157927,149.1569380271,147.6650836663,148.0333251953,739100
2023-11-22T05:00:00.000Z,148.2504862153,148.7037176311,146.9380341895,147.0891113281,841900
2023-11-23T05:00:00.000Z,147.66508416,149.2608022603,147.3062795483,148.8736724854,351400
2023-11-24T05:00:00.000Z,148.2033040659,148.930335864,147.7595239254,148.4676818848,461600
2023-11-27T05:00:00.000Z,146.5225864322,147.3440594089,143.9260074161,143.9732208252,1897400
2023-11-28T05:00:00.000Z,143.5200035678,145.3612112584,143.5200035678,144.7285919189,1152800
2023-11-29T05:00:00.000Z,145.0307686514,147.202441726,144.5681002238,146.8530883789,977700
2023-11-30T05:00:00.000Z,147.4951365909,148.7792635172,146.1354710915,148.6753997803,3357600
2023-12-01T05:00:00.000Z,148.4771044592,151.4702500826,147.8633733835,151.2908477783,1356600
2023-12-04T05:00:00.000Z,150.6676704027,151.998996205,150.0255997964,151.6496429443,4720900
2023-12-05T05:00:00.000Z,151.1492088514,151.5080134287,150.1955614944,150.4032745361,1572900
2023-12-06T05:00:00.000Z,151.1529516776,152.4245112021,151.1529516776,151.8646392822,1739400
2023-12-07T05:00:00.000Z,152.5668379038,153.6865672274,151.5040557493,152.6522369385,957500
2023-12-08T05:00:00.000Z,152.5953088183,153.6770733948,151.8456709146,151.8836212158,789200
2023-12-11T05:00:00.000Z,151.4755783143,153.3069806056,151.3996632404,153.1931152344,811300
2023-12-12T05:00:00.000Z,153.2025936771,153.6011369415,152.0259462715,153.5631866455,1367500
2023-12-13T05:00:00.000Z,152.9084366738,153.658074497,151.2668148347,153.6296081543,1087100
2023-12-14T05:00:00.000Z,153.7244938646,154.768307948,153.3069682312,153.7529602051,1533900
2023-12-15T05:00:00.000Z,153.0222785774,154.0755765336,152.3105911606,152.7850494385,3847800
2023-12-18T05:00:00.000Z,153.0792791609,154.4552057511,152.8800002437,153.6486206055,929000
2023-12-19T05:00:00.000Z,152.898954678,155.5748922808,152.898954678,155.5179595947,818500
2023-12-20T05:00:00.000Z,154.7208767378,157.368348061,154.3792661336,154.9865722656,979400
2023-12-21T05:00:00.000Z,155.6697872718,156.7990004596,155.1858304889,155.7931365967,603100
2023-12-22T05:00:00.000Z,156.0208702065,157.6150576704,156.0113862527,157.2070159912,574400
2023-12-27T05:00:00.000Z,156.7230934358,158.8012234288,156.4384155158,157.7289428711,620100
2023-12-28T05:00:00.000Z,157.5676241129,158.3836930706,156.5902410505,157.0077667236,438000
2023-12-29T05:00:00.000Z,157.4917255068,158.0895477358,156.8179881949,158.042098999,407900
2024-01-02T05:00:00.000Z,156.9223556069,158.8676378068,156.7041088124,158.6398925781,666500
2024-01-03T05:00:00.000Z,158.2413683451,159.6552596611,157.9187400919,158.5450286865,723300
2024-01-04T05:00:00.000Z,158.8201832172,159.9209300627,158.2128771093,159.4654541016,725600
2024-01-05T05:00:00.000Z,159.2566926283,160.3574394832,158.6304041268,159.6457519531,595600
2024-01-08T05:00:00.000Z,159.0289422818,159.6647147173,157.7573974108,158.7063140869,878800
2024-01-09T05:00:00.000Z,158.1939118316,158.7063204865,157.0931649678,157.2449951172,1094800
2024-01-10T05:00:00.000Z,156.1822126643,157.9661808819,156.1822126643,157.8997497559,819200
2024-01-11T05:00:00.000Z,157.9092665531,158.4216753139,156.5333399287,158.2413787842,614900
2024-01-12T05:00:00.000Z,158.8391643119,160.6041499361,158.2223742545,160.5756835938,976800
2024-01-15T05:00:00.000Z,159.4179864751,160.3953694005,159.057393539,159.9968261719,263700
2024-01-16T05:00:00.000Z,159.256688488,161.0216740958,158.4690859044,160.1961212158,696700
2024-01-17T05:00:00.000Z,159.0669074303,159.6077824077,157.0931590017,157.3968048096,881900
2024-01-18T05:00:00.000Z,157.9661615379,160.2056054912,157.8427977356,159.7406311035,702300
2024-01-19T05:00:00.000Z,158.7727554952,161.4297107772,157.7289412921,160.7844543457,880700
2024-01-22T05:00:00.000Z,161.3158410637,161.4961375556,159.2661774904,159.6077880859,908800
2024-01-23T05:00:00.000Z,159.5603436457,161.0881001725,159.3041465516,160.7844543457,770000
2024-01-24T05:00:00.000Z,161.1734859906,161.1734859906,156.4004367786,157.8902282715,1204500
2024-01-25T05:00:00.000Z,158.3931892812,159.3705724192,156.8084999751,158.155960083,743200
2024-01-26T05:00:00.000Z,158.1084965479,159.1428267592,157.5960878987,158.1369628906,579100
2024-01-29T05:00:00.000Z,157.6150684753,158.080028388,156.5238055909,157.9756469727,638400
2024-01-30T05:00:00.000Z,157.9661659842,159.8165506742,157.4252765091,158.9720153809,590400
2024-01-31T05:00:00.000Z,158.77275334,160.2056123819,158.0610657964,158.2603302002,1166500
2024-02-01T05:00:00.000Z,158.7157986554,161.4676657145,158.7157986554,161.2683868408,716600
2024-02-02T05:00:00.000Z,161.9706010606,162.3216956219,160.0917499651,161.8377532959,604300
2024-02-05T05:00:00.000Z,162.1698465027,162.9289827037,161.4107247811,162.3691253662,901700
2024-02-06T05:00:00.000Z,162.2837314624,164.2574798553,162.0654702052,164.1625823975,811300
2024-02-07T05:00:00.000Z,164.6370489174,165.7093294313,163.7260825063,165.0071258545,704400
2024-02-08T05:00:00.000Z,164.6845129563,165.1684553101,163.5742820418,163.7166137695,881400
2024-02-09T05:00:00.000Z,163.6976150134,164.7129628344,163.1092912916,164.1720733643,936500
2024-02-12T05:00:00.000Z,164.3428752225,164.6275531104,163.232644491,163.8399505615,833100
2024-02-13T05:00:00.000Z,162.5873858084,162.8435973747,161.0406614153,161.5530700684,1827200
2024-02-14T05:00:00.000Z,162.2742498695,165.6429072624,161.8377562684,165.614440918,827800
2024-02-15T05:00:00.000Z,165.775734251,166.5253865056,165.0450643834,165.9844970703,889200
2024-02-16T05:00:00.000Z,166.1078713922,166.9334242886,165.5195331917,166.1173553467,800500
2024-02-20T05:00:00.000Z,165.6713674838,166.5159027896,163.7640500798,164.2764587402,1889400
2024-02-21T05:00:00.000Z,164.0392294563,165.4246542444,163.8399650527,165.3677215576,628200
2024-02-22T05:00:00.000Z,166.0699103776,168.4422021837,166.0509424683,168.1670227051,803400
2024-02-23T05:00:00.000Z,168.2429296671,169.0495001546,168.0246828857,168.6130065918,897400
2024-02-26T05:00:00.000Z,168.1954923318,169.2677728824,167.6830836626,168.707901001,575800
2024-02-27T05:00:00.000Z,168.4232500885,168.9356587959,167.8254278639,168.584564209,570800
2024-02-28T05:00:00.000Z,168.1195797546,168.6035220871,166.9049674665,167.1421966553,637900
2024-02-29T05:00:00.000Z,167.2560602224,167.5217557526,166.5728390078,166.9808807373,2074000
2024-03-01T05:00:00.000Z,166.7911065758,168.641491402,166.5918276809,167.6641082764,1001100
2024-03-04T05:00:00.000Z,167.3984064217,167.853882405,165.5575056201,166.9808807373,1219000
2024-03-05T05:00:00.000Z,166.4684502694,168.0531539053,166.4684502694,167.1896362305,1003500
2024-03-06T05:00:00.000Z,167.5472243054,167.9667621339,163.075354936,163.5997772217,1358300
2024-03-07T05:00:00.000Z,164.0002340882,165.9453467421,163.5520927497,165.5734863281,1394200
2024-03-08T05:00:00.000Z,165.8023130603,166.4697528991,165.0395184379,165.611618042,1270700
2024-03-11T04:00:00.000Z,165.3255525931,165.7546199811,164.0955574745,165.3732299805,1078800
2024-03-12T04:00:00.000Z,165.7927835252,167.5090532406,165.4972040641,167.1181335449,1269600
2024-03-13T04:00:00.000Z,167.1276795966,167.6521018607,166.4697693516,167.3183746338,810700
2024-03-14T04:00:00.000Z,167.289747392,167.2992915994,164.4864856404,165.3446350098,760000
2024-03-15T04:00:00.000Z,165.2302342351,166.5651286296,164.6676787681,166.1741943359,5033200
2024-03-18T04:00:00.000Z,166.5651004864,168.4720796856,164.2767167178,167.8618469238,1316200
2024-03-19T04:00:00.000Z,168.2146546982,168.9869790437,166.8988342285,166.8988342285,729100
2024-03-20T04:00:00.000Z,167.0609303613,169.7402339882,167.0609303613,169.5018615723,1202600
2024-03-21T04:00:00.000Z,170.1978958414,172.9058028492,169.8260354744,171.2944030762,1061100
2024-03-22T04:00:00.000Z,172.0476713367,172.1525557781,170.5697594989,170.941619873,603100
2024-03-25T04:00:00.000Z,170.4076703845,170.6555724543,167.9857985406,168.0906829834,827600
2024-03-26T04:00:00.000Z,168.19556076,169.5495288044,167.6425495914,168.576965332,873900
2024-03-27T04:00:00.000Z,169.4351159145,170.4362830042,169.1014032506,170.3218688965,584000
2024-03-28T04:00:00.000Z,170.4267145745,171.3802040528,169.6448462188,170.0739135742,1051300
2024-04-01T04:00:00.000Z,170.0548654505,170.4743886273,169.3969553394,170.2074127197,1081600
2024-04-02T04:00:00.000Z,169.4065104887,170.3027931199,168.1669709891,168.6151123047,713900
2024-04-03T04:00:00.000Z,168.2527912761,169.8165137316,168.1002294392,168.529296875,772300
2024-04-04T04:00:00.000Z,168.7676552243,169.5495236615,166.1074257046,166.7271881104,1158400
2024-04-05T04:00:00.000Z,167.5185904874,168.6437012341,166.8892838584,168.1002197266,611000
2024-04-08T04:00:00.000Z,167.4327929489,169.3683758275,167.4327929489,168.9106903076,549000
2024-04-09T04:00:00.000Z,169.4732655103,170.016747077,167.8141881849,169.4923248291,907600
2024-04-10T04:00:00.000Z,170.1025232814,171.7425264075,168.6341558331,171.1322937012,1138800
2024-04-11T04:00:00.000Z,171.4183660078,171.5995313669,168.4816161759,168.8820800781,1063000
2024-04-12T04:00:00.000Z,168.5483648133,169.0632428083,167.566271665,168.7199859619,701300
2024-04-15T04:00:00.000Z,169.883245645,170.5792890012,168.252786525,169.1776580811,629000
2024-04-16T04:00:00.000Z,168.9869396416,169.253915537,167.5281018737,167.6997375488,936600
2024-04-17T04:00:00.000Z,168.6246429033,168.6246429033,164.5913713883,166.7939300537,1000800
2024-04-18T04:00:00.000Z,167.308833034,167.7379004743,166.1169709502,166.9655761719,757300
2024-04-19T04:00:00.000Z,166.8320930433,168.8344272218,166.6795312003,167.3088378906,810500
2024-04-22T04:00:00.000Z,167.9095370298,169.7116319276,167.575809825,168.9488372803,1273600
2024-04-23T04:00:00.000Z,169.0632319763,170.1978868833,168.1002127559,168.5674133301,1005700
2024-04-24T04:00:00.000Z,168.2813782159,168.7676526554,159.8143862406,160.5199737549,1696200
2024-04-25T04:00:00.000Z,159.8906909398,164.0479066351,159.3090616379,162.4746398926,1587200
2024-04-26T04:00:00.000Z,162.6272002554,163.5806899516,161.873949797,163.2851104736,661300
2024-04-29T04:00:00.000Z,163.4281145244,163.9620809312,161.006257299,161.7213745117,1306900
2024-04-30T04:00:00.000Z,161.2065083118,161.5306913135,159.3185882568,159.3185882568,1313300
2024-05-01T04:00:00.000Z,158.9085890579,159.3185826252,157.5546354966,158.7560272217,962800
2024-05-02T04:00:00.000Z,159.5474168064,159.8048630727,158.4699689008,159.0420684814,638200
2024-05-03T04:00:00.000Z,160.0336970747,161.5211385796,159.4806713398,161.1111450195,569000
2024-05-06T04:00:00.000Z,161.1397459351,164.5818440486,161.1397459351,164.4578857422,1034700
2024-05-07T04:00:00.000Z,165.2778663124,166.2313558116,163.456697877,163.8953094482,630100
2024-05-08T04:00:00.000Z,163.2088277534,165.2874428338,162.9323221462,164.8488311768,672500
2024-05-09T04:00:00.000Z,165.1157808829,167.4041644943,164.9060120215,165.9643859863,813800
2024-05-10T04:00:00.000Z,166.6604483236,167.0037051771,165.1730068082,166.1074371338,626400
2024-05-13T04:00:00.000Z,166.1360390678,166.5365029682,164.1527788832,164.8964996338,1519600
2024-05-14T04:00:00.000Z,165.0490494773,165.6402083517,163.9429980904,164.5437011719,654200
2024-05-15T04:00:00.000Z,164.7534559767,164.9441655295,162.3506727418,162.7415924072,1408200
2024-05-16T04:00:00.000Z,162.7034723695,164.3434757221,162.3697451743,164.3244018555,1436100
2024-05-17T04:00:00.000Z,164.2481043324,165.5734542224,163.5139278556,165.1348571777,690900
2024-05-21T04:00:00.000Z,165.4018475947,166.4697513266,164.2862664713,164.9155731201,797900
2024-05-22T04:00:00.000Z,164.1432179382,166.4697347358,164.1336882805,166.4602050781,1141600
2024-05-23T04:00:00.000Z,166.8606777351,166.9846360371,164.6199713858,165.4209136963,806000
2024-05-24T04:00:00.000Z,166.7367235423,166.7367235423,164.9537026262,165.2874298096,574600
2024-05-27T04:00:00.000Z,165.4972099361,166.7939419274,165.4972099361,166.1551055908,394200
2024-05-28T04:00:00.000Z,165.325572061,165.3351017199,161.4067289646,161.4734802246,1162700
2024-05-29T04:00:00.000Z,160.5962606171,162.1790569855,160.5485977721,161.1016235352,1187100
2024-05-30T04:00:00.000Z,161.1016083992,162.4936950606,160.7774108795,161.8357849121,1108900
2024-05-31T04:00:00.000Z,162.2553431986,165.6116310721,162.0169707696,165.4304656982,2305800
2024-06-03T04:00:00.000Z,165.3923185789,166.0502142062,162.1218415636,163.6283569336,1104600
2024-06-04T04:00:00.000Z,163.3995167916,164.4292873603,162.2839356461,163.5330047607,1526300
2024-06-05T04:00:00.000Z,164.086039835,164.9060415632,163.3613928969,164.4960479736,1172600
2024-06-06T04:00:00.000Z,164.19090763,165.3923138478,164.1813779715,165.0490570068,899600
2024-06-07T04:00:00.000Z,164.7855613171,166.3282108164,163.4537097335,163.7603302002,3968400
2024-06-10T04:00:00.000Z,163.3961962717,164.4980823314,162.7350587876,163.9519348145,1703900
2024-06-11T04:00:00.000Z,163.5399188112,163.990258422,161.9110380119,162.39012146,1476200
2024-06-12T04:00:00.000Z,163.1279046456,165.1496372645,161.4990239403,162.0068511963,1342800
2024-06-13T04:00:00.000Z,161.5469519583,161.6715037186,159.4773078587,160.1192779541,837600
2024-06-14T04:00:00.000Z,160.0138708227,160.5504419424,158.4807979486,160.2917327881,884500
2024-06-17T04:00:00.000Z,157.8580157811,160.0330589997,157.2831097237,158.7778625488,1955800
2024-06-18T04:00:00.000Z,159.15154948,159.9659826829,154.7918865708,155.692565918,1345700
2024-06-19T04:00:00.000Z,155.4146875492,156.1812240885,152.6934967243,153.3162994385,1067600
2024-06-20T04:00:00.000Z,153.0576004189,155.2326289619,152.5880933299,154.7152252197,1581900
2024-06-21T04:00:00.000Z,154.3128193348,154.4852824005,152.7797460774,153.4121398926,6097500
2024-06-24T04:00:00.000Z,154.207391412,155.7404497612,154.0445047849,154.8206176758,959800
2024-06-25T04:00:00.000Z,154.8110394929,154.8110394929,152.9617696963,154.2648773193,883700
2024-06-26T04:00:00.000Z,153.7091564312,155.6159141244,152.4922801838,155.2134857178,666100
2024-06-27T04:00:00.000Z,156.506982485,157.1297997604,151.2658082201,154.7918701172,1402400
2024-06-28T04:00:00.000Z,155.0984999894,156.6986372527,154.4565298026,154.8972930908,1135800
2024-07-02T04:00:00.000Z,154.1211510638,154.619387323,153.2013044107,154.0924072266,1093100
2024-07-03T04:00:00.000Z,154.2361433584,156.9860779734,154.1307444035,156.1237335205,629000
2024-07-04T04:00:00.000Z,155.8554548126,156.2962034652,155.6063220242,155.9033660889,214500
2024-07-05T04:00:00.000Z,156.037498966,156.1716417587,153.987022208,154.0445098877,1965000
2024-07-08T04:00:00.000Z,152.2048104457,153.6803809663,151.7065595884,152.6072387695,994500
2024-07-09T04:00:00.000Z,152.1952398357,152.5976682135,150.6238465708,150.9783782959,2025400
2024-07-10T04:00:00.000Z,152.1185748964,154.7918687896,151.7736342205,154.7439575195,1817000
2024-07-11T04:00:00.000Z,155.0697508191,156.363282176,154.1786624864,155.9033660889,1468000
2024-07-12T04:00:00.000Z,156.2482718119,158.0975267739,156.181193116,156.9573059082,1002800
2024-07-15T04:00:00.000Z,157.4651628935,159.5539745777,157.2926998496,159.23777771,1268200
2024-07-16T04:00:00.000Z,159.2377606927,162.3997144115,158.538302944,161.8631286621,1244600
2024-07-17T04:00:00.000Z,161.815258422,161.815258422,159.7935253324,161.3265838623,988300
2024-07-18T04:00:00.000Z,160.0522174335,161.7386007968,158.61496686,159.1323852539,1179200
2024-07-19T04:00:00.000Z,159.189835415,159.9180369372,158.1358460613,158.7299194336,493100
2024-07-22T04:00:00.000Z,159.400660447,161.0007975599,159.2473502203,160.91456604,720600
2024-07-23T04:00:00.000Z,160.7900050414,160.8762365642,158.2891885382,158.4329223633,805700
2024-07-24T04:00:00.000Z,148.8033373578,153.6324925832,148.5542045818,153.2875518799,2562700
2024-07-25T04:00:00.000Z,153.3546255673,153.632487554,150.2022480672,150.2597503662,1463600
2024-07-26T04:00:00.000Z,151.1604084066,153.7570471992,151.1604084066,152.9234466553,906900
2024-07-29T04:00:00.000Z,152.8659602775,153.527097862,152.080270922,152.3485565186,617100
2024-07-30T04:00:00.000Z,152.1952406044,153.3546290909,152.0323539712,152.8468017578,985200
2024-07-31T04:00:00.000Z,153.3738099647,154.1882432022,151.4574758241,153.1438446045,862900
2024-08-01T04:00:00.000Z,153.4504420393,153.4504420393,149.847739316,150.4801330566,849900
2024-08-02T04:00:00.000Z,149.1003566781,149.378218655,146.6953629453,149.2153320312,912300
2024-08-06T04:00:00.000Z,146.599544557,148.3434154382,145.8234316604,147.4235687256,1446500
2024-08-07T04:00:00.000Z,148.5158858949,148.765004053,144.855680915,145.0377349854,1143300
2024-08-08T04:00:00.000Z,145.8234392561,146.9061726534,144.3861887444,146.3983306885,1279600
2024-08-09T04:00:00.000Z,146.465408293,146.5228959738,145.0377341988,145.8426055908,517300
2024-08-12T04:00:00.000Z,146.2737863503,146.3887617185,145.3347721082,145.8330230713,1084200
2024-08-13T04:00:00.000Z,146.1875589457,146.3600220029,144.6065744857,145.7467956543,884700
2024-08-14T04:00:00.000Z,145.9767377873,146.1396244111,144.7311178529,146.0342254639,1002500
2024-08-15T04:00:00.000Z,146.973219743,149.215326773,146.7815892877,148.7458343506,1085500
2024-08-16T04:00:00.000Z,148.2763367933,148.8033315445,147.4618890306,148.04637146,466900
2024-08-19T04:00:00.000Z,148.5158942282,149.0908003121,147.9409881443,148.5542144775,980900
2024-08-20T04:00:00.000Z,148.6117248535,149.0908084093,147.940996179,148.6117248535,958300
2024-08-21T04:00:00.000Z,148.5350462824,149.4069671047,148.2667607031,148.7841644287,1737100
2024-08-22T04:00:00.000Z,148.515899995,149.7519291168,147.9122500455,149.6465301514,847100
2024-08-23T04:00:00.000Z,150.4322219348,152.453954929,150.3363993847,152.0706939697,901700
2024-08-26T04:00:00.000Z,152.5114186266,153.0863245956,152.1089902965,152.5880737305,557400
2024-08-27T04:00:00.000Z,152.2431488037,153.162995525,152.0706857675,152.2431488037,930100
2024-08-28T04:00:00.000Z,152.3485423675,153.7857927672,151.2274888102,151.4286956787,592800
2024-08-29T04:00:00.000Z,152.2335855502,152.6455903638,151.0646205798,151.1795959473,962800
2024-08-30T04:00:00.000Z,151.9940432513,152.3868806288,150.6046893376,152.1473388672,1571500
2024-09-03T04:00:00.000Z,150.9687939317,153.8816298715,150.9687939317,153.0863494873,2343800
2024-09-04T04:00:00.000Z,152.5880865407,154.6481396316,152.5210078364,153.4600219727,2343900
2024-09-05T04:00:00.000Z,153.4121203593,153.8337161824,150.8442251731,151.9077911377,1472200
2024-09-06T04:00:00.000Z,151.8837107044,152.6928802501,149.5814212385,150.7181243896,1637200
2024-09-09T04:00:00.000Z,152.962600292,153.6561783737,151.6236121313,153.1456298828,2919100
2024-09-10T04:00:00.000Z,153.0396696555,153.2997651168,150.2846274067,151.864440918,1779700
2024-09-11T04:00:00.000Z,152.1437944253,152.3942474467,148.1942536116,152.2786560059,1932100
2024-09-12T04:00:00.000Z,152.6350871863,156.4690222231,152.5387658762,156.247467041,1367100
2024-09-13T04:00:00.000Z,156.2474539729,157.8369097953,155.3997588997,155.5153503418,1348200
2024-09-16T04:00:00.000Z,156.0258890825,158.096980684,155.6405745005,157.8561553955,893400
2024-09-17T04:00:00.000Z,157.9814297814,158.4919783481,155.3419786508,155.8910675049,885600
2024-09-18T04:00:00.000Z,155.6598441765,155.9103119066,153.3479270751,153.4924163818,1046800
2024-09-19T04:00:00.000Z,155.3516004449,156.4882888918,154.5327884832,155.4479217529,1954500
2024-09-20T04:00:00.000Z,154.8506685601,155.1492895816,151.2864570447,153.0396575928,5096900
2024-09-23T04:00:00.000Z,153.164898244,153.1745259649,151.7392165144,152.3653564453,1238200
2024-09-24T04:00:00.000Z,152.5580224749,153.4442579088,152.3171971494,152.6639862061,871400
2024-09-25T04:00:00.000Z,152.3171941902,152.9433488436,150.3424383188,150.35206604,738400
2024-09-26T04:00:00.000Z,150.7566388099,152.1534226195,150.6121495085,151.5272827148,694000
2024-09-27T04:00:00.000Z,151.3827968131,153.3768376043,151.247935216,151.565826416,808200
2024-09-30T04:00:00.000Z,150.7566452862,152.7603136455,150.7566452862,152.558013916,685100
2024-10-01T04:00:00.000Z,152.3942587204,152.6158138979,150.7951750767,152.2304992676,1057200
2024-10-02T04:00:00.000Z,151.6332645536,152.4713319997,150.5832696408,150.8048248291,849700
2024-10-03T04:00:00.000Z,150.5639931615,150.756650478,148.608492737,149.2153625488,945500
2024-10-04T04:00:00.000Z,148.6084864075,149.9667299848,147.9245360597,148.3772888184,1008600
2024-10-07T04:00:00.000Z,147.7993107211,149.8126215999,147.7993107211,148.4832611084,705800
2024-10-08T04:00:00.000Z,148.4543812792,149.5332741576,148.1075921827,149.2731933594,782100
2024-10-09T04:00:00.000Z,148.9263866677,150.7662809772,148.9263866677,150.5736236572,596800
2024-10-10T04:00:00.000Z,151.2672015392,153.5213230472,151.1901356716,152.4617004395,996100
2024-10-11T04:00:00.000Z,152.6254579563,154.2245416172,152.606187815,153.5791168213,660500
2024-10-15T04:00:00.000Z,153.3575718882,154.1860116366,152.6639937407,153.7043609619,1075600
2024-10-16T04:00:00.000Z,153.819932986,154.9759062183,152.8566317583,153.4635162354,609800
2024-10-17T04:00:00.000Z,153.4442455262,153.9162684176,151.0359924659,152.1341552734,959100
2024-10-18T04:00:00.000Z,152.8373828452,152.8373828452,150.390589391,151.0841674805,994800
2024-10-21T04:00:00.000Z,151.1708678846,151.8162926988,149.4176671396,149.6488647461,705400
2024-10-22T04:00:00.000Z,149.3116998444,150.1305118199,148.1942668211,149.4176635742,1260700
2024-10-23T04:00:00.000Z,151.2286718081,153.2130700743,149.1672076763,149.3791351318,1300600
2024-10-24T04:00:00.000Z,148.5025444003,149.8318903107,146.7878691183,147.8860321045,1051100
2024-10-25T04:00:00.000Z,148.2617144668,149.3406072763,147.722268062,148.5892333984,735100
2024-10-28T04:00:00.000Z,148.8107774662,149.7740787452,148.2520609605,148.8300476074,983400
2024-10-29T04:00:00.000Z,148.5892255369,149.2635335072,147.789683694,147.9245452881,783500
2024-10-30T04:00:00.000Z,147.6548333803,148.3773094106,146.8071234679,147.1153869629,1085500
2024-10-31T04:00:00.000Z,146.7204293983,146.7493272635,144.6493373311,144.8323669434,1152100
2024-11-01T04:00:00.000Z,145.2080413414,146.0172108951,144.6107845481,145.4392242432,741700
2024-11-04T05:00:00.000Z,145.044282425,146.1809708928,143.9172069797,144.6878509521,978200
2024-11-05T05:00:00.000Z,144.408507862,145.3910646487,143.7438275835,145.3525390625,521900
2024-11-06T05:00:00.000Z,147.0768458205,151.4406145407,144.7745561388,150.7084960938,1120400
2024-11-07T05:00:00.000Z,151.8933321729,152.3653550711,149.6295830826,151.402053833,971800
2024-11-08T05:00:00.000Z,151.4020478861,151.4887414664,148.1171872653,148.4928741455,972900
2024-11-11T05:00:00.000Z,149.7355691738,151.3057551301,149.5043715505,149.7837371826,1028100
2024-11-12T05:00:00.000Z,150.6699448707,151.7103119351,148.8685616237,149.8222351074,1184800
2024-11-13T05:00:00.000Z,149.6488708641,150.6410700804,148.3580358817,150.2942810059,716400
2024-11-14T05:00:00.000Z,150.6410629073,151.3346410234,148.4061968224,149.0708770752,802400
2024-11-15T05:00:00.000Z,148.9071159991,149.3309709209,147.6066533709,147.7222595215,812300
2024-11-18T05:00:00.000Z,147.6162822354,147.9245309782,145.9112349835,146.4217834473,1391200
2024-11-19T05:00:00.000Z,145.3621637774,145.8727123027,143.1754803571,143.6089630127,1174100
2024-11-20T05:00:00.000Z,143.8497846465,144.061712108,141.9424521914,143.946105957,925400
2024-11-21T05:00:00.000Z,144.1773147002,146.9997953659,143.6474960054,146.9227294922,860700
2024-11-22T05:00:00.000Z,146.7782080086,150.0534411058,146.2965573795,149.7355499268,1363100
2024-11-25T05:00:00.000Z,150.2750009006,152.1534354721,150.0245478574,150.5543518066,2356200
2024-11-26T05:00:00.000Z,150.7566442219,150.9493015303,147.144264568,148.5699462891,1202600
2024-11-27T05:00:00.000Z,148.1942641892,151.0938104258,147.3947223694,150.3327941895,1223700
2024-11-28T05:00:00.000Z,150.323172317,151.3346416319,149.7933536569,150.5928955078,731000
2024-11-29T05:00:00.000Z,149.8993027731,151.4694884584,149.600681748,150.6025085449,769300
2024-12-02T05:00:00.000Z,150.2942579225,151.1708508468,149.8511329014,150.3905792236,1821300
2024-12-03T05:00:00.000Z,150.0438121527,150.9493177685,147.3080398616,148.0112457275,2902700
2024-12-04T05:00:00.000Z,148.0594147156,148.8782267435,147.4718003035,148.5892333984,2128800
2024-12-05T05:00:00.000Z,148.1846400276,148.5314290819,146.6240966327,147.7222595215,1952000
2024-12-06T05:00:00.000Z,148.1557251522,148.9263690397,145.7185743307,145.8148956299,795900
2024-12-09T05:00:00.000Z,145.9263024235,147.8249782973,145.8875605727,146.1394195557,2352200
2024-12-10T05:00:00.000Z,146.0813131873,146.8659650749,145.4516434986,146.0038146973,2348100
2024-12-11T05:00:00.000Z,146.342874179,146.4687962963,144.0470238219,144.3860778809,2022800
2024-12-12T05:00:00.000Z,144.2989035254,144.6379428169,143.126759096,144.2214050293,1450700
2024-12-13T05:00:00.000Z,144.1923266733,144.6863628945,143.1751793651,143.2623596191,788800
2024-12-16T05:00:00.000Z,142.8555119134,143.5142269131,141.6543074784,141.9158630371,1193400
2024-12-17T05:00:00.000Z,141.7124368581,143.4561160605,141.6736950008,142.7877044678,831800
2024-12-18T05:00:00.000Z,142.4002162704,143.6498443176,141.8093032171,141.8189849854,1439300
2024-12-19T05:00:00.000Z,142.1386676198,142.3033463762,139.6781532603,140.3368682861,1099500
2024-12-20T05:00:00.000Z,139.9784328654,142.1774061572,139.2228411231,140.7921447754,3242500
2024-12-23T05:00:00.000Z,140.5015492854,142.7005228921,140.3756271645,142.6327209473,1054800
2024-12-24T05:00:00.000Z,143.4367523193,143.4367523193,141.4993342708,143.4367523193,188200
2024-12-27T05:00:00.000Z,143.11705777,144.0082681815,142.138652324,142.4195861816,508600
2024-12-31T05:00:00.000Z,140.4628016713,141.6349460373,140.4143632662,141.4024505615,419600
2025-01-02T05:00:00.000Z,141.9739861128,143.5626682529,141.828685678,142.1871032715,1004600
2025-01-03T05:00:00.000Z,142.4002045489,143.8435860932,142.4002045489,143.5432739258,1429900
2025-01-06T05:00:00.000Z,144.7348080854,145.5097782034,143.5045435775,143.8823394775,1077900
2025-01-07T05:00:00.000Z,145.7906884325,146.0716075077,144.8607213912,145.170715332,1079900
2025-01-08T05:00:00.000Z,144.1438892279,145.0350996542,142.4777087149,142.6327056885,1056500
2025-01-09T05:00:00.000Z,142.5842733367,143.0783095821,141.6640027865,141.8189849854,364300
2025-01-10T05:00:00.000Z,143.0008102725,143.0008102725,139.4262718869,139.6393890381,1377900
2025-01-13T05:00:00.000Z,139.0484857753,140.2012518703,138.6997499379,139.8040924072,910200
2025-01-14T05:00:00.000Z,139.6684468973,140.8212128929,138.9709900642,139.4069061279,1042400
2025-01-15T05:00:00.000Z,140.4628074436,141.0730988543,139.6393988668,139.8040924072,818100
2025-01-16T05:00:00.000Z,140.6952982822,142.3324040503,139.3294150661,142.2064819336,907900
2025-01-17T05:00:00.000Z,142.69082982,143.330181268,142.2549137533,142.3323974609,796500
2025-01-20T05:00:00.000Z,142.8167508235,144.4635678338,142.6520720787,143.6110992432,309400
2025-01-21T05:00:00.000Z,143.7757820107,144.4926319621,143.1170670132,143.9985809326,1257300
2025-01-22T05:00:00.000Z,143.8920156039,146.2556677194,143.2720424901,145.4806976318,722700
2025-01-23T05:00:00.000Z,146.0522664243,149.7236671902,146.0522664243,147.9315643311,1155000
2025-01-24T05:00:00.000Z,147.3406447458,147.7475007519,146.5172361837,146.6625366211,846000
2025-01-27T05:00:00.000Z,145.9747672476,148.6193387816,145.9360106085,148.5805969238,538400
2025-01-28T05:00:00.000Z,148.0187304565,148.9293192342,146.4106700526,146.65284729,868200
2025-01-29T05:00:00.000Z,146.8078377728,148.3287030701,146.4881620598,147.4665527344,593800
2025-01-30T05:00:00.000Z,147.7281161989,148.7162034755,146.6334703456,147.4956207275,859300
2025-01-31T05:00:00.000Z,146.7497364773,149.3071277288,145.4516551416,147.0694122314,1816100
2025-02-03T05:00:00.000Z,141.6833545106,143.2817330206,139.2809606432,139.3390808105,2212000
2025-02-04T05:00:00.000Z,140.4627909106,143.1073620766,139.9784364592,141.102142334,1490800
2025-02-05T05:00:00.000Z,141.0440167122,144.1729422086,140.9471399131,144.0954437256,948000
2025-02-06T05:00:00.000Z,144.260135801,145.1610428154,142.4583365535,143.1945648193,731500
2025-02-07T05:00:00.000Z,143.2429894058,143.2429894058,140.4046792437,140.4821777344,1103600
2025-02-10T05:00:00.000Z,141.1602651576,142.0805356763,140.4143551496,142.0417938232,1396400
2025-02-11T05:00:00.000Z,141.2086773028,143.1557765508,140.947121804,142.4292449951,759600
2025-02-12T05:00:00.000Z,141.4314945973,142.4680201801,140.4143473306,142.0127258301,914700
2025-02-13T05:00:00.000Z,142.13866695,143.252691165,140.9471590228,140.9859008789,1333000
2025-02-14T05:00:00.000Z,141.5283898569,142.0127443536,139.3390980716,139.5328369141,2044500
2025-02-18T05:00:00.000Z,139.4553559877,141.7511916181,139.0484851948,141.1990203857,1417800
2025-02-19T05:00:00.000Z,140.5306157137,141.6349433352,139.494090033,141.1699523926,1153200
2025-02-20T05:00:00.000Z,140.4627920619,142.6327053434,140.3852935753,142.6133270264,1111000
2025-02-21T05:00:00.000Z,142.36147563,143.7564041196,141.6833675312,143.3108062744,852700
2025-02-24T05:00:00.000Z,142.8845780179,143.9695273719,139.4747181868,139.6684570312,1469100
2025-02-25T05:00:00.000Z,139.9300024481,141.3152639089,139.0678520888,139.4069061279,1608500
2025-02-26T05:00:00.000Z,140.2303027795,140.288437733,138.9128580115,139.6781463623,675900
2025-02-27T05:00:00.000Z,139.736265634,140.8309114744,139.39721159,139.6006469727,665700
2025-02-28T05:00:00.000Z,139.9106300281,142.1483601745,139.4844104958,142.0902252197,1865300
2025-03-03T05:00:00.000Z,141.6833566272,143.5142158341,138.0506982975,138.1185150146,2580400
2025-03-04T05:00:00.000Z,136.5104695317,138.3413289373,135.0380277234,136.704208374,2367600
2025-03-05T05:00:00.000Z,137.3144875157,140.0559354952,137.1013703737,139.0581665039,1805300
2025-03-06T05:00:00.000Z,138.254136888,141.7608584139,137.2757462096,141.2183837891,1689300
2025-03-07T05:00:00.000Z,140.8987025681,142.5939430952,139.9687503279,140.6952819824,1011800
2025-03-10T04:00:00.000Z,138.6660295157,140.5666292644,137.535410993,138.1299591064,3328200
2025-03-11T04:00:00.000Z,137.4281992409,137.9642696592,132.2819529698,134.0168609619,3340700
2025-03-12T04:00:00.000Z,133.4515495859,136.4047926311,131.6386663913,135.7322692871,1647000
2025-03-13T04:00:00.000Z,135.0597620692,137.8570546807,134.85507523,134.9720306396,957700
2025-03-14T04:00:00.000Z,135.2352025911,136.8239163969,135.1182471751,136.7459411621,1285700
2025-03-17T04:00:00.000Z,136.1416274259,137.2917434698,135.3813875292,136.7361755371,1545300
2025-03-18T04:00:00.000Z,136.6289719896,136.7654398058,134.6503968658,135.9369659424,901300
2025-03-19T04:00:00.000Z,136.2585816721,136.9311049336,135.4983418648,136.3462982178,1078600
2025-03-20T04:00:00.000Z,135.3618979223,137.018830564,134.6796184178,136.356048584,1270300
2025-03-21T04:00:00.000Z,136.3560603682,136.4535331265,134.7478639624,134.8940582275,2634000
2025-03-24T04:00:00.000Z,135.0695037891,138.2859114152,135.0695037891,137.7108459473,1220500
2025-03-25T04:00:00.000Z,137.6621376443,138.4808553375,136.1319014791,136.7849273682,1494000
2025-03-26T04:00:00.000Z,136.9506096722,139.3288022209,136.8433955861,139.2215881348,1002700
2025-03-27T04:00:00.000Z,137.7303407796,139.8648662044,137.5646489945,139.0851287842,1160000
2025-03-28T04:00:00.000Z,138.4905918909,138.5295869448,135.8394933709,135.9857025146,776700
2025-03-31T04:00:00.000Z,134.6211470529,137.5061710406,134.1045741733,136.4925079346,2867000
2025-04-01T04:00:00.000Z,136.5412410525,137.7205959152,135.2059506076,137.5256652832,836200
2025-04-02T04:00:00.000Z,137.3209809472,139.9818205591,135.8297400207,139.8941040039,733700
2025-04-03T04:00:00.000Z,135.5665692825,138.324881522,134.3189954255,134.8648071289,1878900
2025-04-04T04:00:00.000Z,133.4807931607,137.9935112174,132.0675273918,133.8901519775,2510100
2025-04-07T04:00:00.000Z,130.0012425521,134.1533235154,128.5782205099,131.5802001953,2633700
2025-04-08T04:00:00.000Z,134.5042170498,134.5724509653,127.2429416401,128.7244415283,2117000
2025-04-09T04:00:00.000Z,126.7653164967,135.6055623114,126.7263363209,135.2351837158,1682200
2025-04-10T04:00:00.000Z,134.7478592188,134.8940534788,128.422258159,130.4008331299,1409700
2025-04-11T04:00:00.000Z,129.2117684169,135.2059718054,128.6756979407,135.0207824707,1318600
2025-04-14T04:00:00.000Z,134.5529165106,136.9018698925,134.5529165106,135.4593505859,1016900
2025-04-15T04:00:00.000Z,135.5860804088,137.0188437101,133.9583864614,134.0363616943,1017500
2025-04-16T04:00:00.000Z,132.7108223807,133.6075153177,131.6971591494,133.1884002686,1386300
2025-04-17T04:00:00.000Z,133.2468731435,134.5041883604,133.0519276393,133.8316650391,852500
2025-04-21T04:00:00.000Z,133.1883757621,133.5490130339,131.5217018166,133.0324401855,699200
2025-04-22T04:00:00.000Z,133.5782510628,134.3189933815,131.1708199367,131.4924621582,1243800
2025-04-23T04:00:00.000Z,133.3248236285,134.962273534,132.1064886792,132.2819366455,1129400
2025-04-24T04:00:00.000Z,131.794629133,132.4768938672,130.4106021373,131.8726043701,1337900
2025-04-25T04:00:00.000Z,131.4534753625,132.1259986977,130.4788073109,131.2098083496,610500
2025-04-28T04:00:00.000Z,131.0636139581,132.3989044284,129.6211094074,129.9134979248,891100
2025-04-29T04:00:00.000Z,129.6990942343,130.1084530612,128.0713853817,130.0694580078,1067600
2025-04-30T04:00:00.000Z,129.6698345012,130.1376858865,128.0713794489,130.1279296875,1291400
2025-05-01T04:00:00.000Z,130.1279303721,130.7127371707,128.7146646266,129.0265655518,1612500
2025-05-02T04:00:00.000Z,130.8297093209,136.5315242833,130.1377032221,136.4340515137,2477100
2025-05-05T04:00:00.000Z,135.2449190859,136.2975622542,132.818005414,132.8472442627,856800
2025-05-06T04:00:00.000Z,133.3248511635,134.0071307738,131.6581769371,132.1650085449,657200
2025-05-07T04:00:00.000Z,132.3989097175,134.5821715922,132.3111931588,134.5529327393,1303200
2025-05-08T04:00:00.000Z,135.0012637771,138.2566663073,134.9525422733,137.5256652832,1653200
2025-05-09T04:00:00.000Z,137.4282081448,138.2371844881,136.0441811666,136.4243011475,1030100
2025-05-12T04:00:00.000Z,139.9818243564,143.909735514,139.9818243564,142.798614502,2960100
2025-05-13T04:00:00.000Z,142.7986116848,144.0949219854,142.5257058186,142.8765869141,1489600
2025-05-14T04:00:00.000Z,143.2177255732,145.5569229431,142.3015352271,144.9331359863,1780700
2025-05-15T04:00:00.000Z,144.9233848615,147.7596722631,144.9233848615,147.1261291504,1211700
2025-05-16T04:00:00.000Z,147.3503050475,148.2664953716,146.4438709219,147.1651306152,1710600
2025-05-20T04:00:00.000Z,146.2002003271,146.8727236282,144.9038900995,145.703125,692100
2025-05-21T04:00:00.000Z,144.7382141337,145.2352895151,143.2274755909,143.402923584,1122200
2025-05-22T04:00:00.000Z,143.3736787092,144.0754409078,142.6524189851,143.5588531494,1312100
2025-05-23T04:00:00.000Z,142.3015494638,142.7401471555,140.4009495516,140.5569000244,1308700
2025-05-26T04:00:00.000Z,141.3658481287,142.4574864633,141.3561068022,141.4340820312,203300
2025-05-27T04:00:00.000Z,141.3950904259,142.1553302574,140.8395225409,141.7946929932,1640500
2025-05-28T04:00:00.000Z,141.6485043597,142.5549384747,141.2683844289,141.5412902832,1083500
2025-05-29T04:00:00.000Z,142.1065896345,142.6231624565,140.5178761219,141.3365936279,1004500
2025-05-30T04:00:00.000Z,141.3171397922,141.7557374833,140.3327154469,140.6056213379,2775100
2025-06-02T04:00:00.000Z,140.0793029381,140.3327112944,138.276160973,140.1475219727,1153000
2025-06-03T04:00:00.000Z,140.1280190712,141.8629268787,139.5724511862,141.6972351074,2870100
2025-06-04T04:00:00.000Z,141.9019245793,142.3015420681,141.2294012132,141.4730682373,2110600
2025-06-05T04:00:00.000Z,141.7264897124,141.9214203549,140.4594182284,140.6446075439,2182300
2025-06-06T04:00:00.000Z,141.6582544363,142.3405191143,139.7089182866,140.1085357666,681400
2025-06-09T04:00:00.000Z,140.2733033847,141.1363474521,139.3023788089,140.4008026123,1755500
2025-06-10T04:00:00.000Z,139.9300467498,142.5780202132,139.9300467498,141.803237915,3748500
2025-06-11T04:00:00.000Z,141.9111124788,142.185714684,138.576648578,139.9790802002,1843900
2025-06-12T04:00:00.000Z,139.7437032829,140.7832708216,139.0179603951,140.4792480469,999300
2025-06-13T04:00:00.000Z,139.5475504292,140.5380936532,138.0764608549,138.3706817627,720500
2025-06-16T04:00:00.000Z,139.0964337216,139.9594777833,138.2922308523,139.4985351562,1963100
2025-06-17T04:00:00.000Z,139.2631368387,139.292557431,135.8894359181,136.6053619385,1665500
2025-06-18T04:00:00.000Z,136.5759532248,137.4880365594,136.3209697478,136.8505554199,858200
2025-06-19T04:00:00.000Z,136.3307604314,137.8116667528,136.3307604314,137.0565032959,334500
2025-06-20T04:00:00.000Z,138.5766465541,138.5766465541,136.9290183819,137.3507385254,1734700
2025-06-23T04:00:00.000Z,136.8211271052,138.4000971204,136.811325229,137.821472168,1553800
2025-06-24T04:00:00.000Z,137.9881980887,138.076459871,136.4288467426,137.4684143066,1041200
2025-06-25T04:00:00.000Z,137.4782160574,137.497834775,136.0169433361,136.4582672119,1110600
2025-06-26T04:00:00.000Z,136.6053718327,139.233726331,136.4582688606,139.0081634521,2621600
2025-06-27T04:00:00.000Z,139.2435328717,140.577321401,137.1643976507,138.9198913574,1410600
2025-06-30T04:00:00.000Z,139.1846787714,139.8319617399,138.5864351123,139.1552581787,1175700
2025-07-02T04:00:00.000Z,140.7342430092,142.3720543551,140.5871400303,142.1072540283,2105100
2025-07-03T04:00:00.000Z,142.4210745763,142.4210745763,141.2736266003,142.0876312256,948400
2025-07-04T04:00:00.000Z,141.5286255682,142.2739872158,141.1461428676,141.3422851562,407000
2025-07-07T04:00:00.000Z,141.2638276229,141.6561271716,137.9685862374,137.9882049561,1368300
2025-07-08T04:00:00.000Z,138.7139452394,142.4799310464,138.7139452394,140.8911590576,1228400
2025-07-09T04:00:00.000Z,141.1951641674,141.4011083066,140.5086587622,140.6557617188,993000
2025-07-10T04:00:00.000Z,140.9205723457,143.9412113149,140.9205723457,142.1268615723,1194900
2025-07-11T04:00:00.000Z,141.4207451447,141.881687754,140.4007962641,141.1559448242,862100
2025-07-14T04:00:00.000Z,140.3321353619,140.6851974604,138.3412619901,139.6456298828,807000
2025-07-15T04:00:00.000Z,139.930024224,140.4988472857,138.4981721764,138.6256713867,736200
2025-07-16T04:00:00.000Z,138.792404489,139.1944909403,137.4782197382,138.0470428467,744800
2025-07-17T04:00:00.000Z,138.8904687656,139.4004506866,137.2624743056,137.3016967773,1236000
2025-07-18T04:00:00.000Z,137.5959027002,138.027424666,132.7707311064,133.9770202637,1951200
2025-07-21T04:00:00.000Z,134.7027769523,135.4579255053,133.623971927,133.6337738037,921900
2025-07-22T04:00:00.000Z,133.4768680141,134.3595157815,132.3980629964,133.9279937744,1477400
2025-07-23T04:00:00.000Z,128.4947733237,129.4853015712,127.3963496122,128.4555358887,2786900
2025-07-24T04:00:00.000Z,128.3672722454,129.3676173194,127.5042282627,127.6611480713,1537900
2025-07-25T04:00:00.000Z,128.2005449303,128.9164709493,127.5042226631,128.8674316406,1241900
2025-07-28T04:00:00.000Z,128.8674440479,129.0537844598,127.6121154426,127.9553756714,1032000
2025-07-29T04:00:00.000Z,128.1515051868,130.2894963251,127.7984431164,128.602645874,1308200
2025-07-30T04:00:00.000Z,128.9655062418,128.9655062418,127.4747981012,127.837677002,1155400
2025-07-31T04:00:00.000Z,127.4944286198,127.9161337776,126.5235041223,126.8863830566,1405000
2025-08-01T04:00:00.000Z,126.1704329749,126.5823511913,125.1406748455,125.5721893311,1313100
2025-08-05T04:00:00.000Z,126.5234948133,127.9455599228,126.3371693863,127.1021347046,1679100
2025-08-06T04:00:00.000Z,127.4748118064,127.7003896504,126.7981082039,126.8961868286,1938600
2025-08-07T04:00:00.000Z,126.9942665834,126.9942665834,124.5718637023,124.6209030151,1951500
2025-08-08T04:00:00.000Z,124.7287745642,125.4152800002,124.4639817482,124.8758850098,979200
2025-08-11T04:00:00.000Z,124.6601333051,126.1508416232,124.463991018,126.0429611206,2163000
2025-08-12T04:00:00.000Z,126.1116016975,127.1805898609,126.1116016975,126.778503418,1623300
2025-08-13T04:00:00.000Z,127.2590415636,127.2590415636,126.4744724814,126.7392578125,1853500
2025-08-14T04:00:00.000Z,126.1998694433,126.3175667905,124.84647715,125.6114425659,1415900
2025-08-15T04:00:00.000Z,125.6800706211,126.9746365332,125.6800706211,126.4352340698,2286700
2025-08-18T04:00:00.000Z,126.7098491718,127.1413711865,125.4349093283,126.1998672485,971900
2025-08-19T04:00:00.000Z,126.5038898816,128.4359218754,126.3175494917,128.1809234619,1984800
2025-08-20T04:00:00.000Z,128.455534026,129.3087761324,127.6219256015,127.6611480713,2080700
2025-08-21T04:00:00.000Z,127.7886565691,128.4947807944,127.1707941307,128.2299804688,1373700
2025-08-22T04:00:00.000Z,128.3770608302,130.6719716407,127.5924917977,130.0246887207,2343700
2025-08-25T04:00:00.000Z,130.2992985806,130.4365996659,128.229965461,129.0537719727,3813400
2025-08-26T04:00:00.000Z,128.8184242254,131.3683039974,128.661504403,131.0446624756,2363400
2025-08-27T04:00:00.000Z,130.9563980073,132.1332667214,130.9563980073,131.5546417236,1680200
2025-08-28T04:00:00.000Z,130.7602642931,130.8485260854,128.6516933675,129.6520385742,1224600
2025-08-29T04:00:00.000Z,129.6323945458,130.8092780721,129.6127907945,130.3875579834,1579500
2025-09-02T04:00:00.000Z,129.9952934281,130.9662030324,129.9462541129,130.6719970703,1570400
2025-09-03T04:00:00.000Z,131.7605907997,131.8978918898,130.5346828651,130.7210083008,1733600
2025-09-04T04:00:00.000Z,131.4075301604,131.4075301604,129.8285601247,131.2506103516,3626300
2025-09-05T04:00:00.000Z,130.9662000492,132.5942095042,130.6621772521,131.1819610596,2169400
2025-09-08T04:00:00.000Z,131.2787171185,131.5749043442,129.2251714354,129.8965301514,4061000
2025-09-09T04:00:00.000Z,130.6468519457,130.6468519457,127.35920553,127.6060256958,3120800
2025-09-10T04:00:00.000Z,128.9289791483,128.9289791483,126.1547228745,126.5200119019,3386300
2025-09-11T04:00:00.000Z,127.9515748116,128.3859656316,124.5059600129,128.2576293945,2966300
2025-09-12T04:00:00.000Z,128.8697468167,128.9289812475,127.5171770967,127.7442474365,1633800
2025-09-15T04:00:00.000Z,128.0009368178,129.6299590127,127.8429833548,129.6003417969,2258300
2025-09-16T04:00:00.000Z,129.679326903,130.2716862884,128.7413981795,129.866897583,1537900
2025-09-17T04:00:00.000Z,130.0149995663,130.9134286311,128.1786568367,128.6624298096,1395300
2025-09-18T04:00:00.000Z,128.8993703186,129.353526085,127.1222619831,127.3592147827,1381800
2025-09-19T04:00:00.000Z,127.1321381602,128.070051799,126.7174820798,127.0235366821,4063800
2025-09-22T04:00:00.000Z,126.5200186452,126.8655729242,125.4833784053,125.5623626709,3349200
2025-09-23T04:00:00.000Z,125.8980331421,126.5397671117,125.4833770506,125.8980331421,1234400
2025-09-24T04:00:00.000Z,125.9276598546,126.7273548338,125.3451603083,126.4311676025,2621700
2025-09-25T04:00:00.000Z,125.7400717905,128.4550937422,125.7005796583,127.1617584229,2790000
2025-09-26T04:00:00.000Z,127.6356485329,127.9022185417,126.3126960017,127.7343826294,1529000
2025-09-29T04:00:00.000Z,128.0799242287,130.4494070074,128.000939963,129.0770874023,1547200
2025-09-30T04:00:00.000Z,129.0770841373,129.6497087511,127.6948821185,129.5707244873,1214600
2025-10-01T04:00:00.000Z,130.0248669602,130.3111868033,129.2054221602,130.0742340088,892800
2025-10-02T04:00:00.000Z,129.5312268821,130.3802889001,129.2745393193,130.1630859375,1129000
2025-10-03T04:00:00.000Z,130.0347492526,132.7892558116,130.024866804,132.7793884277,1357300
2025-10-06T04:00:00.000Z,133.1051887504,133.2335249951,131.8908226652,133.0656890869,2038700
2025-10-07T04:00:00.000Z,133.2730365442,133.6383256084,131.742748338,133.5297241211,1750500
2025-10-08T04:00:00.000Z,133.2730236121,133.2828909956,131.6242666942,132.799118042,1447300
2025-10-09T04:00:00.000Z,133.0459465703,133.4408679036,131.9698141835,132.2561340332,1198700
2025-10-10T04:00:00.000Z,133.3816375093,134.319551224,130.1828424042,130.558013916,1043400
2025-10-14T04:00:00.000Z,131.6440068473,133.1249279189,131.1799837063,132.8682403564,1956300
2025-10-15T04:00:00.000Z,133.282897942,134.9119051132,132.5523047819,134.6947021484,1913200
2025-10-16T04:00:00.000Z,134.6650775544,135.1093659083,131.258962251,131.2984619141,1760200
2025-10-17T04:00:00.000Z,130.4987456916,133.4803373952,130.4197764986,132.3449707031,1429700
2025-10-20T04:00:00.000Z,133.391484783,133.5297034668,131.6538763201,132.1080169678,639800
2025-10-21T04:00:00.000Z,132.048790466,133.0656883575,131.4169314357,131.5057830811,972600
2025-10-22T04:00:00.000Z,131.9500608016,134.7045824174,131.5057874952,132.7201385498,1196100
2025-10-23T04:00:00.000Z,132.7201379883,133.3520121018,132.0784115557,132.5424346924,1367300
2025-10-24T04:00:00.000Z,132.5226919997,132.7102777541,131.2293566163,131.7328643799,945700
2025-10-27T04:00:00.000Z,132.2067724802,132.2956241346,130.419796684,130.9726715088,1377000
2025-10-28T04:00:00.000Z,131.7921088251,131.7921088251,129.9261488657,130.3111877441,844500
2025-10-29T04:00:00.000Z,130.0840996634,130.2519355747,127.6751474087,128.247756958,1878600
2025-10-30T04:00:00.000Z,128.3465036569,129.8372922376,128.1095508422,128.8895111084,1177000
2025-10-31T04:00:00.000Z,134.6255985391,137.7256593733,132.2264985745,132.7793884277,2199700
2025-11-03T05:00:00.000Z,132.8781069853,132.9373414174,130.8146939193,132.6905212402,1073400
2025-11-04T05:00:00.000Z,132.0290319034,133.3816165846,130.301290834,133.2236480713,1311600
2025-11-05T05:00:00.000Z,133.3520115637,134.5663626082,133.1545433716,133.7765350342,1173500
2025-11-06T05:00:00.000Z,134.1418372754,134.2701885999,131.5452990192,131.7723693848,1341700
2025-11-07T05:00:00.000Z,131.3478251194,131.6637621923,129.7978021665,131.6143951416,1241600
2025-11-10T05:00:00.000Z,131.742743566,131.9796813008,130.7554628319,130.8146972656,1551800
2025-11-11T05:00:00.000Z,130.7258423632,132.8188726466,130.7258423632,132.7201385498,713600
2025-11-12T05:00:00.000Z,132.9176064142,135.504277046,132.6214191891,135.3660583496,1219600
2025-11-13T05:00:00.000Z,134.734203515,135.6721172031,133.737055393,133.7567901611,1157100
2025-11-14T05:00:00.000Z,133.2927748015,133.9838834102,131.8019862233,133.0953216553,1357600
2025-11-17T05:00:00.000Z,132.2857414218,133.6975455384,131.8019684737,132.3844604492,1594900
2025-11-18T05:00:00.000Z,131.2490939299,131.4366796664,129.5805871967,129.6793212891,1347000
2025-11-19T05:00:00.000Z,129.5608482082,129.945887097,128.8105202638,129.8767852783,832400
2025-11-20T05:00:00.000Z,130.1433542959,130.9232994516,128.1194257673,128.1984100342,1075600
2025-11-21T05:00:00.000Z,129.0178442463,129.9656404173,128.5439536931,129.4423828125,1410800
2025-11-24T05:00:00.000Z,129.4325121843,129.5509810534,126.4213028877,126.450920105,4160800
2025-11-25T05:00:00.000Z,127.6060234212,129.0277099609,127.5072893307,129.0277099609,1559200
2025-11-26T05:00:00.000Z,129.501600275,130.6962164828,128.8894910963,130.3506622314,939600
2025-11-27T05:00:00.000Z,130.6863333641,130.9627707379,130.0742241887,130.1433410645,292100
2025-11-28T05:00:00.000Z,131.8217224948,132.7695035249,131.0121450946,132.1277770996,963600
2025-12-01T05:00:00.000Z,131.6736110859,133.9641093487,131.1997206078,132.1080169678,951500
2025-12-02T05:00:00.000Z,132.5819141427,133.0953043077,130.6666023031,132.5029449463,1478100
2025-12-03T05:00:00.000Z,132.7892621524,136.4915650005,132.5819265644,135.9386901855,3278100
2025-12-04T05:00:00.000Z,136.4421819606,136.7877362118,135.0994796824,135.7905731201,2354400
2025-12-05T05:00:00.000Z,135.9979227908,136.007790175,133.7469238947,134.0529785156,1408100
2025-12-08T05:00:00.000Z,134.1516988768,136.3631978804,133.9739805271,134.4676208496,1335600
2025-12-09T05:00:00.000Z,134.5848778838,135.8469570329,134.3066263623,134.5352020264,2258100
2025-12-10T05:00:00.000Z,133.7799441394,135.3500864984,133.0147599842,134.7140808105,4376500
2025-12-11T05:00:00.000Z,135.2507209663,135.6879625607,133.6606991489,134.0581970215,2338200
2025-12-12T05:00:00.000Z,134.0581863838,134.8035062084,133.6606885428,133.8693847656,1104300
2025-12-15T05:00:00.000Z,134.0482651847,135.1215276394,133.7501341979,134.6147155762,2206800
2025-12-16T05:00:00.000Z,134.3463919818,134.664387238,132.4880659778,132.5874328613,1359100
2025-12-17T05:00:00.000Z,132.6172454245,134.1277646021,132.0309307678,133.4818267822,1522000
2025-12-18T05:00:00.000Z,133.4917530755,137.0692791856,133.4917530755,136.3239593506,1521300
2025-12-19T05:00:00.000Z,136.5922766386,136.5922766386,134.4556992097,134.6445159912,2830400
2025-12-22T05:00:00.000Z,135.578645227,135.578645227,133.7401986546,134.2569580078,1472100
2025-12-23T05:00:00.000Z,134.2172029883,134.6544597487,133.5712651509,134.3960876465,990600
2025-12-24T05:00:00.000Z,134.2668848432,134.60475953,133.6606907692,134.1078796387,473700
2025-12-29T05:00:00.000Z,133.7799468571,135.7674665675,133.7799468571,135.3997802734,1327000
2025-12-30T05:00:00.000Z,135.061898946,136.4929154935,135.0320873648,135.2407684326,1079300
2025-12-31T05:00:00.000Z,135.6482129176,135.896652868,134.8233904627,134.9028930664,596000
2026-01-02T05:00:00.000Z,134.892963686,137.3376043564,134.8730842438,136.9202270508,688900
2026-01-05T05:00:00.000Z,136.9897954069,137.1785970327,134.6147100756,135.9065856934,779100
2026-01-06T05:00:00.000Z,135.9960366012,138.3214309266,135.4295862288,138.1326141357,2001600
2026-01-07T05:00:00.000Z,138.3313664869,139.6232573096,133.0644363101,133.1638183594,1271600
2026-01-08T05:00:00.000Z,133.1638159212,137.0494204578,133.1141248974,137.0295410156,1453400
2026-01-09T05:00:00.000Z,137.605926753,138.2717440286,136.2047217343,136.8307952881,915200
2026-01-12T05:00:00.000Z,136.4034726743,137.4369914184,135.4991627277,136.5127868652,1235600
2026-01-13T05:00:00.000Z,136.4630973872,136.691657886,133.8594365074,134.3066253662,1003600
2026-01-14T05:00:00.000Z,134.2470152247,135.3500892707,134.1973241992,134.7339630127,1239200
2026-01-15T05:00:00.000Z,134.9525836957,137.2183548236,134.4954475163,137.1189727783,1146400
2026-01-16T05:00:00.000Z,136.9102863756,138.440669734,136.0158934935,138.4108581543,1274000
2026-01-19T05:00:00.000Z,137.3077923337,138.5698715493,136.254409352,138.470489502,452800
2026-01-20T05:00:00.000Z,137.7947419222,138.5003029112,133.4619484488,133.6010742188,1702400
2026-01-21T05:00:00.000Z,134.3761996504,137.496604776,134.107880262,136.5525360107,1100400
2026-01-22T05:00:00.000Z,137.3574849114,137.8046738022,136.5326624329,137.0394744873,643500
2026-01-23T05:00:00.000Z,137.1388560973,137.7748617799,135.7873421263,135.9264678955,864000
2026-01-26T05:00:00.000Z,135.9264646951,136.8109103136,135.3500821895,136.125213623,805200
2026-01-27T05:00:00.000Z,136.0954002516,136.4233428021,134.9525825582,135.6680908203,1436600
2026-01-28T05:00:00.000Z,135.230829961,135.6183956609,132.746430561,132.8656768799,1764700
2026-01-29T05:00:00.000Z,132.746432546,135.5687066673,132.6669299444,135.3202667236,2436100
2026-01-30T05:00:00.000Z,136.1450986253,136.731413294,130.003670068,130.1726074219,2490700
2026-02-02T05:00:00.000Z,129.2384738381,130.2322337059,127.6385198444,129.9738464355,1951800
2026-02-03T05:00:00.000Z,130.5303588038,131.9414959327,129.1987091168,130.8185424805,1941700
2026-02-04T05:00:00.000Z,131.4247388386,135.9860928649,131.1762988786,134.386138916,2017100
2026-02-05T05:00:00.000Z,133.5414444039,136.612158492,133.5414444039,136.2146606445,2413200
2026-02-06T05:00:00.000Z,136.6220945287,137.6854248047,136.0059682984,137.6854248047,1405600
2026-02-09T05:00:00.000Z,137.7152400104,139.4543197249,136.2146681156,139.2655029297,1219500
2026-02-10T05:00:00.000Z,139.22575192,144.3436087465,138.6394221227,142.8728485107,2856700
2026-02-11T05:00:00.000Z,143.598286603,144.6317900907,142.5449036742,143.3001556396,2487100
2026-02-12T05:00:00.000Z,143.6579146608,145.3373711536,142.5747201151,144.99949646,2588900
2026-02-13T05:00:00.000Z,144.4827456941,145.7249455213,143.0815406498,145.5063171387,1525300
2026-02-17T05:00:00.000Z,145.8243148921,149.2130242017,145.8243148921,146.9671325684,2593700
2026-02-18T05:00:00.000Z,147.2752070893,147.3944685828,145.3274462703,146.8280181885,2044100
2026-02-19T05:00:00.000Z,146.0826910794,149.2229756969,145.4764969928,148.9944000244,1466400
2026-02-20T05:00:00.000Z,148.9347812562,150.8726250605,148.6664770191,150.2465515137,1149600
2026-02-23T05:00:00.000Z,151.051484195,151.5483640773,149.372027767,149.8390960693,3139300
2026-02-24T05:00:00.000Z,149.6602300698,151.5980586228,149.3322875203,151.5284881592,2098000
2026-02-25T05:00:00.000Z,151.2403029195,151.5384338854,147.9310810418,148.189453125,2963400
2026-02-26T05:00:00.000Z,148.4975251671,150.216740603,148.318655675,149.9186096191,2791400
2026-02-27T05:00:00.000Z,149.3124124267,152.3731944811,149.2130303796,152.1148223877,3426300
2026-03-02T05:00:00.000Z,150.7732389572,153.6650836315,150.3260500773,153.5458221436,1536100
2026-03-03T05:00:00.000Z,152.234068164,152.8402622564,148.318652075,151.0018005371,3787300
2026-03-04T05:00:00.000Z,150.5943569261,151.5682524705,149.3422250078,150.2366027832,4049000
2026-03-05T05:00:00.000Z,148.2689664313,149.6304277356,147.3447770503,149.0440979004,1271400
2026-03-06T05:00:00.000Z,146.7882673488,148.0503313824,143.4392864975,144.2243652344,2517000
2026-03-09T04:00:00.000Z,141.968532718,146.2019442183,140.0207567408,145.7150115967,1887900
2026-03-10T04:00:00.000Z,144.75,146.2400054932,143.8800048828,144.5599975586,1641000
2026-03-11T04:00:00.000Z,144.1999969482,145.2200012207,144.0700073242,144.1999969482,2729400
2026-03-12T04:00:00.000Z,143.3800048828,144.9799957275,141.1199951172,141.5,4646800
2026-03-13T04:00:00.000Z,142.2700042725,144.5500030518,141.9400024414,144.0099945068,1769100
2026-03-16T04:00:00.000Z,145.0299987793,146.3600006104,143.4299926758,145.3300018311,2164500
2026-03-17T04:00:00.000Z,145.5399932861,145.5399932861,139.5399932861,139.75,1494900
2026-03-18T04:00:00.000Z,139.6300048828,140.8999938965,137.3999938965,137.75,1102500
2026-03-19T04:00:00.000Z,137.3500061035,137.6499938965,135.0700073242,136.1199951172,2051400
2026-03-20T04:00:00.000Z,135.4299926758,137.3899993896,134.3999938965,135.4499969482,3593000
2026-03-23T04:00:00.000Z,136.9799957275,139.0200042725,136.6000061035,138.3399963379,1826600
2026-03-24T04:00:00.000Z,137.0399932861,140.5700073242,136.5700073242,139.0299987793,951300
2026-03-25T04:00:00.000Z,140.0700073242,141.3399963379,138.8800048828,140.6900024414,1973900
2026-03-26T04:00:00.000Z,140.2700042725,141.9600067139,139.3000030518,140.6399993896,1798600
2026-03-27T04:00:00.000Z,139.7599945068,141.2599945068,139.6499938965,140.8200073242,2162000
2026-03-30T04:00:00.000Z,141.5099945068,143.1000061035,140.9799957275,141.1999969482,2381900
2026-03-31T04:00:00.000Z,141.8699951172,143.5,140.1300048828,143.1799926758,1557400
2026-04-01T04:00:00.000Z,143.5299987793,144.9400024414,142.6000061035,143.3899993896,874200
2026-04-02T04:00:00.000Z,143.0200042725,145.6699981689,142.5,144.9299926758,1634300
2026-04-06T04:00:00.000Z,144.1699981689,146.6600036621,143.9799957275,146.1499938965,2159700
2026-04-07T04:00:00.000Z,146.1600036621,147.8800048828,145.7400054932,147.2400054932,1539700
2026-04-08T04:00:00.000Z,149.3300018311,151.7700042725,148.3699951172,149.0399932861,1817200
2026-04-09T04:00:00.000Z,150.0,152.7299957275,149.9499969482,152.1000061035,1559200
2026-04-10T04:00:00.000Z,152.3500061035,154.0,151.4600067139,152.2599945068,1115500
2026-04-13T04:00:00.000Z,151.8699951172,153.1199951172,151.4499969482,152.8899993896,866600
2026-04-14T04:00:00.000Z,152.5200042725,154.3500061035,152.0599975586,154.2100067139,686000
2026-04-15T04:00:00.000Z,154.0,154.0,150.8999938965,150.9700012207,824800
2026-04-16T04:00:00.000Z,150.8999938965,151.6399993896,148.9499969482,149.1600036621,1279700
2026-04-17T04:00:00.000Z,149.3099975586,152.0500030518,149.3099975586,151.1600036621,1043500
2026-04-20T04:00:00.000Z,151.3300018311,152.1600036621,150.1799926758,151.8200073242,836300
2026-04-21T04:00:00.000Z,151.9700012207,152.8600006104,150.3099975586,150.8300018311,1200600
2026-04-22T04:00:00.000Z,151.7299957275,151.9299926758,149.3300018311,149.6799926758,651900
2026-04-23T04:00:00.000Z,149.8999938965,156.2299957275,149.8899993896,156.2299957275,1468200
2026-04-24T04:00:00.000Z,155.6699981689,157.4900054932,155.5,156.7100067139,935000
2026-04-27T04:00:00.000Z,155.5899963379,157.7200012207,155.5899963379,156.7299957275,1340200
2026-04-28T04:00:00.000Z,157.5700073242,158.25,156.5800018311,157.3600006104,1274100
2026-04-29T04:00:00.000Z,152.1199951172,153.1399993896,146.4600067139,147.9100036621,1793300
2026-04-30T04:00:00.000Z,147.8200073242,153.0200042725,147.8200073242,152.5700073242,1388500
2026-05-01T04:00:00.000Z,153.1699981689,153.75,152.0399932861,152.1900024414,758100
2026-05-04T04:00:00.000Z,151.7100067139,152.0700073242,148.3800048828,148.9199981689,1108900
2026-05-05T04:00:00.000Z,148.9100036621,150.6000061035,148.2799987793,149.8699951172,1346000
2026-05-06T04:00:00.000Z,151.1100006104,154.0500030518,150.4600067139,152.9400024414,1078300
2026-05-07T04:00:00.000Z,153.0099945068,153.9900054932,151.2799987793,151.3399963379,964200
2026-05-08T04:00:00.000Z,151.4100036621,152.75,151.0,152.7100067139,1368800
2026-05-11T04:00:00.000Z,151.9100036621,152.75,150.6399993896,151.3399963379,2340600
