Date,Open,High,Low,Close,Volume
2021-01-04T05:00:00.000Z,178.0666220336,178.3890313011,170.709870761,173.5919952393,13426600
2021-01-05T05:00:00.000Z,172.1460351206,176.1907825251,172.1460351206,174.3345031738,7771800
2021-01-06T05:00:00.000Z,174.2172888695,177.4315872497,173.201208443,174.9988708496,7517800
2021-01-07T05:00:00.000Z,175.3701447415,175.8097883623,173.4943210267,174.4713134766,7300800
2021-01-08T05:00:00.000Z,174.696000181,175.878167487,172.5368554301,174.5787658691,7894500
2021-01-11T05:00:00.000Z,173.6604076718,177.0896457983,173.2696166556,174.9695739746,6461300
2021-01-12T05:00:00.000Z,173.220760405,174.2172968553,170.8368964962,171.94090271,8349800
2021-01-13T05:00:00.000Z,170.3874583331,173.6408446181,169.7426547179,172.0678863525,6839500
2021-01-14T05:00:00.000Z,172.9374234827,174.2466046598,169.4104802383,169.4397888184,8951200
2021-01-15T05:00:00.000Z,168.9708280688,170.1823039791,166.2547904623,167.4955749512,12232500
2021-01-19T05:00:00.000Z,168.1403996976,169.7133580738,167.4955811293,168.2967071533,7834700
2021-01-20T05:00:00.000Z,171.1886082657,173.7874116085,169.019683961,169.6449584961,9809200
2021-01-21T05:00:00.000Z,169.2541756576,170.9736769851,167.0852512484,167.339263916,8416400
2021-01-22T05:00:00.000Z,169.9966804759,171.2179209966,167.9352258808,168.8047485352,9517200
2021-01-25T05:00:00.000Z,167.9352264404,169.1271583852,164.8870148612,167.9352264404,7833700
2021-01-26T05:00:00.000Z,169.0196849721,169.3616382747,165.1605679788,165.6588287354,7523200
2021-01-27T05:00:00.000Z,161.2135087493,162.5129104157,156.8268224634,159.2790679932,18239200
2021-01-28T05:00:00.000Z,162.3468275745,168.902453229,162.1318880509,167.9254608154,14449100
2021-01-29T05:00:00.000Z,164.9163370722,165.9030941309,161.9755801046,164.3008270264,12848800
2021-02-01T05:00:00.000Z,166.909363182,167.7788857443,164.1640171676,167.0363769531,8140400
2021-02-02T05:00:00.000Z,169.7719871889,175.6241625951,168.824303292,172.8885955811,12215200
2021-02-03T05:00:00.000Z,172.9276508677,174.3247428122,171.7161749525,172.3707580566,5508600
2021-02-04T05:00:00.000Z,173.5040690221,177.2068784017,172.4293863745,176.0833282471,9035400
2021-02-05T05:00:00.000Z,177.5292921506,178.1252580994,175.2040455128,176.9919433594,6640500
2021-02-08T05:00:00.000Z,179.6200727886,186.2538451454,179.0827239449,185.6285705566,16085700
2021-02-09T05:00:00.000Z,183.8406574392,184.8958110162,181.7596588644,183.8797454834,11270800
2021-02-10T05:00:00.000Z,185.6090282691,186.3124640515,181.5349713925,185.2670898438,11464600
2021-02-11T05:00:00.000Z,184.8274163046,186.8497977417,183.7429690448,186.5176239014,17507900
2021-02-12T05:00:00.000Z,188.559544443,189.3899939956,182.2677106266,183.3521728516,27233800
2021-02-16T05:00:00.000Z,182.9906856058,184.1044563826,180.606821685,182.0625457764,11630700
2021-02-17T05:00:00.000Z,181.0953133295,183.3130902696,177.9689406056,182.1504669189,11391800
2021-02-18T05:00:00.000Z,180.5384062706,182.1113645196,178.6332742068,178.7895965576,12380900
2021-02-19T05:00:00.000Z,180.0303975377,180.5286583055,178.5844380215,179.4246520996,8834500
2021-02-22T05:00:00.000Z,177.5586000876,189.556065293,177.3534251289,187.3480529785,18799600
2021-02-23T05:00:00.000Z,189.1359616627,194.3628771461,184.3193961203,192.5554351807,23191400
2021-02-24T05:00:00.000Z,193.0341558995,195.9846770563,190.8359230483,192.9657592773,16205900
2021-02-25T05:00:00.000Z,193.1806970287,193.4054160072,185.9998120581,186.5859985352,12712000
2021-02-26T05:00:00.000Z,185.6969438915,187.2015055574,181.1832290785,184.6906280518,15844000
2021-03-01T05:00:00.000Z,188.7842512109,192.3698117946,186.9865886401,190.4939880371,10709900
2021-03-02T05:00:00.000Z,191.5882278287,193.405434405,189.0382769057,189.4779205322,8371400
2021-03-03T05:00:00.000Z,190.1520299077,192.2818661204,187.7877101592,187.8365478516,8750300
2021-03-04T05:00:00.000Z,185.5308436276,188.0514857111,179.8838289664,183.7038726807,12542600
2021-03-05T05:00:00.000Z,184.7981199261,186.1854623537,179.1217960549,185.6188049316,10266400
2021-03-08T05:00:00.000Z,192.7703705645,198.3490038004,189.3313530976,197.264541626,25093200
2021-03-09T05:00:00.000Z,195.5841147306,197.0593679164,189.8980116967,190.0347900391,23331000
2021-03-10T05:00:00.000Z,192.7703765515,194.2261006584,190.2008816559,190.5721435547,13662100
2021-03-11T05:00:00.000Z,192.8387613145,194.4703368051,190.9043056627,192.2232513428,11933900
2021-03-12T05:00:00.000Z,192.0083303011,193.8450809282,190.6893844941,192.623840332,13249100
2021-03-15T04:00:00.000Z,193.9720622264,193.9720622264,190.327884792,192.2330169678,10311400
2021-03-16T04:00:00.000Z,191.588217834,192.0669345746,188.4423010768,189.7710113525,9680700
2021-03-17T04:00:00.000Z,188.9894118012,191.6761408949,187.3676008431,190.7480010986,14418700
2021-03-18T04:00:00.000Z,190.4646777068,190.5916914975,187.3285402484,187.8561096191,9644500
2021-03-19T04:00:00.000Z,186.5273853107,189.5365236608,185.3940705604,186.7423248291,28354600
2021-03-22T04:00:00.000Z,188.8135510174,191.812924923,187.5825459265,188.4227600098,8838500
2021-03-23T04:00:00.000Z,187.1819704687,187.9147147692,183.6452627487,184.3877716064,10701200
2021-03-24T04:00:00.000Z,185.6871674151,186.117046443,180.3918705598,180.4700317383,13549100
2021-03-25T04:00:00.000Z,177.6660705916,183.3912465452,176.845385661,182.6096496582,9609200
2021-03-26T04:00:00.000Z,184.4854925016,184.632035411,178.3695249199,181.6424407959,10196100
2021-03-29T04:00:00.000Z,180.9780723271,181.6619640059,178.9361469401,180.5970458984,7544700
2021-03-30T04:00:00.000Z,179.6005293402,182.0332459815,179.3367371965,181.2614135742,5929700
2021-03-31T04:00:00.000Z,181.5544852439,182.599859278,180.1769224901,180.2746276855,8478000
2021-04-01T04:00:00.000Z,182.1406994489,184.7492824686,181.32002935,184.6222686768,7749400
2021-04-05T04:00:00.000Z,187.0647238518,187.2601193375,183.7624849841,184.1630554199,7405300
2021-04-06T04:00:00.000Z,184.1630800509,186.8791179169,183.5475700262,185.3647766113,7926200
2021-04-07T04:00:00.000Z,185.4331736987,185.950978515,182.6487391975,183.2447052002,6238700
2021-04-08T04:00:00.000Z,182.8929894125,183.7234389842,181.3591189698,183.0102386475,7763000
2021-04-09T04:00:00.000Z,183.8406648437,183.889517447,181.8671359493,183.5671081543,6089300
2021-04-12T04:00:00.000Z,183.4302999458,183.5280051365,181.2125233036,182.1992950439,6662500
2021-04-13T04:00:00.000Z,181.3200261163,182.150475666,180.3528131269,181.2223358154,6826500
2021-04-14T04:00:00.000Z,181.6912942581,186.019363826,181.4372815779,183.1470184326,9089900
2021-04-15T04:00:00.000Z,183.7625137761,184.5538753074,181.4275023225,181.6522064209,7262500
2021-04-16T04:00:00.000Z,183.2544793003,185.1107589749,181.9159895189,182.9515991211,9453500
2021-04-19T04:00:00.000Z,183.1958522264,185.9509781406,181.3786456404,183.11769104,7625800
2021-04-20T04:00:00.000Z,182.9809081332,183.7527405117,177.6367731838,178.5844421387,10765800
2021-04-21T04:00:00.000Z,177.118946139,179.1608715907,174.744861756,178.8970794678,8400200
2021-04-22T04:00:00.000Z,179.9815301223,180.6263486448,177.0896262356,178.5551147461,7378300
2021-04-23T04:00:00.000Z,178.1545599845,179.6688861923,177.7735335665,178.8091430664,6075500
2021-04-26T04:00:00.000Z,179.727530246,181.3297972016,179.0436236331,180.0303955078,6178300
2021-04-27T04:00:00.000Z,180.7338448117,181.5349708958,179.913159796,180.3918914795,4870000
2021-04-28T04:00:00.000Z,180.5384070857,180.5384070857,178.6137459002,179.1706237793,5199300
2021-04-29T04:00:00.000Z,180.5482047243,181.2809490495,178.5453672537,181.0660095215,5958300
2021-04-30T04:00:00.000Z,180.0499200045,182.0332282604,179.317175716,181.7401275635,7866300
2021-05-03T04:00:00.000Z,183.3717183941,184.866515675,180.987854391,181.2418670654,7542800
2021-05-04T04:00:00.000Z,180.6165795142,181.3591032762,178.1154813652,180.010848999,7069300
2021-05-05T04:00:00.000Z,180.7533663701,180.7533663701,177.187349919,177.3338928223,5901700
2021-05-06T04:00:00.000Z,178.574664951,178.7798399089,175.6729964072,177.6074371338,6944900
2021-05-07T04:00:00.000Z,177.8126253026,180.8608369659,177.3338936369,180.5872802734,6888400
2021-05-10T04:00:00.000Z,181.4275064538,182.6682911179,179.7959307481,180.0597229004,8260300
2021-05-11T04:00:00.000Z,177.6172023676,178.0568459192,174.3247281933,177.4901885986,10865600
2021-05-12T04:00:00.000Z,176.5425217821,178.2620379284,173.4943102977,173.758102417,8988100
2021-05-13T04:00:00.000Z,174.2661249849,176.5913716055,171.7552623356,174.2368164062,12332200
2021-05-14T04:00:00.000Z,168.9512792244,170.8857348028,164.8967669519,169.7035675049,33149400
2021-05-17T04:00:00.000Z,168.7265854491,169.0099215951,164.6916169517,166.1668701172,17771600
2021-05-18T04:00:00.000Z,166.3427346993,167.3197271817,165.5513731737,165.7760772705,10401000
2021-05-19T04:00:00.000Z,163.851412938,165.5025176821,163.2554469378,165.3755187988,9251000
2021-05-20T04:00:00.000Z,165.316891722,167.9449887739,165.0921727348,167.4174194336,7400700
2021-05-21T04:00:00.000Z,168.2576354589,169.1369226722,167.5737437477,168.4334869385,8105700
2021-05-24T04:00:00.000Z,168.4823388019,171.0811422008,167.7984470936,170.2995452881,7346700
2021-05-25T04:00:00.000Z,171.5598670931,173.3672940431,171.3644566919,172.1167449951,8089700
2021-05-26T04:00:00.000Z,172.556393972,173.8069430591,172.1460589504,172.4098510742,8086200
2021-05-27T04:00:00.000Z,173.1230377652,175.4580488359,172.7224673324,174.9207000732,13567800
2021-05-28T04:00:00.000Z,175.3798868471,175.9953967822,173.9827949785,174.5396728516,7124800
2021-06-01T04:00:00.000Z,176.0344774728,176.8453829261,174.6276209873,174.7253112793,7475600
2021-06-02T04:00:00.000Z,174.9207160555,174.9793481231,172.8592614561,172.9276580811,7851700
2021-06-03T04:00:00.000Z,172.2144434652,172.8983351197,171.3839940154,172.1851348877,5583900
2021-06-04T04:00:00.000Z,171.8822447568,173.4356738127,171.569614979,173.1034851074,6343400
2021-06-07T04:00:00.000Z,173.8753561894,173.9730614024,172.3414708107,172.9179077148,5178100
2021-06-08T04:00:00.000Z,171.9213382019,173.0448733968,171.1592853918,172.2730560303,5356200
2021-06-09T04:00:00.000Z,172.2535229499,173.2500593448,171.8334233851,171.989730835,5082400
2021-06-10T04:00:00.000Z,172.3805393197,173.5236186247,171.5110166907,172.5075531006,5253000
2021-06-11T04:00:00.000Z,173.3673166597,174.3833972111,172.7420420542,173.2989349365,5476300
2021-06-14T04:00:00.000Z,173.5626853584,174.7546172204,172.8299410944,174.0804901123,10170000
2021-06-15T04:00:00.000Z,174.080503225,174.5885434605,171.5794050009,171.8138885498,7895000
2021-06-16T04:00:00.000Z,171.9604409122,172.204689032,169.5570477615,170.6415100098,8336000
2021-06-17T04:00:00.000Z,170.5730967094,172.2046722014,169.8403524215,170.6317138672,8906000
2021-06-18T04:00:00.000Z,169.1564691914,169.8599049355,168.1599327359,168.4530334473,12357500
2021-06-21T04:00:00.000Z,168.1697141895,170.2506979584,167.3685732296,169.967376709,9196900
2021-06-22T04:00:00.000Z,170.3581726503,170.6805819551,168.3846585895,169.5081939697,8097100
2021-06-23T04:00:00.000Z,169.6254028475,171.4133005928,168.9610552217,171.2960662842,9174200
2021-06-24T04:00:00.000Z,172.0776683619,174.1391228285,171.7357150743,173.8362426758,7549400
2021-06-25T04:00:00.000Z,174.7155341594,174.9695467897,173.40636806,174.2465820312,7431800
2021-06-28T04:00:00.000Z,174.3931412537,174.5494636136,170.9639033387,172.5075531006,9881400
2021-06-29T04:00:00.000Z,172.5759396971,172.9472015855,169.8012848146,169.9282836914,13498300
2021-06-30T04:00:00.000Z,169.8892168276,171.9311274738,169.3518679976,171.7259674072,7481900
2021-07-01T04:00:00.000Z,171.3156118544,173.5138446075,170.5828676033,173.1816558838,5887100
2021-07-02T04:00:00.000Z,173.7678700374,174.2563662407,170.6024092732,173.0351257324,11099300
2021-07-06T04:00:00.000Z,172.693160611,172.9276441393,168.2576219478,169.6938018799,11557900
2021-07-07T04:00:00.000Z,168.8829146911,170.3093302207,168.0329360342,168.8438415527,6757300
2021-07-08T04:00:00.000Z,166.2645797651,169.7524502144,165.9030973035,168.8243103027,6960100
2021-07-09T04:00:00.000Z,170.6805770972,173.4357029468,169.9282887407,172.9667358398,7873300
2021-07-12T04:00:00.000Z,173.6213256518,180.7338291184,173.2891369065,180.1378631592,21835500
2021-07-13T04:00:00.000Z,179.85453115,181.3981809636,177.6562982034,179.4246520996,12534600
2021-07-14T04:00:00.000Z,180.9389811119,182.0038992007,177.8907697356,179.1999359131,8787300
2021-07-15T04:00:00.000Z,179.2292552648,181.1539315119,178.8384642625,179.9131469727,7867000
2021-07-16T04:00:00.000Z,180.6849971364,181.0269355702,174.8034980536,175.1845245361,8348800
2021-07-19T04:00:00.000Z,171.6673491444,172.4196225938,168.1990229816,168.9708404541,14651800
2021-07-20T04:00:00.000Z,169.7035807749,173.4259195187,168.8926752755,172.6834106445,8372400
2021-07-21T04:00:00.000Z,172.4391639781,173.8069474177,171.2863200659,172.8201904297,6302200
2021-07-22T04:00:00.000Z,172.6345631454,172.6541071686,169.8989813005,171.100692749,5713700
2021-07-23T04:00:00.000Z,171.6184959222,172.4391659955,170.0259934714,172.0874481201,5126300
2021-07-26T04:00:00.000Z,171.5793981289,174.6666976478,171.3058414533,174.6276245117,5641000
2021-07-27T04:00:00.000Z,174.1488919696,175.4287496039,172.5075519247,175.3701324463,6684100
2021-07-28T04:00:00.000Z,175.5557615206,176.2005800633,173.4649984431,174.9793395996,5926900
2021-07-29T04:00:00.000Z,175.6729824357,177.2459406293,174.1684208586,174.2465820312,6209100
2021-07-30T04:00:00.000Z,173.4454680732,175.0770436722,171.1104567192,171.9702148438,6813400
2021-08-02T04:00:00.000Z,173.1425923462,174.7057861314,171.2765333056,171.5110168457,5847200
2021-08-03T04:00:00.000Z,171.9702039497,172.0776737085,166.9875368183,169.0099182129,9931300
2021-08-04T04:00:00.000Z,168.5311985559,169.2639428974,167.3978837297,168.6093597412,5665800
2021-08-05T04:00:00.000Z,168.5214237813,173.0448884383,168.5214237813,172.6443328857,8864200
2021-08-06T04:00:00.000Z,173.3477580412,174.6960123522,172.5661760309,173.0546722412,5505200
2021-08-09T04:00:00.000Z,172.9276551907,173.2305204502,171.0322875452,172.6540985107,5339000
2021-08-10T04:00:00.000Z,172.194922254,173.3184576276,171.5403390903,172.9960632324,5185000
2021-08-11T04:00:00.000Z,173.2793839044,174.3833901585,172.4489343474,173.9925842285,5359900
2021-08-12T04:00:00.000Z,173.9925748572,175.5850772572,172.3903078998,175.1649627686,11081300
2021-08-13T04:00:00.000Z,182.0038942647,183.2642227164,176.7183770989,176.913772583,32504600
2021-08-16T04:00:00.000Z,176.3569014622,176.4350626469,172.4489316693,174.9695739746,8746700
2021-08-17T04:00:00.000Z,173.074198639,174.3442917475,170.8955097493,171.784576416,8534500
2021-08-18T04:00:00.000Z,171.8529500757,172.7224726794,170.4851667355,170.7196502686,7063500
2021-08-19T04:00:00.000Z,169.9966908905,170.6610386187,168.5898193393,169.2639465332,8478600
2021-08-20T04:00:00.000Z,169.0196926563,171.178852515,168.6777393382,171.0909118652,6239600
2021-08-23T04:00:00.000Z,173.0058066389,174.2075030519,171.8627273816,173.5724639893,7395900
2021-08-24T04:00:00.000Z,173.8264969897,175.9368042848,173.670174618,174.3638458252,5886900
2021-08-25T04:00:00.000Z,174.0609766284,174.4810762217,172.8104274982,174.2075195312,4842100
2021-08-26T04:00:00.000Z,174.2368328731,174.823034316,172.2828479404,172.4977874756,4563000
2021-08-27T04:00:00.000Z,172.2242159135,176.3861980942,172.2242159135,175.9954071045,8697000
2021-08-30T04:00:00.000Z,176.3471057091,177.2166282379,174.7546035298,175.8390655518,6421300
2021-08-31T04:00:00.000Z,175.1258857651,178.7700632027,174.4224500523,177.1287231445,8620000
2021-09-01T04:00:00.000Z,177.7735576085,179.971790681,177.5976912107,179.2585754395,7302800
2021-09-02T04:00:00.000Z,179.9229278351,181.0366985987,177.3729770199,177.6758422852,6492600
2021-09-03T04:00:00.000Z,177.6367579559,177.6367579559,175.0086461237,176.8356170654,6847400
2021-09-07T04:00:00.000Z,176.855163221,181.2809374702,175.9074794283,180.0987701416,10702900
2021-09-08T04:00:00.000Z,180.0987904528,183.1470171322,179.6884553995,180.8901519775,8634000
2021-09-09T04:00:00.000Z,180.8901513466,183.2642508203,180.3235088282,181.6326751709,7190700
2021-09-10T04:00:00.000Z,182.0723031685,182.795282907,179.7763650792,179.8838348389,5572200
2021-09-13T04:00:00.000Z,180.8608231356,181.5251857006,179.2781002634,180.7240447998,6818200
2021-09-14T04:00:00.000Z,180.7045280834,180.8706150091,177.9591668072,178.203414917,6185900
2021-09-15T04:00:00.000Z,177.8712371487,180.4114233973,176.9333327762,180.167175293,5933400
2021-09-16T04:00:00.000Z,179.7372903689,180.3918734783,177.9298484925,179.1217803955,5678200
2021-09-17T04:00:00.000Z,178.7016812038,181.622878902,178.525814822,179.2487945557,10035100
2021-09-20T04:00:00.000Z,175.6046318716,176.7184026907,172.488023508,174.5006256104,8056600
2021-09-21T04:00:00.000Z,176.171270073,178.0373141567,165.1410179451,167.2317810059,23216000
2021-09-22T04:00:00.000Z,168.9610678661,171.3058436606,167.710518788,169.6547241211,14214500
2021-09-23T04:00:00.000Z,170.9150429282,173.1132757007,170.3581501368,172.1949005127,8052900
2021-09-24T04:00:00.000Z,171.2667614148,172.6345447375,171.0518219058,171.9506530762,5712800
2021-09-27T04:00:00.000Z,172.5661582852,175.3212688761,171.9115752196,174.1586456299,7755000
2021-09-28T04:00:00.000Z,173.660411732,173.9046598498,169.8599116159,170.5047302246,9133100
2021-09-29T04:00:00.000Z,170.2409163898,170.9345875153,168.6191055167,168.70703125,6240800
2021-09-30T04:00:00.000Z,169.1173893743,169.6840318441,165.2094197981,165.2778015137,13978000
2021-10-01T04:00:00.000Z,168.3162413983,173.2402912062,168.0133761541,171.9604187012,12165000
2021-10-04T04:00:00.000Z,171.520775959,171.9115818468,168.6972686411,169.4691009521,7200600
2021-10-05T04:00:00.000Z,169.8305832623,172.1851384213,169.6156437511,170.5926361084,6798200
2021-10-06T04:00:00.000Z,169.0196899078,171.6673459449,167.6030538699,171.4426269531,6005200
2021-10-07T04:00:00.000Z,173.6115736829,175.4971770622,173.2500912088,173.6213531494,7780000
2021-10-08T04:00:00.000Z,173.8362534724,174.4908515101,172.3414562681,172.6736450195,4132200
2021-10-11T04:00:00.000Z,171.9702216954,172.4587179388,169.4886524307,169.5277404785,8046300
2021-10-12T04:00:00.000Z,169.6254300323,170.4754236293,168.5800558281,169.1467132568,5188400
2021-10-13T04:00:00.000Z,169.635189175,169.7035708886,167.0070773268,168.9806060791,8914700
2021-10-14T04:00:00.000Z,170.0650734778,171.9702056679,169.9966768544,170.3972473145,7450200
2021-10-15T04:00:00.000Z,171.6477971271,174.7741698253,170.0943827891,172.4000854492,13943900
2021-10-18T04:00:00.000Z,168.3944007223,169.3518490437,165.8933027112,167.2024688721,20494800
2021-10-19T04:00:00.000Z,167.4955589059,167.6323372288,166.2645390919,167.2415313721,9669500
2021-10-20T04:00:00.000Z,167.0363878658,167.0852404662,165.9714697529,166.6260528564,9737600
2021-10-21T04:00:00.000Z,166.2841021939,168.5311876778,166.1864118993,167.3978729248,7509000
2021-10-22T04:00:00.000Z,166.6455991435,166.8703032191,164.7209229423,165.5220489502,7854300
2021-10-25T04:00:00.000Z,165.9910051275,168.599587991,165.1410264981,168.0524597168,9798700
2021-10-26T04:00:00.000Z,168.9708538832,169.1369408232,166.7824001725,168.0817871094,5850200
2021-10-27T04:00:00.000Z,167.8179874141,168.0817646264,165.531813886,165.6490631104,7054700
2021-10-28T04:00:00.000Z,165.5806817556,166.4306753526,164.7209385082,165.7760772705,7884500
2021-10-29T04:00:00.000Z,165.1312621438,166.5381336065,164.2812686056,165.1801147461,7598800
2021-11-01T04:00:00.000Z,165.3168893975,167.30994732,165.199640173,166.2743377686,8182900
2021-11-02T04:00:00.000Z,166.1180029042,166.919143762,165.0921579872,165.9226074219,6777200
2021-11-03T04:00:00.000Z,165.7956082326,166.2743398781,164.4962065444,166.1668701172,6829300
2021-11-04T04:00:00.000Z,166.1180108196,166.4990372461,164.7893006054,166.3622589111,7505500
2021-11-05T04:00:00.000Z,169.5081738732,172.9178825646,168.3650946049,171.5891723633,16859200
2021-11-08T05:00:00.000Z,174.5787772745,175.1258906424,172.0483704938,172.8006439209,10584600
2021-11-09T05:00:00.000Z,172.8788087465,173.0448956718,169.224866573,171.0811462402,7293300
2021-11-10T05:00:00.000Z,170.6708086214,172.8006449461,169.8696676794,170.4363250732,11045800
2021-11-11T05:00:00.000Z,159.1423019532,160.1876910459,154.6872187001,158.3802490234,62366500
2021-11-12T05:00:00.000Z,159.7578058533,159.8457315939,155.2733992831,155.9573059082,25638400
2021-11-15T05:00:00.000Z,156.4067077923,157.0222177671,154.0326234455,154.7848968506,21285300
2021-11-16T05:00:00.000Z,155.4004090343,156.5532678204,154.9021482762,155.1757049561,15516200
2021-11-17T05:00:00.000Z,155.0779883771,155.2343107278,153.1435477378,153.7102050781,14695500
2021-11-18T05:00:00.000Z,153.4757415249,153.6809165003,150.1735171567,152.0004882812,14487700
2021-11-19T05:00:00.000Z,151.4533693297,151.639000275,149.2551363817,150.4568328857,16776500
2021-11-22T05:00:00.000Z,149.7045484521,152.2349702193,149.0597447671,150.6131591797,12790400
2021-11-23T05:00:00.000Z,150.3005223154,150.7010928174,146.7345056608,147.5551757812,17382900
2021-11-24T05:00:00.000Z,147.2229931039,147.926428853,145.3764779895,147.8580322266,14123700
2021-11-26T05:00:00.000Z,143.4224891267,145.4253265537,142.4943493164,144.7023468018,12027700
2021-11-29T05:00:00.000Z,145.3862484608,145.8649801424,140.9311651403,144.4092559814,21231300
2021-11-30T05:00:00.000Z,143.344341399,143.891454816,139.8173978627,141.5662078857,26011100
2021-12-01T05:00:00.000Z,143.3247894549,144.9563650577,138.7720010594,138.8794708252,16469000
2021-12-02T05:00:00.000Z,139.5536055477,144.2529371018,139.4852238245,143.813293457,18177700
2021-12-03T05:00:00.000Z,144.4092339292,144.9075095585,140.999540238,142.8558197021,14975600
2021-12-06T05:00:00.000Z,143.8914364802,147.2718366732,143.2954705324,146.9103393555,14333900
2021-12-07T05:00:00.000Z,148.3465108618,149.2453420107,146.2752919059,147.3402099609,14661100
2021-12-08T05:00:00.000Z,147.4379273317,150.1246564439,147.095974027,149.8120117188,12886300
2021-12-09T05:00:00.000Z,148.7666357581,150.7401496571,148.2097429388,149.4212188721,11862300
2021-12-10T05:00:00.000Z,150.0464965732,151.1016501681,147.965497963,149.1965179443,10247900
2021-12-13T05:00:00.000Z,148.6200832097,148.9913451024,145.8551928527,146.968963623,10195800
2021-12-14T05:00:00.000Z,145.825878375,148.1315810055,145.1029135492,145.6695709229,10872000
2021-12-15T05:00:00.000Z,145.3373996366,147.4477070247,143.9598515348,146.939666748,12231500
2021-12-16T05:00:00.000Z,147.8678076973,148.5614639623,145.1615345386,145.32762146,11145600
2021-12-17T05:00:00.000Z,145.0931389799,146.3925406879,143.1977862069,145.337387085,13785000
2021-12-20T05:00:00.000Z,143.598327858,144.3310721023,141.7420484023,143.1000671387,11201900
2021-12-21T05:00:00.000Z,144.1649832353,147.9459387139,143.9988963312,147.5746917725,10781400
2021-12-22T05:00:00.000Z,146.9591894491,148.6982346625,146.4218406679,148.3856048584,7820400
2021-12-23T05:00:00.000Z,148.8154944715,150.6424655498,148.4344531115,150.0953521729,6572400
2021-12-27T05:00:00.000Z,149.3626155332,150.4763863673,147.9166559252,149.2844543457,7762000
2021-12-28T05:00:00.000Z,149.1085693458,152.8993044765,148.9034092983,151.6292114258,12198700
2021-12-29T05:00:00.000Z,151.0039279842,152.3326381127,150.6326661385,151.3067932129,8737000
2021-12-30T05:00:00.000Z,152.1274978658,153.4562081672,151.9320874536,152.3424224854,7228400
2021-12-31T05:00:00.000Z,152.2838033756,152.9677099942,151.1798120809,151.3263549805,6410200
2022-01-03T05:00:00.000Z,152.2447397219,153.9349325357,151.7855520644,153.1533355713,10222800
2022-01-04T05:00:00.000Z,154.9412327613,156.6314404737,151.9711822019,152.1470336914,16582000
2022-01-05T05:00:00.000Z,152.9188474205,155.7130461492,151.5315200668,151.6194458008,12272100
2022-01-06T05:00:00.000Z,152.6452964498,154.1400936146,150.1441834078,153.2901000977,11095300
2022-01-07T05:00:00.000Z,153.2901045087,155.6348952579,152.6941385371,154.19871521,9554600
2022-01-10T05:00:00.000Z,154.3452639878,154.6286001483,151.0918773212,152.9970245361,8672900
2022-01-11T05:00:00.000Z,153.0165397386,154.5797334888,152.3619566417,154.2573242188,8042600
2022-01-12T05:00:00.000Z,154.8532947719,155.3320264127,152.7332230614,154.1694030762,6995600
2022-01-13T05:00:00.000Z,154.0716905811,154.8825960203,151.5999011287,151.8636932373,9680600
2022-01-14T05:00:00.000Z,148.8447995918,149.1085768089,145.0052116694,148.444229126,16832000
2022-01-18T05:00:00.000Z,147.6333173551,149.606846113,146.3827683164,148.7666320801,10419500
2022-01-19T05:00:00.000Z,147.3695265549,149.3430553304,146.5097834005,146.6563262939,10413200
2022-01-20T05:00:00.000Z,147.4379465913,149.1476835224,143.7644451298,144.2236328125,11760400
2022-01-21T05:00:00.000Z,137.9806348834,138.605909434,133.4864787097,134.2192230225,34491800
2022-01-24T05:00:00.000Z,131.7181342299,134.5123184308,126.2860434807,134.2973937988,31419500
2022-01-25T05:00:00.000Z,132.1773002122,134.5807081661,129.3342635511,133.3692321777,14694400
2022-01-26T05:00:00.000Z,134.5416075135,135.0203241687,129.2169878958,130.5261688232,14569900
2022-01-27T05:00:00.000Z,131.9623676426,134.7370224181,130.9365226643,132.3043060303,11913900
2022-01-28T05:00:00.000Z,132.0991331278,135.499062098,130.4870869164,135.4404449463,10011700
2022-01-31T05:00:00.000Z,135.6651637128,139.8564545016,135.2841372775,139.6806030273,10185500
2022-02-01T05:00:00.000Z,139.7294692696,141.3610449294,138.9771808826,141.1656494141,8573300
2022-02-02T05:00:00.000Z,140.8725388129,141.2633298161,138.1271925099,139.3386535645,9529900
2022-02-03T05:00:00.000Z,136.7789342189,138.7719921295,136.0461899284,136.8082427979,9820600
2022-02-04T05:00:00.000Z,136.8180161393,139.8955513014,136.3197553565,138.7524719238,8061100
2022-02-07T05:00:00.000Z,140.0909440225,140.7748357423,138.3518986887,139.2311859131,10937500
2022-02-08T05:00:00.000Z,138.5277618191,139.6024595462,137.5019316069,139.2018890381,9231700
2022-02-09T05:00:00.000Z,141.0483914046,143.9598395601,139.9541646608,143.842590332,22877400
2022-02-10T05:00:00.000Z,152.4303556197,153.8763001709,147.633319446,148.6591644287,42500300
2022-02-11T05:00:00.000Z,150.0074185284,151.1309688228,145.1420001616,146.0310668945,17975200
2022-02-14T05:00:00.000Z,145.9333586661,150.1930463788,145.7770512027,147.3793182373,14694700
2022-02-15T05:00:00.000Z,150.0074194372,151.2872921137,149.0011183712,151.1602783203,12726000
2022-02-16T05:00:00.000Z,151.414287292,153.1240240972,150.2125907403,152.7527770996,10656400
2022-02-17T05:00:00.000Z,151.1309720711,151.7855552565,149.098825884,149.4309997559,8110300
2022-02-18T05:00:00.000Z,149.3919200237,150.1441934812,146.5977210032,147.8775787354,10785500
2022-02-22T05:00:00.000Z,146.7344748117,147.3206612427,144.2138329079,144.6827850342,12227200
2022-02-23T05:00:00.000Z,146.060357263,146.2948407953,142.1523878379,142.5138702393,9300700
2022-02-24T05:00:00.000Z,136.778953247,146.1287788497,136.778953247,145.962677002,12475500
2022-02-25T05:00:00.000Z,146.1189692216,146.8224048857,143.8328107671,146.0896606445,10149500
2022-02-28T05:00:00.000Z,144.4288014847,146.040833129,143.0903265448,145.0443115234,10834700
2022-03-01T05:00:00.000Z,144.4581007985,144.7414220428,140.4719699089,142.3477935791,8944000
2022-03-02T05:00:00.000Z,142.9437418425,145.0540488004,142.5627154396,143.9500427246,7851000
2022-03-03T05:00:00.000Z,143.9207519589,145.2299182325,141.1265530228,142.2207946777,8048400
2022-03-04T05:00:00.000Z,140.6966590221,140.9409071027,136.3392816112,137.4823608398,12913000
2022-03-07T05:00:00.000Z,137.0525051989,137.6484712137,130.3698801503,130.4284973145,14549700
2022-03-08T05:00:00.000Z,129.9595345347,132.3727069797,126.3153421123,128.71875,16552000
2022-03-09T05:00:00.000Z,132.372735738,132.3825002974,130.2917366824,130.5750579834,14673100
2022-03-10T05:00:00.000Z,129.3147127796,131.1123751916,128.5917330474,130.5652618408,8447200
2022-03-11T05:00:00.000Z,131.9721365138,133.0272901054,128.5428985219,128.71875,7058400
2022-03-14T04:00:00.000Z,127.9664572248,130.0083826203,125.426285992,126.0613250732,9971500
2022-03-15T04:00:00.000Z,126.7550178484,131.4641141519,126.53029883,131.1123962402,9834800
2022-03-16T04:00:00.000Z,132.5290294724,135.7824163554,131.8353731311,134.9617462158,10638700
2022-03-17T04:00:00.000Z,134.2778454246,136.261138916,133.4180872936,136.261138916,6816000
2022-03-18T04:00:00.000Z,136.3392924429,137.4921363196,135.1180519426,137.0720367432,11308800
2022-03-21T04:00:00.000Z,135.7042512854,136.0950572272,133.7307371836,135.4306945801,9090300
2022-03-22T04:00:00.000Z,135.8605533697,138.9185441858,135.7042310163,136.8863983154,8511600
2022-03-23T04:00:00.000Z,135.8703429965,136.5444552438,134.3755308789,134.473236084,8761300
2022-03-24T04:00:00.000Z,135.3915860796,136.0657131088,134.2485069505,135.7628479004,5858800
2022-03-25T04:00:00.000Z,136.0754837674,137.1501812401,134.9421691431,135.9387054443,5949400
2022-03-28T04:00:00.000Z,135.6846884267,136.4174326141,133.144502614,135.5283660889,8456100
2022-03-29T04:00:00.000Z,137.7168595495,141.1363330559,137.7168595495,139.1041870117,11280700
2022-03-30T04:00:00.000Z,138.0587963121,139.9737080123,136.8570998112,137.7168579102,7922400
2022-03-31T04:00:00.000Z,136.9157054497,137.6386851456,133.9554198626,134.0042724609,12306500
2022-04-01T04:00:00.000Z,134.1801199738,134.9226436686,132.4117662819,133.847946167,10341000
2022-04-04T04:00:00.000Z,133.8186432837,136.0559492044,133.7404821069,135.3916015625,8174600
2022-04-05T04:00:00.000Z,134.5709441953,135.9973448108,132.0209933278,132.499710083,8694100
2022-04-06T04:00:00.000Z,130.6727568016,130.8486083092,127.8003962482,129.5199127197,11679700
2022-04-07T04:00:00.000Z,129.9497540183,130.1451644249,127.0285562774,128.8359832764,9858700
2022-04-08T04:00:00.000Z,128.9629970591,130.0572237788,127.6245222389,128.8359832764,6702000
2022-04-11T04:00:00.000Z,127.0480846402,129.3830958707,127.0480846402,127.6440505981,9915300
2022-04-12T04:00:00.000Z,128.7773652123,130.1451635101,127.1555542586,127.8296813965,7885600
2022-04-13T04:00:00.000Z,128.0348538293,129.8325162229,127.7417531351,129.3049468994,7694500
2022-04-14T04:00:00.000Z,129.754367107,130.5164200384,127.3509739875,127.468208313,7283500
2022-04-18T04:00:00.000Z,127.0774153398,127.2239582444,123.9021824181,124.8303222656,10571000
2022-04-19T04:00:00.000Z,125.1429566412,130.1256239918,124.8498633849,128.8652954102,12767200
2022-04-20T04:00:00.000Z,123.1498933576,124.4199789883,121.2545257417,121.7039413452,36465700
2022-04-21T04:00:00.000Z,122.6516287687,123.540687991,118.4896389904,118.8609008789,18688600
2022-04-22T04:00:00.000Z,117.2488613219,119.0856043711,115.4316548413,115.5488891602,19472800
2022-04-25T04:00:00.000Z,114.9529328482,117.5615008464,114.0638661594,117.1902389526,16491000
2022-04-26T04:00:00.000Z,116.4086462567,116.4086462567,112.9794008366,113.1064071655,16116000
2022-04-27T04:00:00.000Z,112.774235179,114.210415227,110.7811697506,112.5592956543,15553000
2022-04-28T04:00:00.000Z,112.5690696289,113.3311225361,110.0972799593,112.6374588013,23192100
2022-04-29T04:00:00.000Z,112.5495155218,113.3213403713,108.7978684829,109.0616531372,16907000
2022-05-02T04:00:00.000Z,109.1398164955,111.0449560847,108.4559248197,110.888633728,14300700
2022-05-03T04:00:00.000Z,111.425996244,112.1880491921,110.097285864,110.9375,11149500
2022-05-04T04:00:00.000Z,110.7616357638,113.7610022607,109.2570665096,113.5167541504,11488300
2022-05-05T04:00:00.000Z,112.1001027028,112.6179074674,108.9151129361,110.0191116333,12720200
2022-05-06T04:00:00.000Z,109.1984394183,109.5110766943,105.8082819848,107.752494812,12525200
2022-05-09T04:00:00.000Z,105.6226449267,108.1921321572,104.0301500589,104.5186462402,17941600
2022-05-10T04:00:00.000Z,107.3128449389,108.1530590251,103.6979759293,105.202545166,15657700
2022-05-11T04:00:00.000Z,105.4174795701,107.5375512514,102.379032664,102.7893676758,26933300
2022-05-12T04:00:00.000Z,100.5325169529,102.5841994511,97.181432806,101.9100723267,36298800
2022-05-13T04:00:00.000Z,102.9359269788,105.2123212172,102.8870743739,104.8606033325,16782600
2022-05-16T04:00:00.000Z,104.9876124941,105.143934871,102.4376614889,102.7600708008,11993600
2022-05-17T04:00:00.000Z,105.2514054822,106.2870151487,103.8543059067,106.1404647827,11847600
2022-05-18T04:00:00.000Z,104.9094453771,105.1830095212,101.4899718419,101.9003143311,11794000
2022-05-19T04:00:00.000Z,101.0503193384,102.8772977213,100.59113174,100.7669906616,11285000
2022-05-20T04:00:00.000Z,102.0859344692,102.3888071838,97.7480932529,100.0635604858,15650400
2022-05-23T04:00:00.000Z,101.3727370437,103.5905065892,99.2233492164,103.395111084,14402400
2022-05-24T04:00:00.000Z,101.3238816151,101.4508879446,97.8262470098,99.2526550293,13970200
2022-05-25T04:00:00.000Z,99.0963412824,101.4215805545,98.8325566092,100.8842391968,11026600
2022-05-26T04:00:00.000Z,101.8221493096,103.6882009211,101.5681291981,103.1801681519,11297800
2022-05-27T04:00:00.000Z,104.4307177246,106.8536621722,104.078999862,106.8048095703,13671300
2022-05-31T04:00:00.000Z,107.4691611922,108.6806296494,105.4272507074,107.8990402222,20274600
2022-06-01T04:00:00.000Z,109.4329291487,110.2535992494,105.7789719275,106.6778106689,11829700
2022-06-02T04:00:00.000Z,106.9122813549,108.3973065611,105.4272561488,108.319152832,8829900
2022-06-03T04:00:00.000Z,106.6582655192,107.3226206929,105.437024939,106.1697692871,6767600
2022-06-06T04:00:00.000Z,107.2249141649,107.6547931992,105.1732316489,105.3490905762,7575900
2022-06-07T04:00:00.000Z,104.3330128483,105.4370115088,103.5611880055,105.310005188,7279100
2022-06-08T04:00:00.000Z,104.9583021565,106.8438979362,104.4991144995,104.8703689575,7019500
2022-06-09T04:00:00.000Z,104.0789982038,104.5968029784,100.8744643545,100.9233169556,8261200
2022-06-10T04:00:00.000Z,99.0963458766,99.7704730617,97.0935083447,97.1130523682,15369700
2022-06-13T04:00:00.000Z,95.3642292602,95.3642292602,92.6481915666,93.5079421997,15239700
2022-06-14T04:00:00.000Z,94.0550531116,94.0550531116,90.9579890569,92.0522232056,12443700
2022-06-15T04:00:00.000Z,92.4332494493,95.0613613305,91.9252092387,93.6740264893,11751600
2022-06-16T04:00:00.000Z,91.84706279,93.185537683,91.2608688077,92.1108474731,15298500
2022-06-17T04:00:00.000Z,91.8470546652,93.7619588133,91.3194778917,92.1694564819,15403800
2022-06-21T04:00:00.000Z,92.7165817376,93.2539230939,91.1240793296,91.1436233521,16649800
2022-06-22T04:00:00.000Z,90.0493912972,92.4332552332,89.893076383,91.3487930298,11403500
2022-06-23T04:00:00.000Z,91.7982050603,92.472332202,89.9516900196,92.1303863525,11348800
2022-06-24T04:00:00.000Z,93.2539250487,96.3021441329,93.2050798992,95.5303192139,11681200
2022-06-27T04:00:00.000Z,95.9602036855,95.9699756975,93.5958836455,94.3872451782,10793700
2022-06-28T04:00:00.000Z,97.4452147199,98.0900332476,93.5763259156,93.713104248,16812400
2022-06-29T04:00:00.000Z,93.7424111591,93.9866592418,92.3550838382,93.4493179321,8653200
2022-06-30T04:00:00.000Z,92.2476173171,93.2441537036,90.4108743542,92.2280807495,10983500
2022-07-01T04:00:00.000Z,92.0717676388,94.0941417394,91.8177549652,93.9280548096,10543400
2022-07-05T04:00:00.000Z,92.0913062778,94.9929749163,90.1861666138,94.9441223145,10660600
2022-07-06T04:00:00.000Z,95.2860665248,95.9308850795,93.2050754192,93.869430542,8640200
2022-07-07T04:00:00.000Z,94.6705573841,95.2860598629,93.7228736403,95.1883621216,7813100
2022-07-08T04:00:00.000Z,94.3481512864,94.8855000624,93.1562194225,93.6544876099,7717300
2022-07-11T04:00:00.000Z,92.8142754088,93.1464492376,91.2803976817,91.4855651855,7643700
2022-07-12T04:00:00.000Z,91.4269508584,93.0585263824,91.1631587354,91.4464874268,8665300
2022-07-13T04:00:00.000Z,90.0005404383,91.1045391407,88.9160783037,90.8016738892,12006400
2022-07-14T04:00:00.000Z,89.3752640963,89.922377431,88.1540236501,89.7269744873,11146400
2022-07-15T04:00:00.000Z,90.7723754677,93.1269234834,90.5672004862,93.0096817017,14946700
2022-07-18T04:00:00.000Z,94.14297982,95.0320389482,93.1171349104,93.4981613159,10430400
2022-07-19T04:00:00.000Z,94.4556263612,97.5526905075,94.4556263612,97.3182144165,13683400
2022-07-20T04:00:00.000Z,97.9434854714,101.8612269773,97.6503847777,100.9721603394,15112700
2022-07-21T04:00:00.000Z,100.3468858139,101.8514549639,99.2721956935,101.7830657959,8611300
2022-07-22T04:00:00.000Z,100.9037799567,102.164101123,99.7607005687,100.3566665649,7803500
2022-07-25T04:00:00.000Z,100.4152878076,101.011253828,99.4676038914,100.3273620605,6726700
2022-07-26T04:00:00.000Z,99.7900091343,100.0049486678,97.2693668019,97.4843063354,6346600
2022-07-27T04:00:00.000Z,98.6469238,101.2652637296,98.4906014382,101.1187133789,9684800
2022-07-28T04:00:00.000Z,100.8744646605,102.5548927705,100.3468878734,102.4865036011,7970300
2022-07-29T04:00:00.000Z,102.7209704221,103.8933582074,100.9916973208,103.6588821411,10320000
2022-08-01T04:00:00.000Z,102.4571924683,104.1962376933,101.470428088,103.7761306763,7769700
2022-08-02T04:00:00.000Z,103.3071814816,103.9129194951,102.2129546879,102.3008804321,9093000
2022-08-03T04:00:00.000Z,103.2974125949,107.1760662692,103.2974125949,106.5117111206,11243000
2022-08-04T04:00:00.000Z,106.4140128665,106.9318176578,105.183007781,105.6324234009,7322400
2022-08-05T04:00:00.000Z,104.3525557072,105.2220783457,102.9456917219,104.1766967773,10100000
2022-08-08T04:00:00.000Z,105.7203452539,108.6708664354,105.4174799993,106.5996398926,13025900
2022-08-09T04:00:00.000Z,106.7070992405,106.7070992405,104.5674837375,105.6421737671,8776500
2022-08-10T04:00:00.000Z,109.8921143229,110.0777378202,107.3812440185,109.8432617188,26398700
2022-08-11T04:00:00.000Z,119.3982490921,120.433858727,114.6305285127,114.9822463989,50375000
2022-08-12T04:00:00.000Z,116.262094335,118.8120450676,116.1839331549,118.7729644775,21964800
2022-08-15T04:00:00.000Z,118.2160725418,123.0619536292,118.2063005313,121.4010696411,24628300
2022-08-16T04:00:00.000Z,121.860272106,123.570008901,120.6097155032,122.0849761963,14607300
2022-08-17T04:00:00.000Z,120.6097105841,121.6160190322,119.7499599428,119.9844360352,9140900
2022-08-18T04:00:00.000Z,120.1798375429,120.2970718608,118.9097444379,119.84765625,7343900
2022-08-19T04:00:00.000Z,118.4603396427,118.5971179952,116.7310662117,117.3758773804,8702500
2022-08-22T04:00:00.000Z,114.9920080542,115.4902762893,113.0282586021,113.2725067139,11575800
2022-08-23T04:00:00.000Z,113.3115880523,113.6926145129,111.982877719,112.2173538208,7180700
2022-08-24T04:00:00.000Z,112.0317173015,114.4644337569,111.4748319288,113.7316894531,7840500
2022-08-25T04:00:00.000Z,114.3276511569,115.0603954812,113.4385919195,114.7575302124,6920900
2022-08-26T04:00:00.000Z,114.767294017,115.646588634,111.2696595702,111.4455184937,7807400
2022-08-29T04:00:00.000Z,109.9507254739,111.8363211021,109.8237191454,110.9179458618,6882700
2022-08-30T04:00:00.000Z,111.6506962649,112.1098839101,108.8858058357,109.8432617188,8060000
2022-08-31T04:00:00.000Z,110.2731448455,111.1328955519,109.2766083332,109.5013198853,7353000
2022-09-01T04:00:00.000Z,109.2179838101,109.9995732758,107.4984750594,109.9409561157,7718700
2022-09-02T04:00:00.000Z,110.4489977539,111.2696678214,108.2898379132,108.6415557861,8465100
2022-09-06T04:00:00.000Z,109.198438305,109.2082103162,106.0232129749,107.5570907593,9537300
2022-09-07T04:00:00.000Z,107.342163978,110.3610670935,107.342163978,110.0972824097,8193900
2022-09-08T04:00:00.000Z,108.5145471632,110.3903708098,107.8208834435,109.7455596924,8443300
2022-09-09T04:00:00.000Z,110.663924482,112.8719293655,110.5857707559,112.5299835205,9563100
2022-09-12T04:00:00.000Z,113.4678948484,114.7868330757,112.6179087912,113.7121429443,7923400
2022-09-13T04:00:00.000Z,110.4489883253,111.2012691563,108.6122379339,109.1886672974,10504600
2022-09-14T04:00:00.000Z,109.2766050224,110.1461277144,107.351928686,109.9116516113,8610400
2022-09-15T04:00:00.000Z,109.8041735229,111.7777023142,108.1628260184,108.2214431763,9739800
2022-09-16T04:00:00.000Z,106.6973417645,107.0588316449,104.4991088098,105.7594299316,15978800
2022-09-19T04:00:00.000Z,105.0559896209,106.7071091314,104.5772654409,106.6582565308,7979500
2022-09-20T04:00:00.000Z,105.7887335797,105.9157473594,104.4014061908,105.0950698853,6957400
2022-09-21T04:00:00.000Z,104.9192092126,105.554255739,102.0859298706,102.0859298706,9776400
2022-09-22T04:00:00.000Z,101.8123773773,102.2520284307,99.6727616304,99.8095474243,10953400
2022-09-23T04:00:00.000Z,98.3049809699,98.8520943454,95.7647946893,97.2107467651,11976900
2022-09-26T04:00:00.000Z,96.6734011303,98.3440647996,95.8038784354,95.8625030518,9760500
2022-09-27T04:00:00.000Z,97.2400543893,97.3475241519,93.2343869573,93.6447219849,13360200
2022-09-28T04:00:00.000Z,93.5861089784,97.5722400187,93.2539276648,97.1130523682,12895500
2022-09-29T04:00:00.000Z,96.263062236,96.3314514075,94.0159841357,95.2079086304,9435100
2022-09-30T04:00:00.000Z,94.2797624834,95.2372182733,92.1108382575,92.1596908569,12094900
2022-10-03T04:00:00.000Z,93.527487873,95.5303178666,92.3257839138,94.8952713013,9468400
2022-10-04T04:00:00.000Z,96.4096085576,99.1842633448,95.9699649673,99.1061096191,10229000
2022-10-05T04:00:00.000Z,97.7383186645,98.8911699719,96.4291449983,98.4808349609,7562800
2022-10-06T04:00:00.000Z,98.119345832,99.1256467991,97.5722324799,97.738319397,6728200
2022-10-07T04:00:00.000Z,96.2435216603,96.5268503456,94.2309122843,94.9245834351,7051000
2022-10-10T04:00:00.000Z,95.3446884106,95.491238767,92.2476241722,92.9706039429,9532300
2022-10-11T04:00:00.000Z,92.6286486927,92.872896797,90.5183489475,90.9579925537,8900900
2022-10-12T04:00:00.000Z,91.0166085472,91.9056676867,90.0786893561,91.2608566284,6156200
2022-10-13T04:00:00.000Z,89.4631982639,94.7389589797,88.6229841614,94.4165496826,11025400
2022-10-14T04:00:00.000Z,95.2274530668,95.8331836012,92.1596974419,92.2769317627,8202100
2022-10-17T04:00:00.000Z,94.1625280697,95.7159499152,94.0452937482,95.090675354,7083800
2022-10-18T04:00:00.000Z,97.5722292889,98.060725467,95.3935330551,96.2142105103,8533500
2022-10-19T04:00:00.000Z,98.1291143935,99.5262137575,96.2337468421,96.7124710083,11731000
2022-10-20T04:00:00.000Z,95.9699601499,98.4319775494,95.8527183866,96.3216705322,8212400
2022-10-21T04:00:00.000Z,96.087194783,99.9463189837,95.6377792028,99.6922988892,10193400
2022-10-24T04:00:00.000Z,99.7704753038,100.8158569652,97.8164903328,99.3796768188,8221500
2022-10-25T04:00:00.000Z,99.8095431283,102.3204131966,99.6825293509,101.9589233398,7687500
2022-10-26T04:00:00.000Z,101.1480270817,104.9582991247,101.1480270817,102.2227172852,9203700
2022-10-27T04:00:00.000Z,103.3755690056,104.4111860738,101.9100803269,102.0370941162,8673500
2022-10-28T04:00:00.000Z,101.6853732976,103.6491227034,101.1480244828,103.5123443604,7250900
2022-10-31T04:00:00.000Z,103.2290174031,104.4404858549,102.4083399362,104.0887680054,8814800
2022-11-01T04:00:00.000Z,105.2220794876,106.3358502378,103.2094775099,103.5611953735,7955800
2022-11-02T04:00:00.000Z,103.0238432336,103.639353202,99.4480550077,99.4773635864,9583200
2022-11-03T04:00:00.000Z,97.8946314594,98.3831276392,96.2923645858,96.9664916992,8978400
2022-11-04T04:00:00.000Z,98.8227722603,98.8325442704,95.8527147852,97.2888946533,11035800
2022-11-07T05:00:00.000Z,98.5589902153,99.2233453426,96.7124751833,98.1193466187,11355200
2022-11-08T05:00:00.000Z,98.4222173213,99.6239213145,95.7941126996,97.6015472412,27130300
2022-11-09T05:00:00.000Z,88.4666713617,89.0040127492,84.2949093302,84.7540969849,62029800
2022-11-10T05:00:00.000Z,87.6850746405,88.4178189968,85.5943113401,88.3787384033,36968100
2022-11-11T05:00:00.000Z,89.4729739949,93.3809439537,89.0040143202,92.8240585327,22373300
2022-11-14T05:00:00.000Z,93.6447253295,94.3970136941,92.0424582994,92.1108474731,20598000
2022-11-15T05:00:00.000Z,93.7912699631,94.9441212878,91.544184472,93.3125457764,15801900
2022-11-16T05:00:00.000Z,93.0292137319,93.0292137319,91.5637251916,91.7884292603,11137700
2022-11-17T05:00:00.000Z,90.0005454892,90.1470883908,88.7597609268,89.345954895,12306400
2022-11-18T05:00:00.000Z,90.7235139058,91.0166146042,88.8183817274,89.6879043579,10011700
2022-11-21T05:00:00.000Z,97.8164844489,98.5687653378,94.1039102457,95.3349227905,70273500
2022-11-22T05:00:00.000Z,94.7682696484,95.4228528148,92.5016474147,93.9964447021,25753700
2022-11-23T05:00:00.000Z,93.7912754075,97.0544266199,93.5763358754,96.6050109863,15503200
2022-11-25T05:00:00.000Z,96.5366131215,97.5136054857,95.8234128698,96.5952377319,6664300
2022-11-28T05:00:00.000Z,95.9504208407,96.8492520422,93.2343832142,93.4884033203,13660000
2022-11-29T05:00:00.000Z,93.7912712445,94.2113782784,91.7591252453,92.5114135742,13205300
2022-11-30T05:00:00.000Z,92.7654319411,95.6866447899,91.7102857396,95.6182556152,15368100
2022-12-01T05:00:00.000Z,95.6182423137,96.5659186155,94.3579213097,96.3216705322,13855700
2022-12-02T05:00:00.000Z,95.2176806075,97.3963769895,94.7780369989,97.1423568726,12608100
2022-12-05T05:00:00.000Z,95.9797274714,96.8785661086,93.4688574015,93.7228775024,10764500
2022-12-06T05:00:00.000Z,93.5274900006,93.7912746809,89.8637683334,90.166633606,11492400
2022-12-07T05:00:00.000Z,90.5281297183,90.6551360614,89.160338711,90.0298614502,10353400
2022-12-08T05:00:00.000Z,90.3717940675,91.2803972682,89.5608886129,90.4206466675,9351200
2022-12-09T05:00:00.000Z,90.2447951182,92.7263568309,89.7856074749,91.231552124,10111900
2022-12-12T05:00:00.000Z,91.5735057915,92.4821090698,90.479271562,92.4821090698,14140700
2022-12-13T05:00:00.000Z,94.2699965256,95.1492911944,91.4171804479,92.5211791992,22882100
2022-12-14T05:00:00.000Z,92.3648674028,93.2734706822,90.4890436819,91.9838409424,11505400
2022-12-15T05:00:00.000Z,90.3424834026,90.9775299181,88.0465528809,88.4080352783,15957700
2022-12-16T05:00:00.000Z,88.1149465665,88.9844692025,86.7666922898,88.0074768066,26383900
2022-12-19T05:00:00.000Z,87.3821997576,87.4017363253,83.4449217082,83.8064041138,19225300
2022-12-20T05:00:00.000Z,84.0995154277,85.8190168454,83.7868781287,85.0178833008,14918400
2022-12-21T05:00:00.000Z,85.1839657548,86.0730249212,84.4903020778,84.920173645,11004800
2022-12-22T05:00:00.000Z,84.0506592663,84.7345584535,82.7414929614,84.6759338379,15487400
2022-12-23T05:00:00.000Z,84.0799676763,86.0437245835,83.7966389719,85.9851074219,11171600
2022-12-27T05:00:00.000Z,85.4086883694,85.9167286781,83.9822801169,84.382850647,11561400
2022-12-28T05:00:00.000Z,84.0995109805,84.6954769649,82.1357540901,82.2334518433,12399500
2022-12-29T05:00:00.000Z,83.2886062414,86.2098115756,83.0150495484,85.1742019653,13045100
2022-12-30T05:00:00.000Z,83.7575606044,85.1155794259,83.269064411,84.8810958862,23231000
2023-01-03T05:00:00.000Z,86.9327914208,87.9000118585,85.8092486133,86.9230194092,14997100
2023-01-04T05:00:00.000Z,87.9293211855,90.6160504439,87.3040466089,89.8637695312,14957200
2023-01-05T05:00:00.000Z,89.5511249827,90.3522584348,88.4275822567,89.8051376343,11622600
2023-01-06T05:00:00.000Z,90.5281196941,92.5114130808,89.2189459973,91.7591247559,9828100
2023-01-09T05:00:00.000Z,92.2573952442,93.4981723477,91.2999393854,92.5895690918,11675800
2023-01-10T05:00:00.000Z,92.1108476374,93.439557975,91.6614320017,93.3613967896,6914600
2023-01-11T05:00:00.000Z,93.7131151208,94.3286251421,92.8631364498,94.1136856079,8757300
2023-01-12T05:00:00.000Z,96.2337531577,98.3147443243,95.325149911,97.5136108398,19764300
2023-01-13T05:00:00.000Z,97.0935007169,97.3084402346,95.7550259174,97.1130447388,12230200
2023-01-17T05:00:00.000Z,98.0118758685,98.6664589782,96.7222462171,97.6113128662,14914200
2023-01-18T05:00:00.000Z,97.9727981581,98.8032402198,96.4486923763,96.7613296509,11384500
2023-01-19T05:00:00.000Z,95.8624956134,97.1618898221,94.8855032273,96.8004074097,10973600
2023-01-20T05:00:00.000Z,98.0314115767,101.2066368035,97.0153460636,101.0991744995,14549900
2023-01-23T05:00:00.000Z,100.9135479991,103.5123439614,100.5520581201,103.2583312988,11479100
2023-01-24T05:00:00.000Z,102.2911022601,105.9450592372,99.6532257368,103.5611953735,8606700
2023-01-25T05:00:00.000Z,102.545123768,105.6715039922,101.7830708711,105.6324234009,10008000
2023-01-26T05:00:00.000Z,105.6812588319,107.2346805168,105.0950649231,107.1760559082,9204400
2023-01-27T05:00:00.000Z,106.7461882027,108.0358178301,106.6484904566,107.019744873,10249700
2023-01-30T05:00:00.000Z,105.7692146916,106.462878502,105.0071617014,105.1146240234,8548500
2023-01-31T05:00:00.000Z,105.1048448997,106.218615647,104.9778311164,105.9939041138,8251700
2023-02-01T05:00:00.000Z,106.0036768116,107.4105482716,104.4404904416,106.8731994629,9975500
2023-02-02T05:00:00.000Z,108.1237544044,110.917953453,107.1663059621,110.6053161621,13093200
2023-02-03T05:00:00.000Z,108.9053428411,110.5369183425,107.8306527035,108.1628265381,12472500
2023-02-06T05:00:00.000Z,107.6352563484,107.8892764723,106.0329893279,107.3421630859,11956500
2023-02-07T05:00:00.000Z,106.785266631,109.5403847546,106.3553876126,109.0616531372,10844000
2023-02-08T05:00:00.000Z,109.6185488422,110.7225550705,107.7524971569,109.2082138062,27719900
2023-02-09T05:00:00.000Z,115.3241868327,115.460965176,107.2835358889,107.8208847046,46137200
2023-02-10T05:00:00.000Z,106.4530938072,107.2151467066,104.7433570622,105.5737991333,15566000
2023-02-13T05:00:00.000Z,105.6128778778,105.7985088206,104.0985441168,105.1830062866,12341500
2023-02-14T05:00:00.000Z,104.3623287874,105.9450591727,103.3853363788,105.1830062866,10768100
2023-02-15T05:00:00.000Z,104.6261112975,106.7559550024,104.2450848623,106.7266464233,8156000
2023-02-16T05:00:00.000Z,105.0755237564,105.5347038714,103.268082057,103.3950958252,9479900
2023-02-17T05:00:00.000Z,102.6135176056,103.3658059793,101.4899747779,102.7991485596,9492200
2023-02-21T05:00:00.000Z,101.1675653566,101.3434242857,99.4871372467,99.7411499023,10648200
2023-02-22T05:00:00.000Z,98.998645568,100.200342093,98.764162016,99.3405914307,9885100
2023-02-23T05:00:00.000Z,99.1158783042,99.702079721,97.3182158243,99.3894424438,10974800
2023-02-24T05:00:00.000Z,97.2400517704,98.1193464157,96.6831664041,97.9923400879,8523000
2023-02-27T05:00:00.000Z,98.4124496366,99.1354219395,97.757859051,98.138885498,6641200
2023-02-28T05:00:00.000Z,98.1388844619,98.431985166,97.2791338257,97.3182144165,8233700
2023-03-01T05:00:00.000Z,96.907881347,97.3377529468,95.8429557242,96.2728347778,7898300
2023-03-02T05:00:00.000Z,95.4912298488,97.0055709673,95.1785925961,96.6440811157,7776600
2023-03-03T05:00:00.000Z,97.3768311426,98.8520917601,96.6050062487,98.8130111694,7434300
2023-03-06T05:00:00.000Z,99.2722026437,100.3371208278,98.1779684251,98.3440628052,6773300
2023-03-07T05:00:00.000Z,98.0900422733,98.6176190843,96.6147816047,96.7808685303,6951300
2023-03-08T05:00:00.000Z,96.7222572404,97.3279952722,96.0383654738,97.0153579712,5668700
2023-03-09T05:00:00.000Z,97.1618895852,97.7480909786,93.7131076631,93.9280471802,8275600
2023-03-10T05:00:00.000Z,93.4004763962,93.6935771117,90.694210599,91.4171829224,13978800
2023-03-13T04:00:00.000Z,89.7758339487,91.8568251447,88.3787344732,90.4694976807,11915300
2023-03-14T04:00:00.000Z,91.8372877993,92.1303885079,90.2154767986,91.2120132446,10323600
2023-03-15T04:00:00.000Z,89.5218125078,91.2120126693,89.3068804372,90.9579925537,9543800
2023-03-16T04:00:00.000Z,90.5378827472,92.384397763,89.7758298777,92.1206130981,9931700
2023-03-17T04:00:00.000Z,91.8861518358,92.1010839344,90.7723809308,91.0557022095,12943200
2023-03-20T04:00:00.000Z,91.2803983312,92.7361148898,90.8602913097,92.0522232056,6657200
2023-03-21T04:00:00.000Z,92.9803728994,94.6217205704,92.9803728994,94.3188552856,7285800
2023-03-22T04:00:00.000Z,95.2078938115,95.6768533812,92.6384068226,92.7165679932,8811100
2023-03-23T04:00:00.000Z,93.0878418917,94.7878067123,92.579809084,93.6251907349,9527000
2023-03-24T04:00:00.000Z,92.6286590494,92.8142900146,90.8798415325,91.9154586792,9534600
2023-03-27T04:00:00.000Z,92.5993435204,93.8108120753,92.2085450484,93.4200210571,7487900
2023-03-28T04:00:00.000Z,93.3125549387,93.7912791724,92.4137161817,92.6384277344,5426100
2023-03-29T04:00:00.000Z,93.8694257677,94.6803311984,93.1562180802,94.6412506104,5889100
2023-03-30T04:00:00.000Z,96.4584588701,96.6440823497,95.4228419011,95.8429489136,7669500
2023-03-31T04:00:00.000Z,96.6147871921,97.8946449748,96.2337607156,97.8262557983,8920000
2023-04-03T04:00:00.000Z,97.9044187343,98.1193582796,96.9860433878,97.4647750854,7313200
2023-04-04T04:00:00.000Z,97.9923290458,98.1095633494,96.4877600343,97.2791213989,6794200
2023-04-05T04:00:00.000Z,97.4061379057,97.8750975307,96.3607563508,97.6113128662,7747200
2023-04-06T04:00:00.000Z,97.1521247352,98.0118753469,96.2826021125,97.6699295044,7042500
2023-04-10T04:00:00.000Z,97.0153549569,98.4906082153,96.6245564793,98.4906082153,8016600
2023-04-11T04:00:00.000Z,98.8325530948,99.5652973825,97.9825670378,98.1095733643,7504600
2023-04-12T04:00:00.000Z,98.9204882189,99.8681721135,95.4521619467,95.6866455078,9289200
2023-04-13T04:00:00.000Z,96.2435185776,98.7446166107,96.2435185776,98.5199050903,8745000
2023-04-14T04:00:00.000Z,98.1877412204,98.5394590987,96.6538633721,97.6015472412,7337300
2023-04-17T04:00:00.000Z,97.2791323607,98.2561247545,96.8687973442,97.9923400879,6705300
2023-04-18T04:00:00.000Z,98.2952042274,98.8227810085,97.3084398337,98.6078414917,8180100
2023-04-19T04:00:00.000Z,97.4842977777,97.5331503779,96.096970397,96.4779968262,11523300
2023-04-20T04:00:00.000Z,95.5010071392,96.3119126205,95.1492892788,95.8136444092,7762700
2023-04-21T04:00:00.000Z,95.9015661548,97.4256717323,95.4716871647,97.2791213989,9468000
2023-04-24T04:00:00.000Z,97.8457919371,98.4222138846,96.399839882,97.3866043091,8540600
2023-04-25T04:00:00.000Z,97.0935103324,97.4159196409,95.7550354004,95.7550354004,6511400
2023-04-26T04:00:00.000Z,95.5889340418,96.2142160432,94.2406871962,94.3872375488,8634500
2023-04-27T04:00:00.000Z,94.8952700184,97.7676300866,94.4849349955,97.6308517456,8166500
2023-04-28T04:00:00.000Z,97.0837400238,100.2003407931,96.8004113259,100.1417236328,11329700
2023-05-01T04:00:00.000Z,100.0538014018,100.2491969123,99.2722044523,99.8583984375,6909500
2023-05-02T04:00:00.000Z,98.9986463026,99.360128737,97.3279901151,98.2854385376,6955900
2023-05-03T04:00:00.000Z,98.7348470927,100.2198796778,98.3245120839,98.5394515991,7772100
2023-05-04T04:00:00.000Z,97.2498188772,97.2498188772,94.3872310094,95.207901001,13260700
2023-05-05T04:00:00.000Z,96.3216797101,98.5296846802,95.8527275198,98.2072753906,9300100
2023-05-08T04:00:00.000Z,99.3601218776,101.5192815928,99.3503573206,100.6009063721,10810100
2023-05-09T04:00:00.000Z,100.5422863699,100.6106755363,99.7411454868,99.8290786743,6829900
2023-05-10T04:00:00.000Z,100.6302176376,100.8744657387,97.7383210155,98.8130111694,19525200
2023-05-11T04:00:00.000Z,92.6188812663,92.921746521,89.7660578314,90.186164856,57127200
2023-05-12T04:00:00.000Z,90.2154733713,90.7430501543,89.1407832371,89.8735275269,21837500
2023-05-15T04:00:00.000Z,89.4338886518,90.733290383,88.6132111281,90.7235183716,16792000
2023-05-16T04:00:00.000Z,89.9223817183,90.2936361483,88.6913692027,88.8867721558,17013300
2023-05-17T04:00:00.000Z,88.9258452645,90.9091461044,88.7597583449,90.6355819702,12461600
2023-05-18T04:00:00.000Z,90.7137394626,92.0717582516,90.3327130372,91.6028060913,15014800
2023-05-19T04:00:00.000Z,90.8602917945,90.8602917945,89.2189442897,89.2482528687,16429000
2023-05-22T04:00:00.000Z,89.2287190411,89.8246850105,87.8218475784,89.7074432373,14150600
2023-05-23T04:00:00.000Z,89.0040129196,89.9126162189,87.7436917333,87.7534637451,14778700
2023-05-24T04:00:00.000Z,87.3821960208,87.4310411647,86.3758951176,87.0207061768,15350800
2023-05-25T04:00:00.000Z,87.4994414428,87.4994414428,85.7701680859,86.1121139526,13605800
2023-05-26T04:00:00.000Z,86.4540548601,87.1867991556,86.0730284227,86.2586593628,12892700
2023-05-30T04:00:00.000Z,86.923011702,86.923011702,85.0081075656,85.7994689941,14800700
2023-05-31T04:00:00.000Z,85.5649943586,86.1414162845,85.1448873374,85.9362487793,11440600
2023-06-01T04:00:00.000Z,86.3661267021,87.010937788,85.1058056546,86.5517501831,11993200
2023-06-02T04:00:00.000Z,87.5678241343,89.2384802058,87.5385155556,88.6815948486,14350200
2023-06-05T04:00:00.000Z,89.1016988932,89.6488196751,87.3821977326,88.9063034058,18506700
2023-06-06T04:00:00.000Z,89.0040100176,90.3815729393,88.9258488332,90.0396270752,12109100
2023-06-07T04:00:00.000Z,90.6453546475,90.9384553522,89.7465234188,90.3913345337,11082400
2023-06-08T04:00:00.000Z,90.3913357768,90.5476581424,89.1994112809,90.4011077881,9030200
2023-06-09T04:00:00.000Z,90.645352931,90.7821312696,89.4436564631,89.8149108887,9625400
2023-06-12T04:00:00.000Z,90.1275476845,91.0850035033,89.6585880592,90.9970703125,12341600
2023-06-13T04:00:00.000Z,91.9545269843,92.2671642529,91.290171857,91.6907348633,12964400
2023-06-14T04:00:00.000Z,92.0912981797,92.3453108162,89.8051322747,90.3229370117,15877400
2023-06-15T04:00:00.000Z,89.9419158271,91.3683238028,89.502272239,90.8016738892,13354600
2023-06-16T04:00:00.000Z,90.7430541691,90.8309873637,88.7695327411,89.2189483643,22683400
2023-06-20T04:00:00.000Z,88.2126506788,88.6913749002,87.6753018408,87.6850738525,14939200
2023-06-21T04:00:00.000Z,87.4896678115,87.6069021229,86.0827964441,86.6006011963,17873000
2023-06-22T04:00:00.000Z,86.4052106382,87.1379549416,86.0925733669,86.4540557861,10915300
2023-06-23T04:00:00.000Z,85.9948750063,86.3661369201,85.5943119646,86.0730361938,13538000
2023-06-26T04:00:00.000Z,86.0144143368,87.4310503772,85.7506222068,86.6592254639,13132700
2023-06-27T04:00:00.000Z,86.8546256441,87.5971419535,86.4540551832,87.0109405518,10032700
2023-06-28T04:00:00.000Z,87.3333606788,87.3431326911,86.4931465162,86.7862472534,12118300
2023-06-29T04:00:00.000Z,85.7799300481,87.069559633,85.3305070144,86.903465271,13402600
2023-06-30T04:00:00.000Z,87.1281781102,87.5385131085,86.5712927686,87.2258758545,12837500
2023-07-03T04:00:00.000Z,87.0695692731,88.8574597803,86.8644017544,88.4178161621,7979500
2023-07-05T04:00:00.000Z,88.0367888923,88.3103455814,87.1965748021,87.7241516113,11028800
2023-07-06T04:00:00.000Z,86.629914053,86.7862364144,85.760391416,86.6983032227,12084600
2023-07-07T04:00:00.000Z,86.2781919323,87.6655267324,86.0534878662,86.6006011963,9705100
2023-07-10T04:00:00.000Z,86.219586557,86.6396936225,85.8385600852,86.0730361938,13642600
2023-07-11T04:00:00.000Z,86.1707319937,87.5287509169,86.121886843,87.4310531616,13735500
2023-07-12T04:00:00.000Z,88.0367861086,88.6229800601,87.5092093161,88.0758666992,14912100
2023-07-13T04:00:00.000Z,88.4666652096,88.720677868,87.0304851824,88.3885040283,15325500
2023-07-14T04:00:00.000Z,88.3298950359,88.4080487706,86.3856746044,86.5810775757,17770000
2023-07-17T04:00:00.000Z,86.3856677199,86.4540568909,83.3374561494,83.591468811,34503400
2023-07-18T04:00:00.000Z,83.5426320242,85.2914495201,83.347229049,83.9725036621,21885100
2023-07-19T04:00:00.000Z,84.2167446612,85.8678642566,84.2069801037,85.0374221802,17177000
2023-07-20T04:00:00.000Z,84.8420192728,85.1742005759,84.0506577876,84.2265167236,15277500
2023-07-21T04:00:00.000Z,84.3144437416,85.8776300285,83.904101285,85.1741943359,19901000
2023-07-24T04:00:00.000Z,85.4770589142,85.9362465129,84.5586911706,84.6075363159,13911900
2023-07-25T04:00:00.000Z,83.7575562709,84.3242061611,83.2006709374,83.6598510742,15335400
2023-07-26T04:00:00.000Z,83.6989439338,84.2851379307,83.4840043957,83.8845748901,14983700
2023-07-27T04:00:00.000Z,84.6075408843,84.8810975654,83.2299854676,83.3960723877,16691400
2023-07-28T04:00:00.000Z,83.8845765112,84.5880123027,83.484006009,84.1483612061,13638300
2023-07-31T04:00:00.000Z,84.9983337038,87.3040362259,84.8810919395,86.8448486328,20837800
2023-08-01T04:00:00.000Z,87.0695692433,87.6655352301,86.4247506528,86.9816360474,13717500
2023-08-02T04:00:00.000Z,86.2293496687,86.2977388372,84.2753649059,84.3144454956,15162700
2023-08-03T04:00:00.000Z,83.845495861,84.4707704633,83.4840059535,83.5230865479,14145400
2023-08-04T04:00:00.000Z,83.962727642,85.1058069393,83.4839960083,84.3144454956,11533900
2023-08-07T04:00:00.000Z,84.6661655822,85.2230509561,84.0115750044,84.8322525024,10818400
2023-08-08T04:00:00.000Z,84.509845711,86.2977436578,84.1190472459,86.1023406982,16767900
2023-08-09T04:00:00.000Z,87.1477222092,87.4994400821,85.0374224259,85.47706604,32517900
2023-08-10T04:00:00.000Z,87.9000092718,90.4011074833,85.7310849055,89.6488265991,56716800
2023-08-11T04:00:00.000Z,89.2189483623,89.2482569426,86.8155478803,86.971862793,21998900
2023-08-14T04:00:00.000Z,86.9425520463,87.2454247605,85.9655596412,86.7666931152,13676400
2023-08-15T04:00:00.000Z,85.9655643442,86.2000479011,84.8908741305,85.0569610596,13677900
2023-08-16T04:00:00.000Z,84.5489274594,85.0569602533,84.0995118272,84.3632965088,12182700
2023-08-17T04:00:00.000Z,84.9201840018,84.9592645952,83.825957202,83.9431915283,14206000
2023-08-18T04:00:00.000Z,83.4058473251,84.7247856289,83.4058473251,83.9822692871,12364400
2023-08-21T04:00:00.000Z,83.8357093459,84.2655883558,83.4449183775,83.9040985107,11215000
2023-08-22T04:00:00.000Z,83.7380238109,84.1092782666,83.4058499486,83.8161849976,9835300
2023-08-23T04:00:00.000Z,83.8357187334,84.3437589754,83.6696318079,83.8552627563,7576000
2023-08-24T04:00:00.000Z,83.5426209158,83.9724924965,80.5627911605,80.5725631714,27531000
2023-08-25T04:00:00.000Z,81.1587565819,81.7254139503,80.5627906347,81.4420852661,16050900
2023-08-28T04:00:00.000Z,81.901269329,82.7414833344,81.6081686466,82.2236785889,12166400
2023-08-29T04:00:00.000Z,81.8621868633,82.6047031088,81.8035697097,82.458152771,11210700
2023-08-30T04:00:00.000Z,82.4581536275,82.7317102856,81.901268301,82.3409118652,11816600
2023-08-31T04:00:00.000Z,82.5167831589,82.6633335203,81.7156496313,81.7547302246,10448000
2023-09-01T04:00:00.000Z,80.2208530017,80.3380947825,78.6772030969,79.7616653442,27701900
2023-09-05T04:00:00.000Z,79.5467255796,80.4944094736,79.3122494725,79.3220214844,12741700
2023-09-06T04:00:00.000Z,78.9312208561,80.2013065676,78.6772007322,79.1168518066,15518500
2023-09-07T04:00:00.000Z,78.9605261784,78.989834758,77.9151445991,78.7162780762,14768000
2023-09-08T04:00:00.000Z,78.6869680952,79.790966814,78.325478227,79.7030410767,16220900
2023-09-11T04:00:00.000Z,80.0547642251,81.9208159399,79.3024758598,80.6214141846,26579100
2023-09-12T04:00:00.000Z,81.1196836281,82.7219506833,80.6702679861,81.7547302246,16594600
2023-09-13T04:00:00.000Z,81.4323123935,82.1162115236,81.207608323,81.5593261719,9772700
2023-09-14T04:00:00.000Z,82.0673639025,82.7903362117,81.1294520667,82.5363235474,22371900
2023-09-15T04:00:00.000Z,83.2592974429,84.2069813082,82.6633314546,83.6110153198,21631200
2023-09-18T04:00:00.000Z,83.2788204161,83.9431754691,83.0248077883,83.0638809204,11894200
2023-09-19T04:00:00.000Z,81.9892046721,82.8391907876,79.8300522506,80.0547637939,21478900
2023-09-20T04:00:00.000Z,80.1426871525,81.2857664969,79.7616607044,80.6604919434,12715200
2023-09-21T04:00:00.000Z,80.1720008624,81.7449593582,80.0352225109,80.8265914917,14378000
2023-09-22T04:00:00.000Z,81.0024491993,81.4323208171,79.3317855176,79.3806381226,11495300
2023-09-25T04:00:00.000Z,79.6835053392,79.8886728683,78.7065128463,79.1461639404,11034400
2023-09-26T04:00:00.000Z,78.6478955929,78.8823717039,77.9542318182,78.2082519531,14867900
2023-09-27T04:00:00.000Z,78.2766307966,78.7065023677,77.3973361793,78.0616912842,14662500
2023-09-28T04:00:00.000Z,78.4329501949,79.0582247467,77.8174476544,78.2863998413,12229800
2023-09-29T04:00:00.000Z,78.8042152369,79.4587983948,78.5599671224,79.1852416992,11261400
2023-10-02T04:00:00.000Z,79.0582255272,79.8886676007,78.9312191949,79.7909698486,9128100
2023-10-03T04:00:00.000Z,79.3806323017,80.0059068398,77.6318150156,77.7099761963,12586200
2023-10-04T04:00:00.000Z,77.7783695987,77.954228538,76.9186189255,77.4950408936,12010500
2023-10-05T04:00:00.000Z,77.2801036421,79.0777736805,77.065164104,78.9507598877,15466600
2023-10-06T04:00:00.000Z,79.1852459217,81.6081831725,78.6381250475,81.0317611694,15391100
2023-10-09T04:00:00.000Z,82.3604602336,82.9271101464,81.2173734894,82.7512512207,13604400
2023-10-10T04:00:00.000Z,82.8391809307,83.3276770979,81.9989669268,83.034576416,9450600
2023-10-11T04:00:00.000Z,83.4058444862,83.7477903379,82.3213823179,82.8978042603,9499200
2023-10-12T04:00:00.000Z,82.8782690299,83.1127451244,81.5886393298,82.4093093872,9554900
2023-10-13T04:00:00.000Z,82.0087463698,82.6340209242,81.4616255443,82.4093093872,10808000
2023-10-16T04:00:00.000Z,82.3702309322,83.9529613818,82.3702309322,83.7380218506,10275100
2023-10-17T04:00:00.000Z,83.3863014045,84.3046766629,83.3472208133,84.2167434692,9985700
2023-10-18T04:00:00.000Z,83.7184844204,84.2753698121,82.6535587867,82.7317199707,10047000
2023-10-19T04:00:00.000Z,83.298382247,83.3081468052,81.2564640556,81.3346252441,14316800
2023-10-20T04:00:00.000Z,80.9926611549,81.5202378783,80.7093325004,80.7484130859,10437000
2023-10-23T04:00:00.000Z,80.191535636,82.0966677788,79.0484563504,81.1880645752,10772500
2023-10-24T04:00:00.000Z,81.4909414648,82.2627589185,79.8593584558,80.6604919434,11499500
2023-10-25T04:00:00.000Z,80.2403862037,80.6507286923,78.6674277831,78.7358169556,9372500
2023-10-26T04:00:00.000Z,78.2375510721,78.7553558375,77.5927325276,77.9444503784,11651000
2023-10-27T04:00:00.000Z,77.9151415251,79.1656905664,77.4071087723,77.5048065186,10300600
2023-10-30T04:00:00.000Z,77.8858339347,79.0679938232,77.7002029968,78.8237457275,10291200
2023-10-31T04:00:00.000Z,78.8335195007,79.7909678829,78.4818016388,79.7128067017,8672200
2023-11-01T04:00:00.000Z,79.6541962279,79.7030488338,78.335257862,79.2047805786,9093000
2023-11-02T04:00:00.000Z,79.9668239758,81.3834673843,79.9375153973,81.3736953735,11518500
2023-11-03T04:00:00.000Z,82.2334524991,83.9529612934,82.2236879414,83.1127471924,11331800
2023-11-06T05:00:00.000Z,83.1225158244,83.8259515504,81.6667917703,82.0868988037,14160900
2023-11-07T05:00:00.000Z,82.2236839929,82.7317167614,82.0185090294,82.6437835693,10540200
2023-11-08T05:00:00.000Z,82.2041369498,82.9661898015,82.0185060154,82.5558547974,26942600
2023-11-09T05:00:00.000Z,85.8190088673,89.1114759398,85.5845327783,88.2614898682,51062700
2023-11-10T05:00:00.000Z,88.056327041,88.0856430758,84.9397261868,86.2391204834,25175700
2023-11-13T05:00:00.000Z,86.3856581895,87.8316100868,85.398901324,87.382194519,12834400
2023-11-14T05:00:00.000Z,87.9586278989,89.4338885657,87.919547307,88.9747009277,13152000
2023-11-15T05:00:00.000Z,90.8505227532,92.3941725607,90.606274649,91.7688980103,20593100
2023-11-16T05:00:00.000Z,91.7298256237,92.4332614193,91.4758054855,92.3355636597,12923900
2023-11-17T05:00:00.000Z,92.5700349234,93.1855374854,91.7591293985,91.9838409424,12189300
2023-11-20T05:00:00.000Z,91.8177446545,93.390695486,91.7102748994,92.8435821533,14105300
2023-11-21T05:00:00.000Z,92.5504959035,92.7751999876,91.7982075605,92.2769317627,7654800
2023-11-22T05:00:00.000Z,92.7263526329,93.5079420837,92.5798022815,92.8826675415,7328200
2023-11-24T05:00:00.000Z,92.716584305,94.2895427341,92.716584305,93.8498916626,5440500
2023-11-27T05:00:00.000Z,93.5372549656,93.5372549656,92.3453229853,92.9803695679,11049500
2023-11-28T05:00:00.000Z,92.8142687823,92.9510471084,90.3229354282,90.3717880249,18660300
2023-11-29T05:00:00.000Z,90.4694857644,91.094760242,89.336178569,90.3717880249,13857000
2023-11-30T05:00:00.000Z,91.3976404991,91.7005057529,90.0786948177,90.5574264526,13396700
2023-12-01T05:00:00.000Z,90.6062813529,90.7039791111,89.6585974459,90.4499664307,11898200
2023-12-04T05:00:00.000Z,89.7856042739,90.2838724917,89.5022755795,89.8930740356,12602800
2023-12-05T05:00:00.000Z,89.5022671332,89.6683540388,87.8609197356,88.701133728,12357000
2023-12-06T05:00:00.000Z,89.0137870598,90.4206586417,88.535062823,89.3948135376,10462000
2023-12-07T05:00:00.000Z,89.687908875,91.2413232751,89.5413585184,90.2252502441,10264700
2023-12-08T05:00:00.000Z,90.2350518179,91.6857164186,90.2350518179,90.9799880981,9498200
2023-12-11T05:00:00.000Z,90.8917761673,91.2348364694,90.146839884,90.3722763062,10811000
2023-12-12T05:00:00.000Z,90.2938673336,90.3722757749,89.058842775,89.2646789551,13218400
2023-12-13T05:00:00.000Z,89.3626951908,91.0289998299,88.9804269306,90.9897918701,10173200
2023-12-14T05:00:00.000Z,91.3622495506,92.9501381533,91.3622495506,92.0777816772,12439300
2023-12-15T05:00:00.000Z,91.2054313063,92.0875842221,91.0878074278,91.6072998047,17551600
2023-12-18T05:00:00.000Z,90.8623637182,91.8523441333,90.8623637182,91.0191955566,9083600
2023-12-19T05:00:00.000Z,90.8035493372,92.1267861016,90.774145239,92.0679779053,8804000
2023-12-20T05:00:00.000Z,91.3916575791,92.4012382087,89.4411083779,89.4607086182,13060600
2023-12-21T05:00:00.000Z,90.1076266321,90.2546546038,89.2548703784,90.1958389282,13037200
2023-12-22T05:00:00.000Z,89.8037796466,90.4114843313,88.9510233422,89.2156677246,9419800
2023-12-26T05:00:00.000Z,89.0392289378,89.4607051285,88.8039886736,89.1470489502,8086900
2023-12-27T05:00:00.000Z,89.1078482095,89.1372523077,88.2550919719,88.5883483887,11123500
2023-12-28T05:00:00.000Z,88.3040961365,89.1764600899,88.186479744,88.6079559326,8479600
2023-12-29T05:00:00.000Z,88.3335091184,88.8039896519,88.0786611338,88.5001373291,9211000
2024-01-02T05:00:00.000Z,88.3139111272,89.666559636,87.9512505673,88.911819458,10587600
2024-01-03T05:00:00.000Z,88.4413268559,90.2546518436,88.2158829757,89.8331756592,11929800
2024-01-04T05:00:00.000Z,90.1174264428,90.1174264428,88.2158817107,88.7647781372,12087400
2024-01-05T05:00:00.000Z,88.6177685463,89.509725349,88.5687567258,89.0980529785,9092100
2024-01-08T05:00:00.000Z,89.735168457,90.1174367231,89.1960683494,89.735168457,11103700
2024-01-09T05:00:00.000Z,89.245073902,89.2940782404,87.8238134808,87.8924255371,11255100
2024-01-10T05:00:00.000Z,88.0394508322,88.0394508322,87.1180825512,87.5199584961,15091600
2024-01-11T05:00:00.000Z,87.6179801308,88.0002483824,86.9318595455,87.6767883301,9642200
2024-01-12T05:00:00.000Z,87.8728241479,89.0294327095,87.8728241479,88.5589447021,11919400
2024-01-16T05:00:00.000Z,88.5001397614,91.2446295576,87.686591447,91.2054290771,16780900
2024-01-17T05:00:00.000Z,90.7447416623,91.901350225,88.3139006654,88.5491409302,15735200
2024-01-18T05:00:00.000Z,88.8628108907,90.6761360386,88.6177667496,90.3820800781,12203200
2024-01-19T05:00:00.000Z,90.4898966835,91.7249212016,89.8135724868,91.2152252197,19790100
2024-01-22T05:00:00.000Z,91.028993647,93.34221077,91.028993647,93.1951828003,15119400
2024-01-23T05:00:00.000Z,93.5382446677,93.9891249651,91.3328475198,91.9111480713,11559400
2024-01-24T05:00:00.000Z,92.5482678928,93.3618162227,91.4112669855,91.6465072632,10454900
2024-01-25T05:00:00.000Z,92.0581772684,93.0579615099,91.8915490542,92.9795455933,8661600
2024-01-26T05:00:00.000Z,93.1167708588,93.636263226,92.8227149069,93.4696350098,7812800
2024-01-29T05:00:00.000Z,93.5284460041,95.5672150534,93.1167736418,95.5574111938,13422200
2024-01-30T05:00:00.000Z,94.6066307411,95.6064149404,94.1067461196,95.0183105469,9139600
2024-01-31T05:00:00.000Z,94.508618474,95.6358229701,93.9107101972,94.1459579468,9592300
2024-02-01T05:00:00.000Z,94.4596161925,95.9886892074,93.9989320205,95.1359329224,8484800
2024-02-02T05:00:00.000Z,94.3713879464,95.4789921272,93.9205076742,95.204536438,9321300
2024-02-05T05:00:00.000Z,94.783066534,95.439790486,94.577230362,94.7340621948,11679300
2024-02-06T05:00:00.000Z,94.9987104274,97.3511356677,94.8712901667,97.3217315674,16455500
2024-02-07T05:00:00.000Z,95.4593889963,97.3119219881,94.7242566193,97.174697876,28886300
2024-02-08T05:00:00.000Z,104.9572993796,110.5344984713,104.6828511614,108.3487091064,60558400
2024-02-09T05:00:00.000Z,107.4273379918,107.9664380334,105.5552048511,106.2413253784,21509100
2024-02-12T05:00:00.000Z,105.7414444718,108.858406228,105.6924401308,107.1234970093,13424000
2024-02-13T05:00:00.000Z,106.1335091421,108.4565301156,106.0648970869,108.2702941895,14594500
2024-02-14T05:00:00.000Z,108.387926635,109.4661193636,107.495962369,109.3484954834,11405500
2024-02-15T05:00:00.000Z,108.87801102,110.6815322503,108.87801102,110.2208480835,9961900
2024-02-16T05:00:00.000Z,109.7993753036,110.3286715451,108.9564303393,109.3877029419,8782200
2024-02-20T05:00:00.000Z,108.6525603782,108.9270085937,107.1822956708,107.2705154419,9770900
2024-02-21T05:00:00.000Z,106.3295544677,107.0548830142,105.1141301725,105.5356063843,10427500
2024-02-22T05:00:00.000Z,105.8492629928,106.3393512653,105.2807662802,105.5062026978,9266200
2024-02-23T05:00:00.000Z,105.4375816962,105.8590578739,103.7320767465,105.6042098999,11724000
2024-02-26T05:00:00.000Z,105.3885783203,106.6040026145,105.2513542029,105.5454101562,8694200
2024-02-27T05:00:00.000Z,105.6434265953,107.4077473637,105.6434265953,107.2509155273,7595000
2024-02-28T05:00:00.000Z,106.6236006433,108.8388016723,106.5059842469,108.6035614014,10773000
2024-02-29T05:00:00.000Z,108.936815346,110.5149001054,108.7701871362,109.3680953979,11658300
2024-03-01T05:00:00.000Z,109.2308816196,109.9268061013,108.829005628,109.7307662964,7242400
2024-03-04T05:00:00.000Z,110.4364874229,111.8675442539,109.583738631,111.4362716675,11558900
2024-03-05T05:00:00.000Z,111.3578587676,112.9065395159,110.0444182982,110.6325302124,14929600
2024-03-06T05:00:00.000Z,110.8383645624,111.054004597,107.0842866322,107.8782272339,14743900
2024-03-07T05:00:00.000Z,108.505538111,108.8780099758,107.0352733264,107.9958496094,8609300
2024-03-08T05:00:00.000Z,107.9958477868,109.103444547,107.1724956326,108.1330718994,10009200
2024-03-11T04:00:00.000Z,107.9076401374,110.6717453754,107.8488319334,110.0836334229,8794300
2024-03-12T04:00:00.000Z,110.2894524209,110.7109285995,109.4268998249,110.2306442261,8085000
2024-03-13T04:00:00.000Z,110.5050995866,111.8675443612,110.2110511153,110.269859314,7267900
2024-03-14T04:00:00.000Z,109.5249210866,110.1228293557,107.339131658,109.8385772705,10520500
2024-03-15T04:00:00.000Z,109.3877059854,110.7207467465,109.1916736586,109.7307662964,15364200
2024-03-18T04:00:00.000Z,110.0640209135,112.1615980411,110.0640209135,111.5930938721,11820800
2024-03-19T04:00:00.000Z,111.1618204681,112.886925724,110.9951847796,112.2400131226,10999700
2024-03-20T04:00:00.000Z,112.3380344451,114.2003713766,112.0929903088,114.1513595581,11699600
2024-03-21T04:00:00.000Z,114.6708487673,115.0335167712,113.5632519939,114.3865966797,10353500
2024-03-22T04:00:00.000Z,114.60223227,115.3275682496,113.5436398766,113.5730514526,7144800
2024-03-25T04:00:00.000Z,114.6512447635,117.0428777824,114.5532286105,116.9938659668,12103600
2024-03-26T04:00:00.000Z,117.2585182009,118.0132583336,115.8470690514,117.5525741577,11870000
2024-03-27T04:00:00.000Z,118.562148874,119.6109374328,117.6407805684,118.5817565918,10782800
2024-03-28T04:00:00.000Z,118.8463983441,121.2870356883,118.7973865287,119.9343948364,15367400
2024-04-01T04:00:00.000Z,119.6403496239,119.973613546,118.385724812,119.1208572388,8419700
2024-04-02T04:00:00.000Z,117.8368268714,121.0812088819,117.778018671,120.3852844238,15517100
2024-04-03T04:00:00.000Z,119.8461807505,121.2380371032,116.033294656,116.6214065552,22480400
2024-04-04T04:00:00.000Z,116.8566483091,117.8074207496,114.6414472346,114.7688674927,13815400
2024-04-05T04:00:00.000Z,114.2885816546,116.5037827015,113.9945331832,116.0332946777,9653900
2024-04-08T04:00:00.000Z,115.6804286263,116.1705168822,114.5042198035,115.0237121582,6266000
2024-04-09T04:00:00.000Z,115.0531159213,116.1607201624,114.5728315258,115.6314239502,7451100
2024-04-10T04:00:00.000Z,114.2885819122,115.2295504837,114.0631454981,114.8668899536,6746300
2024-04-11T04:00:00.000Z,115.2589550851,115.9352792868,114.0631459948,114.8276824951,6559400
2024-04-12T04:00:00.000Z,114.0827488485,114.3866011881,111.475483096,111.7499313354,12155200
2024-04-15T04:00:00.000Z,112.6026707667,113.2593946884,110.534497806,110.7109298706,9637100
2024-04-16T04:00:00.000Z,110.583520416,112.230217354,110.2894644535,111.622505188,9291400
2024-04-17T04:00:00.000Z,111.7401261019,111.9459622789,110.6521295389,110.7011413574,7379000
2024-04-18T04:00:00.000Z,110.9363805705,111.9851691642,109.9660078943,110.2012481689,8235600
2024-04-19T04:00:00.000Z,109.5053289868,110.4855055692,108.8780165722,110.3776855469,9436000
2024-04-22T04:00:00.000Z,110.8579626584,111.3872588754,109.5347258551,109.7699661255,6901700
2024-04-23T04:00:00.000Z,110.5933189335,111.9753639429,110.5639148343,111.455871582,6839300
2024-04-24T04:00:00.000Z,110.8971761212,111.9165606476,110.8971761212,111.6617126465,6157200
2024-04-25T04:00:00.000Z,109.0152385653,110.6521316312,108.201690223,110.5345077515,8045900
2024-04-26T04:00:00.000Z,109.6327477556,110.7795525466,109.1132553705,110.4953079224,6304800
2024-04-29T04:00:00.000Z,110.7991610595,111.6225057939,108.1526798172,109.8581924438,7151200
2024-04-30T04:00:00.000Z,109.7797662274,109.8189741841,108.6035574376,108.897605896,8156600
2024-05-01T04:00:00.000Z,109.083842296,109.7699628467,108.0252498938,108.2899017334,6338400
2024-05-02T04:00:00.000Z,109.2210692449,110.6325258179,108.3683129856,110.3874816895,6799800
2024-05-03T04:00:00.000Z,111.2892441052,111.8479444282,110.563915567,111.406867981,7411100
2024-05-06T04:00:00.000Z,112.5242627756,114.6218398423,111.8871465686,114.1611557007,16303200
2024-05-07T04:00:00.000Z,105.1239253224,105.7414338,102.144187987,103.3007965088,55084600
2024-05-08T04:00:00.000Z,102.8205267372,104.3692075584,102.369646399,103.349822998,15238100
2024-05-09T04:00:00.000Z,102.5460738613,104.0261350748,102.3206299633,103.7026824951,15096000
2024-05-10T04:00:00.000Z,104.800467828,104.8984839808,103.3302031027,103.6928710938,15884600
2024-05-13T04:00:00.000Z,103.4968308131,104.5260191071,103.4968308131,103.7320785522,9666400
2024-05-14T04:00:00.000Z,103.2125923397,103.8889090651,102.8695245692,103.2615966797,11278400
2024-05-15T04:00:00.000Z,103.5262436618,103.7810841652,99.3800938149,100.7327346802,20745600
2024-05-16T04:00:00.000Z,100.9973865209,101.967759153,100.8013467358,101.3208465576,9476700
2024-05-17T04:00:00.000Z,101.5756809046,101.7619168196,100.9973803995,101.2032165527,7356000
2024-05-20T04:00:00.000Z,101.2816446725,101.6149011099,100.4876965821,100.860168457,7667400
2024-05-21T04:00:00.000Z,100.9483793421,101.6443037852,100.6837349677,100.9679870605,7333300
2024-05-22T04:00:00.000Z,100.9385750961,101.7717235911,100.71313122,100.9777755737,7190300
2024-05-23T04:00:00.000Z,100.938582933,100.9679870326,98.2822979406,98.6645736694,10504000
2024-05-24T04:00:00.000Z,98.8507955272,100.0662122564,98.6939711806,99.7427597046,6451600
2024-05-28T04:00:00.000Z,99.3506940479,100.8209588484,98.9488180796,100.409286499,7813100
2024-05-29T04:00:00.000Z,99.7427556625,100.0564118212,98.7723756121,98.8801956177,7376300
2024-05-30T04:00:00.000Z,99.1350558555,100.0466203479,98.9684276365,99.6839523315,7300600
2024-05-31T04:00:00.000Z,99.5075221779,102.0167792843,99.399709635,101.850151062,14735800
2024-06-03T04:00:00.000Z,102.1049832631,102.1539950789,100.4484900786,100.7327346802,6908600
2024-06-04T04:00:00.000Z,100.0858301171,101.438471091,99.6153420734,101.2816467285,7269100
2024-06-05T04:00:00.000Z,100.9581797933,101.0365957083,99.0272308862,99.4879150391,10796900
2024-06-06T04:00:00.000Z,99.0468499466,99.9094026758,98.8116021747,99.2036743164,10294700
2024-06-07T04:00:00.000Z,98.8606021798,100.2426471533,98.5567498585,99.5271224976,6047800
2024-06-10T04:00:00.000Z,99.2428776289,100.8111586439,98.6449693234,100.703338623,7621900
2024-06-11T04:00:00.000Z,100.6053162341,100.8405565023,98.7429793724,98.8704071045,9134200
2024-06-12T04:00:00.000Z,99.193860584,99.6741524618,98.2626958836,98.8017959595,9041800
2024-06-13T04:00:00.000Z,98.6155614628,99.0664417701,97.635384931,98.1058654785,10164600
2024-06-14T04:00:00.000Z,97.8314188952,98.3901192286,97.2825224211,97.9882507324,7087600
2024-06-17T04:00:00.000Z,98.9782262246,99.8995870491,98.6253620865,99.5075149536,10389000
2024-06-18T04:00:00.000Z,99.1154506601,99.7427630237,98.6155585498,99.4879150391,7044700
2024-06-20T04:00:00.000Z,98.5763537139,99.9191982575,98.3901177795,99.8211746216,7886900
2024-06-21T04:00:00.000Z,99.7819761943,100.5073047504,99.5761325372,100.2426528931,14137300
2024-06-24T04:00:00.000Z,100.2230412607,101.0365895029,99.8897848598,99.9583969116,7393600
2024-06-25T04:00:00.000Z,100.6249218841,101.6246986118,99.7525579295,100.1740341187,10296100
2024-06-26T04:00:00.000Z,99.879985983,100.3406701305,99.4193018355,100.1544342041,10122300
2024-06-27T04:00:00.000Z,100.0172101803,100.2524504445,99.7917662966,100.1446304321,8365200
2024-06-28T04:00:00.000Z,99.9976093892,100.5465133481,96.429767308,97.3217315674,21439400
2024-07-01T04:00:00.000Z,97.4295448393,97.7628012572,95.9396723831,96.0965042114,15299000
2024-07-02T04:00:00.000Z,95.9984962684,96.0475006104,95.0281160737,96.0475006104,13340300
2024-07-03T04:00:00.000Z,95.9004722538,97.1158965879,95.8906758724,96.6552124023,5030000
2024-07-05T04:00:00.000Z,96.3611568156,96.3611568156,95.6456321027,96.0475006104,8550800
2024-07-08T04:00:00.000Z,96.1952073121,96.7860249614,95.4074454379,95.8801040649,8167600
2024-07-09T04:00:00.000Z,95.9785740517,96.0376535638,94.678772196,95.5650024414,9044400
2024-07-10T04:00:00.000Z,95.466523135,95.7914754654,94.7772371427,95.4862213135,7761100
2024-07-11T04:00:00.000Z,95.5256019323,96.0868797671,94.826466911,95.1218719482,7422600
2024-07-12T04:00:00.000Z,95.6142209288,96.3330541249,95.4960619192,95.6437606812,6465700
2024-07-15T04:00:00.000Z,95.8407091378,95.998256995,95.1218759097,95.3877487183,7417700
2024-07-16T04:00:00.000Z,95.5354546208,97.2094467441,95.0628035011,96.9632720947,10755500
2024-07-17T04:00:00.000Z,96.7958713871,97.1011255365,95.05295073,95.8210144043,9456100
2024-07-18T04:00:00.000Z,95.8702607768,96.559546824,95.200665397,95.3089828491,7529400
2024-07-19T04:00:00.000Z,95.3385159392,95.3385159392,93.9796346073,94.2750396729,9301000
2024-07-22T04:00:00.000Z,93.6546822888,93.7039202227,92.059467889,92.6896743774,13377000
2024-07-23T04:00:00.000Z,89.312151751,90.2870086839,88.4554688564,89.5484848022,22534700
2024-07-24T04:00:00.000Z,88.8395054307,89.3613944664,88.2092989523,88.4259338379,11768500
2024-07-25T04:00:00.000Z,88.7016458747,89.1152174566,87.8449554443,87.8449554443,10765300
2024-07-26T04:00:00.000Z,88.6228760518,89.1644632994,87.9729713547,88.5539474487,11301900
2024-07-29T04:00:00.000Z,89.0069029338,91.1338554461,88.8099662253,90.7301254272,13024800
2024-07-30T04:00:00.000Z,90.2673101227,92.6010482834,90.2673101227,92.3548736572,9896100
2024-07-31T04:00:00.000Z,92.3548846805,93.3888137262,92.2071783846,92.2564163208,10241800
2024-08-01T04:00:00.000Z,92.4238088863,92.5124281521,91.1830865778,91.6262054443,9263600
2024-08-02T04:00:00.000Z,90.7498207485,90.7892020788,87.6381697664,88.1994476318,15433600
2024-08-05T04:00:00.000Z,85.5604475951,88.1895906497,85.0976381222,86.4368286133,19103200
2024-08-06T04:00:00.000Z,86.8799569975,90.5036479881,86.61408418,88.5933303833,21717500
2024-08-07T04:00:00.000Z,86.6534697193,87.8744937799,84.4378980503,84.6446838379,30581900
2024-08-08T04:00:00.000Z,83.8470804411,85.0090249947,82.6260563804,84.6446838379,21890500
2024-08-09T04:00:00.000Z,84.8120838238,84.9302503549,83.413813679,84.8908615112,16008400
2024-08-12T04:00:00.000Z,84.5462226508,85.0582626187,84.1720398862,84.6348419189,11754600
2024-08-13T04:00:00.000Z,85.137040683,85.137040683,84.0046357822,84.2901992798,14615200
2024-08-14T04:00:00.000Z,84.693928692,85.215817748,84.2508098144,84.9794921875,9475100
2024-08-15T04:00:00.000Z,85.9149521223,87.5692460568,85.8755632771,87.431388855,12401000
2024-08-16T04:00:00.000Z,87.5987770968,88.2979121258,86.9882613261,87.9335784912,10277700
2024-08-19T04:00:00.000Z,88.0418997106,89.5583288449,88.0418997106,89.4303207397,9723600
2024-08-20T04:00:00.000Z,89.0068997257,89.2826141127,87.9434235079,88.3668441772,8863400
2024-08-21T04:00:00.000Z,88.8395064873,89.3909352843,88.0615937128,89.3318557739,7637600
2024-08-22T04:00:00.000Z,89.5977174006,89.9817492274,88.3274553917,88.544090271,7613000
2024-08-23T04:00:00.000Z,88.7705786356,89.361396282,88.3077691002,89.1743011475,7369200
2024-08-26T04:00:00.000Z,89.5287918715,90.3953314182,89.5287918715,90.3756332397,8043800
2024-08-27T04:00:00.000Z,90.0309909098,90.3165543977,89.3613955791,89.5091018677,7237400
2024-08-28T04:00:00.000Z,88.947832551,89.2333960665,87.4018559416,88.1206817627,8569700
2024-08-29T04:00:00.000Z,89.0659822377,89.3121568791,88.2585297146,88.4357757568,6181800
2024-08-30T04:00:00.000Z,88.6031816314,89.0659836539,88.0320546513,88.9970550537,8403600
2024-09-03T04:00:00.000Z,88.2388329004,89.1053648731,87.1852058094,87.7661743164,8465500
2024-09-04T04:00:00.000Z,87.5889334368,88.6425605899,87.4609253293,87.8843460083,6317200
2024-09-05T04:00:00.000Z,88.2979148852,88.2979148852,86.9882640446,87.2935256958,6234100
2024-09-06T04:00:00.000Z,87.0965817088,87.7267881651,86.3777559912,86.5943908691,7791500
2024-09-09T04:00:00.000Z,86.8701069737,87.5298531968,86.4663769636,86.9882659912,8750200
2024-09-10T04:00:00.000Z,86.978427052,87.5298558507,86.6337840528,87.0473556519,6858300
2024-09-11T04:00:00.000Z,86.7027168305,87.076899603,85.2650502286,86.9685821533,10779000
2024-09-12T04:00:00.000Z,86.870102315,87.963118244,86.8307134737,87.9335784912,7173300
2024-09-13T04:00:00.000Z,88.0812847828,89.3318561837,88.0222052721,89.1644592285,7084200
2024-09-16T04:00:00.000Z,89.7060408701,90.9566122979,89.5583345777,90.4445648193,9028600
2024-09-17T04:00:00.000Z,90.9566096065,91.8231416435,90.759665385,91.4391098022,8193100
2024-09-18T04:00:00.000Z,92.0889995298,92.6305867047,91.2717054923,92.1480865479,10289800
2024-09-19T04:00:00.000Z,93.3691203442,93.8319298852,91.8920724538,92.0200805664,10912400
2024-09-20T04:00:00.000Z,91.7739035054,92.5715144538,91.3997207542,92.3154907227,19251500
2024-09-23T04:00:00.000Z,92.2662500423,92.2662500423,90.7498209044,91.5474243164,7338700
2024-09-24T04:00:00.000Z,91.9117657929,92.3548846805,91.0452337099,92.2564163208,7860300
2024-09-25T04:00:00.000Z,92.2071728723,92.9949347281,91.9216093875,92.4828872681,8408200
2024-09-26T04:00:00.000Z,93.0146265492,94.3242774578,92.7389121501,93.7433013916,10061600
2024-09-27T04:00:00.000Z,94.0288689543,95.4172976121,93.822083146,94.5409164429,10155400
2024-09-30T04:00:00.000Z,95.3680597184,96.0770439259,93.9796385726,94.7181625366,7982300
2024-10-01T04:00:00.000Z,93.7334643376,94.3833615223,91.8920752079,92.6109085083,10099200
2024-10-02T04:00:00.000Z,92.1579295727,93.1327865028,92.1579295727,92.7093658447,6144200
2024-10-03T04:00:00.000Z,92.1776283661,92.650279445,91.7049697745,92.1973190308,6180300
2024-10-04T04:00:00.000Z,92.8570766404,93.8811565253,92.4533466272,93.6940689087,6308900
2024-10-07T04:00:00.000Z,93.6349784646,93.6842163955,90.3559381094,90.9762954712,11043600
2024-10-08T04:00:00.000Z,91.1043087397,92.3056422017,90.2870146331,91.0944671631,10209100
2024-10-09T04:00:00.000Z,90.4544122178,92.5715156687,90.060531283,92.1677856445,8654500
2024-10-10T04:00:00.000Z,92.2859567179,92.4435045919,91.271718332,91.5671234131,6698000
2024-10-11T04:00:00.000Z,91.4292614005,93.1623330001,91.3800309792,92.6896743774,8089100
2024-10-14T04:00:00.000Z,92.7389100563,93.7334576987,92.3647273105,93.5168228149,6262000
2024-10-15T04:00:00.000Z,93.7925357161,94.1864166337,92.2465593124,92.7782974243,6535800
2024-10-16T04:00:00.000Z,92.2957983421,95.3089734993,92.197322477,95.2695846558,9936300
2024-10-17T04:00:00.000Z,95.4468370345,95.840717983,94.1470351635,95.0628051758,9542500
2024-10-18T04:00:00.000Z,95.5256080867,96.0474971143,94.5802983837,95.7914733887,8609700
2024-10-21T04:00:00.000Z,95.7126981361,95.958872779,94.4818249219,95.1415786743,8189900
2024-10-22T04:00:00.000Z,94.7279969918,95.7717825577,94.7279969918,95.2597351074,5344300
2024-10-23T04:00:00.000Z,95.4468318012,95.6536175974,94.5212127499,94.7673873901,5388500
2024-10-24T04:00:00.000Z,95.1218818799,95.3188261046,93.7925402916,93.940246582,5015300
2024-10-25T04:00:00.000Z,94.3439608445,95.3680481856,93.5562065524,93.5758972168,6638100
2024-10-28T04:00:00.000Z,93.7629964612,95.2105045213,93.7531473722,94.7279968262,8146400
2024-10-29T04:00:00.000Z,94.7870885009,95.1415805948,94.215961515,94.659072876,6834400
2024-10-30T04:00:00.000Z,94.2356532841,95.2302009765,93.4872877551,93.6251449585,7718200
2024-10-31T04:00:00.000Z,93.8122268807,95.1514175001,93.5463615797,94.7279968262,8147700
2024-11-01T04:00:00.000Z,94.2356461839,94.9150905727,93.3789632721,94.343963623,7944900
2024-11-04T05:00:00.000Z,94.3636686307,94.550756256,93.5759067457,94.3242797852,6088000
2024-11-05T05:00:00.000Z,94.1371822631,95.1908094378,93.7925392644,95.1514205933,6561700
2024-11-06T05:00:00.000Z,96.7072509487,98.0267510113,96.7072509487,97.3768463135,11325100
2024-11-07T05:00:00.000Z,97.2685229609,97.9971977948,96.6284673917,97.416229248,7805100
2024-11-08T05:00:00.000Z,97.2192887043,97.7411777207,96.1164236515,97.5048446655,7982100
2024-11-11T05:00:00.000Z,97.4851562664,99.3560850104,97.4851562664,99.316696167,9137900
2024-11-12T05:00:00.000Z,99.0114475013,99.7401223637,97.9775109634,99.4447097778,9366200
2024-11-13T05:00:00.000Z,99.2477630936,101.6208825811,98.8144933479,101.1482315063,17701300
2024-11-14T05:00:00.000Z,108.6417941115,113.0532394607,106.741325587,107.4503097534,47436100
2024-11-15T05:00:00.000Z,108.5630187282,113.4274321302,108.5630187282,113.3191146851,32048000
2024-11-18T05:00:00.000Z,111.5958875476,113.6736020718,111.1626177851,111.8026733398,14226200
2024-11-19T05:00:00.000Z,110.3354725678,110.7785838983,109.1242900782,110.6998062134,12166800
2024-11-20T05:00:00.000Z,110.5422606273,112.6199751557,109.7643478762,112.5116577148,9319300
2024-11-21T05:00:00.000Z,112.403337015,114.4712023944,112.0882337906,112.9646148682,10261000
2024-11-22T05:00:00.000Z,112.1079335064,114.5598309037,111.8617588577,113.8803939819,10098000
2024-11-25T05:00:00.000Z,113.909925764,114.7961559397,113.1714018696,114.2250289917,10397800
2024-11-26T05:00:00.000Z,114.2250360191,114.6386076223,113.6736072148,113.6834487915,6808100
2024-11-27T05:00:00.000Z,113.6834414129,116.3913623497,113.6834414129,115.8005447388,8142400
2024-11-29T05:00:00.000Z,115.4657605811,115.9384117046,114.9438715222,115.6725463867,5095200
2024-12-02T05:00:00.000Z,115.9777949801,116.814787252,114.7666199606,115.3672866821,8390500
2024-12-03T05:00:00.000Z,115.2097237733,115.4362077325,113.6834381029,114.6681365967,9194000
2024-12-04T05:00:00.000Z,114.195493281,115.4952950806,114.06747766,115.1998825073,7996200
2024-12-05T05:00:00.000Z,114.7666222723,115.4755989379,114.28411456,114.7173843384,9823600
2024-12-06T05:00:00.000Z,114.7666244965,115.4657595989,114.4416721564,114.9438705444,6677900
2024-12-09T05:00:00.000Z,114.6090548066,115.3869675027,112.1670067978,112.8562927246,8666100
2024-12-10T05:00:00.000Z,112.895694356,113.1910994241,111.9799243708,112.9744720459,7526400
2024-12-11T05:00:00.000Z,112.8858324768,113.2895624573,112.2359353904,112.8562927246,6426800
2024-12-12T05:00:00.000Z,112.9449167512,113.2501783997,112.4131861638,113.1418609619,5285100
2024-12-13T05:00:00.000Z,112.5707360175,113.2009424778,111.5663468192,111.6057281494,6864500
2024-12-16T05:00:00.000Z,111.7639848074,111.8332188324,110.5078796258,110.8837203979,10528500
2024-12-17T05:00:00.000Z,109.8155292236,112.7926073213,109.5880492378,111.7837600708,12238600
2024-12-18T05:00:00.000Z,112.1002652492,114.8498635012,110.0232368958,110.1320343018,12292800
2024-12-19T05:00:00.000Z,110.4386461543,111.6749734261,110.0331271871,110.1518173218,9468500
2024-12-20T05:00:00.000Z,109.4001224227,111.7343087916,109.2220910032,110.8045883179,17955300
2024-12-23T05:00:00.000Z,110.3891901134,110.6265628368,109.1034067316,110.1814880371,6037200
2024-12-24T05:00:00.000Z,110.0331202726,111.5068201751,109.973778982,111.3287887573,2475000
2024-12-26T05:00:00.000Z,110.8936118153,112.0804829578,110.6364536342,111.3189086914,4781400
2024-12-27T05:00:00.000Z,110.5968926148,110.8936141798,109.6473941714,110.3298492432,4523800
2024-12-31T05:00:00.000Z,109.5682617648,110.3693993845,109.4594643664,110.1320266724,4757500
2025-01-02T05:00:00.000Z,110.4781978834,110.9727287737,108.9649345663,109.6078262329,5688100
2025-01-03T05:00:00.000Z,110.1518167601,110.3199554572,108.9748307887,109.9441146851,5393100
2025-01-06T05:00:00.000Z,110.2507236777,111.61562629,109.6572880874,109.835319519,6274400
2025-01-07T05:00:00.000Z,110.9232817893,112.4958864209,110.0726880421,110.1715927124,7878800
2025-01-08T05:00:00.000Z,109.785859874,109.8946572757,107.4516734207,108.559425354,7805300
2025-01-10T05:00:00.000Z,108.7968027185,109.3308970191,106.4428382489,107.4615707397,8835500
2025-01-13T05:00:00.000Z,106.7494434768,107.4220058221,105.5526795695,106.8978042603,6690200
2025-01-14T05:00:00.000Z,107.4912348546,107.7681709464,106.4329390488,106.9373626709,5501600
2025-01-15T05:00:00.000Z,107.9758808541,108.4011777534,106.8087875639,106.996711731,6296900
2025-01-16T05:00:00.000Z,107.1055096101,107.4121163716,104.9988105671,105.2955245972,7872800
2025-01-17T05:00:00.000Z,105.661471516,106.5615138098,105.374642695,105.8493881226,7144300
2025-01-21T05:00:00.000Z,105.9285194424,108.2528132109,105.6318054239,107.5110168457,8643700
2025-01-22T05:00:00.000Z,108.3517308579,108.3517308579,107.0461694915,107.6198196411,8781700
2025-01-23T05:00:00.000Z,107.3132062936,109.8550948413,107.3033135626,109.8254241943,7608300
2025-01-24T05:00:00.000Z,109.9441199034,112.1497236239,109.4199107794,110.9331817627,8304500
2025-01-27T05:00:00.000Z,110.4584192521,112.8321690196,110.2408244544,112.1002578735,10176900
2025-01-28T05:00:00.000Z,111.615624095,111.7244214982,110.3397334507,110.9133911133,6516800
2025-01-29T05:00:00.000Z,112.2585186815,113.128890383,111.5266150338,111.9519119263,7607100
2025-01-30T05:00:00.000Z,112.8420621715,113.9201435055,111.8826785214,112.1892852783,6236200
2025-01-31T05:00:00.000Z,112.0607063789,112.7629393603,111.5266120946,111.8233261108,7793400
2025-02-03T05:00:00.000Z,110.1320288741,113.3464796936,109.6473907096,112.7530441284,8870700
2025-02-04T05:00:00.000Z,112.5552380017,113.4058317696,111.2793473499,112.0607070923,13521100
2025-02-05T05:00:00.000Z,114.4344495367,117.2928375923,109.0242877208,109.3308944702,23310000
2025-02-06T05:00:00.000Z,110.6562276832,111.4474801145,107.9560932872,110.8639297485,12470800
2025-02-07T05:00:00.000Z,110.3891886265,111.3189091376,109.5979361643,109.6473922729,8669300
2025-02-10T05:00:00.000Z,109.9243343097,110.1617070428,107.5011357757,108.0846786499,8239500
2025-02-11T05:00:00.000Z,107.194515697,107.8571928412,106.5120681829,107.8275146484,7456700
2025-02-12T05:00:00.000Z,107.0659410197,108.3319389302,106.5714101143,108.0352249146,6521200
2025-02-13T05:00:00.000Z,107.7286115202,108.5594273721,107.3725486617,108.3912811279,6553200
2025-02-14T05:00:00.000Z,108.658336721,109.3012284403,108.3912857927,109.1726455688,5964500
2025-02-18T05:00:00.000Z,108.57920522,108.7176732709,107.5209093761,108.3616104126,8362900
2025-02-19T05:00:00.000Z,107.9462010643,110.5375456205,107.9462010643,110.1320266724,8452100
2025-02-20T05:00:00.000Z,110.0232373356,110.3001734443,108.1835817033,109.3407897949,5970100
2025-02-21T05:00:00.000Z,109.7858594169,110.5375484952,106.7395472725,107.4714584351,9082100
2025-02-24T05:00:00.000Z,107.6494790926,110.3397283061,107.4615624882,109.9836654663,7093300
2025-02-25T05:00:00.000Z,110.2111639629,110.676024247,107.8769773569,109.3210067749,7289000
2025-02-26T05:00:00.000Z,108.8561374242,112.0112469267,108.8561374242,110.6067810059,7831600
2025-02-27T05:00:00.000Z,111.0914305068,111.8826830324,109.8452104201,110.0924758911,7854700
2025-02-28T05:00:00.000Z,110.2408282608,112.7431534288,109.7858607345,112.5552368164,14609400
2025-03-03T05:00:00.000Z,112.8222799482,114.2860947418,110.7749223109,111.5562820435,7884700
2025-03-04T05:00:00.000Z,110.4782058327,111.0221928696,107.0857233791,107.8176345825,12658000
2025-03-05T05:00:00.000Z,108.1440123822,109.7265172812,107.0362680079,108.1143417358,9956100
2025-03-06T05:00:00.000Z,107.1945161218,107.6395984633,103.8712678405,104.2767868042,11618800
2025-03-07T05:00:00.000Z,103.8514952232,104.6130695346,102.1799782663,104.3559188843,12715900
2025-03-10T04:00:00.000Z,103.2877236759,103.653679257,100.9931006106,101.9524917603,10947100
2025-03-11T04:00:00.000Z,98.6984812291,99.9348085205,96.3840726158,96.8291549683,16906000
2025-03-12T04:00:00.000Z,97.6006217777,98.401759446,95.3257765481,97.6797485352,11891800
2025-03-13T04:00:00.000Z,96.700566739,97.5709459332,94.880696689,95.8104171753,11059500
2025-03-14T04:00:00.000Z,96.37418687,98.0160255795,96.3544014077,97.5610580444,10199800
2025-03-17T04:00:00.000Z,97.6599646682,99.0248748466,97.5808454554,98.27318573,8332100
2025-03-18T04:00:00.000Z,98.1841636486,98.6391387266,97.4028114504,98.2632904053,6727000
2025-03-19T04:00:00.000Z,98.5699097894,99.8556856955,98.381985619,99.1930160522,8614600
2025-03-20T04:00:00.000Z,98.4808813362,98.9556343118,97.5610535771,97.7786483765,7836500
2025-03-21T04:00:00.000Z,97.3039045645,98.7973901089,96.6807982996,98.3720932007,15089900
2025-03-24T04:00:00.000Z,99.1237766351,99.3413714425,97.7786519585,99.0842132568,8224400
2025-03-25T04:00:00.000Z,99.5490748505,100.6469340871,99.3117021238,100.4985733032,7365200
2025-03-26T04:00:00.000Z,100.5875855282,101.1513504719,99.163341618,99.6776504517,6314000
2025-03-27T04:00:00.000Z,99.6084155116,99.9249149939,98.4907783657,99.3512573242,6598800
2025-03-28T04:00:00.000Z,98.9556372722,99.2919146661,96.6708993561,96.9972915649,7679700
2025-03-31T04:00:00.000Z,95.7708586848,97.7687602586,94.653213989,97.6203994751,10554000
2025-04-01T04:00:00.000Z,97.2445636351,97.5116070222,95.780748734,96.6115646362,8762700
2025-04-02T04:00:00.000Z,95.563151909,97.2346611861,95.3950056715,96.8093643188,7959900
2025-04-03T04:00:00.000Z,93.4762342095,93.7432775792,87.6407679942,87.8682479858,19353400
2025-04-04T04:00:00.000Z,85.0593169221,86.5824730376,82.1712582051,82.6163330078,22580900
2025-04-07T04:00:00.000Z,80.1041095619,85.682417266,79.2238452021,82.3888473511,20456000
2025-04-08T04:00:00.000Z,85.0098610315,85.9989228587,79.9656472218,80.826133728,14845600
2025-04-09T04:00:00.000Z,80.4008331161,91.2409493348,80.3019284471,90.4398117065,24970900
2025-04-10T04:00:00.000Z,87.9473698846,88.0363893669,82.161360098,84.2977371216,16377000
2025-04-11T04:00:00.000Z,84.179051104,84.7329233019,82.4383002086,83.9614562988,10204400
2025-04-14T04:00:00.000Z,84.8911710684,85.5043845186,83.1108569157,83.7339706421,10841300
2025-04-15T04:00:00.000Z,83.8229886054,85.039537955,83.5955010684,84.0801467896,7840500
2025-04-16T04:00:00.000Z,83.358124666,83.8724410115,81.112957771,81.8646392822,10144300
2025-04-17T04:00:00.000Z,82.4580804365,84.8417153192,82.4481877062,83.8823242188,14810900
2025-04-21T04:00:00.000Z,83.9812418855,84.2977413628,82.0723522909,83.0811920166,14166800
2025-04-22T04:00:00.000Z,84.0801496299,85.6131909634,83.674630651,85.1483306885,9578500
2025-04-23T04:00:00.000Z,88.0561704903,88.8869863228,86.0780468983,86.3352050781,12089100
2025-04-24T04:00:00.000Z,86.4934558207,89.2529392895,85.8208934604,89.0254592896,10310000
2025-04-25T04:00:00.000Z,89.0848012722,89.3518446537,88.0957394139,89.2925033569,7749600
2025-04-28T04:00:00.000Z,89.4606417932,90.370584435,88.6595041051,89.1738204956,8491800
2025-04-29T04:00:00.000Z,88.8474208563,90.6574057115,88.7781868341,90.1727600098,6359900
2025-04-30T04:00:00.000Z,88.9067665613,90.1925499481,87.5913125272,89.9551696777,8474800
2025-05-01T04:00:00.000Z,90.2716713399,90.6079562914,89.3716289842,89.8167037964,7790600
2025-05-02T04:00:00.000Z,90.8354332031,92.1706726862,90.8354332031,91.4783248901,7594000
2025-05-05T04:00:00.000Z,88.7188430272,92.061876838,88.6298310847,91.1024856567,10231000
2025-05-06T04:00:00.000Z,90.2024359047,91.7255920288,90.004626557,91.1618270874,11839400
2025-05-07T04:00:00.000Z,101.2997122268,102.1799766641,99.0446524304,100.9733200073,36155300
2025-05-08T04:00:00.000Z,102.8327616902,105.0284802032,102.7239642831,103.9701843262,19265400
2025-05-09T04:00:00.000Z,104.1086495121,105.0284773086,103.6141186011,104.781211853,10438200
2025-05-12T04:00:00.000Z,108.6682272226,109.726523091,107.4714633002,109.2814407349,18366600
2025-05-13T04:00:00.000Z,109.0440678545,110.972735424,108.9451631797,110.1617050171,14076700
2025-05-14T04:00:00.000Z,110.1617016945,112.1695035076,109.6177222265,111.7046432495,15352200
2025-05-15T04:00:00.000Z,111.0024082948,111.6156217767,110.3595166204,110.992515564,8322400
2025-05-16T04:00:00.000Z,110.6957972218,112.1991754158,110.2012663111,112.1793899536,10961000
2025-05-19T04:00:00.000Z,110.8936095902,111.7540885102,110.6760147911,111.4277038574,7209700
2025-05-20T04:00:00.000Z,111.210115833,112.159614295,110.5870020437,111.1309890747,6433300
2025-05-21T04:00:00.000Z,110.4683116895,111.2595565792,108.9253701945,109.2517623901,10150600
2025-05-22T04:00:00.000Z,108.7770212944,110.5771134886,108.7770212944,109.9144363403,7903700
2025-05-23T04:00:00.000Z,108.4011768053,109.1429731898,107.5901463935,108.5198669434,8086100
2025-05-27T04:00:00.000Z,109.815535015,111.6551906432,108.9451633113,111.1309890747,10201100
2025-05-28T04:00:00.000Z,110.9727332382,111.2397841554,109.9540007705,110.3001708984,5787900
2025-05-29T04:00:00.000Z,110.7848154375,111.03208089,109.3111079077,110.7947006226,9682100
2025-05-30T04:00:00.000Z,110.7848182376,112.1101574743,110.151819267,111.8035507202,12881100
2025-06-02T04:00:00.000Z,111.4474875703,112.357422645,111.0221906806,111.7145309448,7546800
2025-06-03T04:00:00.000Z,111.4969429162,113.4355031888,111.2892332924,112.357421875,9738800
2025-06-04T04:00:00.000Z,112.614574654,112.8024988065,111.7442030059,112.2486190796,5614900
2025-06-05T04:00:00.000Z,112.4860043859,113.0893251553,110.6166705992,111.2991256714,8547200
2025-06-06T04:00:00.000Z,112.1200499918,112.9706437718,111.9716892076,112.6541442871,5790700
2025-06-09T04:00:00.000Z,112.7332732472,114.8399722761,112.7332732472,114.3948974609,7960400
2025-06-10T04:00:00.000Z,114.2663102269,119.1819486526,114.2663102269,117.431312561,18948400
2025-06-11T04:00:00.000Z,117.0851394636,118.2423475667,116.3631285365,118.2126693726,10439200
2025-06-12T04:00:00.000Z,117.5697802542,118.084089076,116.3730163677,117.3126220703,7980300
2025-06-13T04:00:00.000Z,116.0268343727,117.025788878,116.016949188,116.6499481201,13204900
2025-06-16T04:00:00.000Z,116.7290740473,119.0236971948,116.5807208093,118.1731109619,9592100
2025-06-17T04:00:00.000Z,117.6884614886,118.0247464246,116.3631222985,116.8378677368,9241200
2025-06-18T04:00:00.000Z,116.5906015851,117.4510880626,115.5619764136,116.5708236694,8181200
2025-06-20T04:00:00.000Z,116.9565667211,117.7478192395,115.6213346991,116.3433456421,17180400
2025-06-23T04:00:00.000Z,115.3839547491,116.6994012257,113.7618864332,116.4620285034,8348000
2025-06-24T04:00:00.000Z,116.9586698535,118.2797335058,116.9586698535,117.8526229858,8350200
2025-06-25T04:00:00.000Z,117.9718136499,118.9154338079,117.8327551134,118.6174468994,6976300
2025-06-26T04:00:00.000Z,119.1736882472,120.852325597,118.8757013397,120.643737793,10439600
2025-06-27T04:00:00.000Z,121.0311173849,122.1137960864,120.663608784,121.5178222656,13435600
2025-06-30T04:00:00.000Z,123.4745845575,123.8520356552,122.3521813385,123.1766052246,13456200
2025-07-01T04:00:00.000Z,122.6700301327,122.9282849496,121.6270835254,122.6600952148,9815700
2025-07-02T04:00:00.000Z,122.4912377265,122.8686812394,121.7065459475,122.1535263062,7317100
2025-07-03T04:00:00.000Z,122.2429138395,123.4050490935,122.0740581348,123.1666641235,4252300
2025-07-07T04:00:00.000Z,122.3819729684,123.77256586,121.7562095774,122.3323135376,7023500
2025-07-08T04:00:00.000Z,122.391912833,122.8786177124,121.0013198853,121.0013198853,6622900
2025-07-09T04:00:00.000Z,121.0211834054,121.5277581257,119.7994537354,119.7994537354,6724900
2025-07-10T04:00:00.000Z,119.8093872162,121.1304433153,119.8093872162,120.7430648804,6888700
2025-07-11T04:00:00.000Z,119.829244528,120.4152834042,118.9253640764,119.0644226074,6112400
2025-07-14T04:00:00.000Z,118.9750241539,119.6901866477,118.7962335305,119.1637496948,6853300
2025-07-15T04:00:00.000Z,119.4220041055,119.4220041055,118.0810706452,118.1804046631,7943600
2025-07-16T04:00:00.000Z,118.5578475659,119.7597149107,118.081070048,119.014755249,6747500
2025-07-17T04:00:00.000Z,118.945227942,121.5674853881,118.945227942,121.3886947632,9933700
2025-07-18T04:00:00.000Z,121.1503107025,121.3390362463,119.4816007172,120.6040039062,9486800
2025-07-21T04:00:00.000Z,120.2563583334,121.1503114701,119.9683063461,120.0279006958,6392500
2025-07-22T04:00:00.000Z,119.9385075736,120.6139379814,119.7497820311,120.246421814,5614500
2025-07-23T04:00:00.000Z,120.7033296746,122.3521773937,120.6834674176,122.1137924194,8258900
2025-07-24T04:00:00.000Z,122.0243928812,122.5706996725,120.9913812256,121.1304397583,6702200
2025-07-25T04:00:00.000Z,121.4383630388,121.627081005,120.0577050349,120.6536712646,5656600
2025-07-28T04:00:00.000Z,120.2166262555,120.5841424279,119.0842881414,119.5610656738,6042200
2025-07-29T04:00:00.000Z,119.7696519852,119.9981020418,118.5578497011,119.1041564941,6283700
2025-07-30T04:00:00.000Z,119.143881614,119.6901884098,118.3790596781,118.7366409302,5281500
2025-07-31T04:00:00.000Z,118.6571785052,119.1041588661,117.7830951971,118.3095321655,7235000
2025-08-01T04:00:00.000Z,116.7997447508,117.0977316627,114.7933232894,115.8064651489,8637800
2025-08-04T04:00:00.000Z,116.9388045791,118.7167683022,116.9388045791,118.5479125977,8845000
2025-08-05T04:00:00.000Z,118.4485916345,118.7664408016,116.541496632,117.5248413086,15365700
2025-08-06T04:00:00.000Z,115.0019048537,115.3396238406,111.4459622531,114.3960037231,22153700
2025-08-07T04:00:00.000Z,114.9721141162,115.6177473742,111.068524971,112.1213989258,15484400
2025-08-08T04:00:00.000Z,112.5385791784,113.5219238384,111.2671749534,111.6744232178,9491000
2025-08-11T04:00:00.000Z,112.1511984956,112.3895834675,110.7904027734,111.7936172485,8532600
2025-08-12T04:00:00.000Z,112.5485088683,113.6311875711,111.7340199007,112.9557571411,7274000
2025-08-13T04:00:00.000Z,113.4623326002,116.4421714148,113.382868413,115.8561325073,9025700
2025-08-14T04:00:00.000Z,114.7039269252,115.9256565403,113.8497058974,115.5283432007,6800900
2025-08-15T04:00:00.000Z,115.7866027022,116.0547848599,114.4158795819,114.6145324707,6768600
2025-08-18T04:00:00.000Z,114.4158780471,116.2236465922,114.386080872,115.7667388916,5798400
2025-08-19T04:00:00.000Z,115.7170669436,116.2037717986,114.9423101113,115.488609314,5914000
2025-08-20T04:00:00.000Z,115.2998933867,117.0977269691,115.220429203,116.2534408569,7046700
2025-08-21T04:00:00.000Z,115.7865973591,115.8759964597,114.7535857131,115.4290161133,6337100
2025-08-22T04:00:00.000Z,116.7997413311,118.9750260206,116.342833637,118.0612106323,7161700
2025-08-25T04:00:00.000Z,117.6936945379,118.2499362522,116.9090027655,116.9189376831,5424900
2025-08-26T04:00:00.000Z,116.6408217616,117.5844343344,116.3726396085,116.8593444824,5787400
2025-08-27T04:00:00.000Z,116.7401449632,117.6638952531,116.5017599917,117.2963790894,4378000
2025-08-28T04:00:00.000Z,117.3063187153,117.5745084498,115.8263342399,116.8494110107,5687700
2025-08-29T04:00:00.000Z,116.6010898423,117.8526242409,116.4620313067,117.5844345093,5212600
2025-09-02T04:00:00.000Z,116.2335744608,117.485108868,115.2204326119,117.4751739502,6015900
2025-09-03T04:00:00.000Z,117.03813637,117.8228281586,115.5680792366,116.5911560059,6288700
2025-09-04T04:00:00.000Z,116.2931738618,118.8756992279,115.9753247025,118.0115432739,6949300
2025-09-05T04:00:00.000Z,118.1108790722,118.975027461,116.9090041057,117.1175994873,6669100
2025-09-08T04:00:00.000Z,117.1672603716,118.0810757822,115.9554580506,118.041343689,6450700
2025-09-09T04:00:00.000Z,117.7334305667,118.2499402059,116.4322367069,116.5812301636,5444300
2025-09-10T04:00:00.000Z,116.0647147258,116.7202828709,113.7305092823,115.0118408203,7484900
2025-09-11T04:00:00.000Z,114.6741241825,116.3825662681,113.8596352321,116.2931747437,8399100
2025-09-12T04:00:00.000Z,115.4786891225,116.2236488271,114.326481142,115.1807022095,7640900
2025-09-15T04:00:00.000Z,115.3296919299,115.9653902509,114.2271509966,114.8429870605,7150900
2025-09-16T04:00:00.000Z,114.67412733,115.0714406875,113.9391025444,114.4556121826,6844900
2025-09-17T04:00:00.000Z,114.4655345252,115.8759972617,114.4456722684,115.3197555542,7333900
2025-09-18T04:00:00.000Z,114.5549315873,115.0019043507,113.2835349839,114.0880889893,9460500
2025-09-19T04:00:00.000Z,113.8298345805,113.8298345805,111.1777800085,112.9954833984,23398400
2025-09-22T04:00:00.000Z,111.0089240022,112.8663519002,110.7705314553,111.8035430908,15479800
2025-09-23T04:00:00.000Z,111.9624786145,112.8564317773,110.8500027256,111.4956359863,13145000
2025-09-24T04:00:00.000Z,111.654559896,113.3828642228,111.445964518,112.6677017212,8755200
2025-09-25T04:00:00.000Z,111.9525424103,113.2835410103,111.8929480596,112.2306594849,6365500
2025-09-26T04:00:00.000Z,112.3697166087,112.8067620507,112.0022080127,112.7074356079,6145700
2025-09-29T04:00:00.000Z,112.707435022,114.2370864827,112.5683764872,114.0086288452,9304100
2025-09-30T04:00:00.000Z,113.760311702,114.1079580473,112.5783065496,113.7305145264,9303700
2025-10-01T04:00:00.000Z,113.3133363742,115.2800257001,112.0320048059,112.1909255981,9736300
2025-10-02T04:00:00.000Z,112.220726558,112.4094445188,110.0355070076,111.3863677979,8695100
2025-10-03T04:00:00.000Z,111.2870465761,112.8067631418,110.8102690368,111.7141571045,7148400
2025-10-06T04:00:00.000Z,111.9326770742,112.3498526745,110.7010049522,111.9922714233,6141200
2025-10-07T04:00:00.000Z,111.8730767479,112.6379062708,111.0486604531,111.7737503052,5409800
2025-10-08T04:00:00.000Z,112.0518693078,112.4392477457,110.8996689118,111.138053894,7074400
2025-10-09T04:00:00.000Z,111.0685186918,112.2405888609,110.1348334922,110.2440948486,6502400
2025-10-10T04:00:00.000Z,110.7804702231,111.9227432545,108.3767354609,108.456199646,9635200
2025-10-13T04:00:00.000Z,109.6481345737,110.2143036433,108.6449200546,109.5289382935,7435100
2025-10-14T04:00:00.000Z,108.9131080738,111.0883852131,108.4661277134,110.4228897095,7898000
2025-10-15T04:00:00.000Z,110.72087406,111.9227414215,110.3930899856,110.9592590332,7012600
2025-10-16T04:00:00.000Z,111.0387233913,111.3367027136,107.7807676332,109.1415557861,7531200
2025-10-17T04:00:00.000Z,109.0024963529,110.7109384017,108.7045170329,109.9262466431,10090500
2025-10-20T04:00:00.000Z,110.2838302564,111.4956325532,109.856719735,111.2075805664,8047500
2025-10-21T04:00:00.000Z,111.4956341575,113.7702453317,111.2870463527,113.5318603516,8163200
2025-10-22T04:00:00.000Z,113.2338684659,113.5119855269,112.2207266614,112.3200531006,7569200
2025-10-23T04:00:00.000Z,112.4094442722,113.0650124093,111.1479825846,112.2703857422,6945400
2025-10-24T04:00:00.000Z,112.4690526618,112.8862282759,110.8400671428,110.9294662476,6235200
2025-10-27T04:00:00.000Z,111.1877162117,111.8432767798,110.5619452398,111.5850219727,6029600
2025-10-28T04:00:00.000Z,111.1579206434,111.7240896968,110.7109402887,110.8996658325,6839400
2025-10-29T04:00:00.000Z,110.432823101,110.7804694355,109.2706878206,109.4991378784,7097100
2025-10-30T04:00:00.000Z,109.3898793335,112.8166984914,108.8137829263,111.0883865356,8311300
2025-10-31T04:00:00.000Z,110.8301398544,112.3399215157,109.7871932407,111.8631515503,8700600
2025-11-03T05:00:00.000Z,111.7936190035,112.0518662363,110.2838298084,111.3665084839,8542300
2025-11-04T05:00:00.000Z,110.2242387994,111.038727771,109.8964547115,110.7208786011,7950100
2025-11-05T05:00:00.000Z,110.6016754953,111.2175115395,109.8567158387,110.6116104126,5746000
2025-11-06T05:00:00.000Z,110.4228898337,110.9592617199,108.4462655781,109.7474594116,10291800
2025-11-07T05:00:00.000Z,109.5190109799,110.6811462948,109.300488255,109.9957809448,8782100
2025-11-10T05:00:00.000Z,110.4030238102,112.0320016705,110.2838275357,111.4856948853,9158700
2025-11-11T05:00:00.000Z,111.8929435251,114.1973517924,111.6644858928,114.0781555176,9713300
2025-11-12T05:00:00.000Z,113.8000426079,116.3031038466,113.6212519781,115.866065979,15248700
2025-11-13T05:00:00.000Z,108.1582146025,108.6250572251,104.2049660542,106.8868179321,44045400
2025-11-14T05:00:00.000Z,106.7974161247,107.9992910742,104.592341843,105.0889816284,16691400
2025-11-17T05:00:00.000Z,105.039315419,106.9464103909,104.4135520128,104.9797210693,12296400
2025-11-18T05:00:00.000Z,104.3936799415,106.360376799,104.2943535014,105.5657501221,11796200
2025-11-19T05:00:00.000Z,105.3670957869,106.8669424413,103.3805367,103.9665679932,12790000
2025-11-20T05:00:00.000Z,104.6618736801,105.0889842092,101.8111585136,102.0098114014,12609900
2025-11-21T05:00:00.000Z,102.7845740002,104.0758329039,101.9998822247,103.5791931152,10785400
2025-11-24T05:00:00.000Z,103.3904659549,103.6387858454,101.2052539501,101.2549209595,15024800
2025-11-25T05:00:00.000Z,101.8012184735,103.2216085263,101.3145136181,102.6157073975,10574500
2025-11-26T05:00:00.000Z,102.6256476957,103.5493980243,102.1886022478,102.7349090576,10130200
2025-11-28T05:00:00.000Z,102.6057861298,104.0361036065,102.5461842004,103.7679214478,6525500
2025-12-01T05:00:00.000Z,104.2148939697,106.112061646,103.7679211802,106.0524597168,12628900
2025-12-02T05:00:00.000Z,105.8140758491,105.853807943,104.115568622,104.12550354,8548200
2025-12-03T05:00:00.000Z,104.1950295876,105.1386421585,103.7679190645,105.0293807983,10177800
2025-12-04T05:00:00.000Z,105.1287085508,105.5061596464,103.8076524507,104.7611999512,11471400
2025-12-05T05:00:00.000Z,104.4731499098,105.456494604,103.8573138222,104.5923461914,10680100
2025-12-08T05:00:00.000Z,104.5923416105,107.3238604243,104.1254990007,106.9066772461,13727700
2025-12-09T05:00:00.000Z,106.8669426584,107.0258710232,105.8339385999,106.3007736206,8549400
2025-12-10T05:00:00.000Z,106.4001103963,108.932968756,105.8637385185,108.0986175537,11237900
2025-12-11T05:00:00.000Z,108.4661235999,110.8102639392,108.3767320781,110.7109375,13281400
2025-12-12T05:00:00.000Z,110.9791296682,112.5783028037,110.403025699,110.8499984741,13059100
2025-12-15T05:00:00.000Z,110.6999969482,111.5500030518,108.5500030518,110.4899978638,14318000
2025-12-16T05:00:00.000Z,111.2200012207,112.8499984741,110.8600006104,111.6200027466,15580200
2025-12-17T05:00:00.000Z,111.0599975586,112.1299972534,110.4599990845,110.6299972534,12142500
2025-12-18T05:00:00.000Z,110.5299987793,112.8000030518,110.4199981689,111.8700027466,12913900
2025-12-19T05:00:00.000Z,112.3199996948,113.4800033569,110.9199981689,111.2399978638,21138400
2025-12-22T05:00:00.000Z,111.4100036621,112.8000030518,111.1500015259,112.3799972534,8803300
2025-12-23T05:00:00.000Z,112.2900009155,113.3099975586,112.0400009155,113.2200012207,7634500
2025-12-24T05:00:00.000Z,112.9400024414,114.5299987793,112.8000030518,114.4800033569,4606700
2025-12-26T05:00:00.000Z,114.1500015259,114.7399978638,113.2699966431,113.5599975586,5428900
2025-12-29T05:00:00.000Z,113.3199996948,114.4899978638,113.3099975586,114.1900024414,7966000
2025-12-30T05:00:00.000Z,114.0999984741,115.2799987793,114.0999984741,114.7900009155,6883900
2025-12-31T05:00:00.000Z,114.7699966431,114.8899993896,113.5500030518,113.7699966431,6608000
2026-01-02T05:00:00.000Z,113.4400024414,113.4400024414,111.6200027466,111.8499984741,8906200
2026-01-05T05:00:00.000Z,111.4199981689,116.0299987793,111.3799972534,114.0699996948,12029000
2026-01-06T05:00:00.000Z,113.7900009155,114.7600021362,113.1100006104,114.5699996948,7388300
2026-01-07T05:00:00.000Z,114.4599990845,114.9700012207,112.5100021362,112.9100036621,8296300
2026-01-08T05:00:00.000Z,112.5500030518,114.9899978638,112.5500030518,114.1699981689,9778200
2026-01-09T05:00:00.000Z,114.3099975586,115.9800033569,113.9000015259,115.8799972534,8935200
2026-01-12T05:00:00.000Z,114.6299972534,114.9400024414,112.5500030518,112.8199996948,10833800
2026-01-13T05:00:00.000Z,112.8399963379,113.2200012207,111.6100006104,112.9800033569,8945700
2026-01-14T05:00:00.000Z,112.8099975586,113.5899963379,112.2600021362,113.5299987793,8950900
2026-01-15T05:00:00.000Z,113.7099990845,114.1100006104,112.1699981689,113.4100036621,7958500
2026-01-16T05:00:00.000Z,113.1999969482,113.8499984741,111.1200027466,111.1999969482,12049600
2026-01-20T05:00:00.000Z,109.6600036621,111.0899963379,108.8000030518,110.3399963379,9818200
2026-01-21T05:00:00.000Z,110.5699996948,113.25,110.5,113.1900024414,10041400
2026-01-22T05:00:00.000Z,113.1699981689,114.2900009155,112.1699981689,113.2099990845,12437700
2026-01-23T05:00:00.000Z,112.6900024414,112.9499969482,110.5500030518,110.9800033569,10819800
2026-01-26T05:00:00.000Z,111.6800003052,112.4100036621,111.1299972534,111.3099975586,8859800
2026-01-27T05:00:00.000Z,111.5,111.8000030518,110.0299987793,110.6100006104,8956900
2026-01-28T05:00:00.000Z,110.2799987793,111.4300003052,109.0,109.5599975586,9016600
2026-01-29T05:00:00.000Z,109.6299972534,111.6699981689,108.7600021362,111.5800018311,11079000
2026-01-30T05:00:00.000Z,111.3600006104,112.9499969482,110.9899978638,112.8000030518,17895200
2026-02-02T05:00:00.000Z,104.0100021362,108.6100006104,103.75,104.4499969482,37778500
2026-02-03T05:00:00.000Z,104.7799987793,104.9899978638,102.3399963379,104.2200012207,24827100
2026-02-04T05:00:00.000Z,104.1999969482,108.5999984741,103.6299972534,107.0500030518,19070400
2026-02-05T05:00:00.000Z,107.0500030518,108.3300018311,104.8099975586,104.9700012207,11859500
2026-02-06T05:00:00.000Z,106.1299972534,108.9599990845,105.3700027466,108.6999969482,12105600
2026-02-09T05:00:00.000Z,108.6900024414,108.9199981689,106.7699966431,107.1299972534,10515400
2026-02-10T05:00:00.000Z,107.5999984741,111.1100006104,107.5999984741,109.9599990845,9815500
2026-02-11T05:00:00.000Z,108.9300003052,109.8700027466,107.8000030518,108.1200027466,9374900
2026-02-12T05:00:00.000Z,107.9300003052,108.1600036621,101.0199966431,102.3799972534,25319600
2026-02-13T05:00:00.000Z,101.4000015259,105.5199966431,101.1999969482,105.4499969482,12845300
2026-02-17T05:00:00.000Z,106.5699996948,107.2799987793,104.3700027466,105.4400024414,10467400
2026-02-18T05:00:00.000Z,105.9599990845,107.7300033569,105.8099975586,107.0999984741,8791600
2026-02-19T05:00:00.000Z,107.1100006104,107.7699966431,105.4499969482,106.0,7492900
2026-02-20T05:00:00.000Z,105.6100006104,106.1999969482,104.6500015259,105.5800018311,9043600
2026-02-23T05:00:00.000Z,104.9800033569,105.1900024414,102.9599990845,104.4100036621,10626500
2026-02-24T05:00:00.000Z,104.4499969482,107.2300033569,103.9800033569,106.0500030518,13594800
2026-02-25T05:00:00.000Z,106.0,106.7200012207,104.5100021362,105.0500030518,8556500
2026-02-26T05:00:00.000Z,105.4700012207,106.7699966431,105.3199996948,105.5500030518,9578500
2026-02-27T05:00:00.000Z,104.7799987793,106.3399963379,103.9300003052,106.0400009155,13954000
2026-03-02T05:00:00.000Z,104.6100006104,104.6100006104,102.8600006104,104.3300018311,14178600
2026-03-03T05:00:00.000Z,102.8399963379,104.3099975586,102.1500015259,103.3000030518,13608400
2026-03-04T05:00:00.000Z,103.1699981689,103.8399963379,102.6399993896,103.0400009155,9672300
2026-03-05T05:00:00.000Z,103.0999984741,104.5500030518,101.5899963379,102.4100036621,11751500
2026-03-06T05:00:00.000Z,101.3899993896,101.8099975586,99.9499969482,101.5400009155,10448600
2026-03-09T04:00:00.000Z,100.5500030518,101.8700027466,98.4499969482,101.6600036621,11715100
2026-03-10T04:00:00.000Z,101.75,102.2399978638,100.2399978638,101.3199996948,7833100
2026-03-11T04:00:00.000Z,101.4000015259,101.8899993896,100.4000015259,100.8899993896,8152800
2026-03-12T04:00:00.000Z,100.0999984741,100.8799972534,99.3700027466,99.4300003052,10309400
2026-03-13T04:00:00.000Z,99.8300018311,100.7699966431,99.1600036621,99.2900009155,9551500
2026-03-16T04:00:00.000Z,99.4700012207,99.6900024414,98.4599990845,98.6600036621,11578500
2026-03-17T04:00:00.000Z,99.1699981689,100.7099990845,99.0199966431,100.3000030518,11785600
2026-03-18T04:00:00.000Z,99.8399963379,101.0199966431,99.0,99.4199981689,12615100
2026-03-19T04:00:00.000Z,99.0299987793,100.7799987793,98.4400024414,99.1999969482,14793800
2026-03-20T04:00:00.000Z,99.0100021362,100.0299987793,98.3899993896,99.5100021362,27544200
2026-03-23T04:00:00.000Z,100.2200012207,100.5999984741,97.8600006104,97.9499969482,11373000
2026-03-24T04:00:00.000Z,97.7399978638,98.0500030518,96.25,96.3899993896,9155700
2026-03-25T04:00:00.000Z,96.8199996948,97.1800003052,95.0599975586,95.9499969482,8467500
2026-03-26T04:00:00.000Z,95.1200027466,96.4000015259,94.5899963379,94.75,8548800
2026-03-27T04:00:00.000Z,94.1900024414,94.1900024414,92.1900024414,92.4199981689,12475900
2026-03-30T04:00:00.000Z,92.8899993896,95.1900024414,92.8899993896,94.3199996948,10592600
2026-03-31T04:00:00.000Z,95.3399963379,96.8899993896,94.1900024414,96.3799972534,11180200
2026-04-01T04:00:00.000Z,97.2600021362,98.3600006104,96.4899978638,96.5599975586,8518600
2026-04-02T04:00:00.000Z,96.0,97.1699981689,95.0899963379,96.6100006104,6379100
2026-04-06T04:00:00.000Z,96.5,97.1600036621,96.1200027466,96.2799987793,5882200
2026-04-07T04:00:00.000Z,95.8000030518,96.7900009155,95.3300018311,95.7799987793,7913000
2026-04-08T04:00:00.000Z,98.0999984741,99.1900024414,97.6900024414,99.1800003052,10821000
2026-04-09T04:00:00.000Z,98.6600036621,100.2300033569,97.6800003052,99.7900009155,8918300
2026-04-10T04:00:00.000Z,99.8399963379,100.1600036621,98.8199996948,99.1699981689,6359600
2026-04-13T04:00:00.000Z,98.5299987793,101.2699966431,98.5299987793,101.1800003052,6790300
2026-04-14T04:00:00.000Z,101.3399963379,103.0999984741,100.9000015259,102.5899963379,9997400
2026-04-15T04:00:00.000Z,102.5999984741,103.3799972534,101.7900009155,103.0400009155,7035300
2026-04-16T04:00:00.000Z,103.6200027466,104.5299987793,102.7799987793,103.9000015259,8145900
2026-04-17T04:00:00.000Z,104.6900024414,106.3300018311,104.6900024414,106.2900009155,10506200
2026-04-20T04:00:00.000Z,105.9100036621,107.1100006104,105.9100036621,106.3000030518,6423400
2026-04-21T04:00:00.000Z,106.1900024414,106.8799972534,103.9700012207,104.2900009155,7784500
2026-04-22T04:00:00.000Z,105.0299987793,106.2799987793,104.2300033569,104.8199996948,6886600
2026-04-23T04:00:00.000Z,104.9400024414,105.1999969482,102.5500030518,103.6500015259,6147000
2026-04-24T04:00:00.000Z,103.5999984741,103.6399993896,101.9700012207,102.5999984741,5974500
2026-04-27T04:00:00.000Z,102.6200027466,103.8099975586,102.0599975586,102.3499984741,6524300
2026-04-28T04:00:00.000Z,102.6600036621,103.2900009155,100.6100006104,101.4700012207,6409300
2026-04-29T04:00:00.000Z,100.9400024414,101.4800033569,100.5999984741,101.3000030518,5533700
2026-04-30T04:00:00.000Z,100.9100036621,104.1200027466,100.4199981689,103.75,9203500
2026-05-01T04:00:00.000Z,104.4000015259,104.8300018311,102.9700012207,103.0800018311,5956900
2026-05-04T04:00:00.000Z,102.7399978638,103.0500030518,101.2699966431,101.3099975586,8400100
2026-05-05T04:00:00.000Z,101.5299987793,101.7300033569,100.0599975586,100.4800033569,14314700
2026-05-06T04:00:00.000Z,106.5199966431,109.1399993896,105.3099975586,108.0599975586,23219500
2026-05-07T04:00:00.000Z,109.0500030518,110.4800033569,107.0899963379,108.6600036621,14309200
2026-05-08T04:00:00.000Z,109.0299987793,109.2099990845,107.5400009155,108.0199966431,8370000
2026-05-11T04:00:00.000Z,108.0,108.3899993896,104.3799972534,104.7200012207,10562300
