Date,Open,High,Low,Close,Volume
2021-01-04T05:00:00.000Z,51.40808596,51.762285813,51.1522770401,51.3785705566,689900
2021-01-05T05:00:00.000Z,51.4277632606,53.0118216021,51.4179222908,52.3132591248,658400
2021-01-06T05:00:00.000Z,52.1853592105,52.4411681391,51.3588941098,52.1361656189,686300
2021-01-07T05:00:00.000Z,52.0741214585,52.5763475175,51.8574730081,52.1725959778,469700
2021-01-08T05:00:00.000Z,52.6748241336,53.275524693,52.5369545517,52.655128479,456000
2021-01-11T05:00:00.000Z,52.5960501992,53.2459918807,52.3498601115,53.1869049072,474100
2021-01-12T05:00:00.000Z,53.2558364522,53.2558364522,52.4581792924,52.8619308472,400900
2021-01-13T05:00:00.000Z,52.8520813069,52.8619310132,51.6014390836,52.2612266541,854200
2021-01-14T05:00:00.000Z,51.8870116523,51.9756402172,50.9416427971,51.1385955811,950900
2021-01-15T05:00:00.000Z,50.9613414361,51.2370730958,50.4886569808,50.5871315002,618400
2021-01-18T05:00:00.000Z,50.7250036913,50.8628732951,50.4000347311,50.4591217041,303200
2021-01-19T05:00:00.000Z,50.7742447138,50.9711937775,49.641768815,50.4591217041,603900
2021-01-20T05:00:00.000Z,50.5182045424,50.5280542494,49.7500926816,50.0849113464,690200
2021-01-21T05:00:00.000Z,50.2326242744,50.2424739816,49.710702486,50.0258255005,829200
2021-01-22T05:00:00.000Z,50.1046048833,52.0347341607,50.1046048833,50.7840881348,795400
2021-01-25T05:00:00.000Z,50.981037758,51.9953395968,50.7643893045,51.7393035889,937500
2021-01-26T05:00:00.000Z,51.7983879098,51.9953407121,50.7545444437,50.8924102783,456000
2021-01-27T05:00:00.000Z,51.1484434983,51.1484434983,49.7796274197,49.8485603333,673700
2021-01-28T05:00:00.000Z,50.025818844,50.7151517551,49.6319170067,50.5674362183,597300
2021-01-29T05:00:00.000Z,50.0553634016,50.6560639756,49.0016665182,49.2281646729,599600
2021-02-01T05:00:00.000Z,49.6319205697,50.0159764853,48.972129216,49.9864311218,680900
2021-02-02T05:00:00.000Z,50.0652037602,50.5378881586,49.9864211488,50.5083465576,565700
2021-02-03T05:00:00.000Z,50.4788061308,50.4788061308,49.9273428238,50.0553627014,362000
2021-02-04T05:00:00.000Z,50.0159685594,50.459111375,49.6713002554,50.4000244141,410400
2021-02-05T05:00:00.000Z,50.3704894752,50.3704894752,49.5235950393,49.6614608765,533400
2021-02-08T05:00:00.000Z,49.7402418403,50.03567294,49.2577113898,49.5531387329,471800
2021-02-09T05:00:00.000Z,49.2675615185,49.6811628391,48.9918298091,49.3364944458,737100
2021-02-10T05:00:00.000Z,49.1296823073,49.1690736141,48.4994364248,48.647151947,836700
2021-02-11T05:00:00.000Z,48.5782179429,48.7653210111,47.7608652499,48.1055297852,692800
2021-02-12T05:00:00.000Z,47.898736994,48.0464525312,47.3669655682,47.997215271,683300
2021-02-16T05:00:00.000Z,48.2532403118,48.3517148098,47.3472629091,47.3669548035,400900
2021-02-17T05:00:00.000Z,47.3374217581,47.662394422,46.9041286293,47.1207733154,853400
2021-02-18T05:00:00.000Z,47.0419928693,48.0464486743,46.7071742677,47.8002586365,969800
2021-02-19T05:00:00.000Z,48.1646176309,48.1646176309,47.1109245962,47.4654388428,482300
2021-02-22T05:00:00.000Z,47.2684946469,47.3571232246,46.2738883916,46.4314498901,882100
2021-02-23T05:00:00.000Z,46.3526584765,46.8253428825,46.0079939376,46.490524292,420100
2021-02-24T05:00:00.000Z,46.4806747437,47.012446068,45.9685990709,46.4806747437,648700
2021-02-25T05:00:00.000Z,46.4314445268,46.7268718329,45.8504358636,46.5102233887,377500
2021-02-26T05:00:00.000Z,46.5102197887,47.9578183601,46.3625080254,47.6919326782,1467300
2021-03-01T05:00:00.000Z,48.0267560967,48.3320331154,47.4063561099,48.2335548401,861600
2021-03-02T05:00:00.000Z,48.3024823665,49.2084636159,48.1744625011,49.1099853516,769100
2021-03-03T05:00:00.000Z,49.0115186409,49.1592304262,47.9282800999,48.7062416077,886900
2021-03-04T05:00:00.000Z,48.8933534856,48.9622864104,48.1252378486,48.4502105713,690100
2021-03-05T05:00:00.000Z,48.5289841229,49.2281667583,48.2434065041,49.1198425293,652500
2021-03-08T05:00:00.000Z,49.2380199086,49.9076572799,48.7653353683,49.3364944458,598600
2021-03-09T05:00:00.000Z,49.5728385942,50.1932386969,49.306952836,49.3364944458,850500
2021-03-10T05:00:00.000Z,49.4448084002,49.7697810671,49.1986183519,49.2774009705,622500
2021-03-11T05:00:00.000Z,49.4743606665,49.838720937,48.8441108993,49.3167991638,1012000
2021-03-12T05:00:00.000Z,49.1592264562,49.3955705527,48.5486761956,49.3069419861,325900
2021-03-15T04:00:00.000Z,49.3167975831,50.2227752552,49.2577106128,50.1833839417,416700
2021-03-16T04:00:00.000Z,50.2227665049,50.8924036921,49.9371851663,50.2424621582,847600
2021-03-17T04:00:00.000Z,50.2424682736,50.3901800567,49.6713055269,50.1242980957,615400
2021-03-18T04:00:00.000Z,50.0455107443,50.6363653343,49.8879492699,50.3704833984,649600
2021-03-19T04:00:00.000Z,50.400023086,51.0105733067,50.1045958022,50.4689559937,3015400
2021-03-22T04:00:00.000Z,50.4098795032,51.0401292644,50.3704919453,50.7151565552,350800
2021-03-23T04:00:00.000Z,50.7939381905,52.1922960164,50.7939381905,51.5522003174,724200
2021-03-24T04:00:00.000Z,51.7688490404,51.7688490404,50.7742427832,50.951499939,837800
2021-03-25T04:00:00.000Z,51.0795148779,51.2272304231,50.4295732407,50.8136291504,774200
2021-03-26T04:00:00.000Z,50.9219535742,51.5128120008,50.784087735,51.3946380615,412900
2021-03-29T04:00:00.000Z,51.699917807,51.7590047797,51.2961662182,51.4537277222,510400
2021-03-30T04:00:00.000Z,50.7151576816,51.8377838719,50.7151576816,51.4438819885,634700
2021-03-31T04:00:00.000Z,50.8037775587,55.0776368668,50.7151489927,54.6738853455,1714800
2021-04-01T04:00:00.000Z,55.0874739833,56.2494911035,54.7723510785,56.1313209534,779100
2021-04-05T04:00:00.000Z,56.131325469,56.131325469,55.3238224909,55.6980323792,630500
2021-04-06T04:00:00.000Z,55.6586517032,55.9343833806,55.254900137,55.7374305725,701900
2021-04-07T04:00:00.000Z,55.9245300293,56.6237088368,55.7177312986,55.9245300293,1002900
2021-04-08T04:00:00.000Z,55.9245367094,56.1313354648,54.7920608948,55.3829193115,1936500
2021-04-09T04:00:00.000Z,56.0820945539,56.0820945539,55.4124573125,55.7669715881,1751100
2021-04-12T04:00:00.000Z,55.6684965323,56.5350866166,55.5798679582,55.7965164185,943600
2021-04-13T04:00:00.000Z,55.5897228049,56.0722532753,55.2844457424,55.7275886536,525100
2021-04-14T04:00:00.000Z,55.7768224961,57.1357927548,55.540482129,56.1017951965,669500
2021-04-15T04:00:00.000Z,56.2989139935,56.870578451,56.1017881888,56.407333374,360400
2021-04-16T04:00:00.000Z,56.4368982989,56.8015823364,56.3777631921,56.8015823364,423400
2021-04-19T04:00:00.000Z,56.4763287047,57.3141124622,56.4664741061,56.9198608398,780100
2021-04-20T04:00:00.000Z,56.7227235134,57.2056814647,56.4368913333,57.1071166992,504200
2021-04-21T04:00:00.000Z,57.1367000683,57.6886478321,56.7621614,57.4126739502,400300
2021-04-22T04:00:00.000Z,57.3633944471,57.580229461,56.7128818855,57.156414032,1250800
2021-04-23T04:00:00.000Z,57.1958347195,57.1958347195,56.8015868571,56.9198608398,336900
2021-04-26T04:00:00.000Z,56.8212991242,57.2549728956,56.2792022101,57.0184211731,457300
2021-04-27T04:00:00.000Z,56.8607212781,57.1859794265,56.456615062,57.0184211731,371700
2021-04-28T04:00:00.000Z,56.8607199491,57.2056910464,56.4566137425,56.5946006775,359100
2021-04-29T04:00:00.000Z,56.5946059453,57.0677094233,56.5650383879,56.8311576843,395200
2021-04-30T04:00:00.000Z,56.6931633414,57.0677019793,56.2890571499,56.4566116333,703300
2021-05-03T04:00:00.000Z,56.5256174033,56.6241822031,55.7765437243,55.953956604,495000
2021-05-04T04:00:00.000Z,55.7962535543,55.8849599892,54.4656570308,54.5839347839,630900
2021-05-05T04:00:00.000Z,54.9091892053,55.0964604345,54.4163765136,54.5839347839,519200
2021-05-06T04:00:00.000Z,54.583924079,54.603637034,53.1941927114,53.2730407715,833200
2021-05-07T04:00:00.000Z,53.6180134191,53.8841289195,53.2040488719,53.3223228455,974100
2021-05-10T04:00:00.000Z,53.2237699287,53.4997438289,52.8886571528,52.9773635864,2817800
2021-05-11T04:00:00.000Z,52.7408060117,52.7802319245,51.7354715551,52.4352645874,844400
2021-05-12T04:00:00.000Z,52.1297193271,52.336699729,51.6861872087,52.2184257507,1115000
2021-05-13T04:00:00.000Z,52.3564125434,52.7013836389,52.1691450983,52.4056930542,542800
2021-05-14T04:00:00.000Z,52.5929698129,52.5929698129,52.1001571329,52.2677116394,1117300
2021-05-17T04:00:00.000Z,52.2874346524,52.4352799888,51.5580738512,52.248008728,649700
2021-05-18T04:00:00.000Z,52.2874243317,52.839375884,51.9523115606,52.642250061,729800
2021-05-19T04:00:00.000Z,52.1395803908,52.7703799875,52.0607285613,52.6619606018,821300
2021-05-20T04:00:00.000Z,52.6619552955,53.5884416398,52.4845424568,53.4504547119,826600
2021-05-21T04:00:00.000Z,53.4800260676,53.4997390244,52.5535396574,52.6126785278,588800
2021-05-25T04:00:00.000Z,52.8393727501,52.9379337758,51.9523084792,52.5436859131,725000
2021-05-26T04:00:00.000Z,52.7408064903,53.5391643118,52.3662715952,52.9280776978,828000
2021-05-27T04:00:00.000Z,52.8886430472,53.243468687,51.8340244844,51.9424438477,4046400
2021-05-28T04:00:00.000Z,51.8438849997,52.563394718,51.8438849997,52.0804367065,660400
2021-05-31T04:00:00.000Z,52.1395709227,52.1494255197,51.469345533,51.7453193665,344000
2021-06-01T04:00:00.000Z,52.0311607791,52.8886537421,51.8931738379,52.4155540466,1033900
2021-06-02T04:00:00.000Z,52.4943973272,52.5436815958,51.8931691039,52.050868988,712300
2021-06-03T04:00:00.000Z,51.922744321,53.5391693115,51.5974861471,53.5391693115,987300
2021-06-04T04:00:00.000Z,53.5391734233,53.657447423,52.9379413053,53.1646347046,584600
2021-06-07T04:00:00.000Z,53.1252146192,53.4504690709,52.7605304863,52.8689498901,533200
2021-06-08T04:00:00.000Z,53.0167875292,53.6673000982,52.8985097822,53.4898872375,653200
2021-06-09T04:00:00.000Z,52.0903031398,54.1601188252,51.5482098983,52.573261261,1445900
2021-06-10T04:00:00.000Z,52.6520990172,53.8644213826,51.9917319049,53.5884437561,945100
2021-06-11T04:00:00.000Z,53.8545637552,55.1161628884,53.4800251026,54.9486083984,1051700
2021-06-14T04:00:00.000Z,54.6726401416,54.9486140403,54.2093950174,54.6233558655,1090000
2021-06-15T04:00:00.000Z,54.6726294636,55.6385416804,54.6726294636,54.7416229248,816700
2021-06-16T04:00:00.000Z,54.643066398,54.9288986432,54.3868054691,54.4262313843,770900
2021-06-17T04:00:00.000Z,54.4558018325,55.8849593747,54.4262342745,55.3330078125,656700
2021-06-18T04:00:00.000Z,55.1950156444,55.786389308,54.5149355551,55.0964546204,2015400
2021-06-21T04:00:00.000Z,55.4611312863,56.5847434296,54.7416253307,55.746963501,819400
2021-06-22T04:00:00.000Z,55.9835112212,57.0085623428,55.6976790077,56.7424430847,1038800
2021-06-23T04:00:00.000Z,57.0085683012,57.0085683012,55.9835170724,56.0426559448,525500
2021-06-24T04:00:00.000Z,56.1806393921,56.3974781508,55.6582592114,56.1017875671,587400
2021-06-25T04:00:00.000Z,55.8553869778,56.2299256649,55.7272583889,55.9933776855,236000
2021-06-28T04:00:00.000Z,56.0820792037,56.308772564,55.5892665702,55.8159599304,494400
2021-06-29T04:00:00.000Z,55.7863781931,56.3087620438,55.648391283,56.1806297302,274800
2021-06-30T04:00:00.000Z,56.2003513038,56.2989123233,55.5104128879,55.9243774414,581200
2021-07-02T04:00:00.000Z,56.1017875671,56.6734520183,55.8356720576,56.1017875671,388000
2021-07-05T04:00:00.000Z,55.934241012,56.3087797138,55.8356799767,55.9440956116,103900
2021-07-06T04:00:00.000Z,55.9440936256,56.3679128301,55.4315717485,56.2397842407,769700
2021-07-07T04:00:00.000Z,56.2989129795,56.5945998012,56.0919325802,56.4467582703,398100
2021-07-08T04:00:00.000Z,56.111355396,56.259326119,55.509598005,56.0916252136,564100
2021-07-09T04:00:00.000Z,56.1212170502,56.4960829783,55.9535161495,56.4072990417,279700
2021-07-12T04:00:00.000Z,56.4664939756,56.6933854393,56.1409515951,56.3875732422,451300
2021-07-13T04:00:00.000Z,56.4171681726,56.5750058806,56.2297370705,56.4664955139,208300
2021-07-14T04:00:00.000Z,56.2100127475,56.60460894,56.1409589783,56.2001495361,369700
2021-07-15T04:00:00.000Z,56.0718965959,56.5256795134,55.9535192616,56.4960861206,242000
2021-07-16T04:00:00.000Z,56.4171681726,57.0682491882,56.4073049623,56.4664955139,248100
2021-07-19T04:00:00.000Z,55.9436506211,56.5947315852,55.7364893515,56.1606788635,484700
2021-07-20T04:00:00.000Z,56.3382496654,56.9893306632,55.9337903147,56.3875732422,398000
2021-07-21T04:00:00.000Z,56.2889211479,56.7229738539,56.2691909662,56.427028656,365800
2021-07-22T04:00:00.000Z,56.2297325291,57.1372983356,56.2297325291,56.9498672485,191500
2021-07-23T04:00:00.000Z,57.0978351467,58.2421592454,57.0485115782,58.1632385254,446700
2021-07-26T04:00:00.000Z,58.0941943925,58.429599982,57.5318973401,58.2914924622,315900
2021-07-27T04:00:00.000Z,58.3605387863,58.4394595093,58.0448634203,58.153377533,364200
2021-07-28T04:00:00.000Z,58.3210817866,58.3210817866,57.7390545915,58.104057312,352900
2021-07-29T04:00:00.000Z,58.1040499203,58.2618875923,57.5812095742,57.8968849182,320900
2021-07-30T04:00:00.000Z,57.9758153878,58.4197350909,57.6502730178,57.9560852051,452000
2021-08-03T04:00:00.000Z,57.9067619854,58.2224373844,57.3148677899,57.3543281555,439200
2021-08-04T04:00:00.000Z,57.4529744256,58.5874316231,57.4529744256,58.3013496399,388200
2021-08-05T04:00:00.000Z,58.4394595093,58.8439188072,57.9363493077,58.153377533,238100
2021-08-06T04:00:00.000Z,58.3309528476,59.1497347567,58.3210858744,58.6170310974,588100
2021-08-09T04:00:00.000Z,58.6268871103,58.7649946043,58.242158016,58.2717514038,176300
2021-08-10T04:00:00.000Z,58.488783707,58.5381072779,58.2224319085,58.459186554,291400
2021-08-11T04:00:00.000Z,58.5085098934,58.7649947023,58.1336440068,58.2026977539,278500
2021-08-12T04:00:00.000Z,58.2027108438,58.4000089214,57.3050081661,57.49243927,660300
2021-08-13T04:00:00.000Z,57.6798651865,57.7785123284,57.1077012268,57.2754058838,309400
2021-08-16T04:00:00.000Z,57.0978457944,57.1373023987,56.5552789139,57.1373023987,308600
2021-08-17T04:00:00.000Z,57.0978482874,57.6798755608,56.7920360716,57.6404151917,298900
2021-08-18T04:00:00.000Z,57.7094621355,58.0251375247,57.2951395983,57.8081092834,348000
2021-08-19T04:00:00.000Z,57.522033461,58.5183832445,57.3444655767,58.3802757263,565700
2021-08-20T04:00:00.000Z,58.4296050585,60.0474425964,58.4197418475,59.8797416687,488900
2021-08-23T04:00:00.000Z,59.6824334757,59.6824334757,58.0547292393,58.9820289612,738000
2021-08-24T04:00:00.000Z,58.6071606652,59.0708105074,57.9462165408,58.3408088684,560500
2021-08-25T04:00:00.000Z,58.2224364561,58.5874354248,57.8673006971,57.9758148193,360600
2021-08-26T04:00:00.000Z,57.956083839,57.9955442035,56.5355445856,57.4135169983,734100
2021-08-27T04:00:00.000Z,57.3050083867,57.433252702,56.7229811255,57.028793335,422200
2021-08-30T04:00:00.000Z,56.8413568241,57.5910887473,56.7229794858,57.0189247131,392400
2021-08-31T04:00:00.000Z,57.0682388351,58.5578354613,56.6144559776,56.7525634766,796100
2021-09-01T04:00:00.000Z,56.9893218771,57.7291867043,56.6144559776,56.7525634766,773700
2021-09-02T04:00:00.000Z,56.7032403073,57.1175665703,56.0126990444,56.476348877,732400
2021-09-03T04:00:00.000Z,56.4763543618,56.4763543618,55.4997310323,56.0916252136,622500
2021-09-07T04:00:00.000Z,56.0916274892,56.6046009619,55.9929765734,56.0127067566,773600
2021-09-08T04:00:00.000Z,56.1606796515,57.3740576577,56.1212192863,56.7229766846,461400
2021-09-09T04:00:00.000Z,56.2297299935,56.614459123,54.8486474007,54.9374313354,1609000
2021-09-10T04:00:00.000Z,54.9768921143,55.2432439205,54.592162982,54.6612167358,1362900
2021-09-13T04:00:00.000Z,54.7105430962,55.1347326133,54.1087856993,54.6316261292,1063000
2021-09-14T04:00:00.000Z,54.6414796262,55.9436413382,54.6414796262,55.3616142273,746800
2021-09-15T04:00:00.000Z,55.2827065606,55.2827065606,54.4047341428,54.9768943787,1049800
2021-09-16T04:00:00.000Z,54.7204173867,55.5983899304,54.6119032497,55.4898757935,664500
2021-09-17T04:00:00.000Z,55.2531237886,55.8154247244,54.7993407656,55.2038002014,1728500
2021-09-20T04:00:00.000Z,54.6316230806,55.6378397559,54.6217561083,55.5885124207,560300
2021-09-21T04:00:00.000Z,55.5983818384,56.2691929847,55.5490582641,56.1606788635,530100
2021-09-22T04:00:00.000Z,56.2001338941,57.0781062268,55.8449981723,56.8709449768,636000
2021-09-23T04:00:00.000Z,56.930130327,57.5812112129,56.8413463988,57.117565155,733600
2021-09-24T04:00:00.000Z,57.1175693858,57.1570259855,56.4270280888,56.4467582703,301500
2021-09-27T04:00:00.000Z,56.3283809089,56.5059487902,56.0521658771,56.121219635,519500
2021-09-28T04:00:00.000Z,55.8055379309,55.8548615005,54.7401345264,54.828918457,608200
2021-09-29T04:00:00.000Z,54.6513535266,55.1347298036,54.5822997728,54.6612167358,483100
2021-09-30T04:00:00.000Z,54.5527027284,54.9374318615,54.1186500229,54.1975669861,634600
2021-10-01T04:00:00.000Z,54.2567566005,54.3554037436,53.3294606606,53.7043228149,475000
2021-10-04T04:00:00.000Z,53.4281063019,54.0298636421,52.6685112792,53.2308082581,495100
2021-10-05T04:00:00.000Z,53.2209483884,53.9509463043,53.2209483884,53.576084137,303400
2021-10-06T04:00:00.000Z,53.418250485,53.8917635978,53.0433845262,53.7635192871,541600
2021-10-07T04:00:00.000Z,54.3756927526,55.1656058261,54.3460721894,54.494178772,565100
2021-10-08T04:00:00.000Z,54.5040618667,55.501326545,54.4250686659,55.0569992065,421300
2021-10-12T04:00:00.000Z,55.2149778126,55.2149778126,54.0696028496,54.4546890259,464400
2021-10-13T04:00:00.000Z,54.5139286767,55.2939695077,54.4151909521,55.1656074524,1275100
2021-10-14T04:00:00.000Z,55.540817327,56.7158128176,55.5210690288,55.9357757568,492200
2021-10-15T04:00:00.000Z,56.1036356174,56.5282146489,55.6593082861,56.3899803162,241900
2021-10-18T04:00:00.000Z,56.2418780857,57.021919095,55.8765439011,56.8145675659,441000
2021-10-19T04:00:00.000Z,57.0614091565,57.0712814234,56.6565784128,56.8738021851,179100
2021-10-20T04:00:00.000Z,56.617074906,57.0120333346,55.7777929536,56.1233787537,422800
2021-10-21T04:00:00.000Z,56.1135154422,56.5677150709,55.9654050662,55.9950256348,525500
2021-10-22T04:00:00.000Z,55.837051109,56.2517579621,55.293985929,55.4223480225,279300
2021-10-25T04:00:00.000Z,55.2939824176,56.1233923045,55.0471342818,56.034526825,510200
2021-10-26T04:00:00.000Z,56.3307348186,56.3307348186,55.333470167,55.3729667664,234600
2021-10-27T04:00:00.000Z,55.3729655569,55.5210721515,54.7311590139,54.918762207,547400
2021-10-28T04:00:00.000Z,55.0866298384,55.6000744031,54.7410401949,55.1853675842,590600
2021-10-29T04:00:00.000Z,55.1952407452,55.5901954745,54.9977614973,55.2347335815,388700
2021-11-01T04:00:00.000Z,55.5309499723,55.8370392043,55.1754881073,55.6000671387,285400
2021-11-02T04:00:00.000Z,55.6494316096,56.0740106074,55.4717006912,55.7679176331,209000
2021-11-03T04:00:00.000Z,55.7876712734,56.0838882436,55.1557407324,55.4519577026,287600
2021-11-04T04:00:00.000Z,55.363094104,56.7553173011,55.363094104,56.7355690002,257200
2021-11-05T04:00:00.000Z,57.012042393,57.4662420214,56.4887218271,56.7849388123,252000
2021-11-08T05:00:00.000Z,56.7948123738,57.1009053796,56.0641403267,57.0515327454,319400
2021-11-09T05:00:00.000Z,57.1305261374,57.9303115885,56.8540574645,57.456363678,277500
2021-11-10T05:00:00.000Z,57.4563663359,57.8315765282,57.2292665203,57.7920799255,209900
2021-11-11T05:00:00.000Z,57.7624591895,58.1475416481,57.2983835257,57.9796867371,187000
2021-11-12T05:00:00.000Z,58.147537621,58.2364030874,57.4464899236,57.5748519897,287600
2021-11-15T05:00:00.000Z,57.762454783,58.1080406126,57.1700208559,57.357624054,369300
2021-11-16T05:00:00.000Z,57.5254791383,57.8908170356,56.9330452094,56.9725418091,250600
2021-11-17T05:00:00.000Z,56.8343114486,57.1107801326,56.2517497456,56.7849388123,383400
2021-11-18T05:00:00.000Z,56.6763232774,57.1206468285,56.468968018,56.6960678101,212500
2021-11-19T05:00:00.000Z,56.6664484079,56.9626653703,56.1332556157,56.7553138733,214400
2021-11-22T05:00:00.000Z,56.9429166722,57.1897647669,56.1233829565,56.1431312561,255600
2021-11-23T05:00:00.000Z,56.0443888127,56.3208612354,55.6790546934,56.0937614441,284700
2021-11-24T05:00:00.000Z,55.9752758088,56.5479652293,55.4124624219,56.5084686279,401200
2021-11-25T05:00:00.000Z,56.4689678485,57.416867379,56.4689678485,56.6861953735,141300
2021-11-26T05:00:00.000Z,55.7777955357,56.3801017055,55.2149784306,55.2742233276,347500
2021-11-29T05:00:00.000Z,55.6889268677,56.1727469823,55.4618233255,55.6987991333,513700
2021-11-30T05:00:00.000Z,55.4717024997,56.1036330008,54.1387243344,54.4843101501,1397800
2021-12-01T05:00:00.000Z,54.9582683322,55.3334785501,53.5956655797,53.625289917,572100
2021-12-02T05:00:00.000Z,53.6055358508,55.8074205145,53.6055358508,55.3038482666,443700
2021-12-03T05:00:00.000Z,55.0964933471,55.7284238596,54.8496452553,55.3235931396,500500
2021-12-06T05:00:00.000Z,55.6889352179,57.3082582197,55.5506971122,57.1206512451,442400
2021-12-07T05:00:00.000Z,57.2687627758,57.5156108912,56.636832203,56.7849388123,707800
2021-12-08T05:00:00.000Z,56.6763248122,57.9303098355,55.9851493844,56.577583313,876300
2021-12-09T05:00:00.000Z,56.8046827785,58.1771575928,56.7651899457,57.7427062988,678300
2021-12-10T05:00:00.000Z,57.9204326217,57.9796775161,57.6242156827,57.7032051086,334800
2021-12-13T05:00:00.000Z,57.5946031066,59.5496396951,57.5847270728,58.9078330994,1109000
2021-12-14T05:00:00.000Z,58.3450265843,59.4805295362,58.1080507123,58.4733886719,1013600
2021-12-15T05:00:00.000Z,58.3055139031,59.6681163163,58.2265244786,59.4113922119,1029800
2021-12-16T05:00:00.000Z,59.727361139,60.872736042,59.6779885113,60.1914329529,976500
2021-12-17T05:00:00.000Z,60.1914389178,62.284713487,60.1914389178,61.2874450684,1727300
2021-12-20T05:00:00.000Z,62.1859746989,62.2057229994,61.1788339697,61.6231613159,616600
2021-12-21T05:00:00.000Z,61.8601484758,62.0082551072,61.0899796793,61.6133003235,357000
2021-12-22T05:00:00.000Z,61.5244192112,62.3735734755,61.504670912,61.9884910583,372900
2021-12-23T05:00:00.000Z,62.0477337263,62.3933195327,61.9983648635,62.2649612427,223000
2021-12-24T05:00:00.000Z,62.3538312512,62.4624412507,62.1761003188,62.3044586182,62700
2021-12-29T05:00:00.000Z,62.6994116035,63.6769278798,62.3933186318,62.8080253601,506800
2021-12-30T05:00:00.000Z,63.0844976183,63.0844976183,62.2452156144,62.4031982422,285300
2021-12-31T05:00:00.000Z,62.3242033478,62.6994134911,62.0378624323,62.5118103027,354700
2022-01-04T05:00:00.000Z,63.0252605201,63.2721086272,62.235343564,62.6105537415,347900
2022-01-05T05:00:00.000Z,62.6302851016,62.6994022515,61.2084417451,61.3565483093,570000
2022-01-06T05:00:00.000Z,60.7438882973,61.34668329,59.9730994654,60.7834129333,558800
2022-01-07T05:00:00.000Z,60.4573198262,61.5739729095,60.4573198262,61.1292877197,477800
2022-01-10T05:00:00.000Z,60.8328329557,61.5344452809,60.6846033006,61.0699958801,435600
2022-01-11T05:00:00.000Z,61.0107019494,62.1471153879,60.496843963,62.0285339355,404400
2022-01-12T05:00:00.000Z,62.1569957288,62.9870733858,61.8704204469,62.591796875,373000
2022-01-13T05:00:00.000Z,62.8783773071,63.4119957399,62.7696760692,63.0661315918,484900
2022-01-14T05:00:00.000Z,62.9080133547,63.0858873985,62.0087629197,62.2558097839,424900
2022-01-17T05:00:00.000Z,61.9395977049,62.9376655002,61.9395977049,62.5423927307,117200
2022-01-18T05:00:00.000Z,62.0482942823,63.2637606903,61.8407758112,62.8981361389,575200
2022-01-19T05:00:00.000Z,62.9673203426,63.4120017841,62.2953524168,62.3348808289,621400
2022-01-20T05:00:00.000Z,62.3447591148,63.3329429971,60.7933048027,61.0502319336,1585600
2022-01-21T05:00:00.000Z,61.8803079857,62.6115684865,60.7834191195,60.8921203613,580700
2022-01-24T05:00:00.000Z,60.7735323874,61.0996360779,59.6272350167,61.0996360779,552500
2022-01-25T05:00:00.000Z,60.8624674,61.2379797001,60.0521539632,60.6747131348,407600
2022-01-26T05:00:00.000Z,61.0205845081,61.7617252106,60.5363709238,60.7043647766,686800
2022-01-27T05:00:00.000Z,61.0106952469,63.7380909693,60.5561261518,62.2558097839,910300
2022-01-28T05:00:00.000Z,62.1767613817,63.7183391495,62.0384157222,63.6293983459,522900
2022-01-31T05:00:00.000Z,63.263754507,64.9733220391,62.9870670088,64.8152084351,618900
2022-02-01T05:00:00.000Z,64.8745171961,65.0721516996,63.6392827008,65.032623291,537100
2022-02-02T05:00:00.000Z,65.2203871313,66.2283352515,65.0128686225,65.1709747314,631100
2022-02-03T05:00:00.000Z,64.8942791826,65.9911680437,64.4495977694,65.4871902466,419400
2022-02-04T05:00:00.000Z,65.24012391,66.4061852556,64.9436722359,66.1097335815,381700
2022-02-07T05:00:00.000Z,66.0998524983,66.3567833251,64.8745022719,65.0128479004,508800
2022-02-08T05:00:00.000Z,65.4377799239,66.6730143455,64.9832145615,66.4753723145,567500
2022-02-09T05:00:00.000Z,66.8014557792,67.8390553947,66.6828781357,67.4437789917,773100
2022-02-10T05:00:00.000Z,67.2461630534,67.592027174,65.7144693976,65.7539978027,687800
2022-02-11T05:00:00.000Z,65.8231770774,66.0109351352,63.6985722154,63.8369178772,924900
2022-02-14T05:00:00.000Z,63.4021130585,63.8962068041,62.8586069225,62.9574241638,1223700
2022-02-15T05:00:00.000Z,63.2440032959,64.1432575866,63.0661292351,63.2440032959,445300
2022-02-16T05:00:00.000Z,63.0957669209,64.1728951575,62.6510855859,64.0444259644,433400
2022-02-17T05:00:00.000Z,63.9159688638,64.301361392,63.3922306863,63.4119911194,306100
2022-02-18T05:00:00.000Z,63.4021283666,63.9851555084,63.244014711,63.5305900574,249800
2022-02-22T05:00:00.000Z,62.9080216472,63.9456178598,62.206409365,63.6491661072,899500
2022-02-23T05:00:00.000Z,63.6294037164,64.1531419773,63.1451938673,63.5108184814,635300
2022-02-24T05:00:00.000Z,62.4633319696,64.1234872977,62.0779394415,63.9950256348,496300
2022-02-25T05:00:00.000Z,63.8665572142,64.5484090211,63.2440017858,64.5088806152,475300
2022-02-28T05:00:00.000Z,64.054327522,64.7954683098,63.52070525,64.7262954712,1299500
2022-03-01T05:00:00.000Z,64.3606523041,65.1215609383,64.0049041836,64.4100646973,411200
2022-03-02T05:00:00.000Z,64.4989886232,65.2697811323,64.1926529402,65.1215515137,472700
2022-03-03T05:00:00.000Z,65.2698073123,65.3587405956,64.6175997444,64.8844146729,610900
2022-03-04T05:00:00.000Z,64.2914754718,66.089976396,64.2914754718,65.8725814819,428300
2022-03-07T05:00:00.000Z,65.7540018104,68.0960090654,65.7540018104,67.1769943237,970600
2022-03-08T05:00:00.000Z,67.4339036392,67.4339036392,65.5662301235,66.1986694336,727000
2022-03-09T05:00:00.000Z,66.3469051629,68.0564727783,66.2184435078,68.0564727783,535500
2022-03-10T05:00:00.000Z,67.5525067429,68.8272696857,66.8410104456,68.3134078979,798900
2022-03-11T05:00:00.000Z,68.4616351806,69.0249018065,68.4023463376,68.4912796021,371300
2022-03-14T04:00:00.000Z,68.3331719153,68.9853717906,67.2758115179,67.7501373291,488600
2022-03-15T04:00:00.000Z,67.6019256597,68.5407009796,67.4042835918,68.3924713135,850900
2022-03-16T04:00:00.000Z,68.4418766128,69.8648616576,68.1651852857,69.7858123779,953600
2022-03-17T04:00:00.000Z,69.6672173598,70.230483922,68.9853655859,69.657333374,579700
2022-03-18T04:00:00.000Z,69.48935117,69.983444966,67.9971857951,68.2047042847,3219400
2022-03-21T04:00:00.000Z,68.323292189,68.5999835193,67.6216798759,68.0070724487,722500
2022-03-22T04:00:00.000Z,68.0169554033,68.728451693,67.9576590197,68.0861282349,519800
2022-03-23T04:00:00.000Z,68.2047122415,68.5406999825,67.0386504453,67.8983764648,437100
2022-03-24T04:00:00.000Z,68.0564894398,68.3727092015,66.5840843423,67.097946167,704400
2022-03-25T04:00:00.000Z,67.3252184863,67.6414382168,66.3073864644,66.7323074341,402700
2022-03-28T04:00:00.000Z,66.5544192275,67.2659153548,66.0800935021,66.9398117065,560400
2022-03-29T04:00:00.000Z,67.0880589716,68.4418787666,67.0880589716,67.9082565308,515100
2022-03-30T04:00:00.000Z,69.3806406599,70.6356429561,67.9873002618,70.349067688,789300
2022-03-31T04:00:00.000Z,70.5763465321,71.515129142,69.9142627439,70.0624923706,998000
2022-04-01T04:00:00.000Z,69.8648458913,72.5033119688,69.8648458913,71.5645294189,1008800
2022-04-04T04:00:00.000Z,71.6435917678,71.6435917678,70.1118981694,71.4360733032,498300
2022-04-05T04:00:00.000Z,71.3965632358,74.2425411738,71.1198718786,73.7583312988,1036900
2022-04-06T04:00:00.000Z,73.5804524644,74.3907660463,72.868956141,74.114074707,647800
2022-04-07T04:00:00.000Z,74.2227683718,75.6556373207,74.1140671369,74.9737930298,745200
2022-04-08T04:00:00.000Z,74.9243778309,75.1318963064,72.8195411171,72.8788299561,607800
2022-04-11T04:00:00.000Z,72.6910776703,73.15552705,72.4539147565,72.7306060791,595600
2022-04-12T04:00:00.000Z,72.8096562731,73.5013845166,71.7226515165,71.7918243408,793600
2022-04-13T04:00:00.000Z,71.8659869245,72.7856978293,71.6978695928,72.6868057251,563800
2022-04-14T04:00:00.000Z,73.1516141845,73.1516141845,71.3814174263,72.3110198975,296900
2022-04-18T04:00:00.000Z,72.0934527054,73.4087397026,72.0934527054,72.3307952881,624900
2022-04-19T04:00:00.000Z,72.3901164185,74.9613562049,72.3011157949,74.3086547852,615100
2022-04-20T04:00:00.000Z,74.6152306676,74.7339057236,73.893311492,74.6449050903,371900
2022-04-21T04:00:00.000Z,75.0009151556,75.9503005139,74.4273379139,74.664680481,755400
2022-04-22T04:00:00.000Z,74.852594089,74.852594089,72.6868210871,72.7659378052,472800
2022-04-25T04:00:00.000Z,72.1923352746,74.1009822488,72.1923352746,73.8042984009,713200
2022-04-26T04:00:00.000Z,73.8537694372,73.8537694372,71.519878968,72.0637969971,619300
2022-04-27T04:00:00.000Z,71.9154515354,72.8252711534,71.8264433418,72.3505859375,427300
2022-04-28T04:00:00.000Z,72.2417791065,72.7560225158,71.7473110976,72.0934371948,402000
2022-04-29T04:00:00.000Z,71.5000981878,71.8659997935,70.4617120449,70.6298294067,373300
2022-05-02T04:00:00.000Z,70.6100579996,71.5792114125,70.2243734207,70.7583999634,469300
2022-05-03T04:00:00.000Z,70.8177415871,71.4506603276,70.4419484427,71.0550842285,485700
2022-05-04T04:00:00.000Z,71.0155259835,71.6781191571,70.3430488774,71.1935348511,393600
2022-05-05T04:00:00.000Z,70.886946165,71.2726306743,69.0475242542,69.6804428101,418800
2022-05-06T04:00:00.000Z,69.6211091686,70.0957943138,68.5530562744,69.7595596313,663500
2022-05-09T04:00:00.000Z,68.9980778662,70.0957976918,68.9980778662,69.3936538696,642000
2022-05-10T04:00:00.000Z,70.2342515425,70.3924849694,68.7607385925,68.9684143066,688800
2022-05-11T04:00:00.000Z,68.7112867705,70.2144663932,67.1092074972,67.3663330078,947600
2022-05-12T04:00:00.000Z,66.9509769331,69.957343851,66.9509769331,69.7595596313,805300
2022-05-13T04:00:00.000Z,69.8980036218,70.9759403457,69.8386698704,70.649597168,499700
2022-05-16T04:00:00.000Z,70.6891599669,72.1231143795,70.1848004132,71.1737365723,434000
2022-05-17T04:00:00.000Z,71.7769949432,71.7769949432,70.0859148585,70.3232574463,562500
2022-05-18T04:00:00.000Z,69.2354187896,69.3837607143,64.0731711168,65.1906661987,1455600
2022-05-19T04:00:00.000Z,64.6961982559,65.3587836363,64.1621718532,65.2895584106,691800
2022-05-20T04:00:00.000Z,65.7939282626,67.6135749069,65.3489099629,67.5443496704,1040000
2022-05-24T04:00:00.000Z,67.4553260535,68.2266949538,66.3180481041,67.4256591797,510200
2022-05-25T04:00:00.000Z,66.7235274368,69.373876787,66.7235274368,67.9300308228,619000
2022-05-26T04:00:00.000Z,68.9090810109,70.0760261353,68.1080450302,69.3442153931,553400
2022-05-27T04:00:00.000Z,69.6507808601,70.9166180614,69.1167543761,70.6199417114,906000
2022-05-30T04:00:00.000Z,71.1440700083,72.696699483,70.5012599931,71.470413208,303000
2022-05-31T04:00:00.000Z,71.6978694271,72.7758061873,70.718824771,72.5483551025,1340500
2022-06-01T04:00:00.000Z,72.4494884018,72.5879389049,70.896858435,71.1935348511,412300
2022-06-02T04:00:00.000Z,71.78689122,74.0614480076,70.6792872566,71.0451889038,732300
2022-06-03T04:00:00.000Z,70.699053282,70.8375037591,69.2156488465,69.3442153931,656800
2022-06-06T04:00:00.000Z,69.4826578435,69.76945024,68.7805140639,69.0277481079,727000
2022-06-07T04:00:00.000Z,68.8892937917,69.0969694717,68.1377002274,69.0376281738,594400
2022-06-08T04:00:00.000Z,70.6990382406,72.7065772756,70.461695694,72.6769104004,1313300
2022-06-09T04:00:00.000Z,70.8177198612,73.2406104639,70.8177198612,71.964881897,697900
2022-06-10T04:00:00.000Z,71.6286456223,71.7670960797,70.4122508384,70.6397094727,889400
2022-06-13T04:00:00.000Z,69.4431092519,71.2330815678,69.3442171294,70.9660720825,795600
2022-06-14T04:00:00.000Z,70.7682732495,72.2121192204,70.1353546745,71.4803085327,859900
2022-06-15T04:00:00.000Z,71.7967527546,72.518679361,70.8473750912,71.6385269165,667800
2022-06-16T04:00:00.000Z,71.0056212236,71.2231808469,69.3738750066,69.6804428101,597900
2022-06-17T04:00:00.000Z,69.8090222746,71.5495525863,69.6903547262,71.1935348511,1883900
2022-06-20T04:00:00.000Z,71.4506426606,72.8054880128,71.4011928311,72.3110198975,360100
2022-06-21T04:00:00.000Z,72.4890368205,74.2493423004,72.3406948603,72.7857131958,804300
2022-06-22T04:00:00.000Z,72.4890375864,74.3779020945,71.7077769633,73.477973938,663800
2022-06-23T04:00:00.000Z,73.4779776877,74.199897036,72.9142842404,73.4087524414,652300
2022-06-24T04:00:00.000Z,73.5471808499,74.4174419062,73.1614963725,74.1207580566,563900
2022-06-27T04:00:00.000Z,74.2097786429,75.2679401505,73.6559767458,74.9218139648,890300
2022-06-28T04:00:00.000Z,75.1987102043,75.7920704205,73.982315348,74.1801071167,879500
2022-06-29T04:00:00.000Z,74.1306495913,74.4668917907,73.3790560382,74.1603164673,817200
2022-06-30T04:00:00.000Z,73.3790664409,74.0416594599,72.5681390209,73.2999572754,962000
2022-07-04T04:00:00.000Z,73.270288063,75.2481606959,73.270288063,74.654800415,358200
2022-07-05T04:00:00.000Z,74.6646889551,75.6437337573,74.6646889551,75.4360580444,660400
2022-07-06T04:00:00.000Z,75.6536113954,76.5535468649,73.2603878522,73.6065139771,775800
2022-07-07T04:00:00.000Z,73.7203389288,75.5710200971,73.423443173,75.5116424561,666500
2022-07-08T04:00:00.000Z,75.4621488142,77.5998342934,75.1553542975,77.4810714722,892500
2022-07-11T04:00:00.000Z,77.2336743122,77.2336743122,75.9174143551,76.3429718018,624000
2022-07-12T04:00:00.000Z,76.4419228566,76.7487249452,74.4922764881,74.7594909668,787200
2022-07-13T04:00:00.000Z,74.5120627202,76.2538795348,73.9281550023,75.6798706055,709300
2022-07-14T04:00:00.000Z,75.7293705906,76.4221425248,74.9772285601,75.8580322266,553000
2022-07-15T04:00:00.000Z,76.0856405749,76.6398595523,75.4027750814,75.4126663208,457700
2022-07-18T04:00:00.000Z,75.9074920726,76.6596414654,75.2840042836,75.9767684937,555300
2022-07-19T04:00:00.000Z,76.3033492561,76.5903536865,75.0761638871,75.2938919067,435500
2022-07-20T04:00:00.000Z,75.1751272527,75.6897584773,74.2250475501,75.5808944702,573000
2022-07-21T04:00:00.000Z,75.3928784959,76.3528572814,74.9079434833,76.0559539795,423800
2022-07-22T04:00:00.000Z,76.1549127126,76.9367509602,75.8184293798,76.2043991089,319900
2022-07-25T04:00:00.000Z,76.3330716334,76.6596638064,75.9866894274,76.6497650146,293300
2022-07-26T04:00:00.000Z,76.6002724363,76.6002724363,75.6007060633,76.2340927124,471700
2022-07-27T04:00:00.000Z,76.392437378,77.283132095,76.1351217117,77.0951004028,468100
2022-07-28T04:00:00.000Z,77.1445929438,78.7775461324,76.8180083465,77.5107727051,555700
2022-07-29T04:00:00.000Z,77.5107762801,77.7680920039,76.6200738133,76.8081130981,619900
2022-08-02T04:00:00.000Z,76.8080924276,77.2732373434,75.5116304669,75.6105957031,718800
2022-08-03T04:00:00.000Z,75.7095722598,76.3033713164,75.284014885,75.4918441772,570100
2022-08-04T04:00:00.000Z,75.8085362384,76.966445512,75.2543248016,76.8377914429,1008400
2022-08-05T04:00:00.000Z,76.8278888549,76.8278888549,74.591245638,75.2246322632,354500
2022-08-08T04:00:00.000Z,75.234525442,75.9470873014,74.9475284909,75.2840118408,622400
2022-08-09T04:00:00.000Z,75.2048337965,75.8778080216,75.0365921278,75.6600799561,338900
2022-08-10T04:00:00.000Z,76.1054275221,77.6394075212,76.075738707,77.3919906616,478700
2022-08-11T04:00:00.000Z,77.6889011821,78.3915642231,77.6097259675,77.9561080933,505800
2022-08-12T04:00:00.000Z,78.0748866157,78.5103428331,77.7482944527,78.4311676025,424000
2022-08-15T04:00:00.000Z,78.4410489825,80.9449065755,78.2530097393,80.3214187622,513100
2022-08-16T04:00:00.000Z,80.0245312488,81.7564497329,79.9156671972,81.3803787231,478700
2022-08-17T04:00:00.000Z,81.1527332414,82.5778568267,80.806351134,80.935005188,892400
2022-08-18T04:00:00.000Z,80.9845069463,81.1428498466,79.3911413995,79.8958740234,524900
2022-08-19T04:00:00.000Z,79.52969707,80.1630837947,79.3713466135,79.5197982788,514600
2022-08-22T04:00:00.000Z,79.0249669512,80.6975078358,78.8864140727,80.638130188,428100
2022-08-23T04:00:00.000Z,80.1630625219,81.0834535418,80.1234749183,80.8360366821,381300
2022-08-24T04:00:00.000Z,80.9350187018,82.0038615692,80.9053298806,81.1131591797,468800
2022-08-25T04:00:00.000Z,81.2714989336,81.3506665962,79.8661653259,81.251701355,363900
2022-08-26T04:00:00.000Z,81.1824330275,81.6277879834,79.5395887174,79.6484527588,313200
2022-08-29T04:00:00.000Z,79.4999956535,80.5391420448,79.4999956535,80.2917251587,377600
2022-08-30T04:00:00.000Z,80.4698759015,80.9548184966,79.6385586823,80.3709106445,418200
2022-08-31T04:00:00.000Z,80.9053495809,81.8356398088,78.9161150183,79.1536407471,1048000
2022-09-01T04:00:00.000Z,78.7280686482,79.697938767,78.3816789124,79.5197982788,501300
2022-09-02T04:00:00.000Z,79.9948401529,80.6975032976,79.0249625071,79.4604187012,461600
2022-09-06T04:00:00.000Z,79.4901085805,80.8657460659,79.15362519,79.2624816895,641700
2022-09-07T04:00:00.000Z,79.1734174511,79.3713479745,78.4113766304,79.2130050659,520500
2022-09-08T04:00:00.000Z,79.2327850441,79.371337903,77.1445858197,78.6785736084,518400
2022-09-09T04:00:00.000Z,80.7667664232,82.3799217528,79.3614403654,79.7573013306,948700
2022-09-12T04:00:00.000Z,80.4401847202,80.4500835108,76.9862467644,78.1045684814,1022500
2022-09-13T04:00:00.000Z,77.2039854869,77.8472710528,75.9965895895,76.3429718018,846200
2022-09-14T04:00:00.000Z,76.4518291002,77.3722203545,75.6106130733,75.9075088501,635500
2022-09-15T04:00:00.000Z,75.907493135,76.9268569878,75.2642153098,75.4324569702,641400
2022-09-16T04:00:00.000Z,74.8386563284,76.214293499,74.2547485985,75.9569778442,1613300
2022-09-19T04:00:00.000Z,75.6600787119,78.1144574782,75.3037978015,77.8076629639,651300
2022-09-20T04:00:00.000Z,77.698794968,78.0253794938,76.9367467899,77.6888961792,1020000
2022-09-21T04:00:00.000Z,78.0352760562,78.0352760562,76.2142915926,76.2439804077,478000
2022-09-22T04:00:00.000Z,76.2043997138,77.2138572709,75.6798771317,75.8778076172,691100
2022-09-23T04:00:00.000Z,75.3137039021,77.2336614891,75.2345286809,75.7293624878,1064100
2022-09-26T04:00:00.000Z,75.343389686,75.8481222629,74.8485558991,75.5215301514,577100
2022-09-27T04:00:00.000Z,75.6897751407,76.8872719321,75.4621482892,76.6596450806,984100
2022-09-28T04:00:00.000Z,76.9367588722,78.1936409813,76.7883072186,77.8274612427,708900
2022-09-29T04:00:00.000Z,77.8670419346,78.3519769125,77.1050012551,78.1936340332,736900
2022-09-30T04:00:00.000Z,78.3717649477,78.5795941986,77.7086820417,78.4806289673,1000400
2022-10-03T04:00:00.000Z,78.7280461743,80.568828177,78.4806293196,80.2125473022,924700
2022-10-04T04:00:00.000Z,80.7568653359,82.2314677757,80.5094484644,82.1028137207,1344100
2022-10-05T04:00:00.000Z,81.7069578151,83.0825952285,81.4991285171,82.7164230347,704500
2022-10-06T04:00:00.000Z,82.7807808938,82.8600082456,80.4931458879,80.9189834595,1887500
2022-10-07T04:00:00.000Z,80.6416929192,81.7310425303,79.859339843,80.4832382202,605000
2022-10-11T04:00:00.000Z,79.9583682514,81.087331509,79.7404968235,79.9187545776,992500
2022-10-12T04:00:00.000Z,80.1861557806,80.6516070655,78.9878703216,79.6513824463,702900
2022-10-13T04:00:00.000Z,78.7303789319,80.8892751596,78.4332801401,80.4733428955,627700
2022-10-14T04:00:00.000Z,81.4933740695,81.5131771305,79.0670873117,79.1859283447,557500
2022-10-17T04:00:00.000Z,79.7206979161,80.6218920409,79.1859246259,79.2651519775,705100
2022-10-18T04:00:00.000Z,79.9682877226,80.3248032939,78.8195136469,80.3049926758,642900
2022-10-19T04:00:00.000Z,80.1663416143,80.1663416143,78.9977645774,79.4434127808,384400
2022-10-20T04:00:00.000Z,79.5721537528,79.8197335763,78.0470611336,78.2253189087,407800
2022-10-21T04:00:00.000Z,78.43328358,79.3443830554,78.0866733447,79.1859283447,540100
2022-10-24T04:00:00.000Z,79.3839918928,80.4832392702,78.977957388,80.0970153809,413100
2022-10-25T04:00:00.000Z,80.0475050735,81.800366784,79.8989556781,81.2061767578,569800
2022-10-26T04:00:00.000Z,81.2061722201,81.8696842529,80.5228495726,80.9387893677,499300
2022-10-27T04:00:00.000Z,80.7803417216,81.8003693503,80.7704364134,80.9090805054,589700
2022-10-28T04:00:00.000Z,80.839761461,81.5428872549,80.5327648968,81.532989502,364200
2022-10-31T04:00:00.000Z,81.4141481128,81.9192130674,79.8296387562,80.166343689,815500
2022-11-01T04:00:00.000Z,80.9189804419,81.1863708554,79.4929183846,79.8494338989,451000
2022-11-02T04:00:00.000Z,79.9385719249,80.552565031,78.9185442954,78.9680557251,333400
2022-11-03T04:00:00.000Z,78.7303732828,79.8890448876,78.7303732828,79.5424346924,295300
2022-11-04T04:00:00.000Z,79.552342453,80.1960514385,78.5422126468,78.6412506104,347600
2022-11-07T05:00:00.000Z,79.3344782408,79.9088652374,78.8690269696,79.215637207,364500
2022-11-08T05:00:00.000Z,79.2948551053,79.9682724386,77.8886037067,77.9183120728,502800
2022-11-09T05:00:00.000Z,77.8985134074,78.7303779248,77.4528652254,77.5816040039,432100
2022-11-10T05:00:00.000Z,79.2948615651,80.5822796045,78.3441559975,80.5327606201,595700
2022-11-11T05:00:00.000Z,80.7605282726,80.7605282726,76.492247674,76.5912780762,849100
2022-11-14T05:00:00.000Z,76.7497242408,78.4233658066,76.2248563678,76.2446594238,938800
2022-11-15T05:00:00.000Z,77.1656657031,77.3241203924,75.3929935329,75.4425125122,997000
2022-11-16T05:00:00.000Z,75.6801935275,76.789353782,74.6205522567,76.7200317383,900600
2022-11-17T05:00:00.000Z,76.1060184212,77.4231445873,75.6207641962,75.9772796631,497000
2022-11-18T05:00:00.000Z,76.482356,77.1062543831,76.0664161892,76.9477996826,637500
2022-11-21T05:00:00.000Z,77.4924883968,78.7501906348,77.3637496025,78.5917434692,686000
2022-11-22T05:00:00.000Z,78.6709572469,79.3146586627,77.7301495025,78.8393096924,490400
2022-11-23T05:00:00.000Z,78.9383417846,80.4238205707,78.8096030098,79.0868911743,538200
2022-11-24T05:00:00.000Z,79.0868887851,80.0772079459,79.0868887851,79.5424346924,150000
2022-11-25T05:00:00.000Z,79.8494283331,80.5228456404,79.0274692016,79.9682693481,260700
2022-11-28T05:00:00.000Z,79.88904271,82.0182303588,79.88904271,81.4933624268,596600
2022-11-29T05:00:00.000Z,81.5329795311,81.5329795311,79.5820495465,80.6515960693,461200
2022-11-30T05:00:00.000Z,80.829863708,81.6023115505,80.2158630242,81.532989502,2423000
2022-12-01T05:00:00.000Z,81.10714291,82.2559092378,80.562464335,82.0479431152,811900
2022-12-02T05:00:00.000Z,81.9291153254,83.4740109461,81.2755009902,82.9788513184,670000
2022-12-05T05:00:00.000Z,83.1868203217,83.4344001441,80.8397608855,80.8991851807,576000
2022-12-06T05:00:00.000Z,80.8991897286,80.998220152,78.8591267397,79.0670928955,764000
2022-12-07T05:00:00.000Z,80.7110227403,83.9691741355,79.0968050055,83.1868209839,1255800
2022-12-08T05:00:00.000Z,83.6027503536,85.0486155707,82.8104994767,84.6623916626,1203400
2022-12-09T05:00:00.000Z,84.2068555454,84.2068555454,81.5428939994,81.6320266724,580700
2022-12-12T05:00:00.000Z,81.6914373838,82.0380476296,80.1366363766,80.225769043,1116200
2022-12-13T05:00:00.000Z,80.3148881301,80.4634375258,78.9185419431,78.9779586792,1219100
2022-12-14T05:00:00.000Z,78.9779580655,80.7407250743,78.5026015139,80.2851791382,915700
2022-12-15T05:00:00.000Z,80.0871171919,80.3941137291,78.6115361298,79.6216659546,673100
2022-12-16T05:00:00.000Z,79.2255467544,81.057636012,78.6907734072,80.2158660889,1775500
2022-12-19T05:00:00.000Z,80.4832419019,80.9883068336,79.2354450903,79.3542785645,888400
2022-12-20T05:00:00.000Z,78.7402731656,79.6018459405,78.1361779146,78.4827880859,673900
2022-12-21T05:00:00.000Z,78.6115413381,80.6020851966,78.6115413381,79.6315765381,529500
2022-12-22T05:00:00.000Z,79.2651509881,79.5820528352,78.4233811653,79.2057342529,354000
2022-12-23T05:00:00.000Z,79.0769907622,79.2651538379,78.2352209091,79.2255401611,205800
2022-12-28T05:00:00.000Z,78.2946365299,80.7110178881,78.2946365299,80.0574035645,509200
2022-12-29T05:00:00.000Z,80.2158506822,80.5030441407,79.0868874623,79.1661148071,326100
2022-12-30T05:00:00.000Z,78.938340638,79.2255341058,78.0371541164,78.4233779907,691400
2023-01-03T05:00:00.000Z,78.6214399458,79.7504032188,78.6214399458,79.0868911743,412600
2023-01-04T05:00:00.000Z,79.354272296,79.5226322969,78.4035668003,79.2849502563,437700
2023-01-05T05:00:00.000Z,79.2700948411,80.1818206673,78.6457675081,79.6169433594,504200
2023-01-06T05:00:00.000Z,79.4782000012,82.2232743397,79.4782000012,82.1737213135,688100
2023-01-09T05:00:00.000Z,82.1439860066,82.3223663017,80.8556830354,81.1926269531,619500
2023-01-10T05:00:00.000Z,81.1926300028,81.3313693975,79.8845103101,80.6376724243,452800
2023-01-11T05:00:00.000Z,80.8259421743,81.2917132952,79.8151256937,81.1727981567,651700
2023-01-12T05:00:00.000Z,81.0043357706,81.2124448579,79.6962161071,80.1619873047,749300
2023-01-13T05:00:00.000Z,80.0232606282,81.8070638894,79.8151515078,81.0539016724,554100
2023-01-16T05:00:00.000Z,80.7665133649,82.4115772662,80.7566012462,82.2530136108,252600
2023-01-17T05:00:00.000Z,81.9358872401,82.7286903315,81.3710174947,81.9061584473,627100
2023-01-18T05:00:00.000Z,81.9358761523,82.411559455,81.3511822504,81.4899291992,787800
2023-01-19T05:00:00.000Z,81.261987311,81.5097372723,80.1718889934,80.667388916,753500
2023-01-20T05:00:00.000Z,80.7962386593,82.0250766924,80.7962386593,81.8863372803,463600
2023-01-23T05:00:00.000Z,82.1539004497,83.0557065064,81.5890307594,82.5899353027,610500
2023-01-24T05:00:00.000Z,82.589932019,84.6413091692,82.5007456528,84.4133758545,521100
2023-01-25T05:00:00.000Z,84.0962617036,84.9485223196,83.2935541126,83.501663208,681200
2023-01-26T05:00:00.000Z,83.898075941,83.898075941,81.6485013769,81.7277832031,477500
2023-01-27T05:00:00.000Z,81.7376813821,81.8565965404,79.1610753948,79.5277481079,1105400
2023-01-30T05:00:00.000Z,79.5178331334,80.2115376284,79.0917028564,79.4484634399,908100
2023-01-31T05:00:00.000Z,79.5772998752,80.161986223,78.2097150905,78.8538665771,925400
2023-02-01T05:00:00.000Z,78.6556869472,79.3493840484,77.9421656085,79.1809158325,1054000
2023-02-02T05:00:00.000Z,79.0520660356,80.0232493544,78.4277387625,78.4971084595,971400
2023-02-03T05:00:00.000Z,78.3484659832,78.6358569213,77.7935083431,78.5367584229,775600
2023-02-06T05:00:00.000Z,78.4376496359,78.5169314486,77.6448466305,77.8232269287,650200
2023-02-07T05:00:00.000Z,77.4169281255,77.9223327171,77.0898962881,77.3871917725,486400
2023-02-08T05:00:00.000Z,77.297999654,78.5962072287,77.010608748,78.3980102539,545200
2023-02-09T05:00:00.000Z,78.7250516776,79.0818123244,77.8331500606,78.2394561768,1036500
2023-02-10T05:00:00.000Z,78.1601881864,78.5169488619,77.3673850053,78.1998291016,419000
2023-02-13T05:00:00.000Z,78.2890078138,79.3097367059,78.2890078138,78.734954834,493300
2023-02-14T05:00:00.000Z,78.2989152936,78.5863062126,77.2385455531,78.2295455933,748000
2023-02-15T05:00:00.000Z,77.8034201994,79.2899203538,77.565574731,79.1709976196,461700
2023-02-16T05:00:00.000Z,78.8736948298,79.2800085026,78.4872053932,78.5367584229,406500
2023-02-17T05:00:00.000Z,78.487200499,79.2899156763,78.3881020067,79.2007217407,327300
2023-02-21T05:00:00.000Z,78.5565686439,78.8241428846,77.268273148,77.5556640625,585800
2023-02-22T05:00:00.000Z,77.7439371245,78.4475536888,77.4466416986,77.9718704224,477700
2023-02-23T05:00:00.000Z,78.0908122079,78.7944213833,77.7241394429,78.2394561768,724200
2023-02-24T05:00:00.000Z,77.9916959619,78.7349459522,77.2088126255,78.6457595825,350100
2023-02-27T05:00:00.000Z,78.9034220853,79.2700872435,78.4574675525,78.4971084595,352900
2023-02-28T05:00:00.000Z,78.2097247168,78.2592777453,77.7736898217,78.1106262207,628800
2023-03-01T05:00:00.000Z,77.9917058779,78.1502695251,77.1989103238,77.2682800293,848600
2023-03-02T05:00:00.000Z,76.6934899508,76.8619581375,75.3853702438,75.8115005493,1170800
2023-03-03T05:00:00.000Z,76.0592417056,77.0898825005,75.8511326356,76.2574386597,631000
2023-03-06T05:00:00.000Z,76.3070077039,77.8727896766,76.1979970881,77.0799865723,636800
2023-03-07T05:00:00.000Z,77.307919922,77.7142260314,76.8520607833,77.0799865723,426500
2023-03-08T05:00:00.000Z,77.0799634691,77.1790619373,75.8709424997,75.9601364136,506600
2023-03-09T05:00:00.000Z,75.9799731769,77.337645988,75.9799731769,76.416015625,660800
2023-03-10T05:00:00.000Z,76.4061046404,77.2583653139,76.3367349373,76.5547561646,483600
2023-03-13T04:00:00.000Z,76.4259324985,77.2385523,74.8502383653,75.266456604,752200
2023-03-14T04:00:00.000Z,75.6133152536,76.287195665,74.3349241395,74.9096984863,804900
2023-03-15T04:00:00.000Z,74.8205101592,75.4745738772,73.6907706107,75.0682601929,807900
2023-03-16T04:00:00.000Z,75.2961824601,76.9808794164,74.8006824658,76.8916854858,660800
2023-03-17T04:00:00.000Z,76.2574542756,77.3277361927,75.9700709016,77.2286376953,1453600
2023-03-20T04:00:00.000Z,77.030428655,77.8826816475,76.7033968603,77.7439422607,359200
2023-03-21T04:00:00.000Z,77.8133261289,78.4178368072,75.5637591822,76.534942627,594000
2023-03-22T04:00:00.000Z,76.5052087479,77.7241422622,76.4953041901,77.2484588623,324300
2023-03-23T04:00:00.000Z,77.2385538934,78.2097298036,76.9908038566,77.3971099854,421500
2023-03-24T04:00:00.000Z,77.5754703842,78.4277308967,77.3772734299,78.0115127563,381300
2023-03-27T04:00:00.000Z,77.991714702,78.2890177938,77.2682887716,77.4070281982,510000
2023-03-28T04:00:00.000Z,77.7835754334,78.2790753541,77.0799664533,77.7934875488,327200
2023-03-29T04:00:00.000Z,80.4691991005,80.6574915249,78.1205338774,79.7457733154,862100
2023-03-30T04:00:00.000Z,79.280004069,80.2412753281,78.5466661484,80.1223526001,890300
2023-03-31T04:00:00.000Z,80.1520785387,81.7872300766,79.6070330666,80.0430679321,1099300
2023-04-03T04:00:00.000Z,79.4187328704,80.7169403443,79.4187328704,80.1421661377,1116700
2023-04-04T04:00:00.000Z,79.9538872836,81.3710177098,79.7556902906,80.7367782593,691000
2023-04-05T04:00:00.000Z,80.6872162757,81.7475859482,80.4592905151,81.2322692871,826800
2023-04-06T04:00:00.000Z,80.9646958164,82.0250654987,80.9646958164,81.5196609497,555800
2023-04-10T04:00:00.000Z,81.2620188262,81.5494098,80.915170258,81.4403991699,521700
2023-04-11T04:00:00.000Z,81.3610953415,82.2331801467,81.2025392793,81.6782150269,679400
2023-04-12T04:00:00.000Z,81.8367845826,82.034981565,81.1133512314,81.202545166,584200
2023-04-13T04:00:00.000Z,81.2233681509,81.5407628659,80.6381747193,81.1539382935,877600
2023-04-14T04:00:00.000Z,81.1043473002,82.1755573673,81.1043473002,82.1259689331,378300
2023-04-17T04:00:00.000Z,82.175553418,82.9392894276,81.8482379854,82.5921325684,548700
2023-04-18T04:00:00.000Z,82.6119619201,83.1971552742,82.4631815118,82.8202514648,602100
2023-04-19T04:00:00.000Z,82.8301872421,83.4947312771,82.4235212233,82.7310028076,385500
2023-04-20T04:00:00.000Z,82.2251486297,83.7625262127,82.2251486297,83.2566833496,389700
2023-04-21T04:00:00.000Z,83.4947396473,84.9527744389,83.3261253351,84.0799331665,591400
2023-04-24T04:00:00.000Z,84.1691893857,84.3080490965,83.3657856923,84.1394348145,340300
2023-04-25T04:00:00.000Z,84.3675624642,84.5560181814,83.6732638756,83.7922897339,510400
2023-04-26T04:00:00.000Z,83.9906594486,84.456834606,83.7922905833,84.1493530273,691300
2023-04-27T04:00:00.000Z,84.2088775006,84.5064308259,83.4848166978,84.1791229248,465100
2023-04-28T04:00:00.000Z,84.1691972698,84.3675661417,82.9789689038,83.2368469238,489200
2023-05-01T04:00:00.000Z,83.4054495993,84.764299641,83.4054495993,84.6056060791,588500
2023-05-02T04:00:00.000Z,84.317961263,84.5163300962,82.9789527207,83.8121109009,684700
2023-05-03T04:00:00.000Z,83.7724461973,83.7724461973,82.5822179132,82.9888763428,432200
2023-05-04T04:00:00.000Z,82.9293611018,83.2070805098,81.1440112396,81.630027771,386200
2023-05-05T04:00:00.000Z,81.9077488723,82.7111525432,81.7887230233,82.28465271,434400
2023-05-08T04:00:00.000Z,81.5903729451,83.0682416326,81.5903729451,82.7508468628,312300
2023-05-09T04:00:00.000Z,82.7805950139,83.7724545385,82.5723054218,83.2269363403,336000
2023-05-10T04:00:00.000Z,83.2070794565,83.4748857161,82.3540798184,83.1674041748,243400
2023-05-11T04:00:00.000Z,83.3360301497,83.9113104641,83.0384768462,83.7526168823,243800
2023-05-12T04:00:00.000Z,84.0600858185,84.6948752417,83.4848055389,83.7724456787,336900
2023-05-15T04:00:00.000Z,83.8815720642,84.2584760149,82.3441865474,83.0583267212,315900
2023-05-16T04:00:00.000Z,82.810337844,83.4054519609,82.413592577,82.6119689941,437600
2023-05-17T04:00:00.000Z,82.6119739949,82.760754425,81.530843266,82.5921325684,391600
2023-05-18T04:00:00.000Z,82.6516449491,83.6038290573,82.3243295336,82.8797683716,470500
2023-05-19T04:00:00.000Z,83.5740566892,84.3278642181,82.820241593,83.8220214844,557200
2023-05-23T04:00:00.000Z,83.6831742661,83.6831742661,81.3522987904,81.8482284546,558600
2023-05-24T04:00:00.000Z,81.6002724064,82.0565344058,81.1836932598,81.3027191162,337100
2023-05-25T04:00:00.000Z,81.4316637682,82.1160492476,80.8464702932,81.5209350586,469200
2023-05-26T04:00:00.000Z,81.6994838151,83.4253175236,81.2432292746,83.0583267212,483900
2023-05-29T04:00:00.000Z,83.1178142371,83.1178142371,82.3540783213,82.6020431519,129900
2023-05-30T04:00:00.000Z,82.5921396566,83.058314846,81.2630515199,81.3324813843,446500
2023-05-31T04:00:00.000Z,81.2332958468,82.5326293908,80.6976908002,81.9077606201,2808200
2023-06-01T04:00:00.000Z,81.5804419655,83.9013895089,81.3423978099,81.6498718262,547700
2023-06-02T04:00:00.000Z,81.7292127439,82.8599318085,81.649862179,82.8004226685,414900
2023-06-05T04:00:00.000Z,82.850017679,84.1295172626,82.8004292474,83.405456543,439500
2023-06-06T04:00:00.000Z,83.703014254,83.921224533,81.9970148733,82.1854705811,557600
2023-06-07T04:00:00.000Z,84.3080544897,84.7742296488,80.1521609115,82.2549057007,786300
2023-06-08T04:00:00.000Z,82.2648339189,82.7210884062,81.253132935,82.1954040527,829900
2023-06-09T04:00:00.000Z,82.0565345389,82.6020526888,81.2134479638,82.3540878296,579600
2023-06-12T04:00:00.000Z,82.572299859,84.3179746235,82.3243349945,84.0303344727,558300
2023-06-13T04:00:00.000Z,84.3378031312,85.299907955,83.6236631562,83.9311447144,804400
2023-06-14T04:00:00.000Z,83.8815694316,85.607403086,83.8121395595,85.1709899902,519500
2023-06-15T04:00:00.000Z,85.2900023483,86.0239838789,84.9527737266,85.8851165771,556900
2023-06-16T04:00:00.000Z,86.2917713283,87.2935514821,86.1330701855,86.4405517578,2469800
2023-06-19T04:00:00.000Z,86.6389169119,86.9364777582,85.4784432322,86.0041275024,160900
2023-06-20T04:00:00.000Z,85.6470681706,86.6587691203,85.6173135957,86.2025146484,579200
2023-06-21T04:00:00.000Z,86.2620089888,86.7876932342,85.3495002018,85.4189300537,743200
2023-06-22T04:00:00.000Z,85.4784518333,86.0140568703,85.141215669,85.3991012573,342400
2023-06-23T04:00:00.000Z,85.3495084149,86.2124212905,85.0023515548,85.6569824219,473100
2023-06-26T04:00:00.000Z,85.8355263921,87.0654301156,85.3991057684,86.1925964355,725900
2023-06-27T04:00:00.000Z,86.3314497802,87.8291597092,86.1925900588,87.6902999878,417100
2023-06-28T04:00:00.000Z,87.9382708668,88.1167983203,86.4504815497,87.0356750488,329300
2023-06-29T04:00:00.000Z,87.2638017684,87.3927407786,86.3512852811,87.3530654907,568700
2023-06-30T04:00:00.000Z,87.3629902394,89.1880081636,87.3431488109,88.9896392822,881700
2023-07-04T04:00:00.000Z,88.9499572405,89.267351967,87.9878523474,88.325088501,206100
2023-07-05T04:00:00.000Z,88.0969534351,88.8904439985,88.0473574371,88.7317428589,899500
2023-07-06T04:00:00.000Z,89.1198761243,89.2191393427,88.0378941692,88.5342178345,1096300
2023-07-07T04:00:00.000Z,88.0478058847,88.8121484895,86.1121468241,86.4595718384,456800
2023-07-10T04:00:00.000Z,86.5290562574,87.0055302547,85.7250144335,86.5985412598,438300
2023-07-11T04:00:00.000Z,86.5786824843,86.5786824843,84.4941250598,84.9606628418,514200
2023-07-12T04:00:00.000Z,84.8911996426,85.5165723318,84.3849549373,85.3478240967,329500
2023-07-13T04:00:00.000Z,85.4867751867,86.2808883619,85.3676548025,85.9632415771,539600
2023-07-14T04:00:00.000Z,86.1816151961,87.9088189149,86.1121302067,87.7797775269,469600
2023-07-17T04:00:00.000Z,87.740089048,88.0775930481,87.0849458069,87.3033218384,403500
2023-07-18T04:00:00.000Z,87.3231680739,87.6408148483,86.8268445155,87.4522094727,324600
2023-07-19T04:00:00.000Z,87.4522205314,87.849280943,86.7077350997,87.4125137329,412300
2023-07-20T04:00:00.000Z,87.2636278314,87.9088425182,86.9856802257,87.7500228882,264100
2023-07-21T04:00:00.000Z,88.1371533636,88.1371533636,87.5316379138,87.8095779419,309900
2023-07-24T04:00:00.000Z,87.6706077731,88.6434054431,87.6209723796,88.4945068359,357800
2023-07-25T04:00:00.000Z,88.8319980758,89.3283216885,88.3456030559,88.9511184692,332000
2023-07-26T04:00:00.000Z,88.9511286876,88.99083549,87.6805413049,88.7228164673,511000
2023-07-27T04:00:00.000Z,87.7500299026,88.2165753829,86.727604313,86.8764953613,789200
2023-07-28T04:00:00.000Z,87.1544309013,87.4323709174,86.4198664893,86.5092086792,332500
2023-07-31T04:00:00.000Z,86.4000208088,87.2834762888,85.8739189582,86.2213439941,551300
2023-08-01T04:00:00.000Z,85.8739160817,86.4595743265,85.1691374401,85.2187652588,470500
2023-08-02T04:00:00.000Z,85.3279455724,86.4496340922,84.6926520211,84.8216934204,467100
2023-08-03T04:00:00.000Z,84.5338569068,84.7224547645,83.928341382,84.1864242554,344200
2023-08-04T04:00:00.000Z,83.8886309442,85.4272298161,83.749660919,84.9110565186,308200
2023-08-08T04:00:00.000Z,86.0823807123,86.0823807123,83.7000255214,84.9110565186,855300
2023-08-09T04:00:00.000Z,84.8812783093,85.2386319666,84.3750260326,84.9110565186,622500
2023-08-10T04:00:00.000Z,85.2286859189,85.953314106,84.5933923412,84.8911819458,295300
2023-08-11T04:00:00.000Z,84.5338442983,85.3478147486,84.2658252971,84.9706039429,491500
2023-08-14T04:00:00.000Z,85.0202443833,85.61583126,85.0103157896,85.1989212036,377100
2023-08-15T04:00:00.000Z,84.8812573975,85.7448555454,83.5709635013,84.8216934204,550900
2023-08-16T04:00:00.000Z,84.8216898599,86.4297808541,84.77206205,86.1220626831,581900
2023-08-17T04:00:00.000Z,86.1915678571,86.4099514773,85.4272251864,86.2411956787,587900
2023-08-18T04:00:00.000Z,86.290824426,86.4992794365,85.7448654175,85.7448654175,527200
2023-08-21T04:00:00.000Z,85.8838277969,85.8937563889,84.4742706663,84.9507446289,499500
2023-08-22T04:00:00.000Z,85.188976049,85.2286828428,84.2955921209,84.5735321045,355400
2023-08-23T04:00:00.000Z,84.5834670668,85.7746482517,84.5834670668,85.5364074707,370800
2023-08-24T04:00:00.000Z,85.3974458438,85.4073744373,84.6827385775,84.7125167847,461600
2023-08-25T04:00:00.000Z,84.7423098203,85.3378967355,84.2360575344,85.179069519,285100
2023-08-28T04:00:00.000Z,85.2584566814,85.5860320338,84.9011031285,85.1095581055,165700
2023-08-29T04:00:00.000Z,85.1294229189,86.7871418655,84.8117761293,86.6977996826,316700
2023-08-30T04:00:00.000Z,86.8467062881,87.382736715,86.1915630374,86.2312698364,396900
2023-08-31T04:00:00.000Z,86.3702486716,87.2139974106,86.0923086233,86.9658355713,689000
2023-09-01T04:00:00.000Z,87.1941339852,88.1967098648,86.8070021495,87.9187698364,484300
2023-09-05T04:00:00.000Z,87.591189065,88.6235430884,87.4720762449,88.1569976807,372500
2023-09-06T04:00:00.000Z,88.1669331058,88.5342153341,86.7673043474,87.0650939941,574000
2023-09-07T04:00:00.000Z,87.223928003,87.5912026866,86.6581192993,86.8764953613,641000
2023-09-08T04:00:00.000Z,86.8566423135,87.2437741705,86.5886308637,86.9161987305,278200
2023-09-11T04:00:00.000Z,87.1048001241,88.1967106338,86.9062736944,87.9981842041,460900
2023-09-12T04:00:00.000Z,88.0478139188,88.7724497919,87.8294378708,88.7029647827,649500
2023-09-13T04:00:00.000Z,89.7353245622,94.2816513749,89.1000308456,93.9640045166,1936100
2023-09-14T04:00:00.000Z,94.3610563961,95.6912078076,94.2220863704,95.5820159912,1071900
2023-09-15T04:00:00.000Z,95.5720869248,96.1776024223,94.4603267249,94.926864624,2136700
2023-09-18T04:00:00.000Z,94.6092076953,95.6018549529,94.1228126596,95.2643585205,470100
2023-09-19T04:00:00.000Z,94.9367797095,95.3139829275,94.4106778935,94.5099411011,489500
2023-09-20T04:00:00.000Z,94.6687817623,95.2544400715,94.3809131182,94.926864624,323800
2023-09-21T04:00:00.000Z,94.6489208101,95.0162030463,93.3684048536,93.5173034668,532800
2023-09-22T04:00:00.000Z,93.7952416843,93.9441402947,92.6536957694,92.9217147827,495700
2023-09-25T04:00:00.000Z,92.5941425024,93.7952448729,92.4055370847,93.4577484131,547000
2023-09-26T04:00:00.000Z,92.8125219488,93.1698755804,92.0978146857,92.5147247314,541100
2023-09-27T04:00:00.000Z,92.6338351232,92.663613327,91.6312593445,92.1672897339,562000
2023-09-28T04:00:00.000Z,91.9786973355,93.8647210419,91.8595769397,93.7356796265,326000
2023-09-29T04:00:00.000Z,94.1823664818,94.1823664818,92.8125160305,92.8919296265,628200
2023-10-02T04:00:00.000Z,93.1599469869,93.4081088103,92.2467132944,92.5147247314,455500
2023-10-03T04:00:00.000Z,92.3161863503,92.6536827512,91.8992763586,92.2566299438,390600
2023-10-04T04:00:00.000Z,92.8125208486,94.2717135645,92.673550835,92.9018554688,595100
2023-10-05T04:00:00.000Z,93.5982382991,94.3035520609,93.0021992476,93.8167877197,593900
2023-10-06T04:00:00.000Z,93.5485588356,94.4525572723,93.0717306586,93.5286941528,378400
2023-10-10T04:00:00.000Z,94.2240832439,94.9890062574,93.6181080281,94.3929595947,527500
2023-10-11T04:00:00.000Z,94.8697940831,95.9128681491,94.3631574585,95.8433303833,426400
2023-10-12T04:00:00.000Z,96.0022684201,96.5585705339,94.402892264,94.4624938965,583800
2023-10-13T04:00:00.000Z,94.5717708175,94.9591965956,94.1843450393,94.6810455322,597800
2023-10-16T04:00:00.000Z,94.9989182143,95.5353555695,94.7803763991,94.8797149658,613000
2023-10-17T04:00:00.000Z,94.770450946,95.4459638866,94.5419653956,94.8399887085,338000
2023-10-18T04:00:00.000Z,94.4624924834,95.0585391153,93.9956004043,94.1843414307,362800
2023-10-19T04:00:00.000Z,93.9757257456,94.0055265606,92.7637754076,93.3995513916,305900
2023-10-20T04:00:00.000Z,93.4194301293,94.1247439236,93.339956231,93.4889678955,337200
2023-10-23T04:00:00.000Z,93.4690759885,94.9889855521,93.4492113076,94.4128112793,573100
2023-10-24T04:00:00.000Z,94.9691232403,95.2770826689,93.9757223537,94.4326858521,605500
2023-10-25T04:00:00.000Z,94.3730839148,95.7837113501,94.1644706388,95.4260864258,472300
2023-10-26T04:00:00.000Z,95.4260921026,96.3598914138,94.9790647101,95.5751037598,602700
2023-10-27T04:00:00.000Z,95.6148344802,95.7737822586,93.4293555809,93.5286941528,324900
2023-10-30T04:00:00.000Z,94.1446053492,95.2075440699,94.1446053492,94.8896560669,316500
2023-10-31T04:00:00.000Z,95.1578765742,95.4857007021,93.4889626985,94.0750656128,544600
2023-11-01T04:00:00.000Z,94.1346717951,95.3764229252,94.0353332205,95.2770843506,327600
2023-11-02T04:00:00.000Z,95.1876720194,96.8764504838,94.6214338209,95.2572097778,539600
2023-11-03T04:00:00.000Z,95.366496288,95.6148465387,94.4227683668,95.3267593384,428000
2023-11-06T05:00:00.000Z,95.5552526577,96.9559442445,94.9890143432,96.6579284668,367000
2023-11-07T05:00:00.000Z,97.0055978612,97.0055978612,96.0916708666,96.3896865845,496800
2023-11-08T05:00:00.000Z,96.3896824649,97.5519596308,96.2605430839,97.482421875,326800
2023-11-09T05:00:00.000Z,97.6413790662,98.038740957,97.0552685719,97.9294662476,360500
2023-11-10T05:00:00.000Z,97.8003180365,98.3367554455,96.9758010288,98.2175521851,391200
2023-11-13T05:00:00.000Z,98.1480012818,99.439417764,97.949316576,99.0321273804,317700
2023-11-14T05:00:00.000Z,99.5884387074,99.737450356,97.5817722548,98.7142486572,535500
2023-11-15T05:00:00.000Z,99.0420711621,99.6381177922,97.8400569284,98.0685424805,440500
2023-11-16T05:00:00.000Z,98.2870965476,98.5851122977,96.5883817612,96.9459991455,486400
2023-11-17T05:00:00.000Z,97.1347375361,98.0486645334,96.7572479275,97.9195251465,368900
2023-11-20T05:00:00.000Z,97.8499873875,98.3963609071,97.0453350942,97.9195251465,247600
2023-11-21T05:00:00.000Z,98.3466867111,98.8632518317,97.6513091296,97.8102493286,619700
2023-11-22T05:00:00.000Z,98.148014153,98.5652407214,97.6711783756,97.8499908447,243900
2023-11-23T05:00:00.000Z,97.7009830482,98.197683529,97.6314452841,97.7506561279,58000
2023-11-24T05:00:00.000Z,97.800323588,97.9692075149,97.2142206469,97.6016464233,149300
2023-11-27T05:00:00.000Z,97.5917051043,97.631442051,97.0155383258,97.2241516113,298900
2023-11-28T05:00:00.000Z,97.4923523548,98.0387258177,96.9261142109,97.3334121704,386600
2023-11-29T05:00:00.000Z,97.8003143089,97.8003143089,96.3102129782,96.7572479248,433800
2023-11-30T05:00:00.000Z,97.1844235155,98.0983506341,96.0320746955,97.8996734619,1255700
2023-12-01T05:00:00.000Z,97.7109285792,98.873205997,96.9162047019,98.7639312744,595500
2023-12-04T05:00:00.000Z,99.0023372542,99.6579779066,98.7738517126,98.992401123,345000
2023-12-05T05:00:00.000Z,99.191075845,100.7805157291,99.0221995153,99.3698883057,603200
2023-12-06T05:00:00.000Z,100.0553358091,101.1381391083,99.1513373888,99.2904129028,514500
2023-12-07T05:00:00.000Z,99.6083099005,99.9261979013,98.8632591882,99.7672576904,537700
2023-12-08T05:00:00.000Z,100.2838177446,100.2937538757,98.7043139528,98.992401123,416600
2023-12-11T05:00:00.000Z,99.3102855322,99.4592971775,97.6314356476,98.0983352661,558400
2023-12-12T05:00:00.000Z,98.0983310007,98.7341069193,97.0751293685,98.4261550903,667400
2023-12-13T05:00:00.000Z,100.432817161,100.5122910422,96.1115252916,96.3996124268,1003700
2023-12-14T05:00:00.000Z,95.3863607502,96.3598970656,89.4756278278,92.2670822144,1696200
2023-12-15T05:00:00.000Z,91.8299749696,92.584954142,89.3365367691,89.4060745239,2787200
2023-12-18T05:00:00.000Z,90.0418577488,92.7935825099,89.6544320008,92.7240371704,876200
2023-12-19T05:00:00.000Z,92.8233834119,93.657836538,92.0385957839,92.5253601074,887700
2023-12-20T05:00:00.000Z,92.6644428254,93.4293658294,91.6511771537,91.7902526855,861200
2023-12-21T05:00:00.000Z,92.1081249194,92.7339647053,91.6014883808,92.0187149048,590900
2023-12-22T05:00:00.000Z,92.0882553232,93.836642933,92.0882553232,93.5684280396,591700
2023-12-27T05:00:00.000Z,92.952509542,93.8962372399,92.952509542,93.7372970581,645000
2023-12-28T05:00:00.000Z,93.7671164974,94.1942792156,93.5386385197,93.8664550781,179900
2023-12-29T05:00:00.000Z,93.9657932711,94.9095287315,93.7174430308,94.8598556519,295600
2024-01-02T05:00:00.000Z,94.6909856457,95.0982837049,94.2042212643,94.3830337524,472800
2024-01-03T05:00:00.000Z,94.3830288839,94.7406538417,93.9956031095,94.1744155884,377900
2024-01-04T05:00:00.000Z,94.2251118135,94.433881464,93.7777493604,94.0163421631,419300
2024-01-05T05:00:00.000Z,93.7479120223,94.1853308303,93.1713058837,93.7379684448,432100
2024-01-08T05:00:00.000Z,93.8373840963,95.2590123277,93.8373840963,95.1595993042,690200
2024-01-09T05:00:00.000Z,95.1894211993,96.0145636943,94.4040454302,95.8654403687,623100
2024-01-10T05:00:00.000Z,96.4321169237,96.7701227651,95.9946904611,96.5712966919,321400
2024-01-11T05:00:00.000Z,96.7402924741,96.7402924741,95.5174978034,96.6607666016,509300
2024-01-12T05:00:00.000Z,97.028607108,97.9233396471,96.1637053075,96.4321212769,667400
2024-01-15T05:00:00.000Z,96.3426396736,97.6250806358,96.2332830668,97.4859008789,122100
2024-01-16T05:00:00.000Z,97.4859010464,98.5695235382,97.2671878324,98.4601669312,376500
2024-01-17T05:00:00.000Z,98.4502140277,98.7683402403,97.9233181991,98.6192169189,442800
2024-01-18T05:00:00.000Z,98.7782978109,99.5636736686,98.4502279745,99.3250808716,381600
2024-01-19T05:00:00.000Z,99.2554822078,99.6829650724,98.2812238738,98.6291732788,445600
2024-01-22T05:00:00.000Z,98.8180693078,98.9274259252,97.9233367947,98.7882461548,339400
2024-01-23T05:00:00.000Z,98.9771229888,101.1940707785,98.2116342955,101.0648345947,486200
2024-01-24T05:00:00.000Z,100.4086919024,100.4584022095,99.4145464381,99.5537261963,432900
2024-01-25T05:00:00.000Z,99.4145456291,99.9314979291,98.122153502,99.4046020508,462300
2024-01-26T05:00:00.000Z,99.0765384783,99.7525500981,98.5098682945,98.6788787842,248200
2024-01-29T05:00:00.000Z,98.0823921461,99.0467068458,97.2274264662,98.9870605469,492000
2024-01-30T05:00:00.000Z,99.016893379,99.7326793749,98.659000381,99.374786377,277700
2024-01-31T05:00:00.000Z,99.5934927042,99.9513856774,97.9034484524,98.0923309326,780500
2024-02-01T05:00:00.000Z,98.3607350195,99.7525323238,98.3209682987,99.6332397461,352700
2024-02-02T05:00:00.000Z,99.6034323181,100.1005050294,98.9671798544,99.7227249146,309400
2024-02-05T05:00:00.000Z,99.9016789545,99.9116225332,98.2116346421,98.7484741211,281600
2024-02-06T05:00:00.000Z,98.420412976,99.5636819164,98.3408795089,98.9572525024,312000
2024-02-07T05:00:00.000Z,99.3747778019,99.3747778019,98.0227393895,98.2513961792,308700
2024-02-08T05:00:00.000Z,98.9075353959,99.8420346093,97.5654404645,99.59349823,468500
2024-02-09T05:00:00.000Z,100.3987538554,100.6572338141,99.4145519151,100.1104507446,604700
2024-02-12T05:00:00.000Z,100.0309287823,101.1543105324,100.0110416237,100.3689346313,641500
2024-02-13T05:00:00.000Z,100.0309193565,100.9455313634,98.3508110946,99.5537261963,646400
2024-02-14T05:00:00.000Z,99.6332538211,102.2677406644,99.4244841959,102.227973938,338500
2024-02-15T05:00:00.000Z,102.6455153661,103.3513577093,101.402833582,102.1583862305,389400
2024-02-16T05:00:00.000Z,102.1683379331,103.1923142518,101.6613291482,102.7350006104,556900
2024-02-20T05:00:00.000Z,102.9835198998,104.1367322218,102.9835198998,103.8086624146,487800
2024-02-21T05:00:00.000Z,103.7390787466,104.5542777323,102.6653998138,103.5402526855,233300
2024-02-22T05:00:00.000Z,103.967732223,104.7729876045,103.7390754339,104.3455047607,279800
2024-02-23T05:00:00.000Z,104.4747271433,105.180576989,103.4805818318,105.0712203979,464400
2024-02-26T05:00:00.000Z,104.703399199,105.3694748346,103.758964049,104.6139297485,513400
2024-02-27T05:00:00.000Z,104.2560407832,105.9659646633,103.0829487958,105.8466720581,265100
2024-02-28T05:00:00.000Z,105.7174222104,106.8706345588,105.0712337436,106.6022186279,401200
2024-02-29T05:00:00.000Z,106.5326242286,107.1589330973,104.2659663556,104.3653869629,1071100
2024-03-01T05:00:00.000Z,104.4349805983,104.5443372025,102.7250492428,103.6496047974,522100
2024-03-04T05:00:00.000Z,102.9735795128,103.9577813079,101.7607209447,102.0589675903,464300
2024-03-05T05:00:00.000Z,102.0192039595,102.4367432083,101.1642383064,102.1683197021,683500
2024-03-06T05:00:00.000Z,102.297584674,104.3355786214,102.297584674,104.275932312,625800
2024-03-07T05:00:00.000Z,104.6139378175,104.7232868482,102.1484535573,102.2975769043,423100
2024-03-08T05:00:00.000Z,101.8501981543,102.8344076092,101.2040096807,102.0887985229,456900
2024-03-11T04:00:00.000Z,101.9098622068,103.0531311035,101.6414386615,103.0531311035,250500
2024-03-12T04:00:00.000Z,103.6396622541,104.574161396,103.0332329281,104.3156814575,424500
2024-03-13T04:00:00.000Z,104.2262047304,104.623864425,103.6893728651,104.375328064,436600
2024-03-14T04:00:00.000Z,104.7630494608,104.7630494608,103.0531255817,103.9279708862,354600
2024-03-15T04:00:00.000Z,103.9379109904,105.1805928168,102.9934682516,104.7033996582,1784100
2024-03-18T04:00:00.000Z,104.693456481,105.3495961285,104.077091147,104.3057403564,372300
2024-03-19T04:00:00.000Z,104.5840941011,105.4788264871,104.0472622543,105.1209335327,264300
2024-03-20T04:00:00.000Z,105.5086515829,105.8267778166,104.0373205964,104.5343933105,247100
2024-03-21T04:00:00.000Z,104.1466857524,104.8823513061,103.1425966636,103.2817764282,384600
2024-03-22T04:00:00.000Z,103.4308988768,103.4308988768,100.6572320177,100.7268218994,520200
2024-03-25T04:00:00.000Z,100.7268227016,101.6812014804,100.1701036435,100.8759460449,357200
2024-03-26T04:00:00.000Z,101.402837646,102.9338225756,100.4683384798,102.4466934204,597700
2024-03-27T04:00:00.000Z,103.3911269377,104.126792448,103.1227110032,104.037322998,382800
2024-03-28T04:00:00.000Z,103.858389214,104.7332345876,102.3969940083,102.5858840942,414600
2024-04-01T04:00:00.000Z,102.5958176845,103.2519573879,101.1940764036,101.6513824463,379100
2024-04-02T04:00:00.000Z,101.6215517667,101.6513749175,99.7127942732,101.1940689087,515100
2024-04-03T04:00:00.000Z,100.9554581232,101.0747507048,99.7326560684,99.7724227905,513300
2024-04-04T04:00:00.000Z,104.3852748749,110.280557845,103.3712498277,109.7238388062,1553700
2024-04-05T04:00:00.000Z,110.7975117325,114.1378411828,108.7495744519,113.8296585083,887700
2024-04-08T04:00:00.000Z,113.5711702159,113.9986530482,110.8670934705,110.8770370483,560300
2024-04-09T04:00:00.000Z,111.2349370031,111.2349370031,108.6799834263,109.3261795044,671900
2024-04-10T04:00:00.000Z,107.1688671903,111.612690344,107.1688671903,110.9863815308,592100
2024-04-11T04:00:00.000Z,110.6086336501,113.1834669288,110.5788104978,112.288734436,699700
2024-04-12T04:00:00.000Z,112.2887296921,112.8156331712,111.1057017205,111.3940048218,396100
2024-04-15T04:00:00.000Z,111.891072766,112.8951542035,111.354233316,111.9308319092,355600
2024-04-16T04:00:00.000Z,112.1495629121,112.1495629121,110.4495748431,110.946647644,497800
2024-04-17T04:00:00.000Z,110.986393711,113.0045076933,110.6881470521,112.765914917,567600
2024-04-18T04:00:00.000Z,112.757967867,113.4842789361,111.1759894557,112.3599853516,452400
2024-04-19T04:00:00.000Z,112.0316339412,112.9270925812,111.6237074219,112.2306289673,355100
2024-04-22T04:00:00.000Z,112.4694241315,113.8126084002,112.2306376726,113.4444732666,838800
2024-04-23T04:00:00.000Z,113.6036673743,114.6483704494,112.797758345,113.0365447998,763500
2024-04-24T04:00:00.000Z,112.8873058785,115.414486053,112.8674101692,114.986656189,598200
2024-04-25T04:00:00.000Z,114.4095749968,116.4890294718,113.9518978011,116.4094314575,424400
2024-04-26T04:00:00.000Z,116.1209020209,116.5885308969,114.7876693529,115.0364074707,696500
2024-04-29T04:00:00.000Z,114.9468615404,115.8224246019,114.5190316602,115.7229232788,622100
2024-04-30T04:00:00.000Z,115.6134815137,115.6134815137,113.9917116146,114.260345459,468600
2024-05-01T04:00:00.000Z,113.971810767,115.6930743238,113.0067056371,114.5886764526,258400
2024-05-02T04:00:00.000Z,114.5886700321,115.6035257659,113.4544248643,114.6881637573,429900
2024-05-03T04:00:00.000Z,115.364739906,116.7377792209,114.9667649767,116.1109542847,259900
2024-05-06T04:00:00.000Z,116.6581769586,117.3148492316,116.0612069955,117.2650985718,259300
2024-05-07T04:00:00.000Z,117.4939290798,118.2998457118,117.2053995545,118.1605529785,367300
2024-05-08T04:00:00.000Z,118.4988435518,119.6032414557,118.1207643271,119.2649612427,398700
2024-05-09T04:00:00.000Z,119.5733847918,120.2002020975,117.543680899,118.1307067871,688200
2024-05-10T04:00:00.000Z,118.5286950898,118.996324005,117.424297147,117.7227859497,368600
2024-05-13T04:00:00.000Z,117.8123241298,119.9216184814,117.8023724798,119.7823257446,381100
2024-05-14T04:00:00.000Z,119.7823316232,120.3693575492,118.6480863733,119.7624359131,466800
2024-05-15T04:00:00.000Z,119.812182252,121.2847153414,119.3545049975,120.7872390747,579100
2024-05-16T04:00:00.000Z,121.3842105224,122.7970413148,121.2747651351,121.6627960205,452300
2024-05-17T04:00:00.000Z,121.5831870635,122.3592563554,121.0956624856,122.1403656006,311700
2024-05-21T04:00:00.000Z,121.3841936225,123.4337931513,121.3145472577,123.1452560425,630700
2024-05-22T04:00:00.000Z,123.433791082,125.1351587581,123.0756076143,123.722328186,477100
2024-05-23T04:00:00.000Z,123.7322814509,124.9759719548,123.1552072354,123.3542022705,490200
2024-05-24T04:00:00.000Z,123.4636507177,124.7172929793,123.2348158962,123.6029510498,334300
2024-05-27T04:00:00.000Z,123.7621382563,124.3690598758,123.3442600369,123.5034484863,101200
2024-05-28T04:00:00.000Z,123.1751206365,123.2945100765,121.3742514775,122.1801681519,546700
2024-05-29T04:00:00.000Z,121.5632849217,123.2348052626,121.5632849217,122.1105117798,1103100
2024-05-30T04:00:00.000Z,122.0408658546,123.5034395162,122.0408658546,123.1452560425,585300
2024-05-31T04:00:00.000Z,123.6228524142,128.5080730023,122.6179482288,128.3488769531,1705700
2024-06-03T04:00:00.000Z,126.9459927456,127.1051887979,124.2994228988,125.1550827026,682300
2024-06-04T04:00:00.000Z,125.1550679322,126.7668936125,124.8068360975,126.3191604614,462300
2024-06-05T04:00:00.000Z,126.7668822552,127.6523892373,126.1102100621,127.1350097656,515500
2024-06-06T04:00:00.000Z,126.3888085018,127.4733030286,125.6127468054,126.0803756714,328000
2024-06-07T04:00:00.000Z,125.901273583,126.63753621,124.8665222091,126.4783477783,634000
2024-06-10T04:00:00.000Z,126.3490083231,126.7370391677,125.8117330942,126.1102218628,954200
2024-06-11T04:00:00.000Z,126.6077142661,126.6276099774,124.8665472722,125.0456390381,636600
2024-06-12T04:00:00.000Z,125.2645257896,126.5878144842,119.1455661756,119.9315795898,1017900
2024-06-13T04:00:00.000Z,121.2847006917,122.767177662,120.4688400165,120.9663162231,658300
2024-06-14T04:00:00.000Z,120.7573907619,123.5731006402,119.2749060333,123.2248687744,627400
2024-06-17T04:00:00.000Z,122.5283953989,124.9560742084,121.9513211577,122.4289016724,597300
2024-06-18T04:00:00.000Z,122.0906183671,124.597902877,120.9862205029,123.4238586426,905100
2024-06-19T04:00:00.000Z,122.9860792419,123.5730975738,122.2597605762,122.846786499,531300
2024-06-20T04:00:00.000Z,122.856727217,123.4138981388,121.324499591,122.080657959,1292900
2024-06-21T04:00:00.000Z,122.070720887,124.7272421582,121.8816774888,123.4039535522,3317600
2024-06-24T04:00:00.000Z,123.513384106,125.7918258981,123.1850480087,125.4236907959,1093600
2024-06-25T04:00:00.000Z,125.3242101047,125.3242101047,122.8368289715,122.8666763306,613100
2024-06-26T04:00:00.000Z,122.8965146589,123.005960028,120.7374698158,122.3791427612,691000
2024-06-27T04:00:00.000Z,122.5383504602,125.5530552448,122.3692027704,125.2147674561,604700
2024-06-28T04:00:00.000Z,125.5232010238,125.8415854947,123.5830392491,124.279510498,773600
2024-07-02T04:00:00.000Z,124.2297690898,126.3490151707,123.7621402028,125.5431060791,521800
2024-07-03T04:00:00.000Z,125.3839138279,127.4633685518,124.9660355893,126.3589706421,516300
2024-07-04T04:00:00.000Z,127.3539185638,127.5131146057,126.5679051868,126.7370452881,561500
2024-07-05T04:00:00.000Z,127.4161027965,127.7247585784,126.0321198049,126.5498657227,552600
2024-07-08T04:00:00.000Z,126.5199723723,128.4117496694,126.5199723723,128.2026519775,672600
2024-07-09T04:00:00.000Z,127.9139232519,129.8355620209,127.6749566142,129.5070037842,835500
2024-07-10T04:00:00.000Z,129.7758421963,130.602251508,129.2481374251,129.5567932129,754400
2024-07-11T04:00:00.000Z,129.5567974015,129.9351575111,127.8143719176,128.8697814941,693800
2024-07-12T04:00:00.000Z,128.7004868361,129.3576336428,128.0632577124,128.5113220215,722300
2024-07-15T04:00:00.000Z,128.4814852761,129.616550546,128.2923203918,128.3221893311,216800
2024-07-16T04:00:00.000Z,128.2225724772,128.9295059155,126.4901062222,128.2524414062,591700
2024-07-17T04:00:00.000Z,127.6948716964,128.093134225,126.8684625165,127.5355606079,430800
2024-07-18T04:00:00.000Z,127.7147851913,127.7147851913,125.2455165747,125.7533111572,840700
2024-07-19T04:00:00.000Z,125.5044067138,126.8186929061,125.5044067138,126.4005050659,253200
2024-07-22T04:00:00.000Z,126.7589626889,129.1585351509,126.7589626889,128.9295349121,319000
2024-07-23T04:00:00.000Z,129.1883903662,131.6576516853,128.4018164853,131.2394714355,428100
2024-07-24T04:00:00.000Z,130.841180502,131.1697538826,130.0944269624,130.1939849854,301700
2024-07-25T04:00:00.000Z,129.9351509112,129.9550685983,127.8741032939,129.0788726807,386100
2024-07-26T04:00:00.000Z,129.2680414144,130.4230240788,129.1784346196,130.3433685303,527700
2024-07-29T04:00:00.000Z,130.1641462768,130.6619820855,128.9992123077,130.1342773438,302400
2024-07-30T04:00:00.000Z,130.1043965652,130.9606746859,129.6364297323,130.303527832,548500
2024-07-31T04:00:00.000Z,130.8910090327,130.8910090327,128.7901411274,128.8697814941,490900
2024-08-01T04:00:00.000Z,129.9052478786,129.9052478786,126.9779715519,129.3974609375,617400
2024-08-02T04:00:00.000Z,127.9836148544,129.6862198964,127.3065654902,129.0091705322,503800
2024-08-06T04:00:00.000Z,126.4502827483,128.6009368728,125.5840457932,127.6251678467,928200
2024-08-07T04:00:00.000Z,127.2966037253,127.435997132,124.9667359889,124.9966049194,762600
2024-08-08T04:00:00.000Z,125.4745291815,126.3208561017,124.8970454383,125.7035369873,525600
2024-08-09T04:00:00.000Z,125.5641476605,126.659384915,125.1360085632,126.5100326538,883400
2024-08-12T04:00:00.000Z,126.4104537499,128.6805911692,125.5442168032,128.3619689941,465800
2024-08-13T04:00:00.000Z,128.760256895,129.9550597606,128.1528966193,129.8455352783,625800
2024-08-14T04:00:00.000Z,129.5866431254,131.5182483181,129.417380789,131.279296875,520700
2024-08-15T04:00:00.000Z,131.9264820652,134.4554811498,131.6277775578,134.1866607666,358100
2024-08-16T04:00:00.000Z,133.8680202755,135.202216341,133.1511356329,135.0528717041,411000
2024-08-19T04:00:00.000Z,134.2961920821,135.4013881807,133.8481277019,134.0373077393,536800
2024-08-20T04:00:00.000Z,134.1468198157,134.2961796596,131.8966076469,132.6234436035,318300
2024-08-21T04:00:00.000Z,132.6234426602,134.1667365458,132.2550490616,133.4199829102,333800
2024-08-22T04:00:00.000Z,134.2463848698,134.266302553,133.230795726,133.5095825195,243300
2024-08-23T04:00:00.000Z,133.7186833169,135.0827483881,133.4797166914,134.5948638916,378900
2024-08-26T04:00:00.000Z,134.415662708,135.6005143138,134.415662708,135.5208587646,252200
2024-08-27T04:00:00.000Z,133.917816781,136.8849135977,133.917816781,136.4766998291,551800
2024-08-28T04:00:00.000Z,136.3671797202,137.1238846152,135.1126238664,135.8494262695,383500
2024-08-29T04:00:00.000Z,135.5109178122,136.3970649741,133.0316899312,133.5295257568,425100
2024-08-30T04:00:00.000Z,133.6390195421,136.1182468535,133.2706259774,135.9091491699,999700
2024-09-03T04:00:00.000Z,135.6204348304,135.6204348304,132.0559286922,132.5836334229,323500
2024-09-04T04:00:00.000Z,132.225179241,133.7585066778,130.9308032426,133.2407684326,609300
2024-09-05T04:00:00.000Z,132.8823299155,133.3801656837,129.5667418766,130.0546112061,693000
2024-09-06T04:00:00.000Z,130.034706813,131.4883787267,127.5952994306,127.7147903442,727300
2024-09-09T04:00:00.000Z,128.4914050879,129.6165035078,127.5355538005,127.6849136353,779900
2024-09-10T04:00:00.000Z,127.5654433226,127.9438034006,124.4489938811,124.737739563,1184500
2024-09-11T04:00:00.000Z,128.5411988184,135.2022284998,127.8243141113,134.943359375,1177100
2024-09-12T04:00:00.000Z,133.290559201,136.1680496677,132.9918698595,134.5650177002,814800
2024-09-13T04:00:00.000Z,133.9178569448,134.7840865482,132.494053565,132.9022674561,854600
2024-09-16T04:00:00.000Z,132.862416819,136.4070051797,132.7728100239,135.889251709,1088500
2024-09-17T04:00:00.000Z,135.8892528129,135.9987772943,133.04163149,134.1169586182,640900
2024-09-18T04:00:00.000Z,134.1269160142,135.7100300715,133.5792936443,133.8481140137,711400
2024-09-19T04:00:00.000Z,134.9134942197,135.3117567602,133.6987737206,134.6844940186,749500
2024-09-20T04:00:00.000Z,134.9135126051,135.5109216901,133.3602672156,134.7940368652,1606100
2024-09-23T04:00:00.000Z,134.7541995541,135.9589689541,133.9178390014,134.9234619141,461100
2024-09-24T04:00:00.000Z,135.5606714607,135.8593759554,134.5351310098,135.5507202148,419400
2024-09-25T04:00:00.000Z,135.4909804531,136.7654387663,134.6745225251,136.1680297852,657800
2024-09-26T04:00:00.000Z,135.0728193854,137.372818461,134.9135082755,136.4568023682,726400
2024-09-27T04:00:00.000Z,136.4567759057,137.7013652241,136.2277757251,136.2576446533,672700
2024-09-30T04:00:00.000Z,135.6602568332,138.2788780286,135.6602568332,137.9403381348,535800
2024-10-01T04:00:00.000Z,137.3927264667,137.8507268845,134.8537609052,136.0684814453,1260900
2024-10-02T04:00:00.000Z,134.9135151674,139.1550711343,134.9135151674,137.342956543,484600
2024-10-03T04:00:00.000Z,137.0740929168,138.3087310402,136.0087323172,137.3329620361,452200
2024-10-04T04:00:00.000Z,137.6936366717,138.5604593581,136.7471204813,137.4744415283,453400
2024-10-07T04:00:00.000Z,137.4744654291,138.4708016349,136.3187269844,137.1656036377,652600
2024-10-08T04:00:00.000Z,136.7471097846,138.4109890047,136.7172209222,138.2017669678,451700
2024-10-09T04:00:00.000Z,137.584048542,139.3973875432,137.584048542,139.3276367188,435000
2024-10-10T04:00:00.000Z,139.198117827,140.3438982165,138.87928299,139.6165771484,414800
2024-10-11T04:00:00.000Z,140.3040584164,144.090123475,140.3040584164,143.5022888184,639800
2024-10-15T04:00:00.000Z,143.1236583914,144.8273996177,142.8745743947,143.7214660645,829200
2024-10-16T04:00:00.000Z,143.5720235368,143.8111344467,142.0974353122,143.0539245605,616700
2024-10-17T04:00:00.000Z,143.3827340371,144.568376447,143.3727609461,143.9008178711,345700
2024-10-18T04:00:00.000Z,143.9904911307,144.5982567332,143.5620587209,144.2096862793,267000
2024-10-21T04:00:00.000Z,143.8709265175,145.0167221523,141.8682964329,142.5059509277,418200
2024-10-22T04:00:00.000Z,142.4760462235,142.7251302203,140.642791655,142.20703125,373800
2024-10-23T04:00:00.000Z,142.207035242,142.8546627739,141.4996451846,142.6852874756,246100
2024-10-24T04:00:00.000Z,140.931732588,143.0738642379,140.8918858349,142.7948913574,354700
2024-10-25T04:00:00.000Z,142.7450622533,143.2531881377,140.7723060373,141.1409606934,385100
2024-10-28T04:00:00.000Z,141.1708833954,143.2731534568,140.5830486662,143.1336669922,708500
2024-10-29T04:00:00.000Z,142.6852840098,144.3690790648,142.4760467624,144.0701904297,481200
2024-10-30T04:00:00.000Z,143.1436048115,144.8274152429,142.1970885627,143.8709259033,388800
2024-10-31T04:00:00.000Z,143.781269319,144.6580500078,143.3030322173,144.3591461182,606500
2024-11-01T04:00:00.000Z,144.4687464617,149.0718147599,143.9705783705,145.9532928467,509700
2024-11-04T05:00:00.000Z,146.5710132963,149.4803130629,146.4614157104,149.4504241943,685100
2024-11-05T05:00:00.000Z,148.6932224644,149.0120421482,147.1090363255,148.9423065186,451900
2024-11-06T05:00:00.000Z,151.8615469555,151.8615469555,146.1326143648,147.9459533691,614000
2024-11-07T05:00:00.000Z,147.7267446408,149.4802905475,146.7005197654,148.8426361084,447000
2024-11-08T05:00:00.000Z,148.8625610227,150.5264402694,147.6171410594,150.4467315674,574700
2024-11-11T05:00:00.000Z,150.5563593304,152.4095452157,147.7765881041,148.4839782715,471600
2024-11-12T05:00:00.000Z,149.071818242,149.071818242,147.0193680906,147.9957733154,627100
2024-11-13T05:00:00.000Z,147.9160597298,147.9160597298,146.2222762475,147.0193481445,540600
2024-11-14T05:00:00.000Z,146.6307858395,148.4441248862,145.5647140902,146.4614105225,664200
2024-11-15T05:00:00.000Z,145.7141422339,147.6769254002,145.2657940676,147.5274810791,702300
2024-11-18T05:00:00.000Z,147.06916409,149.1515027737,147.06916409,148.2049865723,377300
2024-11-19T05:00:00.000Z,147.0791219774,148.7828633022,146.7802333265,148.2049865723,407700
2024-11-20T05:00:00.000Z,148.0654972223,148.1153170641,143.063886122,143.3827209473,781200
2024-11-21T05:00:00.000Z,143.3627982918,146.7901968478,142.7450747856,146.3019866943,884900
2024-11-22T05:00:00.000Z,146.2422034508,147.2983172259,144.249531361,144.976852417,610900
2024-11-25T05:00:00.000Z,144.5783285864,145.8735685257,142.1472661286,142.4262390137,1958100
2024-11-26T05:00:00.000Z,143.0738529099,143.8808826218,141.2306252644,143.2731170654,655200
2024-11-27T05:00:00.000Z,143.4723903347,145.0366452211,142.8646247397,143.2631530762,506100
2024-11-28T05:00:00.000Z,143.9506231326,145.0167099656,143.6218304234,144.2495269775,152500
2024-11-29T05:00:00.000Z,143.5321567427,145.8735523426,143.5321567427,145.3056335449,553700
2024-12-02T05:00:00.000Z,146.4115849257,147.5474074566,145.9632367272,146.6507110596,690300
2024-12-03T05:00:00.000Z,147.5673584896,149.3607667303,146.9695506751,147.6271362305,707300
2024-12-04T05:00:00.000Z,144.2893996359,145.6743061908,137.3150470163,140.0449981689,1769500
2024-12-05T05:00:00.000Z,137.992583839,140.9517040011,137.594055382,139.7062835693,903000
2024-12-06T05:00:00.000Z,140.2841148311,143.4225672168,139.9852109841,141.5195617676,798500
2024-12-09T05:00:00.000Z,141.2904144342,142.3066814736,139.5169374611,139.6165771484,1036600
2024-12-10T05:00:00.000Z,139.4870823828,142.0476739782,139.4671513999,141.7089080811,664700
2024-12-11T05:00:00.000Z,141.220683159,142.3764214716,140.4036802661,142.0077819824,702100
2024-12-12T05:00:00.000Z,141.7686356849,141.7686356849,139.7560480113,141.0313568115,1011300
2024-12-13T05:00:00.000Z,141.0313817127,142.5458168814,140.6727000991,141.3203125,719300
2024-12-16T05:00:00.000Z,140.6128986592,142.0476248716,140.2542171061,141.6291503906,686400
2024-12-17T05:00:00.000Z,141.4398889451,142.7650026685,140.254246474,141.1310119629,968800
2024-12-18T05:00:00.000Z,140.7225168071,141.3103514598,137.8231750957,137.8630218506,974600
2024-12-19T05:00:00.000Z,137.8032416703,139.287787912,136.5976835194,138.181854248,857600
2024-12-20T05:00:00.000Z,138.1121000163,139.1383249437,137.514307501,138.0025024414,1791600
2024-12-23T05:00:00.000Z,138.022442367,139.9154749259,138.022442367,139.6066131592,465600
2024-12-24T05:00:00.000Z,139.5368651659,141.1509246826,139.4770874361,141.1509246826,188700
2024-12-27T05:00:00.000Z,140.772318655,141.5793636536,139.5767183944,139.6962890625,433600
2024-12-31T05:00:00.000Z,139.6364931754,140.1645500726,138.8693253528,139.7660217285,319700
2025-01-02T05:00:00.000Z,140.2940907324,140.4535081649,139.0287395661,139.6863250732,745700
2025-01-03T05:00:00.000Z,139.7859676853,141.3900695271,139.7859676853,141.3800964355,251200
2025-01-06T05:00:00.000Z,141.8981873366,141.8981873366,138.2515935156,138.5106506348,484700
2025-01-07T05:00:00.000Z,138.4907139538,139.8258006411,138.1419902476,138.7497558594,755900
2025-01-08T05:00:00.000Z,138.4907199996,139.0685967707,137.8231766268,138.7099151611,679300
2025-01-09T05:00:00.000Z,138.3910896775,139.7062607359,138.3910896775,138.8494110107,252200
2025-01-10T05:00:00.000Z,138.20333223,138.8812962021,136.5084451192,136.6879119873,591300
2025-01-13T05:00:00.000Z,136.5882205747,136.6879260909,133.6371107211,135.3918304443,983300
2025-01-14T05:00:00.000Z,134.9930098519,136.6779324997,134.9930098519,135.6909179688,686300
2025-01-15T05:00:00.000Z,136.588213239,136.588213239,133.5772863226,133.8963317871,768000
2025-01-16T05:00:00.000Z,133.9262596985,134.7039141142,132.3011539569,132.4905853271,1107300
2025-01-17T05:00:00.000Z,132.9192800528,133.5374116166,132.6799959573,132.9392089844,719400
2025-01-20T05:00:00.000Z,133.0987503158,134.1655416093,132.9791158578,133.8564605713,184100
2025-01-21T05:00:00.000Z,134.27516382,137.6749174973,133.0987180339,137.5453186035,957700
2025-01-22T05:00:00.000Z,137.5752481035,139.9281552458,137.2562026272,138.0837097168,670000
2025-01-23T05:00:00.000Z,137.605141287,140.6858496589,137.605141287,140.4066925049,684900
2025-01-24T05:00:00.000Z,140.2770758528,141.4934099501,139.9081928802,141.1245269775,598900
2025-01-27T05:00:00.000Z,140.1275510767,141.9121641694,140.0776983194,140.7257385254,469500
2025-01-28T05:00:00.000Z,140.5163805795,141.1644207963,139.1903763208,140.6759033203,568500
2025-01-29T05:00:00.000Z,140.5163925026,141.2541586189,139.5393422549,140.087677002,411500
2025-01-30T05:00:00.000Z,139.788575897,140.0876620132,138.3927747652,139.0906677246,994500
2025-01-31T05:00:00.000Z,139.0707384189,140.2571488403,136.1694813958,137.1166229248,946000
2025-02-03T05:00:00.000Z,132.3410207719,137.9042504515,131.9721225587,137.2561950684,1334600
2025-02-04T05:00:00.000Z,137.8145131762,140.6260443095,137.5054473877,137.5054473877,678900
2025-02-05T05:00:00.000Z,138.0936789413,139.4196832235,137.6550142157,138.9710388184,429700
2025-02-06T05:00:00.000Z,138.6021673815,140.0777148513,137.5054674434,139.7088317871,511900
2025-02-07T05:00:00.000Z,139.6689244143,140.2172743085,138.7217828951,139.1305541992,309600
2025-02-10T05:00:00.000Z,139.0408303859,140.4565604523,138.0737447075,140.0776977539,752200
2025-02-11T05:00:00.000Z,139.7187920141,140.1275633616,138.9610817608,139.1405334473,698300
2025-02-12T05:00:00.000Z,138.3927754464,139.1006480884,137.0069539869,137.754699707,938400
2025-02-13T05:00:00.000Z,137.8843018582,140.2770818697,137.2860992489,139.6689147949,569800
2025-02-14T05:00:00.000Z,139.4695165079,140.5861451316,138.2731265235,139.0607452393,518700
2025-02-18T05:00:00.000Z,138.502441162,139.6190698682,137.7546954649,139.4994354248,776400
2025-02-19T05:00:00.000Z,138.6420191907,143.5173205076,138.2731361831,143.1484375,1235800
2025-02-20T05:00:00.000Z,142.669891008,143.7366670027,141.4535567399,143.3378753662,772800
2025-02-21T05:00:00.000Z,143.4275932065,143.4475373511,141.7725791028,142.8493347168,502500
2025-02-24T05:00:00.000Z,142.5402850825,148.4026167964,142.5402850825,146.7874755859,951500
2025-02-25T05:00:00.000Z,145.1723336802,148.6319049526,145.0826078486,147.1364135742,752700
2025-02-26T05:00:00.000Z,147.0466823887,150.0276853582,146.2091956855,149.5690765381,718500
2025-02-27T05:00:00.000Z,149.549160547,150.9250176922,148.7515619815,148.9609375,1144000
2025-02-28T05:00:00.000Z,148.8811716475,150.3966073551,147.2959542444,150.376663208,1039200
2025-03-03T05:00:00.000Z,149.5491262254,150.8252775521,148.3527362581,149.0406646729,586300
2025-03-04T05:00:00.000Z,147.8941383017,149.9778528432,147.6548693939,148.4723968506,675800
2025-03-05T05:00:00.000Z,148.233103396,150.3965943877,147.3358146222,150.3267974854,566400
2025-03-06T05:00:00.000Z,149.9180198566,153.1981394442,149.2101624614,152.7794036865,783600
2025-03-07T05:00:00.000Z,152.6099255604,155.780360148,152.3207886928,154.5640258789,930400
2025-03-10T04:00:00.000Z,153.6268456007,154.9827584357,151.5431311978,152.3207855225,761200
2025-03-11T04:00:00.000Z,151.6727319585,152.6298378678,149.0705764975,150.6258850098,1579700
2025-03-12T04:00:00.000Z,150.6857171581,151.0645798584,148.1633228084,148.9808502197,949300
2025-03-13T04:00:00.000Z,149.5391631048,149.5391631048,146.7874494212,147.3557434082,847700
2025-03-14T04:00:00.000Z,148.3028914226,149.7784386205,147.0167755621,149.5291900635,462700
2025-03-17T04:00:00.000Z,149.6189441383,150.526197403,148.6319142899,149.9080657959,686100
2025-03-18T04:00:00.000Z,149.8582171449,150.7255973545,148.4225428581,149.4893341064,547400
2025-03-19T04:00:00.000Z,150.5361532325,151.0944675263,148.9808295688,150.7554931641,453100
2025-03-20T04:00:00.000Z,151.2041545416,151.543128942,150.3367591824,150.3866119385,359200
2025-03-21T04:00:00.000Z,150.2470370772,150.2470370772,147.4554500112,147.9938354492,1574300
2025-03-24T04:00:00.000Z,148.2430637931,148.9908094116,147.9140538954,148.4324951172,605100
2025-03-25T04:00:00.000Z,149.3397635385,151.3935844933,147.614967728,150.416519165,645600
2025-03-26T04:00:00.000Z,150.1971597471,151.9020264048,147.2660097809,147.5252227783,551700
2025-03-27T04:00:00.000Z,147.555158074,150.3666893341,146.8074123405,149.5890197754,917800
2025-03-28T04:00:00.000Z,151.9818159927,152.2510087177,149.7485432478,151.2240905762,665500
2025-03-31T04:00:00.000Z,150.3367716186,153.8561756764,150.3367716186,153.4174957275,1154800
2025-04-01T04:00:00.000Z,152.7993428885,155.4712955573,152.3307543445,153.547088623,467400
2025-04-02T04:00:00.000Z,155.4214563483,158.9209012143,153.7863861414,158.8610839844,1243200
2025-04-03T04:00:00.000Z,161.0145825183,173.696351473,158.5819139459,159.4692382812,2377500
2025-04-04T04:00:00.000Z,156.48823309,161.8620317952,151.7026573748,153.5670318604,1197600
2025-04-07T04:00:00.000Z,148.0337276319,154.534135528,147.4056314904,150.5461578369,1077500
2025-04-08T04:00:00.000Z,152.1513099985,152.9887816104,147.963936726,149.4295196533,811100
2025-04-09T04:00:00.000Z,146.6080199774,153.0286659277,146.5581672181,151.4932861328,807900
2025-04-10T04:00:00.000Z,151.1543027692,155.949842802,150.5461356525,154.9927368164,1013200
2025-04-11T04:00:00.000Z,153.9757991803,161.3934390644,153.9359108898,161.2538604736,1201700
2025-04-14T04:00:00.000Z,162.0414924781,168.0334231185,162.0016193973,166.906829834,1611700
2025-04-15T04:00:00.000Z,166.7772171646,169.0403986464,164.892898412,167.8639373779,628400
2025-04-16T04:00:00.000Z,168.4920230335,169.4890172526,166.5678314928,169.0802459717,728500
2025-04-17T04:00:00.000Z,169.3855027788,170.3931063993,167.3802966796,167.4002532959,772100
2025-04-21T04:00:00.000Z,167.4002567219,168.9764945486,166.7218687555,167.5997772217,510600
2025-04-22T04:00:00.000Z,168.7769781233,172.1389605806,168.0587072863,171.7997741699,528100
2025-04-23T04:00:00.000Z,173.5855157204,174.3337291502,171.3807734493,171.4406433105,757600
2025-04-24T04:00:00.000Z,171.1114085967,171.7099701407,168.597407489,171.4007110596,900500
2025-04-25T04:00:00.000Z,170.4430062368,171.0914517141,169.3057225603,170.5826721191,447300
2025-04-28T04:00:00.000Z,170.6824336363,171.1313586226,168.9266317073,170.4330291748,539200
2025-04-29T04:00:00.000Z,170.3631865861,172.0890610228,170.0638982181,171.9593658447,361800
2025-04-30T04:00:00.000Z,171.5902614303,172.1688815804,168.6173646515,169.6947937012,1103100
2025-05-01T04:00:00.000Z,170.0838676206,170.7223424165,168.3180798168,169.325668335,407200
2025-05-02T04:00:00.000Z,169.5750695229,170.4230507426,168.09859944,169.5351715088,524300
2025-05-05T04:00:00.000Z,169.605002355,171.8097444644,169.3955111346,170.5726928711,450700
2025-05-06T04:00:00.000Z,169.5451435148,171.3807566291,169.4653322634,171.2610473633,438000
2025-05-07T04:00:00.000Z,171.2311262163,172.3883665692,169.7646267671,171.9793395996,535400
2025-05-08T04:00:00.000Z,171.8496330917,172.956989435,169.9342087831,170.4729309082,641900
2025-05-09T04:00:00.000Z,169.8244856093,171.151319202,165.2154959249,165.7442321777,1141600
2025-05-12T04:00:00.000Z,165.9736780576,167.2506276972,160.0079275329,165.3152618408,710200
2025-05-13T04:00:00.000Z,164.8164453176,166.8815062715,164.746604764,164.8264160156,632000
2025-05-14T04:00:00.000Z,164.8663221241,165.6544487584,162.5019726663,163.200302124,546600
2025-05-15T04:00:00.000Z,163.6093401092,167.6596664592,163.56944209,167.4801025391,435100
2025-05-16T04:00:00.000Z,167.2007453465,169.3356467783,166.8615437336,169.2458496094,727600
2025-05-20T04:00:00.000Z,168.7769635584,171.5403689868,168.6073703676,171.0714874268,447300
2025-05-21T04:00:00.000Z,171.0814764597,172.1888327907,169.2458481981,171.4306335449,661100
2025-05-22T04:00:00.000Z,171.3309003385,172.8672251771,170.9916986899,171.7199707031,422600
2025-05-23T04:00:00.000Z,170.5926576266,172.8372978585,170.5926576266,171.7199707031,228400
2025-05-26T04:00:00.000Z,171.2909807216,171.8596301992,170.6924191488,171.5703125,104400
2025-05-27T04:00:00.000Z,171.5703034068,176.5783489791,170.7921627478,174.243927002,644300
2025-05-28T04:00:00.000Z,173.7152027191,176.2491453839,173.5855075262,175.8401184082,382700
2025-05-29T04:00:00.000Z,175.9797790138,176.3189806448,175.042031041,175.6206359863,412900
2025-05-30T04:00:00.000Z,175.6006917792,177.7056659744,174.9622169875,176.0795440674,1191500
2025-06-02T04:00:00.000Z,175.3911669913,178.8030177295,174.5830990826,178.244354248,448600
2025-06-03T04:00:00.000Z,178.3840519892,179.2819172212,175.3313436897,177.6059112549,486000
2025-06-04T04:00:00.000Z,177.4462738561,178.872875231,176.3688448016,176.4686126709,536700
2025-06-05T04:00:00.000Z,176.9075789516,177.7256176905,176.0795542917,176.6781311035,433700
2025-06-06T04:00:00.000Z,176.9574371,176.9574371,175.3512719523,175.670501709,315600
2025-06-09T04:00:00.000Z,175.5108930976,176.9275237762,173.9246844413,174.9223022461,574700
2025-06-10T04:00:00.000Z,174.8624410688,177.1769215962,174.7527025055,175.341293335,543400
2025-06-11T04:00:00.000Z,180.5688156819,195.9919930452,180.5688156819,192.5302581787,1530000
2025-06-12T04:00:00.000Z,192.2808585214,194.6352371171,190.3454775713,193.4779968262,473700
2025-06-13T04:00:00.000Z,191.57253981,194.0965115589,191.0537743055,193.2784729004,730800
2025-06-16T04:00:00.000Z,193.3183740603,195.9820117319,191.4229063489,191.6822814941,457400
2025-06-17T04:00:00.000Z,192.4604306092,193.6874962821,191.1435829846,193.6475982666,391500
2025-06-18T04:00:00.000Z,193.6176895974,194.4157869855,190.1359975431,190.2557220459,765100
2025-06-19T04:00:00.000Z,189.9464219121,190.7944031261,187.063307096,188.8390655518,207000
2025-06-20T04:00:00.000Z,190.3055799833,190.6547523278,186.8538306671,187.6120147705,1231700
2025-06-23T04:00:00.000Z,187.612023065,192.2609262124,186.6044344488,191.373046875,482500
2025-06-24T04:00:00.000Z,191.5426156865,194.715032952,191.0438067915,194.0466308594,491000
2025-06-25T04:00:00.000Z,193.7074645521,194.4257506532,191.8818219803,192.6300354004,498900
2025-06-26T04:00:00.000Z,191.4927450304,193.5079373683,189.7967977143,190.2756500244,582400
2025-06-27T04:00:00.000Z,189.5473886523,191.3031905619,187.8514413773,189.7369384766,662600
2025-06-30T04:00:00.000Z,191.7920177174,191.881799664,188.8590190161,191.4129180908,440300
2025-07-02T04:00:00.000Z,191.4328941802,191.4328941802,186.8239044507,188.9288787842,790100
2025-07-03T04:00:00.000Z,189.2181594204,191.77205846,188.9487983619,190.3255157471,269700
2025-07-04T04:00:00.000Z,189.627187925,191.3331057905,189.627187925,190.5050964355,78700
2025-07-07T04:00:00.000Z,190.4951077082,191.5924933302,188.9288557449,189.0086669922,480400
2025-07-08T04:00:00.000Z,189.068537333,190.0860965698,188.6096264286,189.2580871582,579300
2025-07-09T04:00:00.000Z,189.2979895885,192.4205383723,189.2281490313,191.7521362305,521900
2025-07-10T04:00:00.000Z,191.652363028,193.338339606,189.8566478792,190.1459655762,417200
2025-07-11T04:00:00.000Z,189.4432301164,192.3479169434,188.9441436608,189.7227325439,331800
2025-07-14T04:00:00.000Z,189.4831690025,191.2199953827,188.9441470914,191.1501159668,239400
2025-07-15T04:00:00.000Z,190.910548475,191.1301477374,188.1655729266,188.2154846191,374000
2025-07-16T04:00:00.000Z,188.4450613696,189.6927775362,187.5566880682,189.4332580566,363600
2025-07-17T04:00:00.000Z,188.095704784,190.1619147787,187.9160257409,189.2136535645,452000
2025-07-18T04:00:00.000Z,189.2036630423,189.4731739711,186.8779185198,187.3969726562,479800
2025-07-21T04:00:00.000Z,187.1774008712,188.3452614263,186.8480019611,187.387008667,346400
2025-07-22T04:00:00.000Z,187.486830681,188.065772831,184.7817752322,185.4605407715,326800
2025-07-23T04:00:00.000Z,185.5603427011,186.0394766766,184.2926740387,185.4904785156,576600
2025-07-24T04:00:00.000Z,185.4605435764,185.9596300687,184.4923145629,185.5204315186,418800
2025-07-25T04:00:00.000Z,185.3107994759,186.7381946944,184.8017367616,186.2490844727,358300
2025-07-28T04:00:00.000Z,185.6601552137,186.5984401555,184.8716053421,185.1510925293,398800
2025-07-29T04:00:00.000Z,185.1211562363,186.9777584746,185.1211562363,186.2890167236,289800
2025-07-30T04:00:00.000Z,186.6683122903,187.5367330878,186.1492733382,186.9977111816,382300
2025-07-31T04:00:00.000Z,187.1673877158,189.6428673778,186.1592386092,189.0339813232,594100
2025-08-01T04:00:00.000Z,188.6646580283,189.5829752865,187.736364524,189.3234558105,479600
2025-08-05T04:00:00.000Z,189.862474865,192.8470021017,189.4532203188,192.3479156494,693000
2025-08-06T04:00:00.000Z,192.617436662,194.1446400672,191.3198087722,193.6455535889,461200
2025-08-07T04:00:00.000Z,193.5756749615,194.14464086,191.2898655831,192.6873016357,402700
2025-08-08T04:00:00.000Z,192.7272252916,192.7272252916,189.343419771,190.2717132568,374200
2025-08-11T04:00:00.000Z,189.8125667358,192.8669734439,189.8125667358,192.2081756592,248000
2025-08-12T04:00:00.000Z,192.0484536078,192.2880205791,190.8606406895,191.0602722168,289000
2025-08-13T04:00:00.000Z,193.545716221,193.545716221,189.7826154125,191.7789611816,585000
2025-08-14T04:00:00.000Z,191.7090956229,193.4958337446,190.4314354568,192.8869476318,439900
2025-08-15T04:00:00.000Z,192.6473598669,192.9667824894,190.7408460697,191.9586181641,365000
2025-08-18T04:00:00.000Z,191.7789695574,197.2689206622,191.7789695574,196.5602111816,516400
2025-08-19T04:00:00.000Z,195.9812630411,198.2970314742,194.743538396,196.5402374268,448800
2025-08-20T04:00:00.000Z,196.4504127202,197.0992342659,193.9749481083,194.7435455322,464700
2025-08-21T04:00:00.000Z,195.3823740527,196.8596657187,194.7634964814,196.6600341797,363400
2025-08-22T04:00:00.000Z,197.1790662396,197.3886892484,191.8588181323,192.9967346191,622500
2025-08-25T04:00:00.000Z,193.5357424622,193.7353739955,191.9187072423,192.6972808838,585900
2025-08-26T04:00:00.000Z,192.317965018,193.3361056099,191.2499279672,191.7190704346,1079100
2025-08-27T04:00:00.000Z,197.638241309,197.638241309,181.9669292615,184.7318725586,1462400
2025-08-28T04:00:00.000Z,184.662002367,185.7899427148,181.4678518588,184.7119140625,860500
2025-08-29T04:00:00.000Z,184.4922939096,187.4169331161,183.4342331014,186.9178466797,793500
2025-09-02T04:00:00.000Z,186.1792114024,186.9078733462,184.2527298078,185.4106140137,598600
2025-09-03T04:00:00.000Z,185.7499945978,188.205506677,185.1910202009,186.3389129639,528800
2025-09-04T04:00:00.000Z,185.7599974647,188.6147727936,185.51045422,188.0458068848,633800
2025-09-05T04:00:00.000Z,188.1855319986,189.4631920676,187.5866221778,188.0857086182,589100
2025-09-08T04:00:00.000Z,188.3252842939,189.0240022966,187.5866308449,188.974105835,476000
2025-09-09T04:00:00.000Z,188.4051365509,189.802572531,187.6165866545,189.0639343262,523500
2025-09-10T04:00:00.000Z,189.1737437923,190.8306993317,188.9441530451,189.6528625488,387400
2025-09-11T04:00:00.000Z,189.9323379346,191.6791405072,188.0158477969,190.3216247559,427100
2025-09-12T04:00:00.000Z,189.652858313,189.8724575779,187.6664886822,188.4251098633,450500
2025-09-15T04:00:00.000Z,188.6646502751,189.9922220311,188.4650187456,189.7526702881,384700
2025-09-16T04:00:00.000Z,189.6628310504,190.4014844943,186.2490814916,186.9977111816,540300
2025-09-17T04:00:00.000Z,188.0358188196,189.553030686,188.0358188196,188.7145690918,376000
2025-09-18T04:00:00.000Z,188.9441481666,189.5829782358,187.0476256825,187.0576019287,618100
2025-09-19T04:00:00.000Z,193.5457043263,193.645527701,187.2472362488,189.3134613037,2071400
2025-09-22T04:00:00.000Z,189.3533965846,189.6528515016,186.1592463424,186.2790222168,550300
2025-09-23T04:00:00.000Z,186.1592471398,186.5485339642,183.8035584702,186.0793914795,581800
2025-09-24T04:00:00.000Z,185.6601513155,187.3869860927,184.5721465573,184.5821228027,558800
2025-09-25T04:00:00.000Z,183.6638095682,184.8815816979,182.9850593219,184.3425598145,666700
2025-09-26T04:00:00.000Z,184.3625339828,184.9314998541,183.7636393736,184.2627258301,640600
2025-09-29T04:00:00.000Z,184.0930294183,184.4124520724,183.1946798578,183.4242553711,463300
2025-09-30T04:00:00.000Z,183.2845065401,184.8017336419,182.3961332513,183.2046508789,637100
2025-10-01T04:00:00.000Z,183.1148105912,183.2046424944,180.3997791569,181.4578399658,607900
2025-10-02T04:00:00.000Z,181.8671112205,182.8153724913,180.9687616442,182.6257324219,472400
2025-10-03T04:00:00.000Z,182.5558413907,183.8035575179,182.186522291,183.2445831299,459500
2025-10-06T04:00:00.000Z,183.7835756307,183.7835756307,178.2137694405,178.2437286377,939200
2025-10-07T04:00:00.000Z,178.3535133118,178.4433604417,176.0876719621,177.3852996826,472700
2025-10-08T04:00:00.000Z,177.8145138185,177.904345721,174.7201718401,176.3471984863,647300
2025-10-09T04:00:00.000Z,176.3571766445,176.6566315539,174.0713674572,175.0895080566,507700
2025-10-10T04:00:00.000Z,175.3352092781,175.64482754,174.1466628613,174.6660308838,386400
2025-10-14T04:00:00.000Z,174.5861234697,176.4937901137,174.0467756616,175.5848999023,607200
2025-10-15T04:00:00.000Z,176.3839252373,177.2628381404,175.6248453899,175.9844055176,410300
2025-10-16T04:00:00.000Z,176.284030296,180.7185998422,176.0942603463,180.5088500977,521800
2025-10-17T04:00:00.000Z,180.5088595822,184.2343066319,180.4389531571,182.7461242676,630200
2025-10-20T04:00:00.000Z,182.8160368821,183.3953290588,181.2879101146,182.7760925293,389600
2025-10-21T04:00:00.000Z,181.977064906,183.2155531821,180.6486904078,181.5775604248,430800
2025-10-22T04:00:00.000Z,181.6674354565,183.475218269,180.3790206298,182.9758300781,482300
2025-10-23T04:00:00.000Z,183.1556292047,186.3816728521,182.6362611865,185.9122467041,591000
2025-10-24T04:00:00.000Z,186.3716772809,187.440360075,185.2530373799,185.5526733398,346800
2025-10-27T04:00:00.000Z,185.6525592262,186.5714316712,184.2742429388,185.243057251,255700
2025-10-28T04:00:00.000Z,184.8435698925,185.1731527186,182.2567272349,182.666229248,427800
2025-10-29T04:00:00.000Z,182.2766965543,182.3765802923,178.8708653063,180.0793914795,513000
2025-10-30T04:00:00.000Z,179.7198366418,181.0581934256,179.2903548439,180.8684234619,365400
2025-10-31T04:00:00.000Z,180.9583070736,183.2355313649,179.7497961224,182.0869293213,428100
2025-11-03T05:00:00.000Z,182.0869332074,182.3965514703,178.501329389,182.3765869141,389300
2025-11-04T05:00:00.000Z,181.2779127565,183.7948334983,180.4389442559,180.7086029053,454500
2025-11-05T05:00:00.000Z,181.1380847299,183.1655995603,179.9495384003,181.7673187256,519700
2025-11-06T05:00:00.000Z,180.778532931,182.2067759036,178.8808638195,181.4876708984,674200
2025-11-07T05:00:00.000Z,181.7473624099,184.7436919344,180.3490813946,184.7137298584,520700
2025-11-10T05:00:00.000Z,184.7237072169,187.7699785337,184.7137249385,187.3005523682,542500
2025-11-11T05:00:00.000Z,187.2705940732,188.7088346741,185.7724293207,188.6489105225,294400
2025-11-12T05:00:00.000Z,188.2993301712,192.2544917716,187.3405132766,191.0259857178,682900
2025-11-13T05:00:00.000Z,191.1658035562,194.6815008745,190.6764128567,193.8325500488,627900
2025-11-14T05:00:00.000Z,194.3718820106,196.0498191009,190.9860305163,194.6914825439,802000
2025-11-17T05:00:00.000Z,194.1721193681,196.3794066298,194.1721193681,196.3394622803,467900
2025-11-18T05:00:00.000Z,196.3394771014,198.057373821,195.7601849294,196.1896514893,455300
2025-11-19T05:00:00.000Z,195.7601718221,195.8101136895,194.4118176038,194.8213195801,355300
2025-11-20T05:00:00.000Z,195.6503212636,198.2371486522,194.4118329597,198.0973205566,382000
2025-11-21T05:00:00.000Z,197.1584694175,198.5767454186,195.7502061749,197.4381256104,487400
2025-11-24T05:00:00.000Z,197.6278996638,199.3457964499,195.8800408022,198.8863677979,1557100
2025-11-25T05:00:00.000Z,197.2982984713,203.9601509812,197.1684678927,203.1810913086,641900
2025-11-26T05:00:00.000Z,203.430785639,204.0999792903,200.8539557381,202.1723327637,478300
2025-11-27T05:00:00.000Z,202.2921659448,202.8714580873,201.9825476983,202.2222595215,83700
2025-11-28T05:00:00.000Z,202.2122914848,202.2122914848,199.1360581183,199.7053527832,553200
2025-12-01T05:00:00.000Z,199.3657717926,200.5842803052,198.2571293013,198.3969573975,372300
2025-12-02T05:00:00.000Z,199.2059588885,199.2059588885,195.0610427382,196.6490936279,351900
2025-12-03T05:00:00.000Z,196.7489697399,198.1272708171,195.6003677287,197.1784362793,462900
2025-12-04T05:00:00.000Z,197.6378998137,199.8352050781,196.5791991562,199.8352050781,361100
2025-12-05T05:00:00.000Z,199.5755224316,201.5530955837,198.8364223541,200.8639373779,443100
2025-12-08T05:00:00.000Z,200.7241025034,202.5918095707,200.3745246532,201.6929168701,571700
2025-12-09T05:00:00.000Z,201.6929185292,202.6117910334,198.8863591463,199.0661315918,554300
2025-12-10T05:00:00.000Z,199.225927568,200.4843803319,198.436885686,200.2147216797,594600
2025-12-11T05:00:00.000Z,204.7491729897,209.7031109053,196.409383506,197.2483673096,1068500
2025-12-12T05:00:00.000Z,197.7577390463,202.3221547829,194.4717711991,201.9825592041,894300
2025-12-15T05:00:00.000Z,202.47197681,203.2310414768,198.15725494,199.5755310059,600100
2025-12-16T05:00:00.000Z,199.0861023171,200.5243427764,196.4493332218,199.0960845947,598400
2025-12-17T05:00:00.000Z,200.1048790019,200.2047475084,197.3182840167,199.8352050781,619600
2025-12-18T05:00:00.000Z,200.3046214063,201.3733042899,198.5567626073,200.6741638184,711100
2025-12-19T05:00:00.000Z,201.4831712159,203.9801123685,199.2858660497,203.1411437988,1723600
2025-12-22T05:00:00.000Z,202.3720811938,204.729194246,201.5630747006,204.0500335693,435400
2025-12-23T05:00:00.000Z,203.9801160505,205.5382049194,203.8702500282,204.4395599365,467800
2025-12-24T05:00:00.000Z,204.339674865,206.117495767,204.339674865,205.0488128662,180700
2025-12-29T05:00:00.000Z,205.3484401951,206.5170067899,204.0100681958,205.2285766602,715500
2025-12-30T05:00:00.000Z,205.5981325785,206.676797703,204.9189566866,205.6880187988,444100
2025-12-31T05:00:00.000Z,205.6979987639,206.1274805455,204.8190858857,204.8889923096,333200
2026-01-02T05:00:00.000Z,205.5381847078,207.5257551921,204.8290620119,205.9177246094,299200
2026-01-05T05:00:00.000Z,205.7479516052,206.4570896004,199.0561523438,199.0561523438,983900
2026-01-06T05:00:00.000Z,198.6965948769,201.2534602209,198.5767465764,200.004989624,634400
2026-01-07T05:00:00.000Z,199.1360525777,200.5642955794,197.2982923355,197.7577362061,785200
2026-01-08T05:00:00.000Z,197.6578562942,200.0449314356,197.1085414307,199.1060943604,694500
2026-01-09T05:00:00.000Z,200.0914042283,201.1206900821,198.0128420945,199.1720428467,485800
2026-01-12T05:00:00.000Z,199.3019524975,202.1499706133,198.8122861802,201.9401245117,351800
2026-01-13T05:00:00.000Z,202.0500503343,202.3498457296,199.2919509954,199.9814758301,431300
2026-01-14T05:00:00.000Z,199.9814761658,201.7902208813,199.8615641068,200.7309570312,604300
2026-01-15T05:00:00.000Z,200.7609348149,201.3605256058,197.4532283725,197.9329071045,746900
2026-01-16T05:00:00.000Z,198.2326870371,198.8522682533,196.0741937382,196.1041717529,552400
2026-01-19T05:00:00.000Z,195.8643265765,197.6430932204,195.8643265765,196.2940216064,213700
2026-01-20T05:00:00.000Z,197.8629390092,197.8629390092,196.0142135303,196.5538482666,761400
2026-01-21T05:00:00.000Z,196.2240757021,196.4539122213,190.9077510093,192.8763885498,793600
2026-01-22T05:00:00.000Z,192.956344759,195.2447682231,192.6265713462,192.8464202881,581100
2026-01-23T05:00:00.000Z,193.1262179723,193.3160888921,191.617268699,192.0869445801,612500
2026-01-26T05:00:00.000Z,192.0469684002,192.4566882636,189.5587017019,190.7278900146,495100
2026-01-27T05:00:00.000Z,190.118309552,190.9077560073,186.1810343678,186.2310028076,797000
2026-01-28T05:00:00.000Z,186.2110166292,187.5201074415,184.1224669325,186.1710510254,830400
2026-01-29T05:00:00.000Z,184.8719520205,187.3802092315,184.1024807075,185.1417694092,856000
2026-01-30T05:00:00.000Z,185.0318404885,187.0204533009,182.5635489415,183.3729858398,871700
2026-02-02T05:00:00.000Z,184.2823561348,188.0797288467,184.2823561348,186.8705596924,756200
2026-02-03T05:00:00.000Z,187.2702841226,187.9298309602,186.0811205952,187.520111084,963900
2026-02-04T05:00:00.000Z,187.9098326856,195.7943706463,187.7599426143,195.1748046875,1268500
2026-02-05T05:00:00.000Z,194.5652248061,196.2040889814,192.9963194956,193.2561340332,853900
2026-02-06T05:00:00.000Z,193.3860518782,194.455303307,191.4374046961,192.1369171143,618500
2026-02-09T05:00:00.000Z,192.2468381862,193.4360169001,190.3281690525,190.5679931641,953400
2026-02-10T05:00:00.000Z,191.1875831825,191.9670420775,187.9298298667,188.2895812988,743100
2026-02-11T05:00:00.000Z,189.1489762522,189.1489762522,185.7613234723,188.7592468262,758300
2026-02-12T05:00:00.000Z,188.8791590309,190.3981111342,187.9198320959,188.6493225098,774100
2026-02-13T05:00:00.000Z,189.0490515028,191.4673899152,188.9691202933,189.9884033203,751000
2026-02-17T05:00:00.000Z,189.5187147656,193.2661189483,189.5187147656,193.1861877441,623400
2026-02-18T05:00:00.000Z,192.966342381,195.7044359956,192.4966664949,195.6145019531,528600
2026-02-19T05:00:00.000Z,195.5545491557,195.5545491557,193.0263015985,193.3061065674,422200
2026-02-20T05:00:00.000Z,192.986317062,193.8457223782,190.997704303,191.95703125,363300
2026-02-23T05:00:00.000Z,191.7371869709,195.6444842153,190.9777185153,195.5545501709,455700
2026-02-24T05:00:00.000Z,195.2947180428,196.3340067045,193.485973346,196.2340698242,434200
2026-02-25T05:00:00.000Z,195.864329644,198.1527378067,194.9449682939,198.0827941895,489900
2026-02-26T05:00:00.000Z,197.683084254,201.2905709186,196.5738519415,200.8908538818,440900
2026-02-27T05:00:00.000Z,200.3612139406,203.3591373413,199.741647984,200.6809997559,1491000
2026-03-02T05:00:00.000Z,199.8615691242,202.6396437152,197.4532335567,202.060043335,514000
2026-03-03T05:00:00.000Z,199.8715474297,201.8601754394,193.2861126925,199.8215942383,660100
2026-03-04T05:00:00.000Z,200.6310377334,201.3505405925,196.4539230659,199.0821075439,593900
2026-03-05T05:00:00.000Z,197.393274369,199.4518460584,196.7737083941,197.4732208252,467700
2026-03-06T05:00:00.000Z,196.8636340425,197.243375881,192.2468369459,193.4959716797,488000
2026-03-09T04:00:00.000Z,191.8670927339,197.8929173952,189.9584112248,197.3033294678,547600
2026-03-10T04:00:00.000Z,196.5538578385,198.8522688774,193.8657173591,195.6644744873,583500
2026-03-11T04:00:00.000Z,193.7857730375,195.6344986268,193.016301737,193.1562042236,446700
2026-03-12T04:00:00.000Z,193.4959706227,195.1148443494,192.4267039772,194.2654266357,667400
2026-03-13T04:00:00.000Z,194.7650939357,197.183432352,193.3360910288,194.6152038574,340200
2026-03-16T04:00:00.000Z,195.1748114821,198.2926470586,194.3054185421,198.2027130127,454800
2026-03-17T04:00:00.000Z,198.8622588483,198.8922368634,194.2354587001,194.9849395752,459700
2026-03-18T04:00:00.000Z,194.5352478832,194.5452354718,189.2389134857,189.4687652588,587500
2026-03-19T04:00:00.000Z,188.2995675471,188.3995044296,182.2737425374,183.3529968262,909100
2026-03-20T04:00:00.000Z,183.7427289484,185.3616180293,179.2158656213,180.5149688721,1789100
2026-03-23T04:00:00.000Z,181.5742244895,186.5507730716,181.5742244895,186.4508514404,719500
2026-03-24T04:00:00.000Z,183.2930364333,183.2930364333,168.0036239113,168.543258667,2267400
2026-03-25T04:00:00.000Z,170.0322170472,172.8902379815,168.1835067555,171.8909301758,1070700
2026-03-26T04:00:00.000Z,171.2413892574,173.8096024349,168.6531856539,168.7231292725,763700
2026-03-27T04:00:00.000Z,168.3034163605,169.3626801794,165.8850933356,166.6445617676,778700
2026-03-30T04:00:00.000Z,166.9743375939,169.6225124279,166.6245890108,167.9037017822,976000
2026-03-31T04:00:00.000Z,169.6824674715,171.3513096675,169.2028039971,170.6118164062,947500
2026-04-01T04:00:00.000Z,173.2200081787,173.2200081787,169.3926575238,171.181427002,621400
2026-04-02T04:00:00.000Z,169.7624195893,173.5697799942,168.7331337409,172.4705352783,890900
2026-04-06T04:00:00.000Z,172.2307042619,175.618357071,171.4312549776,175.4784545898,998100
2026-04-07T04:00:00.000Z,174.5391085852,176.5677022525,172.4105780359,174.3192596436,735000
2026-04-08T04:00:00.000Z,176.7275997831,178.576310161,176.2879018884,176.9474487305,887200
2026-04-09T04:00:00.000Z,176.0580367779,176.7275864067,174.0694240611,174.5490875244,824600
2026-04-10T04:00:00.000Z,175.0787275351,177.1572896367,174.4891395792,176.6976165771,811700
2026-04-13T04:00:00.000Z,176.3778299475,178.5063604802,175.8681884495,176.2778930664,854100
2026-04-14T04:00:00.000Z,177.1672775349,179.1858836103,176.1180165175,176.4777679443,719000
2026-04-15T04:00:00.000Z,176.6676281925,177.127316513,173.849587983,174.2593078613,827500
2026-04-16T04:00:00.000Z,174.7289796447,176.217938548,173.0701249924,173.2400054932,803900
2026-04-17T04:00:00.000Z,173.8099975586,177.1499938965,173.8099975586,176.5099945068,515200
2026-04-20T04:00:00.000Z,176.2700042725,177.25,174.9600067139,175.3099975586,548700
2026-04-21T04:00:00.000Z,174.75,174.7599945068,171.4799957275,171.6300048828,916000
2026-04-22T04:00:00.000Z,172.1000061035,172.8600006104,169.1999969482,170.5099945068,618600
2026-04-23T04:00:00.000Z,169.9199981689,172.8200073242,169.5099945068,170.3800048828,545700
2026-04-24T04:00:00.000Z,170.0,170.8099975586,168.5899963379,169.7200012207,479700
2026-04-27T04:00:00.000Z,169.2200012207,170.0700073242,168.1100006104,169.0700073242,943000
2026-04-28T04:00:00.000Z,169.0,170.5399932861,168.2799987793,170.3999938965,744500
2026-04-29T04:00:00.000Z,170.2200012207,171.8099975586,169.6000061035,170.3099975586,707500
2026-04-30T04:00:00.000Z,170.8600006104,173.7299957275,170.6499938965,173.6000061035,954800
2026-05-01T04:00:00.000Z,173.6799926758,175.1799926758,173.1100006104,174.0,380600
2026-05-04T04:00:00.000Z,173.6300048828,174.0800018311,169.9299926758,170.4900054932,747300
2026-05-05T04:00:00.000Z,172.0,173.7100067139,171.3399963379,172.9299926758,609000
2026-05-06T04:00:00.000Z,173.9499969482,174.9499969482,172.8899993896,174.5099945068,755000
2026-05-07T04:00:00.000Z,174.4299926758,176.3699951172,174.4299926758,175.1199951172,600800
2026-05-08T04:00:00.000Z,174.9199981689,176.0,173.4299926758,173.8300018311,523800
2026-05-11T04:00:00.000Z,173.0,174.7899932861,172.1199951172,173.7700042725,710800
