Date,Open,High,Low,Close,Volume
2021-01-04T05:00:00.000Z,4.75,4.7750000954,4.2874999046,4.3125,40090000
2021-01-05T05:00:00.000Z,4.3375000954,4.5199999809,4.3074998856,4.3425002098,19846000
2021-01-06T05:00:00.000Z,4.3350000381,4.7449998856,4.3324999809,4.5900001526,24224800
2021-01-07T05:00:00.000Z,4.6174998283,4.8625001907,4.5050001144,4.5199999809,24517200
2021-01-08T05:00:00.000Z,4.5450000763,4.5749998093,4.2699999809,4.4225001335,25928000
2021-01-11T05:00:00.000Z,4.8524999619,5.1624999046,4.7525000572,4.9850001335,59632000
2021-01-12T05:00:00.000Z,4.9899997711,5.0999999046,4.8299999237,4.9875001907,28242800
2021-01-13T05:00:00.000Z,5.1050000191,9.6625003815,5.0075001717,7.8499999046,578006800
2021-01-14T05:00:00.000Z,9.5225000381,10.7650003433,8.2624998093,9.9774999619,374869600
2021-01-15T05:00:00.000Z,9.6225004196,10.1875,8.5024995804,8.875,187465600
2021-01-19T05:00:00.000Z,10.3874998093,11.3800001144,9.1599998474,9.8400001526,298887600
2021-01-20T05:00:00.000Z,9.342499733,10.2974996567,9.0150003433,9.779999733,133887200
2021-01-21T05:00:00.000Z,9.8074998856,11.1875,9.25,10.7574996948,224867600
2021-01-22T05:00:00.000Z,10.6475000381,19.1900005341,10.5799999237,16.2525005341,788631600
2021-01-25T05:00:00.000Z,24.1825008392,39.7949981689,15.282500267,19.1975002289,711496000
2021-01-26T05:00:00.000Z,22.1399993896,37.5,20.0499992371,36.9949989319,714352000
2021-01-27T05:00:00.000Z,88.7074966431,95.0,62.25,86.8775024414,373586800
2021-01-28T05:00:00.000Z,66.25,120.75,28.0625,48.4000015259,235263200
2021-01-29T05:00:00.000Z,94.9274978638,103.4950027466,62.5,81.25,202264400
2021-02-01T05:00:00.000Z,79.1399993896,80.5,53.0,56.25,149528800
2021-02-02T05:00:00.000Z,35.1899986267,39.5,18.5550003052,22.5,312732400
2021-02-03T05:00:00.000Z,28.0025005341,28.3500003815,21.3125,23.1025009155,170794000
2021-02-04T05:00:00.000Z,22.7975006104,22.875,13.3325004578,13.375,249709200
2021-02-05T05:00:00.000Z,13.5100002289,23.75,12.7725000381,15.9425001144,325380000
2021-02-08T05:00:00.000Z,18.1025009155,18.1650009155,14.5050001144,15.0,102749200
2021-02-09T05:00:00.000Z,14.1525001526,14.25,11.6300001144,12.5775003433,107372400
2021-02-10T05:00:00.000Z,12.6925001144,15.7075004578,11.6374998093,12.8000001907,145820000
2021-02-11T05:00:00.000Z,12.5024995804,13.8299999237,12.0550003052,12.7749996185,52226800
2021-02-12T05:00:00.000Z,12.6875,13.8100004196,12.0124998093,13.1000003815,58293200
2021-02-16T05:00:00.000Z,13.1649999619,13.375,12.2600002289,12.3774995804,32700000
2021-02-17T05:00:00.000Z,12.4425001144,12.7974996567,11.1400003433,11.4849996567,36747200
2021-02-18T05:00:00.000Z,12.1225004196,12.217499733,10.1625003815,10.1724996567,95962400
2021-02-19T05:00:00.000Z,10.3199996948,10.9724998474,9.625,10.1475000381,59312800
2021-02-22T05:00:00.000Z,11.6724996567,12.1274995804,10.6000003815,11.5,77904000
2021-02-23T05:00:00.000Z,11.2425003052,11.5574998856,10.0,11.2425003052,30260800
2021-02-24T05:00:00.000Z,11.1750001907,22.9274997711,11.1750001907,22.9274997711,332446800
2021-02-25T05:00:00.000Z,42.3899993896,46.1699981689,25.25,27.1825008392,601235200
2021-02-26T05:00:00.000Z,29.3649997711,35.7249984741,21.5,25.4349994659,368776800
2021-03-01T05:00:00.000Z,26.1350002289,33.4975013733,24.9925003052,30.1000003815,199176000
2021-03-02T05:00:00.000Z,29.2325000763,33.2999992371,28.0499992371,29.5450000763,135132000
2021-03-03T05:00:00.000Z,30.6275005341,31.9375,28.2800006866,31.0450000763,77095600
2021-03-04T05:00:00.000Z,31.25,36.9674987793,28.8250007629,33.0875015259,130427600
2021-03-05T05:00:00.000Z,32.0424995422,37.8824996948,31.875,34.4350013733,122934800
2021-03-08T05:00:00.000Z,38.7224998474,52.7174987793,36.5250015259,48.625,254262400
2021-03-09T05:00:00.000Z,54.4275016785,62.4625015259,52.1274986267,61.7249984741,156397200
2021-03-10T05:00:00.000Z,67.3574981689,87.125,43.0,66.25,286282400
2021-03-11T05:00:00.000Z,60.4099998474,70.375,58.1500015259,65.0,113250000
2021-03-12T05:00:00.000Z,68.75,73.875,65.5674972534,66.125,103383600
2021-03-15T04:00:00.000Z,69.3799972534,70.75,51.5,55.0349998474,96401600
2021-03-16T04:00:00.000Z,50.7900009155,55.1749992371,43.0875015259,52.0424995422,141691600
2021-03-17T04:00:00.000Z,54.4599990845,57.8675003052,51.0,52.4524993896,65926400
2021-03-18T04:00:00.000Z,53.5,54.7200012207,48.9124984741,50.4375,47059600
2021-03-19T04:00:00.000Z,48.9324989319,56.75,45.6650009155,50.0675010681,98709200
2021-03-22T04:00:00.000Z,51.3149986267,52.5900001526,46.5499992371,48.6225013733,40246000
2021-03-23T04:00:00.000Z,49.375,50.4375,44.3875007629,45.4375,57716400
2021-03-24T04:00:00.000Z,39.4949989319,41.7425003052,29.6550006866,30.0849990845,96711600
2021-03-25T04:00:00.000Z,30.8724994659,46.875,29.2250003815,45.9375,203849200
2021-03-26T04:00:00.000Z,49.4199981689,54.7324981689,40.8149986267,45.25,149722800
2021-03-29T04:00:00.000Z,45.1875,48.4799995422,43.3774986267,45.3250007629,40168800
2021-03-30T04:00:00.000Z,46.875,51.0750007629,45.5,48.6150016785,68379600
2021-03-31T04:00:00.000Z,49.375,49.8650016785,46.7775001526,47.4550018311,33575200
2021-04-01T04:00:00.000Z,48.3400001526,49.2425003052,45.9000015259,47.8624992371,37337200
2021-04-05T04:00:00.000Z,42.75,48.75,41.2024993896,46.7374992371,56282000
2021-04-06T04:00:00.000Z,46.3025016785,48.0,45.8899993896,46.125,24873200
2021-04-07T04:00:00.000Z,45.8050003052,46.125,44.0275001526,44.4925003052,19073200
2021-04-08T04:00:00.000Z,46.4700012207,46.4700012207,41.0750007629,42.5649986267,40189600
2021-04-09T04:00:00.000Z,42.4249992371,42.8950004578,38.25,39.5900001526,37849600
2021-04-12T04:00:00.000Z,39.5275001526,40.9749984741,33.7524986267,35.2724990845,66734400
2021-04-13T04:00:00.000Z,35.4700012207,36.3450012207,33.0,35.2475013733,27227600
2021-04-14T04:00:00.000Z,35.8925018311,43.5224990845,35.75,41.6324996948,84552400
2021-04-15T04:00:00.000Z,40.75,41.5625,38.2000007629,39.1100006104,31427200
2021-04-16T04:00:00.000Z,39.0,40.0499992371,37.8125,38.6725006104,20858800
2021-04-19T04:00:00.000Z,42.9500007629,43.7999992371,40.5825004578,41.0924987793,42080800
2021-04-20T04:00:00.000Z,41.0349998474,41.2224998474,38.3400001526,39.6324996948,18634400
2021-04-21T04:00:00.000Z,39.5999984741,40.7449989319,38.9799995422,39.6274986267,15251200
2021-04-22T04:00:00.000Z,39.7750015259,39.7750015259,36.7150001526,37.7924995422,17383200
2021-04-23T04:00:00.000Z,37.25,38.4150009155,36.1749992371,37.7949981689,16116400
2021-04-26T04:00:00.000Z,37.7449989319,43.6699981689,37.1899986267,42.2324981689,42128400
2021-04-27T04:00:00.000Z,45.8875007629,47.0,43.2924995422,44.4425010681,35730800
2021-04-28T04:00:00.000Z,43.0250015259,45.4949989319,41.5074996948,44.6450004578,23155600
2021-04-29T04:00:00.000Z,44.1399993896,45.2150001526,42.6875,44.0475006104,15041200
2021-04-30T04:00:00.000Z,43.75,45.9500007629,43.1749992371,43.3974990845,17734400
2021-05-03T04:00:00.000Z,44.3725013733,44.3725013733,39.9025001526,40.5499992371,21044000
2021-05-04T04:00:00.000Z,39.75,40.3725013733,37.9500007629,40.1824989319,16030000
2021-05-05T04:00:00.000Z,40.4575004578,41.375,39.5825004578,39.8699989319,11221600
2021-05-06T04:00:00.000Z,40.2150001526,41.1800003052,38.9000015259,40.2524986267,11771200
2021-05-07T04:00:00.000Z,40.0275001526,41.8525009155,39.375,40.2775001526,11738400
2021-05-10T04:00:00.000Z,40.3274993896,40.3974990845,35.75,35.8050003052,19226800
2021-05-11T04:00:00.000Z,34.25,37.625,34.125,36.7299995422,18738400
2021-05-12T04:00:00.000Z,36.4249992371,37.625,35.5574989319,36.1974983215,10926000
2021-05-13T04:00:00.000Z,36.8600006104,42.4874992371,36.6074981689,41.125,35494000
2021-05-14T04:00:00.000Z,40.0,41.6175003052,39.0550003052,39.9799995422,17174000
2021-05-17T04:00:00.000Z,39.9625015259,45.625,39.75,45.1500015259,29848400
2021-05-18T04:00:00.000Z,43.6349983215,47.2999992371,42.0675010681,45.1674995422,30954800
2021-05-19T04:00:00.000Z,42.9975013733,44.7449989319,41.0374984741,42.2075004578,19303600
2021-05-20T04:00:00.000Z,42.6974983215,43.7275009155,41.7249984741,42.6225013733,9912800
2021-05-21T04:00:00.000Z,42.75,44.8100013733,42.5825004578,44.1974983215,14618800
2021-05-24T04:00:00.000Z,43.9625015259,47.1150016785,43.3375015259,45.0024986267,18657200
2021-05-25T04:00:00.000Z,45.25,54.2775001526,45.25,52.3574981689,59550000
2021-05-26T04:00:00.000Z,57.25,62.1199989319,56.3875007629,60.6399993896,84479600
2021-05-27T04:00:00.000Z,57.4500007629,66.0,56.75,63.5325012207,62105200
2021-05-28T04:00:00.000Z,65.7425003052,67.1999969482,55.3574981689,55.5,47005600
2021-06-01T04:00:00.000Z,58.3699989319,63.7449989319,56.7675018311,62.2550010681,38502400
2021-06-02T04:00:00.000Z,62.2200012207,73.5,61.0750007629,70.5599975586,64076800
2021-06-03T04:00:00.000Z,66.4274978638,68.6074981689,60.5299987793,64.5449981689,32000000
2021-06-04T04:00:00.000Z,64.0049972534,66.25,61.4425010681,62.0900001526,14550000
2021-06-07T04:00:00.000Z,64.5,70.5,63.7999992371,70.0025024414,24206000
2021-06-08T04:00:00.000Z,73.0,86.1650009155,70.25,75.0,69756400
2021-06-09T04:00:00.000Z,75.7799987793,82.0,72.8775024414,75.6399993896,53717200
2021-06-10T04:00:00.000Z,70.5,72.0,52.75,55.0974998474,91920800
2021-06-11T04:00:00.000Z,55.5875015259,60.2825012207,51.5325012207,58.3349990845,62323200
2021-06-14T04:00:00.000Z,59.125,59.5024986267,54.7999992371,57.3600006104,28530400
2021-06-15T04:00:00.000Z,56.5900001526,57.3125,52.0,55.625,29207600
2021-06-16T04:00:00.000Z,53.8100013733,57.1824989319,52.25,55.7425003052,22259200
2021-06-17T04:00:00.000Z,56.0,58.4150009155,55.3699989319,55.8974990845,18434400
2021-06-18T04:00:00.000Z,55.0449981689,55.8725013733,53.25,53.4550018311,17281200
2021-06-21T04:00:00.000Z,54.2374992371,54.5999984741,49.25,50.0924987793,20480800
2021-06-22T04:00:00.000Z,54.4324989319,56.4700012207,52.2924995422,55.0999984741,32800800
2021-06-23T04:00:00.000Z,55.3624992371,55.6425018311,53.5299987793,54.8349990845,14220400
2021-06-24T04:00:00.000Z,55.2900009155,56.8624992371,52.9000015259,53.0774993896,15453200
2021-06-25T04:00:00.000Z,53.5,53.5499992371,49.625,52.3774986267,50770800
2021-06-28T04:00:00.000Z,52.8125,56.1124992371,52.5499992371,53.3125,19517600
2021-06-29T04:00:00.000Z,53.3974990845,53.8050003052,52.0024986267,52.7200012207,9920000
2021-06-30T04:00:00.000Z,52.4225006104,53.8199996948,51.7350006104,53.5349998474,10158400
2021-07-01T04:00:00.000Z,53.3499984741,54.2075004578,50.5,51.0900001526,10968400
2021-07-02T04:00:00.000Z,51.2000007629,51.3624992371,49.125,50.7075004578,10396400
2021-07-06T04:00:00.000Z,51.0,51.1925010681,48.4275016785,49.8899993896,11072400
2021-07-07T04:00:00.000Z,49.0,49.375,44.3899993896,47.6650009155,16958000
2021-07-08T04:00:00.000Z,44.9575004578,48.5550003052,44.875,47.8450012207,11430000
2021-07-09T04:00:00.000Z,47.7200012207,48.6949996948,46.6875,47.8074989319,6331600
2021-07-12T04:00:00.000Z,47.8549995422,49.4375,46.8549995422,47.3125,6545200
2021-07-13T04:00:00.000Z,46.9199981689,47.1974983215,44.75,45.0149993896,9591600
2021-07-14T04:00:00.000Z,45.1225013733,45.5950012207,41.2675018311,41.9049987793,15655200
2021-07-15T04:00:00.000Z,40.0,42.9975013733,39.5024986267,41.7050018311,17194400
2021-07-16T04:00:00.000Z,42.5374984741,44.8675003052,41.5750007629,42.2599983215,13151600
2021-07-19T04:00:00.000Z,40.8250007629,44.0,40.3050003052,43.3725013733,9747600
2021-07-20T04:00:00.000Z,43.4749984741,48.4099998474,43.1049995422,47.7949981689,12404400
2021-07-21T04:00:00.000Z,46.9474983215,48.8774986267,45.5275001526,46.4524993896,8916800
2021-07-22T04:00:00.000Z,46.3250007629,46.9225006104,44.0374984741,44.7125015259,5652000
2021-07-23T04:00:00.000Z,45.25,45.4000015259,43.4599990845,45.0900001526,5264800
2021-07-26T04:00:00.000Z,45.0900001526,46.5099983215,44.6899986267,45.9850006104,5042400
2021-07-27T04:00:00.000Z,45.75,46.25,44.1650009155,44.6349983215,4859200
2021-07-28T04:00:00.000Z,43.9300003052,44.2799987793,41.0675010681,42.2799987793,16403200
2021-07-29T04:00:00.000Z,42.6500015259,43.4724998474,41.1274986267,41.2150001526,8960000
2021-07-30T04:00:00.000Z,41.25,41.8050003052,39.7174987793,40.2799987793,9508400
2021-08-02T04:00:00.000Z,40.5,40.8974990845,38.7649993896,39.4124984741,10131600
2021-08-03T04:00:00.000Z,39.1850013733,39.7224998474,37.0499992371,38.1875,57802400
2021-08-04T04:00:00.000Z,38.1824989319,39.4474983215,36.4225006104,36.7000007629,9574000
2021-08-05T04:00:00.000Z,37.0,39.4000015259,36.3050003052,38.3600006104,9648400
2021-08-06T04:00:00.000Z,38.6474990845,39.125,37.5774993896,37.9425010681,5410800
2021-08-09T04:00:00.000Z,37.9500007629,41.1775016785,37.6650009155,40.2825012207,8996800
2021-08-10T04:00:00.000Z,40.3400001526,41.7249984741,38.8375015259,39.7625007629,6493200
2021-08-11T04:00:00.000Z,39.6074981689,39.7625007629,38.6549987793,39.6949996948,3781600
2021-08-12T04:00:00.000Z,39.9700012207,41.0699996948,39.3325004578,40.5875015259,5271200
2021-08-13T04:00:00.000Z,40.1175003052,40.8875007629,39.3525009155,40.6300010681,4059200
2021-08-16T04:00:00.000Z,40.25,42.4700012207,39.7900009155,40.9824981689,6290400
2021-08-17T04:00:00.000Z,40.2975006104,42.3699989319,40.2750015259,40.8875007629,4863600
2021-08-18T04:00:00.000Z,40.8125,41.4000015259,39.1875,39.2625007629,5647200
2021-08-19T04:00:00.000Z,39.1925010681,39.4975013733,37.6949996948,38.2249984741,4786000
2021-08-20T04:00:00.000Z,38.4500007629,40.0224990845,38.3100013733,39.8250007629,4619600
2021-08-23T04:00:00.000Z,40.5950012207,41.8224983215,39.8875007629,41.2224998474,5372000
2021-08-24T04:00:00.000Z,41.5724983215,56.25,41.2874984741,52.5724983215,58608800
2021-08-25T04:00:00.000Z,51.6624984741,56.75,48.25,49.9124984741,51444400
2021-08-26T04:00:00.000Z,50.1699981689,54.25,49.75,51.3050003052,24954400
2021-08-27T04:00:00.000Z,51.9249992371,53.25,50.0050010681,51.2374992371,12923200
2021-08-30T04:00:00.000Z,51.25,54.5475006104,50.7550010681,52.2999992371,13238400
2021-08-31T04:00:00.000Z,53.1749992371,55.5750007629,52.8650016785,54.5600013733,14298800
2021-09-01T04:00:00.000Z,56.0,57.8600006104,52.0050010681,53.2425003052,17815200
2021-09-02T04:00:00.000Z,53.4650001526,53.7000007629,51.5750007629,53.3800010681,7408000
2021-09-03T04:00:00.000Z,53.0125007629,54.0675010681,49.7099990845,50.6875,10634400
2021-09-07T04:00:00.000Z,51.5625,52.4749984741,49.0250015259,49.75,9985200
2021-09-08T04:00:00.000Z,50.4650001526,51.7200012207,47.6699981689,49.7000007629,20694400
2021-09-09T04:00:00.000Z,45.0224990845,50.5,44.5,49.7949981689,30046000
2021-09-10T04:00:00.000Z,49.6025009155,50.5400009155,47.5,47.6025009155,12170400
2021-09-13T04:00:00.000Z,48.4375,52.2200012207,47.875,50.8499984741,17336400
2021-09-14T04:00:00.000Z,50.1624984741,51.1549987793,48.75,49.8100013733,8566400
2021-09-15T04:00:00.000Z,49.25,51.2174987793,48.4375,51.1300010681,9241600
2021-09-16T04:00:00.000Z,50.5825004578,54.1375007629,50.2874984741,51.5924987793,12232800
2021-09-17T04:00:00.000Z,52.0050010681,53.1225013733,50.1949996948,51.2425003052,15783600
2021-09-20T04:00:00.000Z,50.0,50.7125015259,46.1375007629,48.0499992371,15767200
2021-09-21T04:00:00.000Z,49.8400001526,49.8400001526,46.5,47.4874992371,10535200
2021-09-22T04:00:00.000Z,47.4099998474,48.375,46.5724983215,47.5349998474,9026400
2021-09-23T04:00:00.000Z,48.0825004578,48.9375,47.6500015259,47.8100013733,6729200
2021-09-24T04:00:00.000Z,47.75,47.9300003052,46.0275001526,46.2900009155,6743200
2021-09-27T04:00:00.000Z,46.4799995422,48.0125007629,46.4674987793,47.3699989319,5880400
2021-09-28T04:00:00.000Z,47.0,47.7024993896,44.5,44.6500015259,7082000
2021-09-29T04:00:00.000Z,45.0224990845,46.1199989319,43.6525001526,43.9799995422,7599600
2021-09-30T04:00:00.000Z,43.75,46.3624992371,41.6974983215,43.8675003052,12682800
2021-10-01T04:00:00.000Z,44.8499984741,44.8725013733,43.0625,44.2275009155,6204400
2021-10-04T04:00:00.000Z,43.9874992371,44.2374992371,42.6925010681,42.8400001526,4782800
2021-10-05T04:00:00.000Z,42.7975006104,43.2924995422,41.6749992371,43.0449981689,5263600
2021-10-06T04:00:00.000Z,42.5149993896,43.2400016785,41.4524993896,42.7675018311,4801200
2021-10-07T04:00:00.000Z,43.0,43.7999992371,42.6349983215,43.0299987793,4637200
2021-10-08T04:00:00.000Z,43.125,43.9300003052,42.7799987793,43.1699981689,3272800
2021-10-11T04:00:00.000Z,43.25,47.1225013733,43.25,44.5250015259,10739600
2021-10-12T04:00:00.000Z,45.125,45.4449996948,43.4500007629,43.9550018311,4934800
2021-10-13T04:00:00.000Z,44.5750007629,47.0525016785,44.0,46.0149993896,7711600
2021-10-14T04:00:00.000Z,45.9399986267,47.5499992371,45.6500015259,45.9575004578,6695600
2021-10-15T04:00:00.000Z,46.0,46.7449989319,45.2200012207,45.8199996948,4800000
2021-10-18T04:00:00.000Z,45.7350006104,47.4674987793,45.6375007629,46.5050010681,6358400
2021-10-19T04:00:00.000Z,47.2475013733,48.0449981689,46.0999984741,46.6974983215,8282400
2021-10-20T04:00:00.000Z,46.5825004578,47.0,45.4949989319,46.1300010681,9107600
2021-10-21T04:00:00.000Z,46.1775016785,47.6749992371,45.1500015259,45.4275016785,9609600
2021-10-22T04:00:00.000Z,44.5250015259,44.8725013733,41.9500007629,42.4500007629,11201600
2021-10-25T04:00:00.000Z,42.3549995422,43.7000007629,41.8149986267,43.4925003052,5771200
2021-10-26T04:00:00.000Z,43.3400001526,46.25,43.125,44.4599990845,8706800
2021-10-27T04:00:00.000Z,45.0,45.7724990845,43.0825004578,43.3774986267,4428000
2021-10-28T04:00:00.000Z,43.7900009155,45.7849998474,43.75,45.7125015259,6784800
2021-10-29T04:00:00.000Z,45.7024993896,46.4375,44.5,45.8774986267,9176000
2021-11-01T04:00:00.000Z,45.6324996948,52.1425018311,45.5125007629,50.0224990845,19776800
2021-11-02T04:00:00.000Z,49.8375015259,52.9850006104,47.9225006104,51.7475013733,15529200
2021-11-03T04:00:00.000Z,53.5,63.9225006104,52.0625,54.5825004578,45062400
2021-11-04T04:00:00.000Z,55.5,57.2425003052,52.8875007629,54.4599990845,11632000
2021-11-05T04:00:00.000Z,55.1599998474,55.25,52.2524986267,53.3125,7242800
2021-11-08T05:00:00.000Z,53.125,56.2599983215,53.0024986267,54.6599998474,8631600
2021-11-09T05:00:00.000Z,55.5,55.8725013733,51.1100006104,51.6500015259,7381200
2021-11-10T05:00:00.000Z,50.5299987793,51.8474998474,49.125,49.7975006104,5237600
2021-11-11T05:00:00.000Z,50.0,52.0224990845,49.5374984741,51.0800018311,4317600
2021-11-12T05:00:00.000Z,50.5349998474,51.3400001526,49.4700012207,50.5250015259,3712000
2021-11-15T05:00:00.000Z,50.9650001526,52.875,50.4225006104,52.2849998474,5865600
2021-11-16T05:00:00.000Z,52.2550010681,53.1425018311,50.9075012207,51.7949981689,4858400
2021-11-17T05:00:00.000Z,51.5750007629,54.4249992371,51.5,52.5,5410800
2021-11-18T05:00:00.000Z,52.5625,53.7849998474,51.875,52.5299987793,4017600
2021-11-19T05:00:00.000Z,52.2849998474,57.3474998474,52.0625,57.2000007629,12136800
2021-11-22T05:00:00.000Z,57.6150016785,62.4099998474,57.4375,61.8875007629,17485600
2021-11-23T05:00:00.000Z,60.9599990845,63.0499992371,53.1399993896,53.4749984741,13380800
2021-11-24T05:00:00.000Z,54.3125,55.9975013733,52.0,52.9449996948,5237600
2021-11-26T05:00:00.000Z,52.0200004578,52.9324989319,49.7999992371,49.9300003052,4941200
2021-11-29T05:00:00.000Z,51.0,51.9775009155,50.2350006104,50.5024986267,4435200
2021-11-30T05:00:00.000Z,50.0250015259,50.9874992371,47.0,49.0525016785,6895600
2021-12-01T05:00:00.000Z,49.8499984741,50.0275001526,44.2524986267,44.9599990845,9406000
2021-12-02T05:00:00.000Z,46.25,46.8574981689,43.2675018311,45.3899993896,8348400
2021-12-03T05:00:00.000Z,45.25,45.9824981689,39.7625007629,43.0974998474,16386800
2021-12-06T05:00:00.000Z,41.5,43.3349990845,40.7999992371,41.7799987793,8914400
2021-12-07T05:00:00.000Z,43.7949981689,45.4949989319,42.6274986267,44.4524993896,7889600
2021-12-08T05:00:00.000Z,44.1500015259,45.0625,42.9900016785,43.4124984741,10444800
2021-12-09T05:00:00.000Z,41.75,43.1725006104,37.75,38.9399986267,20337200
2021-12-10T05:00:00.000Z,39.9575004578,40.5750007629,37.0,39.7524986267,18107600
2021-12-13T05:00:00.000Z,40.0825004578,40.2224998474,33.7675018311,34.2200012207,21944800
2021-12-14T05:00:00.000Z,32.75,37.5924987793,32.375,36.9225006104,26048400
2021-12-15T05:00:00.000Z,36.8650016785,38.0,35.2799987793,37.1474990845,11064000
2021-12-16T05:00:00.000Z,38.2324981689,38.6100006104,35.5325012207,36.1474990845,8659200
2021-12-17T05:00:00.000Z,35.9375,39.6425018311,34.8325004578,38.9099998474,17226800
2021-12-20T05:00:00.000Z,38.2975006104,39.9199981689,37.4249992371,39.2849998474,7314400
2021-12-21T05:00:00.000Z,39.2649993896,40.0625,38.7849998474,39.5299987793,5720800
2021-12-22T05:00:00.000Z,39.5825004578,39.7874984741,38.0299987793,38.5,4188800
2021-12-23T05:00:00.000Z,38.5,38.75,36.5050010681,38.0349998474,4222000
2021-12-27T05:00:00.000Z,38.0,38.1549987793,35.0,37.0774993896,6454400
2021-12-28T05:00:00.000Z,36.875,39.3525009155,36.6025009155,36.6150016785,5324400
2021-12-29T05:00:00.000Z,36.9625015259,38.8725013733,35.5349998474,38.4824981689,8149600
2021-12-30T05:00:00.000Z,37.75,40.0,37.5,38.8325004578,6247600
2021-12-31T05:00:00.000Z,38.4049987793,39.1824989319,37.0250015259,37.0974998474,5576000
2022-01-03T05:00:00.000Z,37.3074989319,39.8450012207,37.3025016785,38.2099990845,5654800
2022-01-04T05:00:00.000Z,38.0424995422,38.2475013733,35.7625007629,37.2275009155,7339600
2022-01-05T05:00:00.000Z,37.0974998474,37.2125015259,32.2874984741,32.3424987793,13585600
2022-01-06T05:00:00.000Z,33.2099990845,34.4249992371,30.2849998474,32.7574996948,24206000
2022-01-07T05:00:00.000Z,39.9425010681,40.0774993896,33.125,35.1549987793,48549200
2022-01-10T05:00:00.000Z,33.7475013733,33.9225006104,30.0,32.7874984741,22048000
2022-01-11T05:00:00.000Z,32.5250015259,34.2000007629,31.8474998474,32.5750007629,10332400
2022-01-12T05:00:00.000Z,32.5,32.8300018311,31.6124992371,32.0149993896,6298000
2022-01-13T05:00:00.000Z,32.125,32.625,30.4225006104,30.6200008392,8901200
2022-01-14T05:00:00.000Z,30.0375003815,30.5750007629,28.0049991608,29.1625003815,15402000
2022-01-18T05:00:00.000Z,28.2775001526,28.4375,26.1000003815,27.2275009155,15022400
2022-01-19T05:00:00.000Z,27.5025005341,28.2625007629,26.1025009155,26.6424999237,9614400
2022-01-20T05:00:00.000Z,26.9750003815,28.7999992371,25.3999996185,25.6674995422,11680400
2022-01-21T05:00:00.000Z,25.25,27.5524997711,23.1800003052,26.5900001526,22120000
2022-01-24T05:00:00.000Z,24.7549991608,25.7150001526,21.5725002289,25.0375003815,25039600
2022-01-25T05:00:00.000Z,24.2299995422,26.2425003052,23.7525005341,24.9475002289,14297200
2022-01-26T05:00:00.000Z,25.2749996185,29.75,25.0774993896,25.8150005341,33330000
2022-01-27T05:00:00.000Z,26.0349998474,26.75,23.2224998474,23.3799991608,14644400
2022-01-28T05:00:00.000Z,23.8500003815,24.5,21.9025001526,24.4775009155,16430400
2022-01-31T05:00:00.000Z,24.4675006866,27.4549999237,24.4650001526,27.2325000763,13997200
2022-02-01T05:00:00.000Z,28.2525005341,29.1625003815,27.0650005341,28.1499996185,13847600
2022-02-02T05:00:00.000Z,27.5874996185,27.9650001526,24.5149993896,25.0100002289,13116400
2022-02-03T05:00:00.000Z,25.375,26.7350006104,24.4274997711,24.8075008392,10710000
2022-02-04T05:00:00.000Z,24.7525005341,26.0,23.7700004578,25.5849990845,7627200
2022-02-07T05:00:00.000Z,25.7474994659,26.3449993134,24.6924991608,25.5849990845,7037600
2022-02-08T05:00:00.000Z,25.4400005341,29.4174995422,25.1375007629,28.8999996185,19839600
2022-02-09T05:00:00.000Z,28.5224990845,31.1774997711,28.25,31.0725002289,15467600
2022-02-10T05:00:00.000Z,29.4874992371,32.9449996948,29.0,30.6175003052,14826000
2022-02-11T05:00:00.000Z,30.6200008392,32.4674987793,30.1924991608,31.0625,11299200
2022-02-14T05:00:00.000Z,30.7325000763,31.375,29.0375003815,29.2724990845,9102800
2022-02-15T05:00:00.000Z,30.2399997711,31.8075008392,29.8150005341,31.5400009155,7911600
2022-02-16T05:00:00.000Z,31.1075000763,33.2125015259,30.9799995422,32.0825004578,8007600
2022-02-17T05:00:00.000Z,31.6924991608,32.7125015259,30.5550003052,30.8525009155,6256400
2022-02-18T05:00:00.000Z,31.0499992371,31.4125003815,29.5324993134,30.3824996948,6214000
2022-02-22T05:00:00.000Z,29.5499992371,30.8325004578,28.5475006104,29.5149993896,6156400
2022-02-23T05:00:00.000Z,30.3050003052,30.8400001526,28.5699996948,28.7175006866,5393200
2022-02-24T05:00:00.000Z,26.3824996948,31.4274997711,26.0300006866,31.1450004578,9024800
2022-02-25T05:00:00.000Z,30.8924999237,31.2425003052,29.1224994659,29.6450004578,6841200
2022-02-28T05:00:00.000Z,30.25,31.5725002289,29.2224998474,30.8349990845,6458000
2022-03-01T05:00:00.000Z,30.5475006104,31.4675006866,29.5874996185,29.7549991608,4384000
2022-03-02T05:00:00.000Z,29.875,30.6674995422,29.0925006866,30.4925003052,5242800
2022-03-03T05:00:00.000Z,30.7399997711,30.9349994659,29.3075008392,29.6025009155,4382400
2022-03-04T05:00:00.000Z,29.5025005341,30.1275005341,27.6450004578,27.9150009155,5911200
2022-03-07T05:00:00.000Z,28.75,28.75,24.0249996185,24.8374996185,12591600
2022-03-08T05:00:00.000Z,25.2574996948,27.2474994659,24.2724990845,25.7525005341,8536000
2022-03-09T05:00:00.000Z,26.7450008392,27.2150001526,25.875,26.3024997711,5598400
2022-03-10T05:00:00.000Z,25.9799995422,26.0149993896,24.5625,25.1399993896,5582000
2022-03-11T05:00:00.000Z,25.6650009155,25.7250003815,23.1725006104,23.1725006104,8822000
2022-03-14T04:00:00.000Z,23.3575000763,23.5799999237,19.3950004578,19.5275001526,18134400
2022-03-15T04:00:00.000Z,20.5249996185,21.8899993896,19.6700000763,20.6599998474,14115200
2022-03-16T04:00:00.000Z,21.2775001526,22.5025005341,20.5,21.7150001526,10615600
2022-03-17T04:00:00.000Z,21.2749996185,22.3950004578,20.8624992371,21.9249992371,13796400
2022-03-18T04:00:00.000Z,19.9349994659,24.3624992371,19.7250003815,22.6975002289,35688400
2022-03-21T04:00:00.000Z,22.5,24.8500003815,22.4400005341,23.5499992371,15812400
2022-03-22T04:00:00.000Z,23.8500003815,31.4475002289,23.6124992371,30.7849998474,60068800
2022-03-23T04:00:00.000Z,32.5,37.7324981689,31.6375007629,35.25,98399200
2022-03-24T04:00:00.000Z,33.5024986267,35.8699989319,31.6900005341,35.5974998474,36400800
2022-03-25T04:00:00.000Z,35.0099983215,39.5400009155,34.5499992371,37.9874992371,53535600
2022-03-28T04:00:00.000Z,37.9949989319,47.7099990845,37.8849983215,47.3974990845,65266000
2022-03-29T04:00:00.000Z,47.0600013733,49.8525009155,40.75,44.9749984741,72046000
2022-03-30T04:00:00.000Z,43.75,45.8349990845,41.25,41.7125015259,36676800
2022-03-31T04:00:00.000Z,40.7750015259,43.9375,39.6274986267,41.6450004578,44968800
2022-04-01T04:00:00.000Z,47.2249984741,47.4425010681,38.8149986267,41.25,52758400
2022-04-04T04:00:00.000Z,41.7449989319,43.3100013733,39.1274986267,42.6824989319,18519200
2022-04-05T04:00:00.000Z,42.0,42.1074981689,38.0,38.3974990845,15825200
2022-04-06T04:00:00.000Z,37.7524986267,39.8224983215,37.4249992371,39.1599998474,16268000
2022-04-07T04:00:00.000Z,38.5275001526,39.1749992371,35.3925018311,37.5,15311200
2022-04-08T04:00:00.000Z,37.2724990845,37.6775016785,35.5074996948,36.5475006104,10371600
2022-04-11T04:00:00.000Z,35.7599983215,37.0550003052,35.1525001526,36.7324981689,9812000
2022-04-12T04:00:00.000Z,36.625,38.0625,35.4174995422,36.2174987793,7996400
2022-04-13T04:00:00.000Z,36.0250015259,38.0325012207,35.5050010681,37.6749992371,8032800
2022-04-14T04:00:00.000Z,37.3175010681,39.125,36.8050003052,37.6925010681,10002400
2022-04-18T04:00:00.000Z,37.5,37.8100013733,34.3100013733,35.3650016785,9871200
2022-04-19T04:00:00.000Z,35.7125015259,38.2449989319,34.9650001526,38.1175003052,9416800
2022-04-20T04:00:00.000Z,38.0,38.0825004578,36.6624984741,37.2125015259,4648000
2022-04-21T04:00:00.000Z,37.5,38.2799987793,34.9775009155,35.3899993896,6737600
2022-04-22T04:00:00.000Z,35.6375007629,36.5750007629,33.8875007629,34.5550003052,6278400
2022-04-25T04:00:00.000Z,33.8525009155,34.9275016785,33.3199996948,33.9874992371,6139200
2022-04-26T04:00:00.000Z,33.9099998474,34.2000007629,31.5400009155,31.8999996185,6182800
2022-04-27T04:00:00.000Z,31.8174991608,33.1699981689,31.1450004578,32.4599990845,5223600
2022-04-28T04:00:00.000Z,32.5699996948,33.1500015259,30.125,32.3274993896,7070000
2022-04-29T04:00:00.000Z,31.8250007629,32.7224998474,30.7525005341,31.2674999237,5143600
2022-05-02T04:00:00.000Z,30.9125003815,31.3474998474,28.1749992371,29.8924999237,10172000
2022-05-03T04:00:00.000Z,29.6200008392,31.1075000763,28.6049995422,30.1075000763,7312800
2022-05-04T04:00:00.000Z,29.8024997711,31.9375,28.9300003052,31.7700004578,6651200
2022-05-05T04:00:00.000Z,30.9850006104,31.1700000763,28.7800006866,29.7824993134,7015600
2022-05-06T04:00:00.000Z,29.3199996948,30.1399993896,27.5575008392,28.6749992371,7161600
2022-05-09T04:00:00.000Z,27.6949996948,27.6949996948,24.5200004578,24.6975002289,13264800
2022-05-10T04:00:00.000Z,25.7450008392,26.5149993896,22.0,23.375,16603200
2022-05-11T04:00:00.000Z,23.3675003052,23.8174991608,20.0,20.3325004578,16681200
2022-05-12T04:00:00.000Z,20.7600002289,27.0149993896,19.4424991608,22.3924999237,40139600
2022-05-13T04:00:00.000Z,24.75,26.6949996948,23.7600002289,24.5974998474,23930800
2022-05-16T04:00:00.000Z,24.7000007629,24.7950000763,22.6949996948,22.9500007629,11582000
2022-05-17T04:00:00.000Z,23.4750003815,25.0949993134,22.7999992371,25.0949993134,10444800
2022-05-18T04:00:00.000Z,24.0949993134,24.9599990845,22.5424995422,22.8700008392,11560000
2022-05-19T04:00:00.000Z,22.8050003052,25.4950008392,22.5400009155,24.7975006104,12720400
2022-05-20T04:00:00.000Z,24.9524993896,25.6025009155,22.4375,23.9150009155,9972000
2022-05-23T04:00:00.000Z,24.1424999237,24.3199996948,22.875,24.0324993134,6994000
2022-05-24T04:00:00.000Z,23.5125007629,23.5499992371,21.6749992371,22.2875003815,8879600
2022-05-25T04:00:00.000Z,22.5349998474,28.8675003052,22.5349998474,28.7924995422,40060000
2022-05-26T04:00:00.000Z,29.0,37.1150016785,28.6749992371,32.1150016785,57892400
2022-05-27T04:00:00.000Z,35.25,35.9249992371,31.75,34.3025016785,30045200
2022-05-31T04:00:00.000Z,34.3025016785,34.9824981689,30.1299991608,31.1849994659,19084400
2022-06-01T04:00:00.000Z,30.7049999237,32.3974990845,29.2525005341,30.3500003815,14991600
2022-06-02T04:00:00.000Z,29.75,34.125,28.8899993896,33.5,27918800
2022-06-03T04:00:00.000Z,32.5,34.5250015259,31.0575008392,33.4249992371,18234400
2022-06-06T04:00:00.000Z,33.8250007629,34.0250015259,31.7625007629,32.0250015259,9532800
2022-06-07T04:00:00.000Z,32.5,37.4724998474,31.5825004578,36.625,24967600
2022-06-08T04:00:00.000Z,35.3474998474,38.25,33.9575004578,34.6824989319,24473600
2022-06-09T04:00:00.000Z,34.6974983215,34.9749984741,31.8349990845,32.2449989319,13114400
2022-06-10T04:00:00.000Z,31.5,32.9824981689,30.7849998474,32.2724990845,11820000
2022-06-13T04:00:00.000Z,30.1275005341,31.1424999237,28.5750007629,29.5625,13792800
2022-06-14T04:00:00.000Z,29.3924999237,32.0,29.0249996185,31.5424995422,12739200
2022-06-15T04:00:00.000Z,31.2374992371,32.9900016785,30.9099998474,32.3224983215,10764400
2022-06-16T04:00:00.000Z,31.2350006104,32.3224983215,30.1450004578,31.4325008392,9995200
2022-06-17T04:00:00.000Z,31.7150001526,33.9650001526,31.5799999237,33.7849998474,12340800
2022-06-21T04:00:00.000Z,34.5550003052,36.3499984741,33.8800010681,35.0699996948,12512400
2022-06-22T04:00:00.000Z,34.6674995422,36.1824989319,34.1074981689,34.6150016785,7838000
2022-06-23T04:00:00.000Z,35.4099998474,35.9975013733,34.1824989319,35.5050010681,6682800
2022-06-24T04:00:00.000Z,35.75,37.0924987793,32.8824996948,33.8025016785,16995600
2022-06-27T04:00:00.000Z,34.1175003052,34.2625007629,31.8250007629,32.4225006104,9745600
2022-06-28T04:00:00.000Z,32.7524986267,32.8325004578,30.5699996948,31.0949993134,6610000
2022-06-29T04:00:00.000Z,30.3875007629,31.6224994659,29.8974990845,30.7150001526,6826400
2022-06-30T04:00:00.000Z,29.8425006866,31.6474990845,29.4400005341,30.5750007629,6718800
2022-07-01T04:00:00.000Z,30.2824993134,31.2924995422,29.8225002289,30.8549995422,6617200
2022-07-05T04:00:00.000Z,30.375,30.6200008392,29.7525005341,30.0575008392,6036000
2022-07-06T04:00:00.000Z,30.1725006104,30.5699996948,28.3425006866,29.3575000763,9988800
2022-07-07T04:00:00.000Z,31.1224994659,33.875,30.4524993896,33.7799987793,30313600
2022-07-08T04:00:00.000Z,31.6650009155,33.1674995422,30.6275005341,32.1349983215,13199600
2022-07-11T04:00:00.000Z,32.1399993896,32.9350013733,31.1625003815,32.5224990845,7532800
2022-07-12T04:00:00.000Z,32.7000007629,35.6474990845,31.8150005341,34.2799987793,16899600
2022-07-13T04:00:00.000Z,33.75,36.3375015259,33.75,35.3199996948,13703600
2022-07-14T04:00:00.000Z,34.7975006104,37.9874992371,34.0499992371,34.0499992371,20970400
2022-07-15T04:00:00.000Z,34.8600006104,35.5924987793,33.5074996948,35.4099998474,9832400
2022-07-18T04:00:00.000Z,36.25,37.4000015259,35.7750015259,36.6599998474,11155200
2022-07-19T04:00:00.000Z,37.4350013733,39.2099990845,36.5875015259,37.9249992371,12828000
2022-07-20T04:00:00.000Z,38.5,40.4075012207,38.3499984741,39.6875,11400400
2022-07-21T04:00:00.000Z,39.9300003052,40.0,37.2900009155,38.3675003052,9277600
2022-07-22T04:00:00.000Z,36.8800010681,38.7000007629,34.9300003052,35.7799987793,10060200
2022-07-25T04:00:00.000Z,35.0,35.5099983215,33.25,33.9799995422,5686300
2022-07-26T04:00:00.000Z,32.8699989319,33.3100013733,32.0999984741,32.4300003052,4866100
2022-07-27T04:00:00.000Z,32.9599990845,34.1199989319,32.1599998474,33.7799987793,4251200
2022-07-28T04:00:00.000Z,33.3899993896,34.4300003052,32.6599998474,33.8400001526,3207400
2022-07-29T04:00:00.000Z,33.6800003052,34.7900009155,33.0600013733,34.0099983215,3988800
2022-08-01T04:00:00.000Z,33.7999992371,35.7099990845,33.7700004578,34.7799987793,4196600
2022-08-02T04:00:00.000Z,35.9000015259,36.7999992371,35.1199989319,35.8400001526,4697100
2022-08-03T04:00:00.000Z,36.2200012207,38.0099983215,36.0,37.9300003052,5186500
2022-08-04T04:00:00.000Z,38.3400001526,39.8899993896,37.8899993896,38.3600006104,5421500
2022-08-05T04:00:00.000Z,37.3699989319,40.4300003052,36.5600013733,40.0200004578,8124200
2022-08-08T04:00:00.000Z,41.2900009155,47.9900016785,40.75,43.4500007629,17987100
2022-08-09T04:00:00.000Z,42.1399993896,43.1899986267,39.0,40.3699989319,6954200
2022-08-10T04:00:00.000Z,42.0,42.0,38.6300010681,40.5299987793,5434700
2022-08-11T04:00:00.000Z,40.9099998474,41.9700012207,39.3499984741,39.4500007629,5140500
2022-08-12T04:00:00.000Z,40.0,41.4300003052,39.1500015259,40.7400016785,5120000
2022-08-15T04:00:00.000Z,39.75,40.3899993896,38.8100013733,39.6800003052,5243100
2022-08-16T04:00:00.000Z,39.1699981689,45.5299987793,38.5999984741,42.1899986267,23602800
2022-08-17T04:00:00.000Z,42.1800003052,44.3600006104,40.4099998474,40.5200004578,9766400
2022-08-18T04:00:00.000Z,39.2700004578,40.0699996948,37.3400001526,37.9300003052,8145400
2022-08-19T04:00:00.000Z,35.1800003052,37.1899986267,34.6699981689,36.4900016785,9551900
2022-08-22T04:00:00.000Z,34.3100013733,36.2000007629,34.2000007629,34.5,5798600
2022-08-23T04:00:00.000Z,34.7000007629,34.9900016785,33.4500007629,33.5299987793,4836300
2022-08-24T04:00:00.000Z,34.0,34.9399986267,32.4399986267,32.5,5620300
2022-08-25T04:00:00.000Z,32.8400001526,32.8899993896,31.5,31.9599990845,4726300
2022-08-26T04:00:00.000Z,31.5,32.3800010681,30.6299991608,30.9400005341,4297300
2022-08-29T04:00:00.000Z,30.4799995422,32.75,30.3799991608,31.5499992371,4292700
2022-08-30T04:00:00.000Z,31.6200008392,31.8700008392,29.4200000763,29.8400001526,5060200
2022-08-31T04:00:00.000Z,29.25,29.9599990845,28.2600002289,28.6399993896,5157000
2022-09-01T04:00:00.000Z,28.0,28.9099998474,26.9500007629,27.6299991608,5293900
2022-09-02T04:00:00.000Z,28.2600002289,28.7399997711,26.9300003052,27.3600006104,4680100
2022-09-06T04:00:00.000Z,25.75,26.7199993134,24.6700000763,25.1399993896,7010200
2022-09-07T04:00:00.000Z,24.7299995422,25.1900005341,23.4200000763,24.0400009155,12504700
2022-09-08T04:00:00.000Z,25.0,26.7399997711,24.0699996948,25.8299999237,14142200
2022-09-09T04:00:00.000Z,26.2999992371,29.0799999237,26.1000003815,28.9200000763,7899800
2022-09-12T04:00:00.000Z,29.0300006866,30.3400001526,28.0,29.2399997711,6175200
2022-09-13T04:00:00.000Z,27.3999996185,28.6100006104,27.3199996948,27.8500003815,3657200
2022-09-14T04:00:00.000Z,27.5599994659,28.4500007629,26.6499996185,28.1299991608,3605800
2022-09-15T04:00:00.000Z,27.8600006104,29.0699996948,27.8600006104,28.6100006104,3329500
2022-09-16T04:00:00.000Z,28.3299999237,28.7999992371,27.7800006866,28.6399993896,4656000
2022-09-19T04:00:00.000Z,28.3400001526,29.6499996185,28.1499996185,28.9599990845,3404000
2022-09-20T04:00:00.000Z,29.2800006866,29.3299999237,27.1800003052,27.5400009155,3145900
2022-09-21T04:00:00.000Z,27.4500007629,28.9899997711,26.7700004578,26.8600006104,3859200
2022-09-22T04:00:00.000Z,27.1700000763,27.2700004578,24.3799991608,24.7000007629,4346500
2022-09-23T04:00:00.000Z,24.1499996185,25.1499996185,24.0599994659,25.0400009155,3622400
2022-09-26T04:00:00.000Z,24.6599998474,25.8700008392,24.1200008392,24.4799995422,3440300
2022-09-27T04:00:00.000Z,25.4699993134,26.3899993896,25.1299991608,26.1299991608,4487200
2022-09-28T04:00:00.000Z,25.8899993896,27.5,25.6200008392,27.3099994659,2630100
2022-09-29T04:00:00.000Z,27.0799999237,27.6900005341,24.6900005341,25.4599990845,4118200
2022-09-30T04:00:00.000Z,25.0300006866,25.8199996948,24.4400005341,25.1299991608,3148300
2022-10-03T04:00:00.000Z,25.1399993896,25.6299991608,24.2099990845,25.3799991608,2653900
2022-10-04T04:00:00.000Z,25.9500007629,27.8299999237,25.9500007629,27.6000003815,4581900
2022-10-05T04:00:00.000Z,26.7700004578,26.9799995422,25.4300003052,26.3899993896,2986400
2022-10-06T04:00:00.000Z,26.2900009155,27.0,25.7999992371,25.9899997711,2418700
2022-10-07T04:00:00.000Z,25.8400001526,25.8400001526,24.4200000763,25.3500003815,3270600
2022-10-10T04:00:00.000Z,25.3700008392,26.5,24.75,25.0,2917600
2022-10-11T04:00:00.000Z,24.8700008392,26.2999992371,23.9500007629,25.2700004578,4195900
2022-10-12T04:00:00.000Z,25.9599990845,26.8899993896,25.2700004578,25.3600006104,3284400
2022-10-13T04:00:00.000Z,24.4200000763,26.5900001526,23.9099998474,25.5599994659,3516200
2022-10-14T04:00:00.000Z,25.7700004578,26.3700008392,24.6299991608,24.6299991608,2773500
2022-10-17T04:00:00.000Z,25.3700008392,26.4099998474,25.2399997711,25.9599990845,3172200
2022-10-18T04:00:00.000Z,27.1000003815,27.7399997711,26.1299991608,26.6700000763,4402600
2022-10-19T04:00:00.000Z,26.0,26.1800003052,24.2700004578,24.5400009155,5318400
2022-10-20T04:00:00.000Z,24.6499996185,25.4500007629,24.0699996948,24.4099998474,5148600
2022-10-21T04:00:00.000Z,24.1499996185,25.3299999237,24.1000003815,25.2999992371,3036300
2022-10-24T04:00:00.000Z,25.0,25.1900005341,24.1100006104,24.7099990845,3114300
2022-10-25T04:00:00.000Z,24.8199996948,27.7900009155,24.7999992371,26.8700008392,7791600
2022-10-26T04:00:00.000Z,26.3700008392,27.4799995422,25.3199996948,25.4200000763,3858200
2022-10-27T04:00:00.000Z,25.75,26.3299999237,25.2000007629,25.9300003052,2422900
2022-10-28T04:00:00.000Z,26.8799991608,28.7900009155,26.4200000763,28.1700000763,8089600
2022-10-31T04:00:00.000Z,31.2199993134,34.9900016785,27.9099998474,28.3099994659,24027600
2022-11-01T04:00:00.000Z,29.3999996185,29.6900005341,27.6200008392,28.3899993896,5147500
2022-11-02T04:00:00.000Z,27.8999996185,28.75,26.5,26.6200008392,4143900
2022-11-03T04:00:00.000Z,26.0,27.2900009155,26.0,26.2900009155,3384400
2022-11-04T04:00:00.000Z,26.6000003815,27.0300006866,25.3400001526,26.5100002289,4138000
2022-11-07T05:00:00.000Z,26.25,26.2999992371,24.7999992371,25.7600002289,3303600
2022-11-08T05:00:00.000Z,25.3299999237,25.8500003815,24.1100006104,25.1399993896,4695100
2022-11-09T05:00:00.000Z,24.5499992371,24.6700000763,21.8899993896,23.1100006104,8464800
2022-11-10T05:00:00.000Z,24.6200008392,25.7000007629,23.9099998474,24.8799991608,6107000
2022-11-11T05:00:00.000Z,24.7800006866,26.1200008392,24.1499996185,26.1000003815,3986200
2022-11-14T05:00:00.000Z,26.2999992371,27.3799991608,25.6100006104,26.0499992371,4352200
2022-11-15T05:00:00.000Z,26.5900001526,28.2399997711,26.2700004578,27.5900001526,5392000
2022-11-16T05:00:00.000Z,26.6200008392,27.3500003815,26.3700008392,27.1399993896,2452300
2022-11-17T05:00:00.000Z,26.2999992371,27.7600002289,26.1499996185,27.7600002289,2477700
2022-11-18T05:00:00.000Z,28.1599998474,28.7000007629,26.8299999237,27.6000003815,3087400
2022-11-21T05:00:00.000Z,26.6599998474,27.8299999237,24.8600006104,25.1599998474,4443300
2022-11-22T05:00:00.000Z,25.1299991608,26.4500007629,24.7000007629,26.2999992371,4240400
2022-11-23T05:00:00.000Z,25.9200000763,27.1399993896,25.9200000763,26.7000007629,2737500
2022-11-25T05:00:00.000Z,26.5,27.0499992371,26.1399993896,26.1700000763,1122700
2022-11-28T05:00:00.000Z,25.7900009155,26.4400005341,25.2099990845,25.2900009155,2440900
2022-11-29T05:00:00.000Z,25.5799999237,26.3500003815,25.3199996948,25.6000003815,2029500
2022-11-30T05:00:00.000Z,25.8999996185,26.2299995422,24.9099998474,26.2099990845,3731100
2022-12-01T05:00:00.000Z,26.0,27.5,25.1800003052,26.6000003815,7615200
2022-12-02T05:00:00.000Z,26.25,27.8700008392,26.1100006104,27.5200004578,4577200
2022-12-05T05:00:00.000Z,27.3099994659,27.4799995422,25.4400005341,25.5599994659,4973700
2022-12-06T05:00:00.000Z,25.4099998474,25.5799999237,23.1100006104,23.3899993896,7699300
2022-12-07T05:00:00.000Z,23.3999996185,23.6100006104,21.9699993134,22.2600002289,10078200
2022-12-08T05:00:00.000Z,22.0,25.0,21.9699993134,24.7900009155,10252000
2022-12-09T05:00:00.000Z,24.5900001526,24.5900001526,22.5900001526,22.6299991608,5326700
2022-12-12T05:00:00.000Z,22.6599998474,23.1499996185,22.1800003052,22.6700000763,3750800
2022-12-13T05:00:00.000Z,23.5499992371,23.7000007629,20.8299999237,21.0,6305600
2022-12-14T05:00:00.000Z,21.1900005341,22.0,21.0100002289,21.0499992371,4604800
2022-12-15T05:00:00.000Z,20.7399997711,21.4400005341,20.2399997711,20.5799999237,6444500
2022-12-16T05:00:00.000Z,20.4799995422,21.1200008392,20.0100002289,20.7999992371,9379700
2022-12-19T05:00:00.000Z,20.5499992371,20.8899993896,19.5900001526,19.9200000763,3700600
2022-12-20T05:00:00.000Z,19.8600006104,21.3199996948,19.6200008392,20.2600002289,4479000
2022-12-21T05:00:00.000Z,20.3999996185,20.8999996185,20.1800003052,20.5599994659,2793600
2022-12-22T05:00:00.000Z,20.5,20.5,18.5,19.8099994659,5343100
2022-12-23T05:00:00.000Z,20.0,20.6299991608,19.6499996185,20.0799999237,3174800
2022-12-27T05:00:00.000Z,19.9099998474,19.9899997711,18.0,18.2000007629,4233000
2022-12-28T05:00:00.000Z,18.2900009155,18.7000007629,16.9799995422,17.9200000763,5672000
2022-12-29T05:00:00.000Z,18.1200008392,18.5699996948,17.75,18.3299999237,3442800
2022-12-30T05:00:00.000Z,17.9500007629,18.5799999237,17.8999996185,18.4599990845,2669500
2023-01-03T05:00:00.000Z,18.6399993896,19.2600002289,17.0900001526,17.2000007629,5135200
2023-01-04T05:00:00.000Z,17.25,17.9300003052,16.8999996185,17.3199996948,3939300
2023-01-05T05:00:00.000Z,17.0599994659,17.2600002289,15.8900003433,16.2199993134,6066200
2023-01-06T05:00:00.000Z,16.0,16.5699996948,15.4099998474,16.4599990845,4823400
2023-01-09T05:00:00.000Z,16.6499996185,17.1299991608,16.3600006104,16.3799991608,3522600
2023-01-10T05:00:00.000Z,16.2999992371,18.0900001526,16.25,17.7700004578,4402800
2023-01-11T05:00:00.000Z,18.1900005341,20.0499992371,17.8600006104,19.0400009155,8405800
2023-01-12T05:00:00.000Z,19.0400009155,20.6299991608,18.3400001526,20.6299991608,5877300
2023-01-13T05:00:00.000Z,19.8799991608,21.1100006104,19.7999992371,20.4899997711,5494400
2023-01-17T05:00:00.000Z,20.4899997711,21.9400005341,20.3700008392,21.7999992371,5407900
2023-01-18T05:00:00.000Z,22.0100002289,22.1499996185,20.5,20.7900009155,5632200
2023-01-19T05:00:00.000Z,20.4400005341,20.4500007629,18.8199996948,19.0400009155,4519200
2023-01-20T05:00:00.000Z,19.0499992371,20.0699996948,18.8999996185,19.6100006104,3564300
2023-01-23T05:00:00.000Z,19.5,22.4899997711,19.3700008392,21.6599998474,7181500
2023-01-24T05:00:00.000Z,21.2999992371,22.0900001526,21.0,21.3999996185,2381600
2023-01-25T05:00:00.000Z,20.5900001526,20.8400001526,19.5300006866,20.2299995422,3515800
2023-01-26T05:00:00.000Z,20.6100006104,21.1700000763,19.3799991608,20.0100002289,3520000
2023-01-27T05:00:00.000Z,19.7999992371,23.3099994659,19.4099998474,22.8199996948,11897200
2023-01-30T05:00:00.000Z,22.5,23.4799995422,21.1299991608,21.25,4950600
2023-01-31T05:00:00.000Z,21.4099998474,22.0499992371,21.2999992371,21.8700008392,3128400
2023-02-01T05:00:00.000Z,21.4899997711,22.1200008392,20.5499992371,21.8299999237,4517200
2023-02-02T05:00:00.000Z,22.4400005341,24.3999996185,22.2199993134,22.7000007629,7655700
2023-02-03T05:00:00.000Z,22.0100002289,23.9300003052,21.7999992371,22.25,4935900
2023-02-06T05:00:00.000Z,21.8799991608,24.8799991608,21.7700004578,23.8600006104,8708400
2023-02-07T05:00:00.000Z,23.0,23.0499992371,20.5,21.2199993134,9093700
2023-02-08T05:00:00.000Z,21.4300003052,21.5499992371,20.6100006104,21.1000003815,2846400
2023-02-09T05:00:00.000Z,21.25,21.6499996185,19.6700000763,19.6700000763,4497400
2023-02-10T05:00:00.000Z,19.5599994659,20.0400009155,19.0499992371,19.2700004578,2902700
2023-02-13T05:00:00.000Z,19.2999992371,19.9400005341,19.0100002289,19.6900005341,2299300
2023-02-14T05:00:00.000Z,19.3099994659,20.0100002289,19.1000003815,19.8700008392,2746300
2023-02-15T05:00:00.000Z,19.7999992371,21.7999992371,19.5900001526,21.7999992371,7137800
2023-02-16T05:00:00.000Z,21.25,22.4200000763,20.8500003815,21.6000003815,3879000
2023-02-17T05:00:00.000Z,21.2700004578,22.0699996948,21.1499996185,21.9899997711,2851000
2023-02-21T05:00:00.000Z,21.3299999237,21.8299999237,20.6299991608,20.6599998474,3100300
2023-02-22T05:00:00.000Z,20.5300006866,21.1900005341,20.3299999237,20.5200004578,2164900
2023-02-23T05:00:00.000Z,20.6599998474,20.8700008392,19.5300006866,20.1399993896,2862000
2023-02-24T05:00:00.000Z,19.7099990845,20.0799999237,19.5400009155,19.5400009155,2277600
2023-02-27T05:00:00.000Z,19.6100006104,19.7000007629,18.8899993896,19.1000003815,4006700
2023-02-28T05:00:00.000Z,19.0599994659,19.5200004578,18.9500007629,19.2299995422,3373800
2023-03-01T05:00:00.000Z,18.9200000763,19.0900001526,18.1399993896,18.1499996185,4210100
2023-03-02T05:00:00.000Z,18.1499996185,18.3999996185,17.6200008392,18.1900005341,2622100
2023-03-03T05:00:00.000Z,18.1900005341,19.1000003815,18.1000003815,18.7000007629,2505500
2023-03-06T05:00:00.000Z,18.5200004578,19.5,18.5200004578,18.6499996185,2815300
2023-03-07T05:00:00.000Z,18.5400009155,18.8400001526,18.0599994659,18.0599994659,2375300
2023-03-08T05:00:00.000Z,18.0499992371,18.3799991608,17.6299991608,18.1700000763,3277800
2023-03-09T05:00:00.000Z,18.0699996948,18.3799991608,17.4799995422,17.5200004578,2652600
2023-03-10T05:00:00.000Z,17.5300006866,17.7700004578,16.8500003815,17.25,2845500
2023-03-13T04:00:00.000Z,16.7700004578,17.3500003815,16.5200004578,16.75,2959100
2023-03-14T04:00:00.000Z,17.3700008392,17.4099998474,16.3999996185,16.9099998474,3077400
2023-03-15T04:00:00.000Z,16.5,16.6900005341,15.6999998093,15.9499998093,4541500
2023-03-16T04:00:00.000Z,16.0,16.7700004578,15.529999733,16.7600002289,4083000
2023-03-17T04:00:00.000Z,16.6200008392,16.7199993134,15.9200000763,16.6000003815,5105500
2023-03-20T04:00:00.000Z,16.6499996185,17.2700004578,16.25,16.8700008392,4463700
2023-03-21T04:00:00.000Z,17.1499996185,18.3500003815,17.1399993896,17.6499996185,15882900
2023-03-22T04:00:00.000Z,26.6000003815,27.0,23.0499992371,23.8700008392,66764700
2023-03-23T04:00:00.000Z,22.5699996948,24.5900001526,22.1299991608,22.5799999237,11168900
2023-03-24T04:00:00.000Z,22.3199996948,23.9899997711,22.1000003815,23.9799995422,8756400
2023-03-27T04:00:00.000Z,23.9899997711,24.0100002289,22.6900005341,23.0,4580800
2023-03-28T04:00:00.000Z,22.9699993134,23.5400009155,22.2199993134,23.1499996185,5711700
2023-03-29T04:00:00.000Z,23.0799999237,23.7000007629,22.2199993134,22.4599990845,4161400
2023-03-30T04:00:00.000Z,22.6000003815,22.8299999237,22.1100006104,22.5,3477600
2023-03-31T04:00:00.000Z,22.3500003815,23.0699996948,22.1499996185,23.0200004578,3880300
2023-04-03T04:00:00.000Z,22.9400005341,23.8500003815,22.6599998474,23.1700000763,4274500
2023-04-04T04:00:00.000Z,22.75,23.1399993896,22.0900001526,22.3500003815,3421500
2023-04-05T04:00:00.000Z,22.4699993134,22.4699993134,21.2299995422,22.0699996948,3638100
2023-04-06T04:00:00.000Z,22.0,22.6700000763,21.7700004578,22.3999996185,2506900
2023-04-10T04:00:00.000Z,21.8500003815,22.4300003052,21.8199996948,22.3700008392,2176100
2023-04-11T04:00:00.000Z,22.5699996948,23.1700000763,22.4200000763,22.6900005341,2540000
2023-04-12T04:00:00.000Z,22.8999996185,23.2800006866,22.2600002289,22.2600002289,2141100
2023-04-13T04:00:00.000Z,22.5,22.8500003815,22.3299999237,22.5499992371,1803900
2023-04-14T04:00:00.000Z,22.7399997711,23.25,22.3199996948,22.4599990845,2312400
2023-04-17T04:00:00.000Z,22.2700004578,22.6800003052,22.1399993896,22.2800006866,2066600
2023-04-18T04:00:00.000Z,22.1399993896,22.3199996948,21.5,21.6100006104,2748700
2023-04-19T04:00:00.000Z,21.2800006866,21.8700008392,20.9599990845,21.3099994659,2539500
2023-04-20T04:00:00.000Z,20.8799991608,21.5699996948,20.0599994659,20.2199993134,2977400
2023-04-21T04:00:00.000Z,20.2000007629,20.6200008392,20.1000003815,20.4899997711,2085900
2023-04-24T04:00:00.000Z,20.1499996185,20.4099998474,19.8099994659,19.9300003052,2742400
2023-04-25T04:00:00.000Z,19.7399997711,20.0400009155,18.9099998474,19.0,2560800
2023-04-26T04:00:00.000Z,18.9799995422,19.2299995422,18.6499996185,18.6499996185,2287600
2023-04-27T04:00:00.000Z,18.75,19.3400001526,18.7199993134,18.9400005341,2238900
2023-04-28T04:00:00.000Z,18.9200000763,19.7199993134,18.8799991608,19.2900009155,2836600
2023-05-01T04:00:00.000Z,19.1599998474,19.25,18.4599990845,18.5499992371,2356600
2023-05-02T04:00:00.000Z,18.4500007629,18.5799999237,18.0599994659,18.5799999237,1918300
2023-05-03T04:00:00.000Z,18.5599994659,19.2000007629,18.5300006866,18.8999996185,3184000
2023-05-04T04:00:00.000Z,19.25,19.4799995422,18.9200000763,19.3500003815,2041800
2023-05-05T04:00:00.000Z,19.6200008392,20.8799991608,19.5100002289,20.4200000763,4357200
2023-05-08T04:00:00.000Z,20.4599990845,20.9899997711,20.0900001526,20.5100002289,2402800
2023-05-09T04:00:00.000Z,20.1599998474,20.6499996185,20.1200008392,20.2399997711,1522700
2023-05-10T04:00:00.000Z,20.4500007629,20.9599990845,20.3799991608,20.7600002289,2139900
2023-05-11T04:00:00.000Z,20.6900005341,21.1599998474,20.5100002289,20.8799991608,1652500
2023-05-12T04:00:00.000Z,20.8299999237,20.9799995422,20.2299995422,20.6900005341,2006100
2023-05-15T04:00:00.000Z,20.6200008392,21.6299991608,20.4899997711,21.6200008392,2602000
2023-05-16T04:00:00.000Z,21.5,22.1000003815,21.4200000763,21.9899997711,2498000
2023-05-17T04:00:00.000Z,21.9899997711,23.25,21.8999996185,22.8700008392,4573000
2023-05-18T04:00:00.000Z,22.8999996185,23.2999992371,22.6800003052,23.0499992371,2144400
2023-05-19T04:00:00.000Z,22.9400005341,22.9899997711,21.75,22.0599994659,2668200
2023-05-22T04:00:00.000Z,22.1000003815,24.3600006104,21.9899997711,24.2099990845,6251600
2023-05-23T04:00:00.000Z,23.8899993896,23.8999996185,22.7999992371,23.1599998474,3786500
2023-05-24T04:00:00.000Z,23.1299991608,23.5200004578,22.7299995422,23.2700004578,1901000
2023-05-25T04:00:00.000Z,23.5,23.6900005341,22.7099990845,23.3500003815,2494400
2023-05-26T04:00:00.000Z,23.4699993134,23.7099990845,23.0599994659,23.25,2261900
2023-05-30T04:00:00.000Z,23.3500003815,24.6900005341,23.2999992371,24.5699996948,5037800
2023-05-31T04:00:00.000Z,24.5100002289,24.7999992371,23.8799991608,24.0499992371,4265200
2023-06-01T04:00:00.000Z,24.0400009155,24.6599998474,23.7800006866,24.1000003815,3845000
2023-06-02T04:00:00.000Z,24.2900009155,24.9300003052,24.2800006866,24.6399993896,3300700
2023-06-05T04:00:00.000Z,24.5300006866,25.8400001526,24.1599998474,24.3099994659,4201900
2023-06-06T04:00:00.000Z,24.0100002289,25.25,24.0,24.6900005341,3984300
2023-06-07T04:00:00.000Z,26.2000007629,26.5499992371,25.0699996948,26.1100006104,18001100
2023-06-08T04:00:00.000Z,20.2999992371,22.0,20.1000003815,21.4400005341,19213300
2023-06-09T04:00:00.000Z,21.7800006866,23.4300003052,21.5,22.6800003052,10342600
2023-06-12T04:00:00.000Z,22.8500003815,24.2999992371,22.7399997711,24.2999992371,7131400
2023-06-13T04:00:00.000Z,26.2000007629,27.6499996185,25.0300006866,26.9500007629,17160600
2023-06-14T04:00:00.000Z,26.7199993134,27.0799999237,24.8999996185,25.7000007629,7243700
2023-06-15T04:00:00.000Z,25.4099998474,26.1700000763,24.6399993896,24.8400001526,5501800
2023-06-16T04:00:00.000Z,25.0200004578,25.1100006104,24.4200000763,24.5599994659,4443500
2023-06-20T04:00:00.000Z,24.4099998474,24.6499996185,23.7199993134,24.5799999237,3250700
2023-06-21T04:00:00.000Z,24.8400001526,25.1000003815,24.1000003815,24.4300003052,2404700
2023-06-22T04:00:00.000Z,24.1299991608,24.3299999237,23.7600002289,24.3199996948,1889600
2023-06-23T04:00:00.000Z,23.7800006866,24.1499996185,23.6800003052,23.7000007629,2261000
2023-06-26T04:00:00.000Z,23.3799991608,24.0300006866,22.9099998474,23.0200004578,2525200
2023-06-27T04:00:00.000Z,23.2900009155,23.6000003815,23.0,23.5799999237,2141500
2023-06-28T04:00:00.000Z,23.4400005341,25.1000003815,23.3999996185,24.9799995422,3493900
2023-06-29T04:00:00.000Z,24.9599990845,25.4699993134,24.6200008392,24.8999996185,3101000
2023-06-30T04:00:00.000Z,24.9699993134,25.1299991608,24.25,24.25,2803300
2023-07-03T04:00:00.000Z,24.2900009155,25.1100006104,24.2099990845,24.9099998474,1806600
2023-07-05T04:00:00.000Z,24.6399993896,24.8500003815,23.7900009155,23.8999996185,2263100
2023-07-06T04:00:00.000Z,23.5200004578,23.5699996948,22.8199996948,22.8299999237,2384600
2023-07-07T04:00:00.000Z,22.9699993134,23.5300006866,22.6700000763,22.7099990845,2447200
2023-07-10T04:00:00.000Z,22.6100006104,23.5599994659,22.0,23.5400009155,3318200
2023-07-11T04:00:00.000Z,23.2000007629,24.4400005341,23.2000007629,23.9099998474,3057100
2023-07-12T04:00:00.000Z,24.25,24.3099994659,23.4400005341,23.4400005341,1742200
2023-07-13T04:00:00.000Z,23.5400009155,23.9799995422,23.4200000763,23.4599990845,1912200
2023-07-14T04:00:00.000Z,23.4899997711,23.7199993134,22.9400005341,22.9699993134,2178800
2023-07-17T04:00:00.000Z,22.8799991608,23.3099994659,22.7000007629,22.8199996948,2026000
2023-07-18T04:00:00.000Z,22.7199993134,23.7999992371,22.6800003052,23.0799999237,2342000
2023-07-19T04:00:00.000Z,23.4200000763,23.5799999237,22.9599990845,23.1700000763,2250100
2023-07-20T04:00:00.000Z,23.0100002289,23.2199993134,22.6599998474,22.9099998474,2256700
2023-07-21T04:00:00.000Z,23.0499992371,23.2199993134,22.1599998474,22.1800003052,3167900
2023-07-24T04:00:00.000Z,22.4200000763,23.0400009155,22.2000007629,23.0400009155,2970400
2023-07-25T04:00:00.000Z,23.1000003815,23.1000003815,22.5300006866,22.8500003815,1672000
2023-07-26T04:00:00.000Z,22.7000007629,22.9899997711,22.4799995422,22.7000007629,1489200
2023-07-27T04:00:00.000Z,22.9400005341,23.4899997711,22.1299991608,22.2199993134,3370900
2023-07-28T04:00:00.000Z,22.0200004578,22.4899997711,21.7900009155,21.9300003052,2642100
2023-07-31T04:00:00.000Z,22.0,22.3799991608,21.8500003815,22.2000007629,1973400
2023-08-01T04:00:00.000Z,21.9500007629,22.0,21.2600002289,21.5,2567100
2023-08-02T04:00:00.000Z,21.1499996185,21.1499996185,20.3400001526,20.8299999237,2625800
2023-08-03T04:00:00.000Z,20.8799991608,21.1800003052,20.7399997711,20.9300003052,1318700
2023-08-04T04:00:00.000Z,20.9500007629,21.8899993896,20.8899993896,20.9799995422,2406000
2023-08-07T04:00:00.000Z,20.8999996185,21.2399997711,20.4799995422,21.0699996948,1441300
2023-08-08T04:00:00.000Z,20.7000007629,20.8999996185,20.2800006866,20.7399997711,1431300
2023-08-09T04:00:00.000Z,20.8500003815,20.8500003815,19.8199996948,19.9300003052,2929600
2023-08-10T04:00:00.000Z,20.0,20.2900009155,19.8700008392,20.1900005341,1432400
2023-08-11T04:00:00.000Z,20.0300006866,20.3799991608,19.9699993134,20.1900005341,1522900
2023-08-14T04:00:00.000Z,19.75,20.0100002289,19.0799999237,19.9599990845,3329300
2023-08-15T04:00:00.000Z,19.7700004578,19.7800006866,19.0900001526,19.3299999237,2290300
2023-08-16T04:00:00.000Z,19.1800003052,19.3400001526,18.5499992371,18.5900001526,3015600
2023-08-17T04:00:00.000Z,18.7900009155,18.8099994659,18.2999992371,18.3799991608,2056800
2023-08-18T04:00:00.000Z,18.1800003052,18.6599998474,18.1399993896,18.3600006104,2029100
2023-08-21T04:00:00.000Z,18.2999992371,18.8199996948,18.2000007629,18.4799995422,2864700
2023-08-22T04:00:00.000Z,18.6200008392,18.6200008392,17.25,17.2600002289,3782100
2023-08-23T04:00:00.000Z,17.25,17.3400001526,16.8799991608,16.8899993896,2909100
2023-08-24T04:00:00.000Z,16.9400005341,16.9799995422,16.1800003052,16.3600006104,3624500
2023-08-25T04:00:00.000Z,16.5,17.1800003052,16.4500007629,17.1299991608,3423500
2023-08-28T04:00:00.000Z,17.3500003815,18.1100006104,17.25,17.5699996948,3007400
2023-08-29T04:00:00.000Z,17.6000003815,18.5499992371,17.6000003815,18.2399997711,2709200
2023-08-30T04:00:00.000Z,18.2000007629,18.5200004578,17.9099998474,18.3700008392,1884500
2023-08-31T04:00:00.000Z,18.4099998474,19.4200000763,18.1499996185,18.5499992371,4674100
2023-09-01T04:00:00.000Z,18.6599998474,18.7299995422,18.3199996948,18.4200000763,2135900
2023-09-05T04:00:00.000Z,18.4500007629,19.3400001526,18.2600002289,19.2299995422,3781300
2023-09-06T04:00:00.000Z,19.0599994659,19.1499996185,18.4200000763,18.75,6107200
2023-09-07T04:00:00.000Z,19.1299991608,19.4799995422,17.6100006104,18.8899993896,5021300
2023-09-08T04:00:00.000Z,18.1499996185,18.5,17.3500003815,17.7099990845,4689200
2023-09-11T04:00:00.000Z,17.8500003815,17.8500003815,16.8999996185,17.0200004578,3543800
2023-09-12T04:00:00.000Z,17.5300006866,18.5,17.1900005341,17.2299995422,5179400
2023-09-13T04:00:00.000Z,17.3099994659,17.9300003052,17.2700004578,17.8099994659,3012600
2023-09-14T04:00:00.000Z,17.7999992371,18.5200004578,17.6000003815,18.3299999237,3078000
2023-09-15T04:00:00.000Z,18.3600006104,18.6100006104,18.1499996185,18.2199993134,6166600
2023-09-18T04:00:00.000Z,17.9899997711,18.1000003815,17.3500003815,17.5499992371,3694600
2023-09-19T04:00:00.000Z,17.5900001526,17.6399993896,17.1299991608,17.5200004578,2584200
2023-09-20T04:00:00.000Z,17.6299991608,17.9300003052,17.4500007629,17.5200004578,2129800
2023-09-21T04:00:00.000Z,17.2800006866,17.3199996948,16.6499996185,17.0200004578,2910700
2023-09-22T04:00:00.000Z,17.1800003052,17.3500003815,17.0,17.1800003052,2100300
2023-09-25T04:00:00.000Z,17.0,17.7199993134,16.8500003815,17.6700000763,2181200
2023-09-26T04:00:00.000Z,17.3799991608,17.8199996948,16.7800006866,16.7800006866,2726800
2023-09-27T04:00:00.000Z,16.8700008392,17.2600002289,16.8099994659,17.1499996185,1681300
2023-09-28T04:00:00.000Z,18.0200004578,18.1000003815,16.4400005341,16.8400001526,7431900
2023-09-29T04:00:00.000Z,17.0499992371,17.2600002289,16.3999996185,16.4599990845,3397000
2023-10-02T04:00:00.000Z,16.2999992371,16.3099994659,15.2600002289,15.3900003433,6087700
2023-10-03T04:00:00.000Z,15.2899999619,15.2899999619,14.5699996948,14.6000003815,4510300
2023-10-04T04:00:00.000Z,14.7700004578,14.9399995804,14.4399995804,14.8699998856,2586400
2023-10-05T04:00:00.000Z,14.6999998093,14.9799995422,14.5799999237,14.7100000381,1945100
2023-10-06T04:00:00.000Z,14.5900001526,15.2600002289,14.5799999237,15.0799999237,2467100
2023-10-09T04:00:00.000Z,14.7700004578,15.5,14.720000267,15.3999996185,2276300
2023-10-10T04:00:00.000Z,15.5,16.1900005341,15.3999996185,16.0,2915900
2023-10-11T04:00:00.000Z,16.0100002289,16.0900001526,15.7399997711,15.8199996948,2098200
2023-10-12T04:00:00.000Z,15.7700004578,15.8000001907,14.8199996948,15.0900001526,3180300
2023-10-13T04:00:00.000Z,14.9200000763,15.1099996567,14.779999733,14.9200000763,1823300
2023-10-16T04:00:00.000Z,14.8100004196,14.9300003052,14.1499996185,14.4300003052,3508600
2023-10-17T04:00:00.000Z,14.25,14.8299999237,14.1000003815,14.1199998856,3842400
2023-10-18T04:00:00.000Z,14.0,14.25,13.8100004196,13.8500003815,4045800
2023-10-19T04:00:00.000Z,13.8000001907,13.8500003815,12.8999996185,13.1599998474,5808000
2023-10-20T04:00:00.000Z,13.1800003052,13.8000001907,13.1199998856,13.4399995804,3661800
2023-10-23T04:00:00.000Z,13.279999733,13.5900001526,13.0399999619,13.4399995804,2785500
2023-10-24T04:00:00.000Z,13.5900001526,14.3000001907,13.5500001907,14.0399999619,3738300
2023-10-25T04:00:00.000Z,14.0100002289,14.0100002289,13.6099996567,13.7100000381,1967300
2023-10-26T04:00:00.000Z,13.7299995422,13.8000001907,13.4099998474,13.5,2036400
2023-10-27T04:00:00.000Z,13.5100002289,13.6199998856,13.0200004578,13.1199998856,2481700
2023-10-30T04:00:00.000Z,13.1499996185,13.2700004578,12.5900001526,12.8000001907,3475900
2023-10-31T04:00:00.000Z,12.8500003815,13.8999996185,12.8199996948,13.7700004578,4574600
2023-11-01T04:00:00.000Z,13.779999733,13.8000001907,13.0100002289,13.0100002289,3430100
2023-11-02T04:00:00.000Z,13.3699998856,13.6999998093,13.279999733,13.6400003433,3566600
2023-11-03T04:00:00.000Z,13.8999996185,14.3999996185,13.8299999237,13.8699998856,2966200
2023-11-06T05:00:00.000Z,13.9899997711,14.0500001907,13.4899997711,13.529999733,2164400
2023-11-07T05:00:00.000Z,13.470000267,13.7899999619,13.2299995422,13.6400003433,2354400
2023-11-08T05:00:00.000Z,13.5100002289,13.7600002289,13.279999733,13.279999733,1705600
2023-11-09T05:00:00.000Z,13.25,13.3199996948,12.6999998093,12.6999998093,2750100
2023-11-10T05:00:00.000Z,12.8100004196,12.970000267,12.3500003815,12.5399999619,3872400
2023-11-13T05:00:00.000Z,12.5,12.529999733,11.8299999237,12.1400003433,4318500
2023-11-14T05:00:00.000Z,12.75,13.3900003433,12.6899995804,12.8999996185,5187500
2023-11-15T05:00:00.000Z,13.1499996185,13.5,13.029999733,13.2700004578,4121600
2023-11-16T05:00:00.000Z,13.1400003433,13.1899995804,12.5200004578,12.529999733,3425800
2023-11-17T05:00:00.000Z,12.5200004578,13.0600004196,12.5200004578,13.029999733,3414200
2023-11-20T05:00:00.000Z,13.0,13.1999998093,12.8000001907,12.8000001907,2294900
2023-11-21T05:00:00.000Z,12.6499996185,12.720000267,12.2600002289,12.5500001907,3710100
2023-11-22T05:00:00.000Z,12.5600004196,12.7100000381,12.1899995804,12.2899999619,2358800
2023-11-24T05:00:00.000Z,12.220000267,12.4099998474,12.1800003052,12.1999998093,1232500
2023-11-27T05:00:00.000Z,12.1800003052,12.3299999237,11.8900003433,11.9099998474,3710600
2023-11-28T05:00:00.000Z,11.8999996185,13.5500001907,11.8900003433,13.4899997711,14192900
2023-11-29T05:00:00.000Z,15.4899997711,17.5599994659,14.6999998093,16.25,61172800
2023-11-30T05:00:00.000Z,16.2900009155,16.3299999237,14.3199996948,14.5500001907,16537200
2023-12-01T05:00:00.000Z,14.5200004578,15.9899997711,14.5,15.3000001907,13378700
2023-12-04T05:00:00.000Z,15.2899999619,17.4099998474,14.9099998474,16.9799995422,20098700
2023-12-05T05:00:00.000Z,16.4699993134,16.7199993134,14.8699998856,14.9099998474,14220100
2023-12-06T05:00:00.000Z,15.3599996567,15.6999998093,14.6400003433,14.8400001526,12691300
2023-12-07T05:00:00.000Z,13.7100000381,16.5200004578,13.5600004196,16.3600006104,19840700
2023-12-08T05:00:00.000Z,15.8299999237,16.4799995422,15.470000267,15.5500001907,10401400
2023-12-11T05:00:00.000Z,15.4499998093,15.6899995804,14.9799995422,15.0699996948,4961200
2023-12-12T05:00:00.000Z,15.1199998856,15.3599996567,14.8400001526,15.220000267,4210700
2023-12-13T05:00:00.000Z,15.220000267,16.7999992371,15.1899995804,16.6900005341,9086900
2023-12-14T05:00:00.000Z,17.1399993896,17.8799991608,16.7999992371,17.4400005341,10750700
2023-12-15T05:00:00.000Z,17.3999996185,17.5799999237,17.0100002289,17.2600002289,7119100
2023-12-18T05:00:00.000Z,17.2399997711,18.5100002289,17.1000003815,17.8600006104,7352200
2023-12-19T05:00:00.000Z,17.8899993896,18.5900001526,17.2299995422,17.7199993134,5447100
2023-12-20T05:00:00.000Z,17.5300006866,18.3799991608,16.8899993896,16.9300003052,5553000
2023-12-21T05:00:00.000Z,17.1900005341,17.3400001526,16.5900001526,16.9799995422,3975300
2023-12-22T05:00:00.000Z,16.7800006866,17.2000007629,16.4500007629,16.9699993134,3329900
2023-12-26T05:00:00.000Z,16.9799995422,17.4099998474,16.8199996948,17.3600006104,3079600
2023-12-27T05:00:00.000Z,17.4300003052,18.3700008392,17.3700008392,18.3700008392,4800100
2023-12-28T05:00:00.000Z,18.0499992371,18.3199996948,17.8500003815,18.0699996948,3574800
2023-12-29T05:00:00.000Z,18.0400009155,18.1599998474,17.4599990845,17.5300006866,4536700
2024-01-02T05:00:00.000Z,17.25,17.6000003815,16.5799999237,16.6700000763,4428000
2024-01-03T05:00:00.000Z,16.2999992371,16.8299999237,15.8999996185,16.6900005341,4193600
2024-01-04T05:00:00.000Z,16.5100002289,16.75,16.3099994659,16.3600006104,2671500
2024-01-05T05:00:00.000Z,16.1599998474,16.5200004578,15.9600000381,15.9600000381,2619200
2024-01-08T05:00:00.000Z,15.779999733,16.1200008392,15.6999998093,15.7899999619,3031100
2024-01-09T05:00:00.000Z,15.5900001526,15.6199998856,15.1199998856,15.1599998474,3105300
2024-01-10T05:00:00.000Z,15.1199998856,15.7600002289,14.970000267,15.7299995422,3191700
2024-01-11T05:00:00.000Z,15.6499996185,15.8000001907,15.2399997711,15.25,2992200
2024-01-12T05:00:00.000Z,15.3000001907,15.6199998856,14.7299995422,14.75,2479800
2024-01-16T05:00:00.000Z,14.6000003815,14.6199998856,13.9300003052,13.9799995422,3581200
2024-01-17T05:00:00.000Z,13.8599996567,14.1099996567,13.7100000381,14.0799999237,2706200
2024-01-18T05:00:00.000Z,14.1999998093,14.7700004578,14.0500001907,14.2899999619,3906000
2024-01-19T05:00:00.000Z,14.3599996567,14.6000003815,14.0900001526,14.5100002289,2396200
2024-01-22T05:00:00.000Z,14.5,15.1599998474,14.3000001907,14.8999996185,3606500
2024-01-23T05:00:00.000Z,15.0,15.0200004578,14.0500001907,14.1800003052,3495300
2024-01-24T05:00:00.000Z,14.279999733,14.3800001144,13.8199996948,13.9499998093,2513800
2024-01-25T05:00:00.000Z,13.970000267,14.5399999619,13.9200000763,14.5200004578,3635900
2024-01-26T05:00:00.000Z,14.4399995804,14.720000267,14.4099998474,14.4899997711,2288800
2024-01-29T05:00:00.000Z,14.5,14.8100004196,14.3199996948,14.779999733,2164200
2024-01-30T05:00:00.000Z,14.5399999619,14.8199996948,14.5100002289,14.5500001907,1652600
2024-01-31T05:00:00.000Z,14.3999996185,14.8299999237,14.220000267,14.2299995422,2684700
2024-02-01T05:00:00.000Z,14.3400001526,14.4200000763,14.0200004578,14.4200000763,2220200
2024-02-02T05:00:00.000Z,14.1499996185,14.9200000763,14.0799999237,14.7299995422,2924500
2024-02-05T05:00:00.000Z,14.5,14.6099996567,13.3999996185,13.4600000381,4361500
2024-02-06T05:00:00.000Z,13.6000003815,14.3000001907,13.4300003052,14.1000003815,3047800
2024-02-07T05:00:00.000Z,14.1199998856,14.3000001907,13.779999733,14.0699996948,1947800
2024-02-08T05:00:00.000Z,14.0100002289,14.4399995804,13.8900003433,14.3500003815,1838300
2024-02-09T05:00:00.000Z,14.3699998856,15.2299995422,14.3000001907,14.6599998474,3575300
2024-02-12T05:00:00.000Z,14.5799999237,15.220000267,14.529999733,14.7299995422,2750100
2024-02-13T05:00:00.000Z,14.1999998093,14.3999996185,13.7700004578,14.1700000763,3788700
2024-02-14T05:00:00.000Z,14.3299999237,14.4300003052,14.0500001907,14.4099998474,2504400
2024-02-15T05:00:00.000Z,14.5399999619,14.75,14.2299995422,14.5100002289,2400500
2024-02-16T05:00:00.000Z,14.4600000381,14.529999733,14.1000003815,14.1199998856,2301900
2024-02-20T05:00:00.000Z,13.9600000381,14.0500001907,13.1599998474,13.4899997711,3784500
2024-02-21T05:00:00.000Z,13.4600000381,13.6700000763,13.2299995422,13.4099998474,1722800
2024-02-22T05:00:00.000Z,13.5,13.6499996185,13.3400001526,13.3599996567,1817800
2024-02-23T05:00:00.000Z,13.3000001907,13.7899999619,13.1199998856,13.5100002289,2319700
2024-02-26T05:00:00.000Z,13.3100004196,13.75,13.1999998093,13.6800003052,2278600
2024-02-27T05:00:00.000Z,13.6999998093,14.2899999619,13.6800003052,14.2100000381,2795500
2024-02-28T05:00:00.000Z,14.0,14.470000267,13.8900003433,14.2399997711,2440700
2024-02-29T05:00:00.000Z,14.3400001526,14.6499996185,14.029999733,14.2700004578,2638700
2024-03-01T05:00:00.000Z,14.1800003052,15.0900001526,13.9899997711,14.9499998093,4899500
2024-03-04T05:00:00.000Z,14.9300003052,15.5900001526,14.8299999237,15.220000267,4367600
2024-03-05T05:00:00.000Z,14.9499998093,15.279999733,14.779999733,15.0,3152700
2024-03-06T05:00:00.000Z,15.220000267,15.8900003433,14.9399995804,15.2600002289,3818100
2024-03-07T05:00:00.000Z,15.2600002289,15.5100002289,15.0500001907,15.2600002289,2111900
2024-03-08T05:00:00.000Z,15.3999996185,15.6300001144,14.5200004578,14.6499996185,3169800
2024-03-11T04:00:00.000Z,14.6400003433,14.9399995804,14.3599996567,14.4300003052,2111900
2024-03-12T04:00:00.000Z,14.3500003815,14.8400001526,14.0900001526,14.720000267,2382600
2024-03-13T04:00:00.000Z,14.6899995804,15.1999998093,14.6199998856,14.8699998856,2898100
2024-03-14T04:00:00.000Z,14.8000001907,15.0200004578,14.3999996185,14.6300001144,2534200
2024-03-15T04:00:00.000Z,14.5500001907,14.8299999237,14.2100000381,14.2399997711,4480700
2024-03-18T04:00:00.000Z,14.25,14.3000001907,13.8999996185,13.9099998474,3490800
2024-03-19T04:00:00.000Z,13.7600002289,13.8900003433,13.3000001907,13.4099998474,3894700
2024-03-20T04:00:00.000Z,13.470000267,13.7899999619,13.2100000381,13.4799995422,3921300
2024-03-21T04:00:00.000Z,13.5600004196,14.0200004578,13.4799995422,13.6599998474,3382800
2024-03-22T04:00:00.000Z,13.7600002289,13.9499998093,13.0100002289,13.1000003815,4411600
2024-03-25T04:00:00.000Z,13.4200000763,15.1499996185,13.3100004196,15.1199998856,10416300
2024-03-26T04:00:00.000Z,15.1499996185,15.6300001144,14.75,15.5,17245800
2024-03-27T04:00:00.000Z,13.0500001907,13.720000267,12.8000001907,13.1700000763,17871300
2024-03-28T04:00:00.000Z,13.1899995804,13.1899995804,12.470000267,12.5200004578,8473500
2024-04-01T04:00:00.000Z,12.6300001144,12.6700000763,11.5500001907,11.9899997711,9207100
2024-04-02T04:00:00.000Z,11.8400001526,11.9899997711,11.2600002289,11.279999733,6327700
2024-04-03T04:00:00.000Z,11.220000267,11.5,10.8999996185,11.3800001144,4331500
2024-04-04T04:00:00.000Z,11.5,11.8299999237,11.3800001144,11.529999733,4347000
2024-04-05T04:00:00.000Z,11.3000001907,11.5,10.970000267,11.25,4760000
2024-04-08T04:00:00.000Z,11.3000001907,11.3699998856,10.8299999237,10.8299999237,3659100
2024-04-09T04:00:00.000Z,10.8500003815,11.1800003052,10.7299995422,11.0100002289,3455500
2024-04-10T04:00:00.000Z,10.8999996185,11.0699996948,10.75,10.8500003815,3546200
2024-04-11T04:00:00.000Z,10.9099998474,11.3900003433,10.8000001907,11.2899999619,3802100
2024-04-12T04:00:00.000Z,11.2100000381,11.2299995422,10.7600002289,10.7700004578,3214400
2024-04-15T04:00:00.000Z,10.8100004196,10.8400001526,10.0600004196,10.0600004196,5086300
2024-04-16T04:00:00.000Z,10.0,10.5500001907,9.9499998093,10.3699998856,4162100
2024-04-17T04:00:00.000Z,10.4399995804,10.5900001526,10.3000001907,10.3000001907,2096700
2024-04-18T04:00:00.000Z,10.3199996948,10.6300001144,10.2700004578,10.3100004196,2175400
2024-04-19T04:00:00.000Z,10.1999998093,10.5,10.1999998093,10.4200000763,2462700
2024-04-22T04:00:00.000Z,10.4099998474,10.4499998093,10.0100002289,10.0100002289,3261000
2024-04-23T04:00:00.000Z,10.0500001907,10.279999733,10.0100002289,10.1599998474,2511800
2024-04-24T04:00:00.000Z,10.1599998474,10.9399995804,10.1599998474,10.9300003052,4829600
2024-04-25T04:00:00.000Z,10.6999998093,11.2100000381,10.4799995422,11.2100000381,4903800
2024-04-26T04:00:00.000Z,11.1800003052,12.1899995804,11.0,11.8999996185,7685100
2024-04-29T04:00:00.000Z,11.8400001526,11.9600000381,11.1800003052,11.2899999619,3821500
2024-04-30T04:00:00.000Z,11.1800003052,11.3000001907,10.9099998474,11.0900001526,2866500
2024-05-01T04:00:00.000Z,11.029999733,11.3199996948,10.6999998093,10.9099998474,2653200
2024-05-02T04:00:00.000Z,11.1099996567,12.8800001144,10.9600000381,12.7600002289,8654800
2024-05-03T04:00:00.000Z,12.4200000763,17.4500007629,12.3100004196,16.4699993134,36292400
2024-05-06T04:00:00.000Z,14.9899997711,17.3999996185,13.6199998856,16.3099994659,48018700
2024-05-07T04:00:00.000Z,15.8500003815,17.2900009155,14.9300003052,16.3099994659,24308600
2024-05-08T04:00:00.000Z,16.0499992371,17.2399997711,15.3299999237,15.9200000763,24775100
2024-05-09T04:00:00.000Z,15.8999996185,18.5100002289,15.3500003815,18.0100002289,25759300
2024-05-10T04:00:00.000Z,17.9300003052,20.2000007629,16.8799991608,17.4599990845,36831900
2024-05-13T04:00:00.000Z,26.3400001526,38.2000007629,24.7700004578,30.4500007629,187241700
2024-05-14T04:00:00.000Z,64.8300018311,64.8300018311,36.0,48.75,206979100
2024-05-15T04:00:00.000Z,40.3100013733,42.3499984741,31.0,39.5499992371,131790100
2024-05-16T04:00:00.000Z,33.9799995422,35.2400016785,27.5900001526,27.6700000763,76177600
2024-05-17T04:00:00.000Z,21.8600006104,22.4099998474,19.7000007629,22.2099990845,96079600
2024-05-20T04:00:00.000Z,21.5400009155,23.3999996185,18.9400005341,23.1399993896,55261600
2024-05-21T04:00:00.000Z,22.2399997711,22.8500003815,20.0400009155,22.1200008392,49250100
2024-05-22T04:00:00.000Z,21.5599994659,22.25,20.7600002289,21.1200008392,43521400
2024-05-23T04:00:00.000Z,21.3999996185,21.3999996185,18.2600002289,18.3199996948,30561100
2024-05-24T04:00:00.000Z,18.4200000763,19.6800003052,17.7000007629,19.0,43017100
2024-05-28T04:00:00.000Z,23.1000003815,26.6599998474,21.1499996185,23.7800006866,105077600
2024-05-29T04:00:00.000Z,22.0,22.9799995422,21.0499992371,21.2399997711,26921200
2024-05-30T04:00:00.000Z,21.0200004578,22.7000007629,20.1000003815,22.6100006104,24403600
2024-05-31T04:00:00.000Z,22.5799999237,23.7199993134,21.6800003052,23.1399993896,22174300
2024-06-03T04:00:00.000Z,40.1899986267,40.5,26.3999996185,28.0,165808300
2024-06-04T04:00:00.000Z,26.2600002289,28.0100002289,25.2000007629,26.5,51662100
2024-06-05T04:00:00.000Z,26.2999992371,31.8400001526,26.1100006104,31.5699996948,73156400
2024-06-06T04:00:00.000Z,31.5699996948,47.5,31.2800006866,46.5499992371,206685800
2024-06-07T04:00:00.000Z,37.6899986267,48.0,26.1200008392,28.2199993134,279054400
2024-06-10T04:00:00.000Z,28.9699993134,29.3400001526,23.0599994659,24.8299999237,130842800
2024-06-11T04:00:00.000Z,24.3999996185,30.9200000763,22.7900009155,30.4899997711,146914700
2024-06-12T04:00:00.000Z,29.1700000763,33.7000007629,24.8299999237,25.4599990845,147986700
2024-06-13T04:00:00.000Z,26.5599994659,29.5799999237,25.5599994659,29.1200008392,107306600
2024-06-14T04:00:00.000Z,29.2299995422,30.6599998474,27.4099998474,28.7000007629,82874400
2024-06-17T04:00:00.000Z,28.5499992371,29.1800003052,23.7900009155,25.2199993134,90351900
2024-06-18T04:00:00.000Z,24.5799999237,25.9699993134,23.6100006104,24.7000007629,38079200
2024-06-20T04:00:00.000Z,24.25,25.9300003052,23.6499996185,25.5900001526,36029300
2024-06-21T04:00:00.000Z,25.2399997711,25.8099994659,23.5100002289,23.9300003052,27457200
2024-06-24T04:00:00.000Z,23.2600002289,24.8299999237,23.2399997711,23.6499996185,22162900
2024-06-25T04:00:00.000Z,23.6000003815,24.9699993134,22.5499992371,24.9300003052,26898400
2024-06-26T04:00:00.000Z,24.6000003815,25.3799991608,24.0400009155,24.2000007629,17903000
2024-06-27T04:00:00.000Z,24.1000003815,26.6900005341,24.0599994659,25.0900001526,34867000
2024-06-28T04:00:00.000Z,25.0200004578,26.1700000763,24.3099994659,24.6900005341,20212000
2024-07-01T04:00:00.000Z,23.3500003815,23.7800006866,22.3099994659,23.3299999237,30689000
2024-07-02T04:00:00.000Z,23.2399997711,24.3199996948,23.1000003815,23.9799995422,13703500
2024-07-03T04:00:00.000Z,24.0300006866,24.8899993896,23.6499996185,24.3700008392,11829500
2024-07-05T04:00:00.000Z,24.1800003052,25.0799999237,23.8199996948,24.1800003052,11782100
2024-07-08T04:00:00.000Z,24.1200008392,25.1399993896,23.8500003815,24.4500007629,11815500
2024-07-09T04:00:00.000Z,24.6000003815,25.1800003052,24.0,24.6000003815,9419800
2024-07-10T04:00:00.000Z,25.0,26.4500007629,24.8999996185,24.9699993134,22325400
2024-07-11T04:00:00.000Z,25.4400005341,26.0200004578,25.0200004578,25.5699996948,13032700
2024-07-12T04:00:00.000Z,25.7600002289,26.8899993896,25.4200000763,26.0499992371,16238900
2024-07-15T04:00:00.000Z,25.9799995422,27.2000007629,25.6499996185,27.0,17136400
2024-07-16T04:00:00.000Z,27.75,28.8299999237,27.3700008392,28.5400009155,25594500
2024-07-17T04:00:00.000Z,28.3999996185,29.7900009155,27.2399997711,27.9799995422,23775000
2024-07-18T04:00:00.000Z,27.9799995422,28.3799991608,25.6100006104,25.8799991608,16969700
2024-07-19T04:00:00.000Z,25.5499992371,26.3899993896,24.8500003815,24.9699993134,12763300
2024-07-22T04:00:00.000Z,24.8400001526,25.9799995422,24.3799991608,25.2199993134,14090400
2024-07-23T04:00:00.000Z,25.2199993134,25.6800003052,24.8899993896,25.5,7921700
2024-07-24T04:00:00.000Z,25.1499996185,25.4500007629,23.9300003052,24.0100002289,9549200
2024-07-25T04:00:00.000Z,23.5900001526,24.5900001526,23.3600006104,23.9500007629,8567700
2024-07-26T04:00:00.000Z,24.2800006866,24.7700004578,24.1100006104,24.1299991608,6833900
2024-07-29T04:00:00.000Z,24.2299995422,24.3799991608,23.5400009155,23.6000003815,7250200
2024-07-30T04:00:00.000Z,23.6000003815,23.8899993896,22.3400001526,22.3999996185,9272400
2024-07-31T04:00:00.000Z,22.8600006104,23.4500007629,22.6100006104,22.6700000763,8005800
2024-08-01T04:00:00.000Z,22.9200000763,23.0900001526,21.5599994659,21.7099990845,9334400
2024-08-02T04:00:00.000Z,20.9500007629,21.6100006104,20.4300003052,21.0699996948,9030000
2024-08-05T04:00:00.000Z,18.8299999237,20.7999992371,18.7299995422,20.6499996185,12205900
2024-08-06T04:00:00.000Z,21.0200004578,21.5799999237,20.2600002289,21.2800006866,6505300
2024-08-07T04:00:00.000Z,21.1499996185,21.4599990845,20.3799991608,20.8299999237,6101100
2024-08-08T04:00:00.000Z,21.0100002289,21.8799991608,20.8099994659,21.75,5439700
2024-08-09T04:00:00.000Z,21.5100002289,22.1700000763,21.4599990845,21.9300003052,4828900
2024-08-12T04:00:00.000Z,21.9799995422,22.2700004578,21.4500007629,21.8799991608,4449100
2024-08-13T04:00:00.000Z,21.9599990845,22.3799991608,21.8600006104,22.2700004578,3913700
2024-08-14T04:00:00.000Z,22.3400001526,22.7299995422,21.7900009155,21.9899997711,3489400
2024-08-15T04:00:00.000Z,22.25,22.8400001526,21.9699993134,22.5300006866,5361400
2024-08-16T04:00:00.000Z,22.3700008392,22.6900005341,22.2399997711,22.3999996185,3641800
2024-08-19T04:00:00.000Z,22.3500003815,23.1000003815,22.3199996948,22.6599998474,4543500
2024-08-20T04:00:00.000Z,22.5,22.5200004578,21.9599990845,22.2800006866,3570300
2024-08-21T04:00:00.000Z,22.1700000763,22.6499996185,22.1599998474,22.5499992371,3163200
2024-08-22T04:00:00.000Z,22.5,22.7600002289,22.0900001526,22.1200008392,3382500
2024-08-23T04:00:00.000Z,22.25,22.6200008392,22.1800003052,22.2099990845,4056700
2024-08-26T04:00:00.000Z,22.25,22.3899993896,21.2999992371,21.3600006104,4780500
2024-08-27T04:00:00.000Z,21.0599994659,21.2900009155,20.6599998474,20.7399997711,4118800
2024-08-28T04:00:00.000Z,20.7099990845,21.0699996948,19.8799991608,19.8999996185,5219500
2024-08-29T04:00:00.000Z,20.5,22.4500007629,20.4699993134,21.5100002289,10428400
2024-08-30T04:00:00.000Z,21.8199996948,23.4799995422,21.7299995422,23.4200000763,15680700
2024-09-03T04:00:00.000Z,24.1499996185,24.6900005341,22.8199996948,23.1399993896,11350500
2024-09-04T04:00:00.000Z,22.8500003815,23.7099990845,22.1100006104,22.1200008392,6700900
2024-09-05T04:00:00.000Z,22.0,22.6800003052,21.6599998474,22.3899993896,5101200
2024-09-06T04:00:00.000Z,22.3999996185,24.4799995422,21.7999992371,23.9200000763,23884000
2024-09-09T04:00:00.000Z,23.2399997711,25.0200004578,23.1599998474,24.25,14064700
2024-09-10T04:00:00.000Z,24.7700004578,24.7999992371,23.1299991608,23.4500007629,19175500
2024-09-11T04:00:00.000Z,20.8199996948,21.0900001526,19.3099994659,20.6399993896,28921500
2024-09-12T04:00:00.000Z,20.4699993134,20.7099990845,19.9899997711,20.3999996185,9539500
2024-09-13T04:00:00.000Z,20.4899997711,20.9200000763,20.3400001526,20.6499996185,8053700
2024-09-16T04:00:00.000Z,20.4500007629,20.5200004578,19.9200000763,20.0900001526,5981200
2024-09-17T04:00:00.000Z,20.2399997711,20.5599994659,19.9200000763,20.1599998474,6307600
2024-09-18T04:00:00.000Z,20.0499992371,20.2600002289,19.4200000763,19.6499996185,10728200
2024-09-19T04:00:00.000Z,19.8899993896,20.0300006866,19.4699993134,19.5100002289,8902600
2024-09-20T04:00:00.000Z,19.6299991608,22.0300006866,19.4799995422,21.8500003815,61919200
2024-09-23T04:00:00.000Z,21.5400009155,22.5599994659,21.2299995422,22.3099994659,13969500
2024-09-24T04:00:00.000Z,22.6100006104,22.7199993134,21.5400009155,22.6299991608,12121400
2024-09-25T04:00:00.000Z,22.1599998474,22.8299999237,22.0699996948,22.1800003052,6139700
2024-09-26T04:00:00.000Z,22.3999996185,22.6399993896,21.8700008392,22.2900009155,5777500
2024-09-27T04:00:00.000Z,22.3899993896,23.1000003815,21.9699993134,22.4799995422,7416500
2024-09-30T04:00:00.000Z,22.2999992371,23.6399993896,22.1700000763,22.9300003052,10161700
2024-10-01T04:00:00.000Z,22.9500007629,23.1200008392,21.8099994659,21.9699993134,7189200
2024-10-02T04:00:00.000Z,21.8600006104,22.2999992371,21.4099998474,21.4899997711,5673100
2024-10-03T04:00:00.000Z,21.3600006104,21.7900009155,21.1100006104,21.2000007629,4665800
2024-10-04T04:00:00.000Z,21.4799995422,21.9699993134,21.2900009155,21.3999996185,5286200
2024-10-07T04:00:00.000Z,21.3500003815,21.5300006866,20.8099994659,20.8999996185,5988000
2024-10-08T04:00:00.000Z,20.8999996185,21.2700004578,20.5300006866,20.7099990845,4840500
2024-10-09T04:00:00.000Z,20.5,20.7399997711,20.2999992371,20.5,3914000
2024-10-10T04:00:00.000Z,20.4699993134,21.0499992371,20.3799991608,20.9099998474,4180800
2024-10-11T04:00:00.000Z,20.6599998474,21.2199993134,20.6599998474,20.8299999237,3931600
2024-10-14T04:00:00.000Z,20.75,21.6700000763,20.4599990845,21.3299999237,6636600
2024-10-15T04:00:00.000Z,21.4500007629,21.6800003052,20.9799995422,21.2700004578,4851900
2024-10-16T04:00:00.000Z,21.1299991608,21.75,21.0300006866,21.6599998474,4264600
2024-10-17T04:00:00.000Z,21.5,21.6599998474,21.2299995422,21.4099998474,3015300
2024-10-18T04:00:00.000Z,21.4099998474,21.6100006104,20.9799995422,21.2199993134,5302200
2024-10-21T04:00:00.000Z,21.1000003815,21.2199993134,20.6599998474,20.7000007629,3956500
2024-10-22T04:00:00.000Z,20.6200008392,20.9400005341,20.4300003052,20.9300003052,3232300
2024-10-23T04:00:00.000Z,20.7299995422,20.9799995422,20.3500003815,20.5400009155,2945000
2024-10-24T04:00:00.000Z,20.6299991608,20.8400001526,20.4799995422,20.6299991608,2682300
2024-10-25T04:00:00.000Z,20.6499996185,21.4300003052,20.5400009155,20.5699996948,5989000
2024-10-28T04:00:00.000Z,20.8400001526,22.7700004578,20.7299995422,22.7299995422,13641200
2024-10-29T04:00:00.000Z,22.7000007629,23.2000007629,22.0900001526,22.6800003052,10078100
2024-10-30T04:00:00.000Z,23.3999996185,24.5400009155,22.75,23.2800006866,12383600
2024-10-31T04:00:00.000Z,22.8299999237,23.0300006866,22.0499992371,22.1800003052,5594500
2024-11-01T04:00:00.000Z,22.3999996185,23.0499992371,22.0799999237,22.4099998474,4744500
2024-11-04T05:00:00.000Z,22.2000007629,22.6499996185,21.8799991608,22.3299999237,4300200
2024-11-05T05:00:00.000Z,22.3199996948,23.2000007629,22.2700004578,22.9899997711,5858400
2024-11-06T05:00:00.000Z,23.3099994659,23.8199996948,22.8999996185,23.1000003815,6648000
2024-11-07T05:00:00.000Z,23.0699996948,23.6599998474,22.8099994659,23.4500007629,5554400
2024-11-08T05:00:00.000Z,23.4400005341,25.3899993896,23.2399997711,24.8799991608,15908600
2024-11-11T05:00:00.000Z,25.2600002289,28.0499992371,24.6299991608,27.2600002289,26633000
2024-11-12T05:00:00.000Z,26.0599994659,27.1000003815,24.9500007629,26.8400001526,18972700
2024-11-13T05:00:00.000Z,26.2600002289,28.2199993134,26.2199993134,26.4599990845,18490300
2024-11-14T05:00:00.000Z,27.1700000763,28.2800006866,26.7199993134,27.3700008392,16502000
2024-11-15T05:00:00.000Z,28.0799999237,28.5900001526,26.3199996948,26.5900001526,16451800
2024-11-18T05:00:00.000Z,26.6499996185,27.1599998474,25.8500003815,26.4400005341,8494900
2024-11-19T05:00:00.000Z,25.8899993896,27.6000003815,25.7099990845,27.5699996948,8698600
2024-11-20T05:00:00.000Z,27.2600002289,29.7999992371,27.2600002289,28.4500007629,22089700
2024-11-21T05:00:00.000Z,29.0900001526,29.1700000763,27.1800003052,27.8199996948,10587200
2024-11-22T05:00:00.000Z,27.8799991608,28.4599990845,27.4200000763,27.8999996185,7975700
2024-11-25T05:00:00.000Z,28.0499992371,29.7700004578,27.9599990845,29.6700000763,13090400
2024-11-26T05:00:00.000Z,29.3999996185,32.1199989319,28.7800006866,30.3299999237,24657300
2024-11-27T05:00:00.000Z,30.7999992371,31.5499992371,30.5100002289,30.8899993896,12895100
2024-11-29T05:00:00.000Z,31.0100002289,31.0799999237,28.8500003815,29.0499992371,10473700
2024-12-02T05:00:00.000Z,28.9599990845,29.3700008392,26.75,27.2700004578,13576600
2024-12-03T05:00:00.000Z,26.5499992371,27.5900001526,26.4899997711,27.4400005341,6009900
2024-12-04T05:00:00.000Z,27.0699996948,27.8299999237,26.6299991608,27.0300006866,6387500
2024-12-05T05:00:00.000Z,27.0,30.8700008392,26.1499996185,28.6299991608,40704900
2024-12-06T05:00:00.000Z,29.1200008392,29.3500003815,28.1100006104,29.0599994659,15161400
2024-12-09T05:00:00.000Z,29.0,29.8600006104,27.7399997711,27.9300003052,11495400
2024-12-10T05:00:00.000Z,27.8799991608,28.3899993896,26.8500003815,26.9300003052,18209400
2024-12-11T05:00:00.000Z,27.75,30.1599998474,27.5100002289,28.9699993134,20485000
2024-12-12T05:00:00.000Z,28.8999996185,29.6599998474,28.5799999237,28.75,8855700
2024-12-13T05:00:00.000Z,28.7000007629,28.8600006104,27.9200000763,27.9899997711,6581600
2024-12-16T05:00:00.000Z,27.7000007629,29.5900001526,27.2700004578,29.4400005341,8700000
2024-12-17T05:00:00.000Z,29.6399993896,31.8799991608,29.6399993896,31.2600002289,19948100
2024-12-18T05:00:00.000Z,31.1000003815,31.7000007629,28.3400001526,28.5499992371,13947300
2024-12-19T05:00:00.000Z,29.1599998474,30.6000003815,28.8199996948,29.0,10338200
2024-12-20T05:00:00.000Z,28.5400009155,30.5200004578,28.3099994659,29.8199996948,19606700
2024-12-23T05:00:00.000Z,29.8199996948,31.1100006104,29.7800006866,30.8999996185,8226500
2024-12-24T05:00:00.000Z,31.0,31.5900001526,30.5799999237,31.1399993896,5523500
2024-12-26T05:00:00.000Z,32.6199989319,34.3699989319,31.6000003815,32.9900016785,20432900
2024-12-27T05:00:00.000Z,32.3899993896,33.0499992371,30.7299995422,32.2000007629,10141700
2024-12-31T05:00:00.000Z,32.0600013733,32.4399986267,31.1000003815,31.3400001526,7395300
2025-01-02T05:00:00.000Z,31.8400001526,32.0499992371,30.3700008392,30.6599998474,7979700
2025-01-03T05:00:00.000Z,30.7999992371,32.1399993896,30.5699996948,31.6499996185,7461800
2025-01-06T05:00:00.000Z,31.7000007629,33.4900016785,30.7600002289,32.8199996948,12609400
2025-01-07T05:00:00.000Z,32.7999992371,34.4000015259,31.7099990845,33.3699989319,13360700
2025-01-08T05:00:00.000Z,32.9700012207,33.3699989319,32.4099998474,32.9599990845,6320000
2025-01-10T05:00:00.000Z,32.5,32.9399986267,31.3999996185,32.3100013733,7068200
2025-01-13T05:00:00.000Z,31.6000003815,31.7999992371,30.8999996185,31.0200004578,5567000
2025-01-14T05:00:00.000Z,31.2600002289,31.6800003052,27.5599994659,27.8799991608,11796600
2025-01-15T05:00:00.000Z,28.8999996185,29.3299999237,27.8400001526,27.9599990845,6025400
2025-01-16T05:00:00.000Z,27.9400005341,28.1399993896,27.4099998474,27.7199993134,4432000
2025-01-17T05:00:00.000Z,27.6100006104,28.7900009155,27.0200004578,27.5100002289,8977500
2025-01-21T05:00:00.000Z,27.3999996185,27.5699996948,26.3299999237,27.4699993134,5867800
2025-01-22T05:00:00.000Z,27.3600006104,28.0200004578,27.2999992371,27.6499996185,5025400
2025-01-23T05:00:00.000Z,27.8799991608,29.2600002289,27.6800003052,28.3299999237,8828200
2025-01-24T05:00:00.000Z,28.2999992371,28.6700000763,27.6200008392,27.7700004578,4511600
2025-01-27T05:00:00.000Z,26.9200000763,27.6800003052,26.7999992371,26.9699993134,5060300
2025-01-28T05:00:00.000Z,27.0,27.5900001526,26.6499996185,27.4599990845,3169900
2025-01-29T05:00:00.000Z,27.4099998474,27.7399997711,27.0599994659,27.5100002289,3220400
2025-01-30T05:00:00.000Z,27.8400001526,28.2299995422,27.7099990845,27.9899997711,3343900
2025-01-31T05:00:00.000Z,27.7900009155,28.1800003052,26.8999996185,26.8999996185,4472100
2025-02-03T05:00:00.000Z,25.5699996948,26.5400009155,25.5,25.8899993896,5740500
2025-02-04T05:00:00.000Z,25.8500003815,26.25,25.7999992371,25.8999996185,3353700
2025-02-05T05:00:00.000Z,25.7000007629,25.8099994659,24.8999996185,24.9300003052,4580200
2025-02-06T05:00:00.000Z,24.9300003052,25.3899993896,24.5300006866,24.7999992371,4349500
2025-02-07T05:00:00.000Z,24.8999996185,25.0200004578,24.6000003815,24.7299995422,3403300
2025-02-10T05:00:00.000Z,25.5,27.2700004578,25.2999992371,27.1200008392,9694700
2025-02-11T05:00:00.000Z,26.8500003815,27.7600002289,26.4699993134,26.5599994659,7042700
2025-02-12T05:00:00.000Z,26.1200008392,26.3999996185,25.6000003815,25.9899997711,3999200
2025-02-13T05:00:00.000Z,25.75,26.3999996185,25.75,26.3400001526,8255300
2025-02-14T05:00:00.000Z,28.8999996185,28.9699993134,26.8999996185,27.0,12142600
2025-02-18T05:00:00.000Z,27.0300006866,27.5900001526,26.6599998474,26.9699993134,5337800
2025-02-19T05:00:00.000Z,26.7999992371,26.9599990845,25.9200000763,26.0,4382100
2025-02-20T05:00:00.000Z,25.7999992371,27.4500007629,25.7600002289,27.0400009155,7735200
2025-02-21T05:00:00.000Z,27.25,27.5799999237,26.1599998474,26.4200000763,6130900
2025-02-24T05:00:00.000Z,26.3400001526,26.3899993896,24.9500007629,25.0,5980000
2025-02-25T05:00:00.000Z,24.9300003052,25.2900009155,23.8299999237,24.4200000763,6551500
2025-02-26T05:00:00.000Z,24.5400009155,25.2099990845,24.4500007629,24.6100006104,3272500
2025-02-27T05:00:00.000Z,25.0,25.3700008392,24.1399993896,24.4799995422,4590000
2025-02-28T05:00:00.000Z,24.3299999237,25.1000003815,24.2000007629,25.0400009155,4137100
2025-03-03T05:00:00.000Z,25.2600002289,25.4799995422,24.1800003052,24.3999996185,4291000
2025-03-04T05:00:00.000Z,23.7700004578,24.8600006104,23.4400005341,24.2999992371,5068700
2025-03-05T05:00:00.000Z,24.3299999237,25.1599998474,24.1100006104,25.0699996948,3282500
2025-03-06T05:00:00.000Z,24.7399997711,25.0100002289,24.0499992371,24.2000007629,3421400
2025-03-07T05:00:00.000Z,24.0,24.3500003815,23.5200004578,24.0,3464000
2025-03-10T04:00:00.000Z,23.4400005341,23.5799999237,22.2600002289,22.4200000763,6226900
2025-03-11T04:00:00.000Z,22.3500003815,22.9799995422,22.0799999237,22.6100006104,4226900
2025-03-12T04:00:00.000Z,22.9500007629,23.2399997711,21.8899993896,21.9899997711,3718200
2025-03-13T04:00:00.000Z,22.0499992371,22.25,21.5599994659,21.9500007629,3829800
2025-03-14T04:00:00.000Z,22.2900009155,23.1499996185,22.2900009155,23.0499992371,3960500
2025-03-17T04:00:00.000Z,23.2399997711,23.7299995422,22.9699993134,23.5,2899100
2025-03-18T04:00:00.000Z,23.2900009155,23.6200008392,23.1399993896,23.2999992371,2155800
2025-03-19T04:00:00.000Z,23.3999996185,23.9899997711,23.2600002289,23.7099990845,3032300
2025-03-20T04:00:00.000Z,23.6499996185,24.1200008392,23.5100002289,23.5100002289,1998200
2025-03-21T04:00:00.000Z,23.75,24.8099994659,23.6499996185,24.75,6893900
2025-03-24T04:00:00.000Z,25.3500003815,25.8299999237,25.1499996185,25.6100006104,5036000
2025-03-25T04:00:00.000Z,25.7000007629,25.7700004578,24.9899997711,25.3999996185,10106800
2025-03-26T04:00:00.000Z,28.8400001526,29.7999992371,27.3199996948,28.3600006104,52930500
2025-03-27T04:00:00.000Z,25.8700008392,26.2800006866,21.1599998474,22.0900001526,96733100
2025-03-28T04:00:00.000Z,21.8899993896,22.7900009155,21.7000007629,21.7299995422,44771700
2025-03-31T04:00:00.000Z,21.3999996185,22.6299991608,20.7299995422,22.3199996948,16147900
2025-04-01T04:00:00.000Z,22.7600002289,23.25,21.9500007629,22.6100006104,14435300
2025-04-02T04:00:00.000Z,22.4899997711,23.0200004578,22.25,22.6900005341,10965100
2025-04-03T04:00:00.000Z,21.6000003815,21.7800006866,21.0799999237,21.1000003815,11141900
2025-04-04T04:00:00.000Z,21.4200000763,23.8500003815,20.7800006866,23.4899997711,20608200
2025-04-07T04:00:00.000Z,22.6000003815,25.0200004578,22.3999996185,24.2900009155,17191900
2025-04-08T04:00:00.000Z,24.8199996948,24.9300003052,22.9699993134,23.3899993896,12062300
2025-04-09T04:00:00.000Z,23.0300006866,25.4599990845,23.0300006866,25.3999996185,17695900
2025-04-10T04:00:00.000Z,25.0,26.2000007629,24.4099998474,25.0200004578,11545400
2025-04-11T04:00:00.000Z,25.5,26.4400005341,25.25,26.3999996185,10984100
2025-04-14T04:00:00.000Z,26.6599998474,27.1800003052,25.6800003052,26.9799995422,10628400
2025-04-15T04:00:00.000Z,26.8799991608,27.3799991608,26.6200008392,26.7000007629,6738100
2025-04-16T04:00:00.000Z,26.4500007629,26.6599998474,25.7199993134,26.25,6292800
2025-04-17T04:00:00.000Z,26.2099990845,27.1900005341,26.1700000763,26.7800006866,7434800
2025-04-21T04:00:00.000Z,26.7099990845,27.0400009155,25.7900009155,26.7700004578,7690000
2025-04-22T04:00:00.000Z,26.9899997711,27.9400005341,26.8799991608,27.7999992371,11065900
2025-04-23T04:00:00.000Z,28.2000007629,28.25,26.9599990845,27.1200008392,8862700
2025-04-24T04:00:00.000Z,27.1000003815,27.5799999237,26.8400001526,27.0799999237,6212100
2025-04-25T04:00:00.000Z,27.1299991608,27.7999992371,27.1299991608,27.4599990845,5853400
2025-04-28T04:00:00.000Z,27.3999996185,27.5900001526,26.9799995422,27.5900001526,6819300
2025-04-29T04:00:00.000Z,27.4500007629,27.9400005341,27.2600002289,27.2600002289,5394400
2025-04-30T04:00:00.000Z,26.8999996185,27.9300003052,26.7900009155,27.8600006104,6578100
2025-05-01T04:00:00.000Z,27.9799995422,28.3500003815,27.4200000763,27.4300003052,5693500
2025-05-02T04:00:00.000Z,27.7000007629,27.9200000763,27.1499996185,27.4799995422,5579900
2025-05-05T04:00:00.000Z,27.3299999237,27.4099998474,26.3500003815,26.6000003815,7132400
2025-05-06T04:00:00.000Z,26.4400005341,26.5,25.6700000763,26.0400009155,5883800
2025-05-07T04:00:00.000Z,26.1900005341,26.3400001526,25.8799991608,26.0100002289,4364300
2025-05-08T04:00:00.000Z,26.2999992371,26.9899997711,26.1800003052,26.7800006866,6521700
2025-05-09T04:00:00.000Z,26.7800006866,27.7299995422,26.7600002289,27.5400009155,7795200
2025-05-12T04:00:00.000Z,28.0599994659,28.1800003052,27.2900009155,28.0499992371,7395200
2025-05-13T04:00:00.000Z,28.0499992371,28.8600006104,28.0499992371,28.3899993896,10365300
2025-05-14T04:00:00.000Z,28.4799995422,29.3899993896,28.2999992371,28.7299995422,14552300
2025-05-15T04:00:00.000Z,28.5799999237,28.6399993896,27.4200000763,28.6299991608,9364400
2025-05-16T04:00:00.000Z,28.6100006104,29.0599994659,28.2999992371,28.4500007629,6504400
2025-05-19T04:00:00.000Z,27.75,28.2000007629,27.6900005341,27.8899993896,4223500
2025-05-20T04:00:00.000Z,27.8899993896,28.7800006866,27.8500003815,28.5100002289,4795100
2025-05-21T04:00:00.000Z,28.3999996185,29.1900005341,28.0200004578,28.0499992371,8762000
2025-05-22T04:00:00.000Z,28.5499992371,31.0,28.4899997711,30.8600006104,21451000
2025-05-23T04:00:00.000Z,30.6000003815,33.2099990845,30.5499992371,33.0299987793,30477600
2025-05-27T04:00:00.000Z,33.9700012207,35.7400016785,33.6300010681,35.0099983215,33217800
2025-05-28T04:00:00.000Z,35.7799987793,35.8100013733,30.7299995422,31.2099990845,45300400
2025-05-29T04:00:00.000Z,31.1700000763,31.3500003815,29.3199996948,29.5699996948,15819000
2025-05-30T04:00:00.000Z,29.2000007629,30.4899997711,29.1900005341,29.7999992371,10227800
2025-06-02T04:00:00.000Z,29.8700008392,30.8799991608,29.7299995422,30.6399993896,7430700
2025-06-03T04:00:00.000Z,30.8099994659,31.0499992371,30.0200004578,30.1000003815,6086500
2025-06-04T04:00:00.000Z,29.8999996185,30.9699993134,29.3400001526,29.9500007629,7314000
2025-06-05T04:00:00.000Z,29.8099994659,30.6100006104,29.2299995422,29.4500007629,6322800
2025-06-06T04:00:00.000Z,29.6800003052,30.0,29.5200004578,29.5799999237,4379300
2025-06-09T04:00:00.000Z,29.9200000763,30.4899997711,29.4500007629,30.3400001526,5836200
2025-06-10T04:00:00.000Z,30.5400009155,30.6000003815,29.6599998474,30.1499996185,11974400
2025-06-11T04:00:00.000Z,29.0200004578,29.4099998474,28.4200000763,28.5499992371,18039200
2025-06-12T04:00:00.000Z,23.5699996948,24.2999992371,21.5400009155,22.1399993896,172324500
2025-06-13T04:00:00.000Z,22.1800003052,23.1499996185,22.1000003815,22.1399993896,59849900
2025-06-16T04:00:00.000Z,22.7700004578,23.4599990845,22.4099998474,23.3199996948,31522700
2025-06-17T04:00:00.000Z,23.0,23.7800006866,22.7900009155,22.9899997711,24797600
2025-06-18T04:00:00.000Z,23.0699996948,23.9500007629,22.9300003052,23.4400005341,14712100
2025-06-20T04:00:00.000Z,23.5200004578,23.7299995422,23.1299991608,23.4599990845,19994200
2025-06-23T04:00:00.000Z,23.0300006866,23.3299999237,22.4500007629,22.8199996948,12120500
2025-06-24T04:00:00.000Z,23.0300006866,23.3299999237,22.8500003815,23.2900009155,11660200
2025-06-25T04:00:00.000Z,23.3799991608,23.6900005341,23.0499992371,23.5499992371,9840700
2025-06-26T04:00:00.000Z,23.3999996185,24.0599994659,23.2999992371,23.8799991608,8778000
2025-06-27T04:00:00.000Z,23.9899997711,24.2600002289,23.4599990845,23.5900001526,11638200
2025-06-30T04:00:00.000Z,23.6399993896,24.3999996185,23.5400009155,24.3899993896,10439300
2025-07-01T04:00:00.000Z,24.1499996185,24.5,23.6800003052,23.6800003052,8308000
2025-07-02T04:00:00.000Z,23.8999996185,24.1000003815,23.75,23.9500007629,6428600
2025-07-03T04:00:00.000Z,23.8500003815,24.1599998474,23.4899997711,23.5900001526,5566300
2025-07-07T04:00:00.000Z,23.4799995422,23.4799995422,22.5300006866,22.6200008392,12873500
2025-07-08T04:00:00.000Z,22.7099990845,22.9500007629,22.5799999237,22.75,7863600
2025-07-09T04:00:00.000Z,22.8799991608,23.6000003815,22.5300006866,23.1900005341,14641400
2025-07-10T04:00:00.000Z,23.0400009155,23.3299999237,23.0100002289,23.1000003815,5991000
2025-07-11T04:00:00.000Z,23.1299991608,24.0499992371,23.1299991608,23.3299999237,11454100
2025-07-14T04:00:00.000Z,23.4400005341,23.8400001526,23.3899993896,23.7000007629,7769600
2025-07-15T04:00:00.000Z,23.6599998474,23.6800003052,23.1700000763,23.2199993134,7321600
2025-07-16T04:00:00.000Z,23.3999996185,23.8500003815,23.3099994659,23.6800003052,7738300
2025-07-17T04:00:00.000Z,23.5400009155,23.7199993134,23.3799991608,23.3999996185,7307200
2025-07-18T04:00:00.000Z,23.4599990845,23.5100002289,23.1299991608,23.2800006866,6628400
2025-07-21T04:00:00.000Z,23.2800006866,24.4300003052,23.0499992371,24.2000007629,17718400
2025-07-22T04:00:00.000Z,24.1399993896,24.8400001526,23.5300006866,24.2600002289,12006300
2025-07-23T04:00:00.000Z,24.4599990845,24.75,23.8099994659,23.9599990845,8305100
2025-07-24T04:00:00.000Z,23.8899993896,23.9400005341,23.4599990845,23.5300006866,6338100
2025-07-25T04:00:00.000Z,23.5100002289,23.6000003815,23.25,23.3299999237,7090600
2025-07-28T04:00:00.000Z,23.3500003815,23.5599994659,22.9500007629,22.9799995422,11481900
2025-07-29T04:00:00.000Z,23.0100002289,23.0400009155,22.5300006866,22.5499992371,6078800
2025-07-30T04:00:00.000Z,22.5900001526,22.7900009155,22.2700004578,22.4500007629,7956600
2025-07-31T04:00:00.000Z,22.3500003815,23.3400001526,22.2999992371,22.4500007629,13749900
2025-08-01T04:00:00.000Z,22.3199996948,22.6100006104,21.9200000763,22.1000003815,7878400
2025-08-04T04:00:00.000Z,22.25,22.6700000763,22.0699996948,22.6299991608,5059400
2025-08-05T04:00:00.000Z,22.5,23.0499992371,22.4599990845,22.8099994659,4981400
2025-08-06T04:00:00.000Z,22.8199996948,22.8600006104,22.4200000763,22.8099994659,4825000
2025-08-07T04:00:00.000Z,22.7999992371,23.1299991608,22.4899997711,22.6499996185,4456300
2025-08-08T04:00:00.000Z,22.6299991608,22.8299999237,22.2199993134,22.2700004578,4833100
2025-08-11T04:00:00.000Z,22.2900009155,22.8099994659,22.2900009155,22.4099998474,5212500
2025-08-12T04:00:00.000Z,22.5,22.9500007629,22.4699993134,22.9300003052,4854200
2025-08-13T04:00:00.000Z,22.9500007629,23.2099990845,22.8099994659,23.0200004578,5349300
2025-08-14T04:00:00.000Z,22.8400001526,22.9099998474,22.5699996948,22.8899993896,4780000
2025-08-15T04:00:00.000Z,22.9400005341,23.0200004578,22.6700000763,22.9400005341,4965600
2025-08-18T04:00:00.000Z,22.9400005341,23.1700000763,22.8999996185,23.1100006104,5107100
2025-08-19T04:00:00.000Z,23.1000003815,23.1800003052,22.7000007629,22.8199996948,5532800
2025-08-20T04:00:00.000Z,22.7199993134,22.7700004578,22.3700008392,22.6299991608,4388700
2025-08-21T04:00:00.000Z,22.6000003815,22.6200008392,22.3799991608,22.5599994659,4090600
2025-08-22T04:00:00.000Z,22.6499996185,23.0300006866,22.6200008392,22.8899993896,5551400
2025-08-25T04:00:00.000Z,22.8600006104,22.8999996185,22.5599994659,22.6800003052,3801000
2025-08-26T04:00:00.000Z,22.6700000763,22.7999992371,22.2700004578,22.2999992371,7867600
2025-08-27T04:00:00.000Z,22.4599990845,22.5799999237,22.2700004578,22.5,6892000
2025-08-28T04:00:00.000Z,22.5599994659,22.8999996185,22.3700008392,22.7900009155,6482300
2025-08-29T04:00:00.000Z,22.7199993134,22.8199996948,22.4099998474,22.4099998474,5371500
2025-09-02T04:00:00.000Z,22.3600006104,23.4099998474,22.1800003052,23.4099998474,9567000
2025-09-03T04:00:00.000Z,23.5100002289,23.7299995422,22.6800003052,22.8799991608,9771400
2025-09-04T04:00:00.000Z,22.7600002289,22.8500003815,22.3700008392,22.3700008392,5531800
2025-09-05T04:00:00.000Z,22.6000003815,22.7900009155,22.2800006866,22.6100006104,11183300
2025-09-08T04:00:00.000Z,22.6599998474,23.4699993134,22.5599994659,23.2199993134,10151200
2025-09-09T04:00:00.000Z,23.1000003815,23.6299991608,22.9400005341,23.5900001526,18374400
2025-09-10T04:00:00.000Z,25.2099990845,25.4300003052,24.0400009155,24.3700008392,46254000
2025-09-11T04:00:00.000Z,24.0,24.8500003815,23.8899993896,24.8500003815,12512600
2025-09-12T04:00:00.000Z,24.8899993896,25.1399993896,24.75,24.9300003052,9320100
2025-09-15T04:00:00.000Z,25.0,25.8099994659,24.9899997711,25.5300006866,9604000
2025-09-16T04:00:00.000Z,25.6900005341,26.4200000763,25.6100006104,26.3400001526,9830000
2025-09-17T04:00:00.000Z,26.3500003815,26.4699993134,25.5799999237,26.1000003815,7897100
2025-09-18T04:00:00.000Z,26.2099990845,26.4200000763,25.8400001526,25.8799991608,7806200
2025-09-19T04:00:00.000Z,25.8299999237,26.3899993896,25.7900009155,26.0799999237,9567600
2025-09-22T04:00:00.000Z,26.0,27.3400001526,25.9699993134,26.7800006866,11263600
2025-09-23T04:00:00.000Z,26.9099998474,27.2399997711,26.5900001526,26.7999992371,7064000
2025-09-24T04:00:00.000Z,26.8299999237,27.0499992371,26.2199993134,26.25,5508800
2025-09-25T04:00:00.000Z,25.9300003052,26.3400001526,25.2700004578,25.2700004578,8210500
2025-09-26T04:00:00.000Z,25.5300006866,26.7999992371,25.4400005341,26.4200000763,8048300
2025-09-29T04:00:00.000Z,27.2000007629,27.2099990845,26.7900009155,27.2099990845,7979000
2025-09-30T04:00:00.000Z,27.2099990845,27.3400001526,26.7999992371,27.2800006866,5392800
2025-10-01T04:00:00.000Z,27.25,27.7900009155,27.1800003052,27.6900005341,8187100
2025-10-02T04:00:00.000Z,28.0,28.1000003815,26.7199993134,27.2199993134,14526000
2025-10-03T04:00:00.000Z,26.3600006104,26.9899997711,25.1599998474,25.3799991608,11615900
2025-10-06T04:00:00.000Z,25.5499992371,25.8299999237,25.0100002289,25.0499992371,11543400
2025-10-07T04:00:00.000Z,25.0499992371,25.2399997711,24.3099994659,24.3500003815,10779900
2025-10-08T04:00:00.000Z,24.3799991608,25.0499992371,24.1299991608,24.4099998474,7183800
2025-10-09T04:00:00.000Z,24.5799999237,24.7399997711,23.8600006104,24.0699996948,11821200
2025-10-10T04:00:00.000Z,24.0799999237,24.2000007629,23.2800006866,23.2999992371,9744300
2025-10-13T04:00:00.000Z,23.4799995422,23.7999992371,23.1100006104,23.5900001526,5772100
2025-10-14T04:00:00.000Z,23.1200008392,23.6700000763,22.8799991608,23.2099990845,4470900
2025-10-15T04:00:00.000Z,23.2999992371,23.6599998474,23.2099990845,23.3799991608,5018100
2025-10-16T04:00:00.000Z,23.2999992371,23.5300006866,22.8600006104,22.9500007629,6549800
2025-10-17T04:00:00.000Z,22.9500007629,23.3899993896,22.8999996185,23.0699996948,6206300
2025-10-20T04:00:00.000Z,23.1200008392,23.3899993896,23.1200008392,23.3700008392,4424400
2025-10-21T04:00:00.000Z,23.0799999237,23.3400001526,22.7999992371,22.7999992371,6387200
2025-10-22T04:00:00.000Z,22.6900005341,23.3299999237,22.2399997711,22.4899997711,11012900
2025-10-23T04:00:00.000Z,22.5300006866,23.8299999237,22.4599990845,23.6299991608,10638000
2025-10-24T04:00:00.000Z,23.4500007629,23.6000003815,23.2199993134,23.2999992371,5771200
2025-10-27T04:00:00.000Z,24.5,24.5400009155,23.4400005341,23.5300006866,9428700
2025-10-28T04:00:00.000Z,23.5200004578,23.6299991608,23.2199993134,23.2999992371,7984100
2025-10-29T04:00:00.000Z,23.3400001526,23.4200000763,22.8799991608,23.3799991608,5696900
2025-10-30T04:00:00.000Z,23.1700000763,23.2700004578,22.5599994659,22.5799999237,6438400
2025-10-31T04:00:00.000Z,22.7800006866,22.7999992371,22.2900009155,22.2900009155,4990700
2025-11-03T05:00:00.000Z,22.25,22.4200000763,21.9599990845,22.1100006104,6276100
2025-11-04T05:00:00.000Z,21.8700008392,22.2700004578,21.5799999237,21.9799995422,5155900
2025-11-05T05:00:00.000Z,21.9799995422,22.3400001526,21.8899993896,22.0100002289,3885600
2025-11-06T05:00:00.000Z,21.9599990845,22.0200004578,21.3500003815,21.3500003815,5718100
2025-11-07T05:00:00.000Z,21.1000003815,21.7399997711,20.9500007629,21.5,6533300
2025-11-10T05:00:00.000Z,21.6700000763,21.8099994659,21.2999992371,21.4899997711,4724900
2025-11-11T05:00:00.000Z,21.4200000763,21.6200008392,21.2299995422,21.4500007629,2856300
2025-11-12T05:00:00.000Z,21.4599990845,21.7399997711,21.2600002289,21.3600006104,4341300
2025-11-13T05:00:00.000Z,21.2800006866,21.3299999237,20.8799991608,20.9599990845,7415400
2025-11-14T05:00:00.000Z,20.6499996185,20.9899997711,20.4099998474,20.6599998474,5887600
2025-11-17T05:00:00.000Z,20.5699996948,20.8400001526,20.2700004578,20.5,4968200
2025-11-18T05:00:00.000Z,20.3899993896,20.6700000763,20.1800003052,20.5,3733300
2025-11-19T05:00:00.000Z,20.3999996185,20.5100002289,20.1100006104,20.4200000763,5194300
2025-11-20T05:00:00.000Z,20.5499992371,20.6900005341,19.9300003052,19.9400005341,6028900
2025-11-21T05:00:00.000Z,19.9500007629,20.6299991608,19.9400005341,20.1399993896,5514100
2025-11-24T05:00:00.000Z,20.1900005341,20.5599994659,20.1200008392,20.4899997711,5577600
2025-11-25T05:00:00.000Z,20.4899997711,21.3600006104,20.3099994659,21.0599994659,4794900
2025-11-26T05:00:00.000Z,21.1800003052,21.8299999237,21.1100006104,21.6299991608,4644200
2025-11-28T05:00:00.000Z,22.2800006866,22.75,22.0400009155,22.5300006866,8789300
2025-12-01T05:00:00.000Z,22.1499996185,23.0699996948,22.1100006104,22.7900009155,7895900
2025-12-02T05:00:00.000Z,22.7999992371,23.3700008392,22.4799995422,22.8099994659,8105100
2025-12-03T05:00:00.000Z,22.9099998474,23.2800006866,22.7199993134,23.2099990845,11079700
2025-12-04T05:00:00.000Z,23.2600002289,23.4699993134,22.6499996185,22.9500007629,7195800
2025-12-05T05:00:00.000Z,23.0,23.0699996948,22.5300006866,23.0,5688200
2025-12-08T05:00:00.000Z,23.0300006866,23.5499992371,23.0200004578,23.3500003815,5318900
2025-12-09T05:00:00.000Z,23.25,24.0,23.1000003815,23.1100006104,9159100
2025-12-10T05:00:00.000Z,21.5699996948,22.4699993134,21.5,22.1200008392,11543800
2025-12-11T05:00:00.000Z,22.0200004578,22.1800003052,21.5300006866,21.8600006104,4645600
2025-12-12T05:00:00.000Z,21.8899993896,21.9699993134,21.0900001526,21.2299995422,5365900
2025-12-15T05:00:00.000Z,21.3600006104,22.5799999237,21.0799999237,22.0900001526,8010600
2025-12-16T05:00:00.000Z,22.1599998474,22.3400001526,21.7999992371,22.2800006866,3922900
2025-12-17T05:00:00.000Z,22.2900009155,23.1700000763,22.2700004578,23.0300006866,6132200
2025-12-18T05:00:00.000Z,22.9599990845,23.1000003815,22.5300006866,22.5599994659,4589300
2025-12-19T05:00:00.000Z,22.5799999237,22.6399993896,22.2800006866,22.5100002289,7379300
2025-12-22T05:00:00.000Z,22.5200004578,22.7800006866,21.7000007629,21.7399997711,6481100
2025-12-23T05:00:00.000Z,21.6599998474,21.6800003052,21.1299991608,21.3799991608,4384500
2025-12-24T05:00:00.000Z,21.2299995422,21.5699996948,21.2299995422,21.5300006866,1781000
2025-12-26T05:00:00.000Z,21.5,21.5,20.9599990845,21.0900001526,3820400
2025-12-29T05:00:00.000Z,21.0400009155,21.2900009155,20.4599990845,20.5300006866,6005600
2025-12-30T05:00:00.000Z,20.5300006866,20.7000007629,20.3500003815,20.5,4569500
2025-12-31T05:00:00.000Z,20.4500007629,20.4899997711,19.9899997711,20.0799999237,6422300
2026-01-02T05:00:00.000Z,20.2600002289,20.8700008392,20.1599998474,20.6200008392,4551700
2026-01-05T05:00:00.000Z,20.6499996185,20.8299999237,20.3299999237,20.7199993134,7673700
2026-01-06T05:00:00.000Z,20.6299991608,20.9099998474,20.5699996948,20.6599998474,3405000
2026-01-07T05:00:00.000Z,21.6499996185,22.0200004578,21.1900005341,21.2900009155,10674100
2026-01-08T05:00:00.000Z,21.2000007629,21.4400005341,21.0900001526,21.4200000763,4131800
2026-01-09T05:00:00.000Z,21.2800006866,21.7299995422,21.0499992371,21.2299995422,5034900
2026-01-12T05:00:00.000Z,21.0799999237,21.3099994659,20.9200000763,20.9799995422,3563700
2026-01-13T05:00:00.000Z,20.9899997711,21.2099990845,20.8400001526,21.0200004578,4121100
2026-01-14T05:00:00.000Z,21.0,21.0799999237,20.7900009155,21.0200004578,4112800
2026-01-15T05:00:00.000Z,20.9699993134,21.4200000763,20.8799991608,21.3600006104,4995400
2026-01-16T05:00:00.000Z,21.3299999237,21.4699993134,21.0599994659,21.1000003815,3731500
2026-01-20T05:00:00.000Z,20.7999992371,21.25,20.6900005341,21.1000003815,6826500
2026-01-21T05:00:00.000Z,21.6700000763,21.9300003052,21.3600006104,21.6900005341,8366900
2026-01-22T05:00:00.000Z,22.3999996185,23.5,22.1700000763,23.1399993896,15763000
2026-01-23T05:00:00.000Z,23.1399993896,23.1700000763,22.2700004578,22.9899997711,10347500
2026-01-26T05:00:00.000Z,23.4599990845,25.0100002289,22.9500007629,24.0100002289,37432200
2026-01-27T05:00:00.000Z,24.0,24.5,23.2399997711,24.2099990845,16600900
2026-01-28T05:00:00.000Z,24.2299995422,24.25,23.3700008392,23.6399993896,8514500
2026-01-29T05:00:00.000Z,23.5,23.6000003815,22.7000007629,22.8099994659,7555100
2026-01-30T05:00:00.000Z,23.2900009155,24.0100002289,23.2900009155,23.8799991608,16706700
2026-02-02T05:00:00.000Z,24.3799991608,25.9300003052,24.0499992371,25.8500003815,24507600
2026-02-03T05:00:00.000Z,25.1599998474,25.2999992371,23.8400001526,24.5200004578,15876400
2026-02-04T05:00:00.000Z,24.4799995422,25.1599998474,24.0499992371,24.9799995422,9779700
2026-02-05T05:00:00.000Z,24.75,25.5,24.5499992371,24.6900005341,10155500
2026-02-06T05:00:00.000Z,24.7999992371,25.3999996185,24.4400005341,24.9799995422,10022600
2026-02-09T05:00:00.000Z,24.8899993896,24.9699993134,24.2000007629,24.6399993896,5328400
2026-02-10T05:00:00.000Z,24.5100002289,25.2099990845,24.0200004578,24.8199996948,5797500
2026-02-11T05:00:00.000Z,24.8099994659,24.8299999237,24.0400009155,24.2099990845,4755900
2026-02-12T05:00:00.000Z,24.2099990845,24.3700008392,23.3600006104,23.5200004578,6684500
2026-02-13T05:00:00.000Z,23.6100006104,24.0900001526,23.4400005341,23.5699996948,6331600
2026-02-17T05:00:00.000Z,23.5499992371,23.8199996948,23.2299995422,23.2600002289,4338300
2026-02-18T05:00:00.000Z,23.25,24.0400009155,23.0900001526,23.8700008392,5007800
2026-02-19T05:00:00.000Z,23.7700004578,24.0900001526,23.5799999237,23.8999996185,3626300
2026-02-20T05:00:00.000Z,23.5599994659,23.8099994659,23.3999996185,23.4300003052,4169400
2026-02-23T05:00:00.000Z,23.2399997711,23.7000007629,22.7900009155,23.6399993896,5669400
2026-02-24T05:00:00.000Z,23.6900005341,24.3400001526,23.5499992371,23.7700004578,5466700
2026-02-25T05:00:00.000Z,23.8500003815,24.3099994659,23.7000007629,24.2199993134,4568100
2026-02-26T05:00:00.000Z,24.2099990845,24.5300006866,23.7199993134,24.1000003815,5070500
2026-02-27T05:00:00.000Z,23.7900009155,24.2199993134,23.7000007629,24.0300006866,4338000
2026-03-02T05:00:00.000Z,23.5400009155,24.2099990845,23.3999996185,24.2000007629,4620600
2026-03-03T05:00:00.000Z,23.7800006866,24.1700000763,23.4500007629,23.8199996948,4124000
2026-03-04T05:00:00.000Z,23.9500007629,24.2000007629,23.7700004578,23.8700008392,3485600
2026-03-05T05:00:00.000Z,23.7999992371,24.2299995422,23.5300006866,23.8799991608,5288100
2026-03-06T05:00:00.000Z,23.7299995422,24.3899993896,23.6200008392,24.3700008392,5825300
2026-03-09T04:00:00.000Z,24.0,24.9699993134,23.9300003052,24.7999992371,7210900
2026-03-10T04:00:00.000Z,24.5200004578,25.0,24.3299999237,24.3700008392,5144400
2026-03-11T04:00:00.000Z,24.2900009155,24.6800003052,23.9599990845,24.4599990845,5152600
2026-03-12T04:00:00.000Z,24.3999996185,24.6399993896,24.1100006104,24.4300003052,5201800
2026-03-13T04:00:00.000Z,24.2999992371,24.7399997711,23.5,23.5300006866,6399400
2026-03-16T04:00:00.000Z,23.6700000763,23.8199996948,23.2600002289,23.2800006866,6134900
2026-03-17T04:00:00.000Z,23.2999992371,23.7999992371,23.2800006866,23.5900001526,3078400
2026-03-18T04:00:00.000Z,23.5200004578,23.6499996185,23.2900009155,23.3600006104,3075900
2026-03-19T04:00:00.000Z,22.9500007629,23.3500003815,22.7199993134,23.2299995422,5194500
2026-03-20T04:00:00.000Z,23.1000003815,23.1800003052,22.3600006104,22.5699996948,7088100
2026-03-23T04:00:00.000Z,22.7000007629,23.1499996185,22.5599994659,23.0300006866,5227300
2026-03-24T04:00:00.000Z,22.7600002289,23.1000003815,22.4500007629,22.8099994659,8085900
2026-03-25T04:00:00.000Z,22.7800006866,23.5,22.4599990845,23.0799999237,7850100
2026-03-26T04:00:00.000Z,22.9099998474,23.2199993134,22.4500007629,22.5599994659,6905900
2026-03-27T04:00:00.000Z,22.6599998474,22.7900009155,22.0300006866,22.1000003815,5068800
2026-03-30T04:00:00.000Z,22.3500003815,22.6299991608,22.0599994659,22.2700004578,6651600
2026-03-31T04:00:00.000Z,22.3999996185,23.1000003815,22.3799991608,23.0400009155,8431100
2026-04-01T04:00:00.000Z,23.2900009155,23.3500003815,22.7199993134,22.7600002289,4417700
2026-04-02T04:00:00.000Z,22.5799999237,23.4300003052,22.5699996948,23.3600006104,3855200
2026-04-06T04:00:00.000Z,23.3099994659,23.6200008392,23.0799999237,23.0799999237,3660100
2026-04-07T04:00:00.000Z,23.0799999237,23.5400009155,22.6800003052,23.4300003052,10668300
2026-04-08T04:00:00.000Z,23.7000007629,23.7600002289,22.8899993896,22.9099998474,6788600
2026-04-09T04:00:00.000Z,22.8999996185,23.3500003815,22.8299999237,22.8700008392,3163800
2026-04-10T04:00:00.000Z,22.9500007629,23.25,22.5100002289,23.2199993134,5856400
2026-04-13T04:00:00.000Z,23.0,23.4300003052,22.7299995422,23.3999996185,5516100
2026-04-14T04:00:00.000Z,23.4500007629,24.2999992371,23.4300003052,24.0300006866,10482700
2026-04-15T04:00:00.000Z,24.1499996185,24.8500003815,24.0300006866,24.7900009155,11695400
2026-04-16T04:00:00.000Z,24.9099998474,25.4899997711,24.5400009155,25.1800003052,10701100
2026-04-17T04:00:00.000Z,25.1900005341,25.3400001526,24.3700008392,24.5499992371,8161000
2026-04-20T04:00:00.000Z,24.1700000763,25.0499992371,24.0799999237,24.9200000763,6199700
2026-04-21T04:00:00.000Z,25.0499992371,25.3299999237,24.4300003052,24.4599990845,6472800
2026-04-22T04:00:00.000Z,24.7099990845,25.7399997711,24.7000007629,25.6599998474,9643700
2026-04-23T04:00:00.000Z,25.8400001526,26.0200004578,24.7299995422,25.0100002289,8576900
2026-04-24T04:00:00.000Z,25.2099990845,25.25,24.7299995422,24.9500007629,5148900
2026-04-27T04:00:00.000Z,25.0,25.6299991608,24.9200000763,25.4099998474,6260400
2026-04-28T04:00:00.000Z,25.3099994659,25.4200000763,24.7999992371,25.0900001526,4326800
2026-04-29T04:00:00.000Z,24.9899997711,25.0400009155,24.0,24.5200004578,7071500
2026-04-30T04:00:00.000Z,24.3600006104,25.0799999237,24.2099990845,24.9500007629,4492500
2026-05-01T04:00:00.000Z,24.8500003815,26.8799991608,24.8500003815,26.5300006866,20284900
2026-05-04T04:00:00.000Z,25.1100006104,26.1499996185,23.6700000763,23.8400001526,40178600
2026-05-05T04:00:00.000Z,23.2099990845,24.7299995422,22.8500003815,24.2299995422,17979600
2026-05-06T04:00:00.000Z,24.2999992371,25.4400005341,23.9599990845,25.1700000763,11606500
2026-05-07T04:00:00.000Z,25.1200008392,25.25,23.7900009155,23.9699993134,8794000
2026-05-08T04:00:00.000Z,24.1399993896,24.4200000763,23.8199996948,24.2800006866,5957700
2026-05-11T04:00:00.000Z,24.2000007629,24.3700008392,23.1000003815,23.1700000763,16635500
