Date,Open,High,Low,Close,Volume
2021-07-29T04:00:00.000Z,38.0,40.25,33.3499984741,34.8199996948,102474700
2021-07-30T04:00:00.000Z,34.9300003052,36.9799995422,33.25,35.1500015259,40632200
2021-08-02T04:00:00.000Z,35.9700012207,37.9799995422,35.2999992371,37.6800003052,19948500
2021-08-03T04:00:00.000Z,37.9109992981,48.5900001526,37.1590003967,46.7999992371,93819200
2021-08-04T04:00:00.000Z,54.4500007629,85.0,54.4000015259,70.3899993896,175790500
2021-08-05T04:00:00.000Z,62.9000015259,66.5,50.4599990845,50.9700012207,82470400
2021-08-06T04:00:00.000Z,57.7700004578,60.8800010681,53.0999984741,55.0099983215,70131700
2021-08-09T04:00:00.000Z,59.0839996338,59.9599990845,56.0,56.8300018311,27495200
2021-08-10T04:00:00.000Z,56.4850006104,58.4900016785,53.5,53.9399986267,17066400
2021-08-11T04:00:00.000Z,54.5680007935,54.6059989929,49.0,51.1899986267,15893100
2021-08-12T04:00:00.000Z,50.125,50.3899993896,47.5200004578,48.0999984741,13391400
2021-08-13T04:00:00.000Z,48.4500007629,53.2000007629,48.2200012207,50.6300010681,25659800
2021-08-16T04:00:00.000Z,49.4000015259,49.7900009155,47.0,47.1899986267,11993900
2021-08-17T04:00:00.000Z,47.2999992371,48.8499984741,46.0099983215,46.6699981689,9160300
2021-08-18T04:00:00.000Z,47.9650001526,52.0600013733,47.2000007629,49.7999992371,24408000
2021-08-19T04:00:00.000Z,45.0600013733,46.8800010681,44.1349983215,44.6899986267,18517600
2021-08-20T04:00:00.000Z,45.2000007629,45.5600013733,42.4399986267,42.6399993896,11764300
2021-08-23T04:00:00.000Z,44.1599998474,46.8499984741,43.3199996948,45.2900009155,15664700
2021-08-24T04:00:00.000Z,46.4599990845,50.2400016785,46.0,49.3800010681,17122700
2021-08-25T04:00:00.000Z,48.4249992371,50.9900016785,47.5,48.9799995422,10837500
2021-08-26T04:00:00.000Z,48.0,49.8499984741,46.4000015259,46.8600006104,7187700
2021-08-27T04:00:00.000Z,46.7989997864,48.0999984741,46.1399993896,46.8699989319,6058100
2021-08-30T04:00:00.000Z,46.2999992371,46.5999984741,42.5600013733,43.6399993896,12363800
2021-08-31T04:00:00.000Z,42.0299987793,44.5,41.5099983215,44.3199996948,8847500
2021-09-01T04:00:00.000Z,43.7599983215,47.1199989319,43.7000007629,44.5699996948,11013000
2021-09-02T04:00:00.000Z,45.2019996643,45.7999992371,44.2000007629,44.4900016785,4088600
2021-09-03T04:00:00.000Z,44.6930007935,44.8800010681,43.1500015259,43.3499984741,4652500
2021-09-07T04:00:00.000Z,43.3300018311,43.3899993896,41.75,42.1300010681,6179200
2021-09-08T04:00:00.000Z,42.0,42.2099990845,39.8100013733,40.0499992371,7834900
2021-09-09T04:00:00.000Z,40.5,42.5400009155,40.3810005188,41.2799987793,6981900
2021-09-10T04:00:00.000Z,41.5,42.5200004578,40.7200012207,41.1699981689,5521800
2021-09-13T04:00:00.000Z,41.2200012207,41.3899993896,39.7999992371,40.5999984741,4309200
2021-09-14T04:00:00.000Z,41.0,41.0,39.2299995422,40.0200004578,4298000
2021-09-15T04:00:00.000Z,40.2000007629,41.9399986267,39.8300018311,41.8699989319,5835900
2021-09-16T04:00:00.000Z,41.6199989319,42.4300003052,40.9099998474,41.9500007629,4206700
2021-09-17T04:00:00.000Z,41.9199981689,42.9010009766,41.9000015259,42.3800010681,5000800
2021-09-20T04:00:00.000Z,40.6199989319,41.5600013733,40.0299987793,40.7000007629,4437800
2021-09-21T04:00:00.000Z,41.0400009155,42.6899986267,40.7939987183,42.2900009155,5984800
2021-09-22T04:00:00.000Z,43.0,46.9399986267,42.7599983215,46.8800010681,14619500
2021-09-23T04:00:00.000Z,46.2849998474,47.8400001526,44.7099990845,45.9399986267,12129400
2021-09-24T04:00:00.000Z,44.7000007629,46.5499992371,44.3499984741,44.9099998474,6058000
2021-09-27T04:00:00.000Z,44.9300003052,45.9099998474,43.9500007629,44.7599983215,4041700
2021-09-28T04:00:00.000Z,43.9199981689,45.9599990845,42.5099983215,44.6199989319,5791900
2021-09-29T04:00:00.000Z,44.1699981689,45.4630012512,43.0999984741,43.1300010681,4597600
2021-09-30T04:00:00.000Z,43.1300010681,43.1300010681,41.4099998474,42.0800018311,3536000
2021-10-01T04:00:00.000Z,42.3619995117,42.7799987793,41.1199989319,41.9000015259,2655800
2021-10-04T04:00:00.000Z,41.7999992371,41.8120002747,40.25,40.9300003052,2647800
2021-10-05T04:00:00.000Z,41.0740013123,42.4900016785,41.0509986877,42.0099983215,2813400
2021-10-06T04:00:00.000Z,42.0,42.6500015259,41.7000007629,42.0600013733,2730200
2021-10-07T04:00:00.000Z,42.2369995117,42.8400001526,41.6800003052,41.8400001526,2895400
2021-10-08T04:00:00.000Z,41.7999992371,42.0600013733,41.0499992371,41.7799987793,3688900
2021-10-11T04:00:00.000Z,41.172000885,42.4679985046,41.0099983215,42.0699996948,3733200
2021-10-12T04:00:00.000Z,42.0,42.0499992371,40.5,40.5299987793,3718000
2021-10-13T04:00:00.000Z,40.6199989319,40.8300018311,39.8600006104,40.5200004578,3914400
2021-10-14T04:00:00.000Z,40.5900001526,41.7900009155,40.5499992371,40.9300003052,3823500
2021-10-15T04:00:00.000Z,41.6409988403,41.7000007629,40.8600006104,41.0299987793,2579600
2021-10-18T04:00:00.000Z,40.9500007629,41.25,40.3100013733,40.6500015259,4008900
2021-10-19T04:00:00.000Z,40.9099998474,41.7999992371,40.5400009155,41.7000007629,4529200
2021-10-20T04:00:00.000Z,41.8930015564,42.4399986267,41.0200004578,41.8300018311,4057600
2021-10-21T04:00:00.000Z,41.9300003052,43.3600006104,41.2099990845,41.2799987793,5377700
2021-10-22T04:00:00.000Z,41.125,41.1300010681,39.5900001526,39.5900001526,5916800
2021-10-25T04:00:00.000Z,39.7599983215,39.8699989319,38.1500015259,39.0099983215,8081700
2021-10-26T04:00:00.000Z,39.6100006104,40.25,39.0,39.5699996948,13250900
2021-10-27T04:00:00.000Z,35.9799995422,36.1899986267,34.4399986267,35.4399986267,29082800
2021-10-28T04:00:00.000Z,35.2099990845,35.5200004578,33.9900016785,35.4700012207,17441500
2021-10-29T04:00:00.000Z,35.6500015259,35.8499984741,34.7999992371,34.9700012207,10687400
2021-11-01T04:00:00.000Z,35.2000007629,35.2150001526,34.4199981689,34.8499984741,7946000
2021-11-02T04:00:00.000Z,34.7200012207,34.9900016785,34.3400001526,34.9900016785,5547700
2021-11-03T04:00:00.000Z,34.9399986267,37.5,34.6749992371,37.0400009155,15342800
2021-11-04T04:00:00.000Z,37.0299987793,37.9500007629,36.5,37.0699996948,6474400
2021-11-05T04:00:00.000Z,37.0,37.4099998474,36.6500015259,37.0099983215,4744800
2021-11-08T05:00:00.000Z,37.0600013733,38.1699981689,36.5200004578,37.9799995422,7149200
2021-11-09T05:00:00.000Z,36.7599983215,37.1990013123,36.4500007629,36.7000007629,7130000
2021-11-10T05:00:00.000Z,35.9000015259,36.1100006104,33.75,34.4900016785,14707500
2021-11-11T05:00:00.000Z,34.8199996948,34.8400001526,34.0400009155,34.1699981689,6038000
2021-11-12T05:00:00.000Z,34.6450004578,35.9000015259,34.5900001526,35.2099990845,8727800
2021-11-15T05:00:00.000Z,35.5,35.6100006104,34.2299995422,34.9599990845,6219600
2021-11-16T05:00:00.000Z,34.3699989319,34.4399986267,32.8699989319,33.8699989319,8929800
2021-11-17T05:00:00.000Z,33.7999992371,33.9799995422,32.8100013733,32.8800010681,6763800
2021-11-18T05:00:00.000Z,32.9000015259,32.9300003052,30.4099998474,30.5300006866,12654100
2021-11-19T05:00:00.000Z,30.2999992371,30.7999992371,28.7999992371,28.9899997711,14289500
2021-11-22T05:00:00.000Z,29.0,29.3600006104,27.4400005341,27.8400001526,12690400
2021-11-23T05:00:00.000Z,27.6000003815,28.2999992371,26.5699996948,27.6499996185,8654300
2021-11-24T05:00:00.000Z,27.5400009155,28.5400009155,27.5100002289,27.9799995422,5980100
2021-11-26T05:00:00.000Z,27.0750007629,29.2199993134,27.0499992371,27.9200000763,5503000
2021-11-29T05:00:00.000Z,28.0949993134,28.2900009155,25.75,27.0699996948,15203900
2021-11-30T05:00:00.000Z,26.6949996948,27.5599994659,25.8099994659,25.9400005341,22291000
2021-12-01T05:00:00.000Z,26.3500003815,26.3899993896,23.8899993896,23.9300003052,37588000
2021-12-02T05:00:00.000Z,23.9599990845,24.2900009155,23.3400001526,24.2000007629,14035700
2021-12-03T05:00:00.000Z,23.9200000763,24.0599994659,21.5,21.5499992371,16825200
2021-12-06T05:00:00.000Z,21.3400001526,22.0499992371,20.5799999237,21.8999996185,12053700
2021-12-07T05:00:00.000Z,22.6499996185,23.3299999237,22.0200004578,22.7299995422,11058400
2021-12-08T05:00:00.000Z,23.0,23.7399997711,21.7600002289,23.7199993134,15159400
2021-12-09T05:00:00.000Z,23.2700004578,23.4799995422,21.7000007629,21.9099998474,14155100
2021-12-10T05:00:00.000Z,21.7800006866,21.8099994659,19.8199996948,20.1299991608,22116600
2021-12-13T05:00:00.000Z,19.7000007629,20.2000007629,18.8600006104,19.7000007629,18086900
2021-12-14T05:00:00.000Z,19.1550006866,19.5599994659,18.4200000763,19.1299991608,21065900
2021-12-15T05:00:00.000Z,19.0,19.7999992371,17.8899993896,19.5,22439300
2021-12-16T05:00:00.000Z,19.2399997711,19.8899993896,17.7099990845,18.1399993896,20920000
2021-12-17T05:00:00.000Z,17.8799991608,19.3700008392,17.0750007629,19.1000003815,20788700
2021-12-20T05:00:00.000Z,18.2700004578,18.9300003052,17.5900001526,18.0300006866,13652100
2021-12-21T05:00:00.000Z,18.1049995422,19.0300006866,17.9799995422,18.9300003052,10885200
2021-12-22T05:00:00.000Z,18.6399993896,18.8799991608,18.0400009155,18.3799991608,16627800
2021-12-23T05:00:00.000Z,18.3099994659,19.25,17.8899993896,18.8999996185,13067500
2021-12-27T05:00:00.000Z,18.8299999237,18.8500003815,18.2099990845,18.4400005341,12360200
2021-12-28T05:00:00.000Z,18.1539993286,18.5300006866,17.3999996185,17.4500007629,15814900
2021-12-29T05:00:00.000Z,17.4500007629,17.6700000763,16.6800003052,17.1100006104,12534800
2021-12-30T05:00:00.000Z,17.1800003052,18.7199993134,17.1399993896,18.2000007629,16128500
2021-12-31T05:00:00.000Z,18.1200008392,18.7600002289,17.7199993134,17.7600002289,10931100
2022-01-03T05:00:00.000Z,18.0499992371,18.9400005341,17.9099998474,18.4400005341,16108400
2022-01-04T05:00:00.000Z,18.3899993896,18.4500007629,16.8400001526,17.3999996185,28170100
2022-01-05T05:00:00.000Z,17.2999992371,17.5,15.7700004578,15.9799995422,30878600
2022-01-06T05:00:00.000Z,15.8000001907,16.0499992371,14.8000001907,15.5799999237,50293200
2022-01-07T05:00:00.000Z,15.6199998856,16.4799995422,15.5200004578,15.8900003433,23053700
2022-01-10T05:00:00.000Z,15.3500003815,16.0,14.75,15.6099996567,22173400
2022-01-11T05:00:00.000Z,15.5249996185,16.8199996948,15.3299999237,16.4099998474,20145300
2022-01-12T05:00:00.000Z,16.6299991608,17.2099990845,16.0599994659,16.25,15831400
2022-01-13T05:00:00.000Z,16.2600002289,16.3899993896,15.2600002289,15.3000001907,16354500
2022-01-14T05:00:00.000Z,15.0900001526,15.7299995422,14.7299995422,15.1700000763,16689700
2022-01-18T05:00:00.000Z,14.8999996185,14.9600000381,14.2600002289,14.3999996185,15705400
2022-01-19T05:00:00.000Z,14.4600000381,14.6499996185,13.8400001526,13.8900003433,15014200
2022-01-20T05:00:00.000Z,14.1000003815,14.8400001526,13.6499996185,13.6899995804,20377500
2022-01-21T05:00:00.000Z,13.470000267,13.6800003052,12.7729997635,12.9799995422,23868800
2022-01-24T05:00:00.000Z,12.25,13.1599998474,11.1499996185,13.1199998856,36924600
2022-01-25T05:00:00.000Z,12.8699998856,13.470000267,12.7049999237,13.0500001907,18463000
2022-01-26T05:00:00.000Z,13.3500003815,13.5799999237,12.3400001526,12.4099998474,22797200
2022-01-27T05:00:00.000Z,12.654999733,12.654999733,11.3999996185,11.6099996567,39144300
2022-01-28T05:00:00.000Z,9.970000267,12.8599996567,9.9399995804,12.7299995422,69488900
2022-01-31T05:00:00.000Z,12.638999939,14.5399999619,11.8500003815,14.1499996185,52585200
2022-02-01T05:00:00.000Z,14.2899999619,14.7399997711,13.4099998474,14.6499996185,29358500
2022-02-02T05:00:00.000Z,14.5900001526,14.8500003815,13.5399999619,14.0200004578,24362500
2022-02-03T05:00:00.000Z,13.4099998474,14.6800003052,13.2399997711,14.1499996185,22621600
2022-02-04T05:00:00.000Z,14.1599998474,15.3299999237,13.7700004578,15.1800003052,23091500
2022-02-07T05:00:00.000Z,15.0600004196,15.2399997711,13.7700004578,13.9099998474,24001200
2022-02-08T05:00:00.000Z,13.8199996948,13.8210000992,12.9300003052,13.3800001144,25121100
2022-02-09T05:00:00.000Z,13.5939998627,14.279999733,13.220000267,13.9099998474,23897000
2022-02-10T05:00:00.000Z,13.3800001144,14.6999998093,13.3199996948,13.5200004578,27800900
2022-02-11T05:00:00.000Z,13.611000061,14.1899995804,13.0699996948,13.3199996948,17639100
2022-02-14T05:00:00.000Z,13.1049995422,13.8699998856,12.970000267,13.3500003815,21779500
2022-02-15T05:00:00.000Z,13.6800003052,13.7700004578,13.3100004196,13.6700000763,17185000
2022-02-16T05:00:00.000Z,13.5200004578,14.0600004196,13.279999733,13.5100002289,16271200
2022-02-17T05:00:00.000Z,13.3500003815,13.4899997711,12.1499996185,12.25,23159200
2022-02-18T05:00:00.000Z,12.3500003815,12.4399995804,11.6400003433,11.8100004196,19269400
2022-02-22T05:00:00.000Z,11.470000267,11.7399997711,10.9799995422,11.3100004196,22043000
2022-02-23T05:00:00.000Z,11.3699998856,11.5989999771,10.8299999237,10.8599996567,16146100
2022-02-24T05:00:00.000Z,10.0,11.6499996185,9.9300003052,11.5100002289,31330200
2022-02-25T05:00:00.000Z,11.5399999619,11.6999998093,10.9099998474,11.6099996567,15928400
2022-02-28T05:00:00.000Z,11.4949998856,12.095000267,11.3100004196,12.0100002289,17105400
2022-03-01T05:00:00.000Z,12.0550003052,12.2600002289,11.5100002289,11.7700004578,12587300
2022-03-02T05:00:00.000Z,11.7700004578,11.7700004578,11.0749998093,11.4899997711,11838700
2022-03-03T05:00:00.000Z,11.5200004578,11.8299999237,11.1099996567,11.3800001144,14725900
2022-03-04T05:00:00.000Z,11.1899995804,11.6730003357,10.8500003815,10.9600000381,18217500
2022-03-07T05:00:00.000Z,11.0399999619,12.029999733,11.0399999619,11.4200000763,26532000
2022-03-08T05:00:00.000Z,11.2600002289,12.0699996948,11.0100002289,11.75,16700300
2022-03-09T05:00:00.000Z,11.9899997711,12.470000267,11.8999996185,12.4200000763,18056500
2022-03-10T05:00:00.000Z,12.029999733,12.1099996567,11.6099996567,12.0500001907,15593400
2022-03-11T05:00:00.000Z,12.4399995804,12.4600000381,11.0100002289,11.0200004578,21050100
2022-03-14T04:00:00.000Z,10.9099998474,11.1400003433,10.3999996185,10.6499996185,17131300
2022-03-15T04:00:00.000Z,10.529999733,11.1199998856,10.1999998093,11.0399999619,16286600
2022-03-16T04:00:00.000Z,11.25,12.8500003815,11.1899995804,12.779999733,35061600
2022-03-17T04:00:00.000Z,12.6300001144,13.7100000381,12.4549999237,13.3900003433,27387000
2022-03-18T04:00:00.000Z,13.3299999237,13.9499998093,13.2100000381,13.4399995804,25838100
2022-03-21T04:00:00.000Z,13.2899999619,13.3000001907,12.5150003433,13.0500001907,23467400
2022-03-22T04:00:00.000Z,13.1800003052,13.857000351,12.8900003433,13.4200000763,22472700
2022-03-23T04:00:00.000Z,13.2600002289,13.3400001526,12.720000267,13.0799999237,15530600
2022-03-24T04:00:00.000Z,13.0200004578,13.2449998856,12.6099996567,12.9600000381,10404300
2022-03-25T04:00:00.000Z,12.8800001144,12.9799995422,12.2600002289,12.3900003433,11156900
2022-03-28T04:00:00.000Z,12.4600000381,13.0200004578,12.2749996185,12.8100004196,12380200
2022-03-29T04:00:00.000Z,13.1899995804,16.4899997711,13.1499996185,15.9099998474,101513600
2022-03-30T04:00:00.000Z,15.5799999237,15.6599998474,14.3999996185,14.5600004196,36848500
2022-03-31T04:00:00.000Z,14.6199998856,14.6400003433,13.4899997711,13.5100002289,26911100
2022-04-01T04:00:00.000Z,13.5399999619,13.75,13.2299995422,13.5,19582000
2022-04-04T04:00:00.000Z,13.5,13.9300003052,13.3699998856,13.8299999237,12934100
2022-04-05T04:00:00.000Z,13.8000001907,13.9499998093,12.9099998474,13.029999733,13238500
2022-04-06T04:00:00.000Z,12.7700004578,12.8900003433,12.0399999619,12.5100002289,15547800
2022-04-07T04:00:00.000Z,12.4099998474,12.6599998474,11.5600004196,12.0699996948,14671700
2022-04-08T04:00:00.000Z,11.4600000381,11.6899995804,11.0600004196,11.2399997711,25046500
2022-04-11T04:00:00.000Z,11.0200004578,11.5100002289,10.8400001526,11.3500003815,14568300
2022-04-12T04:00:00.000Z,11.6599998474,12.0799999237,11.3549995422,11.4300003052,13906400
2022-04-13T04:00:00.000Z,11.3199996948,11.9300003052,11.25,11.8900003433,9031800
2022-04-14T04:00:00.000Z,11.779999733,11.8900003433,11.3050003052,11.3800001144,12083900
2022-04-18T04:00:00.000Z,11.2849998474,11.3900003433,10.8999996185,10.9899997711,11320000
2022-04-19T04:00:00.000Z,10.9799995422,11.6350002289,10.8299999237,11.5600004196,13253500
2022-04-20T04:00:00.000Z,11.5500001907,11.5600004196,10.6800003052,10.7100000381,15342400
2022-04-21T04:00:00.000Z,10.8690004349,11.1099996567,10.1999998093,10.4399995804,14642000
2022-04-22T04:00:00.000Z,10.3999996185,10.6599998474,10.1499996185,10.2600002289,13172500
2022-04-25T04:00:00.000Z,10.1300001144,10.4499998093,9.9750003815,10.3900003433,13322000
2022-04-26T04:00:00.000Z,10.3299999237,10.5050001144,9.8500003815,10.0,14430900
2022-04-27T04:00:00.000Z,9.595000267,10.0399999619,9.3800001144,9.5100002289,18996400
2022-04-28T04:00:00.000Z,9.6000003815,10.1999998093,9.2600002289,10.0900001526,26970200
2022-04-29T04:00:00.000Z,9.0500001907,10.7899999619,9.0,9.8050003052,32541400
2022-05-02T04:00:00.000Z,9.7600002289,10.4899997711,9.5200004578,10.4799995422,22709500
2022-05-03T04:00:00.000Z,10.1199998856,10.5100002289,9.6400003433,10.1000003815,27084000
2022-05-04T04:00:00.000Z,10.0900001526,10.9200000763,9.8529996872,10.8999996185,26056600
2022-05-05T04:00:00.000Z,10.8500003815,10.9650001526,10.3649997711,10.6099996567,17641300
2022-05-06T04:00:00.000Z,10.5,10.6700000763,9.9099998474,10.1199998856,15359700
2022-05-09T04:00:00.000Z,9.8599996567,10.2399997711,9.3900003433,9.5,18935700
2022-05-10T04:00:00.000Z,9.6350002289,9.9350004196,8.9149999619,9.2700004578,22732700
2022-05-11T04:00:00.000Z,8.9799995422,9.3699998856,8.0100002289,8.1499996185,31547700
2022-05-12T04:00:00.000Z,7.9019999504,8.8299999237,7.7100000381,8.5600004196,32064200
2022-05-13T04:00:00.000Z,10.5399999619,10.8549995422,9.8400001526,10.6899995804,48560100
2022-05-16T04:00:00.000Z,10.6400003433,10.6400003433,9.9449996948,10.1099996567,20918900
2022-05-17T04:00:00.000Z,10.3500003815,10.5500001907,9.5,10.0600004196,21824200
2022-05-18T04:00:00.000Z,9.8999996185,10.4499998093,9.6750001907,9.7299995422,16585300
2022-05-19T04:00:00.000Z,9.7399997711,10.4499998093,9.625,10.2100000381,15708500
2022-05-20T04:00:00.000Z,10.3500003815,10.5500001907,9.5710000992,10.0799999237,12809200
2022-05-23T04:00:00.000Z,9.9899997711,10.1149997711,9.5500001907,10.0600004196,14168600
2022-05-24T04:00:00.000Z,9.8900003433,9.9200000763,8.970000267,9.1099996567,12972000
2022-05-25T04:00:00.000Z,9.0699996948,9.3699998856,8.970000267,9.2299995422,11818500
2022-05-26T04:00:00.000Z,9.1199998856,9.5349998474,9.0600004196,9.279999733,10712900
2022-05-27T04:00:00.000Z,9.3500003815,10.4200000763,9.2749996185,10.3800001144,17019200
2022-05-31T04:00:00.000Z,10.2600002289,10.5500001907,9.9899997711,10.0600004196,24393200
2022-06-01T04:00:00.000Z,9.9600000381,10.0050001144,9.220000267,9.3699998856,21328600
2022-06-02T04:00:00.000Z,9.2899999619,9.7150001526,9.1499996185,9.6999998093,13374700
2022-06-03T04:00:00.000Z,9.3800001144,9.4499998093,9.0500001907,9.1700000763,13193800
2022-06-06T04:00:00.000Z,9.2600002289,9.8000001907,9.0500001907,9.1099996567,24087700
2022-06-07T04:00:00.000Z,8.7299995422,8.7950000763,8.25,8.720000267,31787700
2022-06-08T04:00:00.000Z,8.6599998474,8.9300003052,8.2299995422,8.3800001144,32988700
2022-06-09T04:00:00.000Z,8.2899999619,8.4300003052,8.0,8.029999733,19896500
2022-06-10T04:00:00.000Z,7.7399997711,8.1199998856,7.6100001335,7.8099999428,21890200
2022-06-13T04:00:00.000Z,7.3000001907,7.4749999046,7.0199999809,7.2300000191,27700900
2022-06-14T04:00:00.000Z,7.2399997711,7.4800000191,7.0999999046,7.2300000191,16209800
2022-06-15T04:00:00.000Z,7.0399999619,7.2100000381,6.8699998856,7.0500001907,32871000
2022-06-16T04:00:00.000Z,6.9400000572,7.1399998665,6.8099999428,6.8899998665,21709300
2022-06-17T04:00:00.000Z,6.8400001526,7.2199997902,6.8400001526,7.1900000572,18196700
2022-06-21T04:00:00.000Z,7.3499999046,8.0200004578,7.3499999046,7.5500001907,19619900
2022-06-22T04:00:00.000Z,7.3000001907,7.7300000191,7.2800002098,7.4899997711,15371500
2022-06-23T04:00:00.000Z,7.75,8.0699996948,7.6100001335,7.9800000191,16915800
2022-06-24T04:00:00.000Z,8.0799999237,8.3800001144,7.8400001526,8.0,60504200
2022-06-27T04:00:00.000Z,8.1219997406,9.720000267,7.8200001717,9.1199998856,73442400
2022-06-28T04:00:00.000Z,9.0600004196,9.3000001907,8.7700004578,8.8649997711,34571700
2022-06-29T04:00:00.000Z,8.5200004578,8.8149995804,8.4399995804,8.470000267,12722100
2022-06-30T04:00:00.000Z,8.4300003052,8.5100002289,8.0600004196,8.220000267,13039400
2022-07-01T04:00:00.000Z,8.220000267,8.3950004578,8.0200004578,8.1800003052,10409000
2022-07-05T04:00:00.000Z,8.0200004578,8.4399995804,7.7800002098,8.3999996185,12854100
2022-07-06T04:00:00.000Z,8.4399995804,8.8000001907,8.2600002289,8.6300001144,14051300
2022-07-07T04:00:00.000Z,8.6199998856,9.0200004578,8.4849996567,9.0200004578,12394400
2022-07-08T04:00:00.000Z,8.8500003815,9.25,8.7600002289,9.0,9873600
2022-07-11T04:00:00.000Z,8.8599996567,8.9399995804,8.2899999619,8.3400001526,10120500
2022-07-12T04:00:00.000Z,8.3599996567,8.5200004578,8.1000003815,8.3999996185,11153500
2022-07-13T04:00:00.000Z,8.1999998093,8.470000267,8.0799999237,8.3599996567,8250600
2022-07-14T04:00:00.000Z,8.2899999619,8.3500003815,8.0500001907,8.2399997711,8007000
2022-07-15T04:00:00.000Z,8.3000001907,8.4200000763,8.1000003815,8.4099998474,10206100
2022-07-18T04:00:00.000Z,8.6300001144,8.8400001526,8.5550003052,8.6199998856,9070900
2022-07-19T04:00:00.000Z,8.7299995422,9.0699996948,8.6999998093,9.029999733,10444000
2022-07-20T04:00:00.000Z,9.029999733,9.4399995804,8.9600000381,9.4099998474,10889300
2022-07-21T04:00:00.000Z,9.3400001526,9.5,9.1999998093,9.4099998474,7446600
2022-07-22T04:00:00.000Z,9.4499998093,9.5,8.9399995804,9.0799999237,8296300
2022-07-25T04:00:00.000Z,9.029999733,9.029999733,8.7399997711,8.8900003433,5470100
2022-07-26T04:00:00.000Z,8.7100000381,8.7299995422,8.3699998856,8.4300003052,7255400
2022-07-27T04:00:00.000Z,8.6300001144,8.9300003052,8.4899997711,8.8999996185,6037000
2022-07-28T04:00:00.000Z,8.8900003433,9.1750001907,8.5749998093,9.1099996567,7384800
2022-07-29T04:00:00.000Z,9.0100002289,9.1499996185,8.9099998474,9.0500001907,7679200
2022-08-01T04:00:00.000Z,8.9399995804,9.0399999619,8.7119998932,9.0399999619,9478600
2022-08-02T04:00:00.000Z,8.8100004196,9.3299999237,8.7899999619,9.2299995422,11339200
2022-08-03T04:00:00.000Z,9.3999996185,10.7600002289,9.3999996185,10.3100004196,37485700
2022-08-04T04:00:00.000Z,10.970000267,11.3500003815,10.2600002289,10.8800001144,27870300
2022-08-05T04:00:00.000Z,10.4200000763,10.6149997711,9.9399995804,10.3999996185,17288100
2022-08-08T04:00:00.000Z,10.5200004578,10.904999733,10.279999733,10.6800003052,13033200
2022-08-09T04:00:00.000Z,10.470000267,10.5100002289,10.0,10.1000003815,8266000
2022-08-10T04:00:00.000Z,10.5100002289,10.6599998474,10.1599998474,10.5799999237,11168700
2022-08-11T04:00:00.000Z,11.0100002289,11.2950000763,10.5100002289,10.5100002289,14230000
2022-08-12T04:00:00.000Z,10.6499996185,10.9300003052,10.4300003052,10.9300003052,7333600
2022-08-15T04:00:00.000Z,10.7899999619,11.1899995804,10.7899999619,11.0100002289,7086900
2022-08-16T04:00:00.000Z,11.0249996185,11.5900001526,10.6199998856,10.8999996185,20374700
2022-08-17T04:00:00.000Z,10.75,10.8149995804,10.3100004196,10.4200000763,9287000
2022-08-18T04:00:00.000Z,10.3299999237,10.4200000763,9.9399995804,10.1700000763,9525400
2022-08-19T04:00:00.000Z,9.8500003815,9.8800001144,9.1899995804,9.2600002289,13783800
2022-08-22T04:00:00.000Z,8.970000267,9.2650003433,8.8900003433,9.0399999619,8228100
2022-08-23T04:00:00.000Z,9.0399999619,9.3350000381,8.9350004196,9.1800003052,6071600
2022-08-24T04:00:00.000Z,9.1999998093,9.4899997711,9.1579999924,9.3199996948,5350300
2022-08-25T04:00:00.000Z,9.4300003052,9.8299999237,9.3400001526,9.8100004196,6123500
2022-08-26T04:00:00.000Z,9.8699998856,9.970000267,9.2100000381,9.3800001144,7071900
2022-08-29T04:00:00.000Z,9.2600002289,9.5900001526,9.218000412,9.3800001144,5129100
2022-08-30T04:00:00.000Z,9.5,9.6400003433,9.2899999619,9.470000267,5410700
2022-08-31T04:00:00.000Z,9.5100002289,9.6850004196,9.4099998474,9.5500001907,7247400
2022-09-01T04:00:00.000Z,9.3999996185,9.6300001144,8.9899997711,9.6300001144,8311000
2022-09-02T04:00:00.000Z,9.8199996948,9.8500003815,9.2700004578,9.4499998093,7305000
2022-09-06T04:00:00.000Z,9.529999733,9.7399997711,9.3500003815,9.5699996948,13242200
2022-09-07T04:00:00.000Z,9.6199998856,9.9200000763,9.4499998093,9.8500003815,9342600
2022-09-08T04:00:00.000Z,9.6199998856,10.1099996567,9.529999733,10.1000003815,11116400
2022-09-09T04:00:00.000Z,10.4099998474,10.9300003052,10.2899999619,10.6000003815,15651500
2022-09-12T04:00:00.000Z,10.7600002289,11.279999733,10.5600004196,11.0100002289,14394700
2022-09-13T04:00:00.000Z,10.5200004578,10.9149999619,10.3199996948,10.4099998474,15029400
2022-09-14T04:00:00.000Z,10.4099998474,10.904999733,10.2749996185,10.779999733,17007400
2022-09-15T04:00:00.000Z,10.6499996185,11.625,10.6499996185,11.25,18488600
2022-09-16T04:00:00.000Z,10.9099998474,11.029999733,10.1999998093,10.25,46281800
2022-09-19T04:00:00.000Z,9.9799995422,10.2950000763,9.7600002289,10.2600002289,10074700
2022-09-20T04:00:00.000Z,10.1599998474,10.2600002289,9.8999996185,9.9399995804,5799700
2022-09-21T04:00:00.000Z,10.0100002289,10.5200004578,9.8500003815,9.9200000763,8110900
2022-09-22T04:00:00.000Z,10.6199998856,11.1000003815,9.6000003815,9.6499996185,28957600
2022-09-23T04:00:00.000Z,9.4849996567,9.5799999237,9.1649999619,9.4399995804,10079600
2022-09-26T04:00:00.000Z,9.4200000763,9.7399997711,9.2399997711,9.2399997711,7810500
2022-09-27T04:00:00.000Z,9.4549999237,9.7899999619,9.3699998856,9.6099996567,8530000
2022-09-28T04:00:00.000Z,9.5450000763,10.1499996185,9.5399999619,10.0100002289,9015800
2022-09-29T04:00:00.000Z,9.8000001907,9.8999996185,9.5600004196,9.7700004578,5561600
2022-09-30T04:00:00.000Z,9.7399997711,10.4790000916,9.6700000763,10.1000003815,7938400
2022-10-03T04:00:00.000Z,10.0200004578,10.1899995804,9.7100000381,10.1000003815,8883100
2022-10-04T04:00:00.000Z,10.3999996185,10.9600000381,10.3900003433,10.8199996948,10021900
2022-10-05T04:00:00.000Z,10.6499996185,10.970000267,10.5150003433,10.7600002289,5980700
2022-10-06T04:00:00.000Z,10.7600002289,11.1800003052,10.6999998093,11.1700000763,7227800
2022-10-07T04:00:00.000Z,10.9099998474,11.1700000763,10.6499996185,10.8000001907,6673700
2022-10-10T04:00:00.000Z,10.8179998398,10.8400001526,10.3950004578,10.5200004578,4699900
2022-10-11T04:00:00.000Z,10.4399995804,10.6400003433,9.845000267,10.4399995804,6979400
2022-10-12T04:00:00.000Z,10.4399995804,10.6750001907,10.1300001144,10.6599998474,5630000
2022-10-13T04:00:00.000Z,10.1750001907,10.9399995804,9.9499998093,10.6300001144,8549700
2022-10-14T04:00:00.000Z,10.8000001907,11.0200004578,9.8850002289,9.8900003433,5715800
2022-10-17T04:00:00.000Z,10.3299999237,10.5799999237,10.1099996567,10.2100000381,7054100
2022-10-18T04:00:00.000Z,10.6300001144,10.7899999619,10.3100004196,10.4399995804,6890400
2022-10-19T04:00:00.000Z,10.3000001907,10.3999996185,9.904999733,10.1099996567,5774100
2022-10-20T04:00:00.000Z,10.0799999237,10.4799995422,9.8199996948,9.8299999237,7947900
2022-10-21T04:00:00.000Z,9.7700004578,10.1499996185,9.5399999619,10.1400003433,8035200
2022-10-24T04:00:00.000Z,10.1499996185,10.2399997711,9.6999998093,10.2100000381,5482000
2022-10-25T04:00:00.000Z,10.220000267,10.9099998474,10.220000267,10.8299999237,7570100
2022-10-26T04:00:00.000Z,10.8000001907,11.5,10.75,11.0799999237,8238000
2022-10-27T04:00:00.000Z,11.1199998856,11.4899997711,11.0200004578,11.1599998474,6803100
2022-10-28T04:00:00.000Z,11.1000003815,11.5699996948,11.0200004578,11.5,9593300
2022-10-31T04:00:00.000Z,11.4499998093,12.3599996567,11.3549995422,11.6800003052,12545300
2022-11-01T04:00:00.000Z,12.0200004578,12.1599998474,11.625,11.9200000763,8745100
2022-11-02T04:00:00.000Z,11.8800001144,12.0150003433,11.3199996948,11.3999996185,14620400
2022-11-03T04:00:00.000Z,11.8500003815,12.7600002289,11.5,12.3299999237,22831700
2022-11-04T04:00:00.000Z,12.470000267,12.5900001526,11.8199996948,12.279999733,10887000
2022-11-07T05:00:00.000Z,12.3999996185,12.5399999619,11.8699998856,12.029999733,12563800
2022-11-08T05:00:00.000Z,11.7239999771,11.7239999771,9.6000003815,9.7399997711,42935000
2022-11-09T05:00:00.000Z,9.5749998093,9.6350002289,8.2899999619,8.3999996185,37581000
2022-11-10T05:00:00.000Z,9.2100000381,9.4099998474,8.7349996567,9.2700004578,26896900
2022-11-11T05:00:00.000Z,8.8500003815,10.5399999619,8.5749998093,10.470000267,31084400
2022-11-14T05:00:00.000Z,10.0,10.279999733,9.5399999619,9.5600004196,17382900
2022-11-15T05:00:00.000Z,9.9099998474,10.3999996185,9.7209997177,10.1499996185,16877200
2022-11-16T05:00:00.000Z,9.8400001526,10.0209999084,9.2700004578,9.3199996948,13759600
2022-11-17T05:00:00.000Z,9.1300001144,9.5710000992,9.029999733,9.470000267,10392600
2022-11-18T05:00:00.000Z,9.5500001907,9.6000003815,9.1000003815,9.1899995804,8570700
2022-11-21T05:00:00.000Z,9.029999733,9.029999733,8.7299995422,8.8500003815,11079200
2022-11-22T05:00:00.000Z,8.8000001907,9.1899995804,8.6499996185,9.0900001526,7808500
2022-11-23T05:00:00.000Z,9.0100002289,9.5,9.0100002289,9.4600000381,7444700
2022-11-25T05:00:00.000Z,9.3299999237,9.4300003052,9.2399997711,9.3900003433,1823800
2022-11-28T05:00:00.000Z,9.3000001907,9.5399999619,9.0699996948,9.1899995804,5908500
2022-11-29T05:00:00.000Z,9.279999733,9.4289999008,9.029999733,9.1800003052,7360000
2022-11-30T05:00:00.000Z,9.2899999619,9.6300001144,9.0500001907,9.5900001526,7533400
2022-12-01T05:00:00.000Z,9.6000003815,10.0799999237,9.5500001907,9.8699998856,8576100
2022-12-02T05:00:00.000Z,9.6800003052,10.0500001907,9.5749998093,9.9899997711,8184400
2022-12-05T05:00:00.000Z,10.0,10.1700000763,9.6499996185,9.6700000763,4483400
2022-12-06T05:00:00.000Z,9.6700000763,9.7600002289,9.2100000381,9.3900003433,7658200
2022-12-07T05:00:00.000Z,9.2700004578,9.4200000763,9.1649999619,9.2600002289,5071000
2022-12-08T05:00:00.000Z,9.4300003052,9.5600004196,9.154999733,9.5200004578,6337300
2022-12-09T05:00:00.000Z,9.4899997711,9.4899997711,9.2749996185,9.3100004196,5323400
2022-12-12T05:00:00.000Z,9.3999996185,9.6400003433,9.3100004196,9.5799999237,6070400
2022-12-13T05:00:00.000Z,10.1000003815,10.2399997711,9.2399997711,9.3500003815,10907200
2022-12-14T05:00:00.000Z,9.2700004578,9.4399995804,8.9399995804,9.0900001526,11071000
2022-12-15T05:00:00.000Z,8.8249998093,9.0,8.6099996567,8.6700000763,9036300
2022-12-16T05:00:00.000Z,8.5699996948,8.720000267,8.3649997711,8.6099996567,12381300
2022-12-19T05:00:00.000Z,8.5600004196,8.5600004196,8.029999733,8.1999998093,8209700
2022-12-20T05:00:00.000Z,8.1300001144,8.4300003052,8.0200004578,8.1000003815,6312400
2022-12-21T05:00:00.000Z,8.1700000763,8.2349996567,7.9699997902,8.1700000763,4776600
2022-12-22T05:00:00.000Z,8.0500001907,8.1099996567,7.6900000572,7.9899997711,7869700
2022-12-23T05:00:00.000Z,7.9899997711,8.0,7.7600002289,7.9499998093,5243900
2022-12-27T05:00:00.000Z,7.8499999046,7.9299998283,7.6799998283,7.6999998093,5353000
2022-12-28T05:00:00.000Z,7.6700000763,7.8099999428,7.5650000572,7.6999998093,6282000
2022-12-29T05:00:00.000Z,7.7699999809,8.1499996185,7.7350001335,8.0500001907,7422600
2022-12-30T05:00:00.000Z,7.8499999046,8.1700000763,7.7600002289,8.1400003433,9435800
2023-01-03T05:00:00.000Z,8.2600002289,8.3800001144,7.9149999619,8.0799999237,5282400
2023-01-04T05:00:00.000Z,8.1700000763,8.3699998856,8.0500001907,8.3599996567,9287900
2023-01-05T05:00:00.000Z,8.1599998474,8.2299995422,7.9499998093,8.1099996567,4469100
2023-01-06T05:00:00.000Z,8.1400003433,8.3199996948,7.9279999733,8.25,5880100
2023-01-09T05:00:00.000Z,8.4399995804,8.6899995804,8.3900003433,8.5500001907,7311200
2023-01-10T05:00:00.000Z,8.4899997711,8.7349996567,8.3699998856,8.720000267,6335300
2023-01-11T05:00:00.000Z,8.7600002289,8.8400001526,8.6300001144,8.7600002289,4901500
2023-01-12T05:00:00.000Z,8.8100004196,9.0500001907,8.4899997711,9.0399999619,7845600
2023-01-13T05:00:00.000Z,8.9300003052,9.4399995804,8.8999996185,9.3199996948,10717600
2023-01-17T05:00:00.000Z,9.3599996567,9.6750001907,9.2899999619,9.5200004578,7924300
2023-01-18T05:00:00.000Z,9.6599998474,9.6999998093,9.1700000763,9.3100004196,7824500
2023-01-19T05:00:00.000Z,9.1800003052,9.3000001907,9.0399999619,9.0500001907,3549700
2023-01-20T05:00:00.000Z,9.1599998474,9.5699996948,9.0600004196,9.5200004578,6450900
2023-01-23T05:00:00.000Z,9.5799999237,9.779999733,9.4300003052,9.7100000381,5774700
2023-01-24T05:00:00.000Z,9.6000003815,9.8400001526,9.5600004196,9.7100000381,5211000
2023-01-25T05:00:00.000Z,9.5500001907,9.779999733,9.3249998093,9.6899995804,5877800
2023-01-26T05:00:00.000Z,9.9399995804,10.0,9.5500001907,9.6400003433,5727000
2023-01-27T05:00:00.000Z,9.6099996567,10.5450000763,9.5900001526,10.3900003433,12460900
2023-01-30T05:00:00.000Z,10.3000001907,10.6499996185,10.0100002289,10.1499996185,6890700
2023-01-31T05:00:00.000Z,10.2399997711,10.4200000763,10.1499996185,10.4099998474,7155400
2023-02-01T05:00:00.000Z,10.2600002289,10.8800001144,10.1599998474,10.779999733,10457700
2023-02-02T05:00:00.000Z,11.1199998856,11.5200004578,10.970000267,11.1400003433,15067800
2023-02-03T05:00:00.000Z,10.7650003433,11.2349996567,10.5500001907,10.7399997711,11173900
2023-02-06T05:00:00.000Z,10.6300001144,10.7299995422,10.4200000763,10.6000003815,6529800
2023-02-07T05:00:00.000Z,10.6000003815,10.7399997711,10.220000267,10.5500001907,7756700
2023-02-08T05:00:00.000Z,10.6000003815,10.7950000763,10.3900003433,10.470000267,13081300
2023-02-09T05:00:00.000Z,11.0659999847,11.1599998474,9.8999996185,10.0799999237,16889500
2023-02-10T05:00:00.000Z,9.9200000763,10.3249998093,9.8400001526,9.9799995422,8612300
2023-02-13T05:00:00.000Z,9.9799995422,10.0799999237,9.8100004196,9.9200000763,5829700
2023-02-14T05:00:00.000Z,9.8900003433,10.2600002289,9.8100004196,10.0600004196,5431500
2023-02-15T05:00:00.000Z,10.0600004196,10.6300001144,10.0200004578,10.6300001144,7752600
2023-02-16T05:00:00.000Z,10.4320001602,10.9200000763,10.3299999237,10.3400001526,8078100
2023-02-17T05:00:00.000Z,10.1999998093,10.3699998856,9.8100004196,10.3500003815,9328900
2023-02-21T05:00:00.000Z,10.1300001144,10.2899999619,9.8299999237,9.8999996185,5568900
2023-02-22T05:00:00.000Z,9.8900003433,10.095000267,9.7899999619,9.9499998093,5135800
2023-02-23T05:00:00.000Z,10.0649995804,10.1000003815,9.7150001526,10.0900001526,4670700
2023-02-24T05:00:00.000Z,9.8100004196,9.9200000763,9.470000267,9.5900001526,6090400
2023-02-27T05:00:00.000Z,9.720000267,9.875,9.6099996567,9.720000267,4516800
2023-02-28T05:00:00.000Z,9.7299995422,10.1599998474,9.720000267,10.0699996948,6183900
2023-03-01T05:00:00.000Z,10.0100002289,10.1099996567,9.6999998093,9.7299995422,4785400
2023-03-02T05:00:00.000Z,9.4799995422,9.7399997711,9.2100000381,9.6199998856,8123200
2023-03-03T05:00:00.000Z,9.6099996567,9.9499998093,9.579000473,9.8999996185,4935000
2023-03-06T05:00:00.000Z,9.9449996948,10.0399999619,9.6750001907,9.720000267,4740500
2023-03-07T05:00:00.000Z,9.7100000381,9.779999733,9.3999996185,9.4200000763,6980400
2023-03-08T05:00:00.000Z,9.4200000763,9.720000267,9.3400001526,9.6499996185,3962500
2023-03-09T05:00:00.000Z,9.5799999237,9.8319997787,9.3500003815,9.4399995804,7287500
2023-03-10T05:00:00.000Z,9.3199996948,9.3699998856,8.5100002289,9.0100002289,12787000
2023-03-13T04:00:00.000Z,8.8500003815,9.2700004578,8.7100000381,8.9899997711,8538100
2023-03-14T04:00:00.000Z,9.3299999237,9.4750003815,9.0,9.1099996567,7339600
2023-03-15T04:00:00.000Z,8.8100004196,9.220000267,8.7600002289,9.1999998093,5927900
2023-03-16T04:00:00.000Z,9.1000003815,9.3699998856,8.9799995422,9.3100004196,4240100
2023-03-17T04:00:00.000Z,9.2899999619,9.3699998856,9.0439996719,9.1899995804,6001200
2023-03-20T04:00:00.000Z,9.1599998474,9.1899995804,8.8000001907,8.8000001907,6042000
2023-03-21T04:00:00.000Z,8.9300003052,9.3800001144,8.8800001144,9.3400001526,6674500
2023-03-22T04:00:00.000Z,9.3199996948,9.3999996185,8.9200000763,8.9300003052,4657200
2023-03-23T04:00:00.000Z,8.8900003433,9.0600004196,8.5399999619,8.5699996948,9078100
2023-03-24T04:00:00.000Z,8.5,8.7349996567,8.375,8.6800003052,5005300
2023-03-27T04:00:00.000Z,8.7600002289,8.8400001526,8.5200004578,8.6099996567,4069800
2023-03-28T04:00:00.000Z,8.6000003815,8.7100000381,8.5399999619,8.6700000763,3027500
2023-03-29T04:00:00.000Z,8.8299999237,9.220000267,8.7399997711,9.1000003815,8636700
2023-03-30T04:00:00.000Z,9.220000267,9.4799995422,9.1999998093,9.4600000381,11434200
2023-03-31T04:00:00.000Z,9.5,9.7299995422,9.4799995422,9.7100000381,7841600
2023-04-03T04:00:00.000Z,9.6499996185,9.8199996948,9.529999733,9.7600002289,8771600
2023-04-04T04:00:00.000Z,9.8000001907,9.8000001907,9.6049995422,9.7600002289,6472700
2023-04-05T04:00:00.000Z,9.6999998093,9.779999733,9.5200004578,9.75,9488800
2023-04-06T04:00:00.000Z,9.720000267,10.0799999237,9.7100000381,10.0100002289,6895000
2023-04-10T04:00:00.000Z,9.9300003052,10.0,9.6450004578,9.9799995422,5884900
2023-04-11T04:00:00.000Z,10.0,10.0200004578,9.8249998093,9.9600000381,6217200
2023-04-12T04:00:00.000Z,10.1199998856,10.1999998093,9.6599998474,10.0100002289,5637400
2023-04-13T04:00:00.000Z,10.0900001526,10.1400003433,9.8999996185,10.0699996948,5893600
2023-04-14T04:00:00.000Z,10.0399999619,10.1049995422,9.9149999619,10.0,8618500
2023-04-17T04:00:00.000Z,9.8500003815,9.9099998474,9.5799999237,9.8800001144,7762100
2023-04-18T04:00:00.000Z,9.970000267,10.0200004578,9.75,9.8400001526,3515900
2023-04-19T04:00:00.000Z,9.6700000763,9.8599996567,9.6199998856,9.8199996948,3042300
2023-04-20T04:00:00.000Z,9.6999998093,9.8350000381,9.6199998856,9.7299995422,3626700
2023-04-21T04:00:00.000Z,9.6899995804,9.7600002289,9.5500001907,9.6400003433,4759800
2023-04-24T04:00:00.000Z,9.6300001144,9.6899995804,9.3839998245,9.3999996185,3977900
2023-04-25T04:00:00.000Z,9.3000001907,9.3699998856,9.0500001907,9.0900001526,4345300
2023-04-26T04:00:00.000Z,9.1499996185,9.25,8.8000001907,8.8199996948,7099200
2023-04-27T04:00:00.000Z,8.8999996185,8.9399995804,8.720000267,8.8199996948,8924700
2023-04-28T04:00:00.000Z,8.7700004578,8.9399995804,8.720000267,8.8500003815,4550100
2023-05-01T04:00:00.000Z,8.8000001907,8.8500003815,8.6450004578,8.8199996948,6564000
2023-05-02T04:00:00.000Z,8.75,8.7899999619,8.4099998474,8.4600000381,7051000
2023-05-03T04:00:00.000Z,8.4099998474,8.5909996033,8.3299999237,8.3800001144,6100000
2023-05-04T04:00:00.000Z,8.3599996567,8.6000003815,8.2100000381,8.4799995422,6071700
2023-05-05T04:00:00.000Z,8.6199998856,8.8599996567,8.6000003815,8.8500003815,5325200
2023-05-08T04:00:00.000Z,8.8199996948,8.9499998093,8.7600002289,8.9099998474,4851800
2023-05-09T04:00:00.000Z,8.8699998856,9.1700000763,8.8400001526,9.1099996567,7773500
2023-05-10T04:00:00.000Z,9.3100004196,9.3800001144,8.7899999619,9.0699996948,11104000
2023-05-11T04:00:00.000Z,9.5500001907,9.9600000381,9.1800003052,9.6499996185,23998400
2023-05-12T04:00:00.000Z,9.6199998856,9.6400003433,8.7100000381,8.7399997711,15479100
2023-05-15T04:00:00.000Z,8.720000267,8.7449998856,8.5100002289,8.6499996185,10032900
2023-05-16T04:00:00.000Z,8.529999733,8.5900001526,8.3100004196,8.3500003815,9509000
2023-05-17T04:00:00.000Z,8.3800001144,8.654999733,8.3400001526,8.4600000381,9629000
2023-05-18T04:00:00.000Z,8.4250001907,8.6700000763,8.3900003433,8.6199998856,5201900
2023-05-19T04:00:00.000Z,8.5799999237,8.6700000763,8.4300003052,8.470000267,4813000
2023-05-22T04:00:00.000Z,8.470000267,8.7849998474,8.4499998093,8.7600002289,6963200
2023-05-23T04:00:00.000Z,8.6999998093,8.8649997711,8.5900001526,8.6800003052,4313200
2023-05-24T04:00:00.000Z,8.5500001907,8.6599998474,8.4600000381,8.6000003815,2911600
2023-05-25T04:00:00.000Z,8.6599998474,8.7399997711,8.5799999237,8.6000003815,5062600
2023-05-26T04:00:00.000Z,8.6000003815,8.8800001144,8.6000003815,8.8199996948,4544500
2023-05-30T04:00:00.000Z,9.0,9.1800003052,8.9099998474,8.9200000763,7134900
2023-05-31T04:00:00.000Z,8.8199996948,9.029999733,8.7399997711,8.9200000763,5338200
2023-06-01T04:00:00.000Z,8.9200000763,9.1199998856,8.7849998474,9.0200004578,4888000
2023-06-02T04:00:00.000Z,9.1199998856,9.3500003815,8.9219999313,9.3400001526,9531200
2023-06-05T04:00:00.000Z,9.2899999619,9.3249998093,8.9799995422,9.029999733,6164300
2023-06-06T04:00:00.000Z,8.7299995422,9.1199998856,8.6000003815,9.1199998856,10484400
2023-06-07T04:00:00.000Z,9.1999998093,9.5799999237,9.1599998474,9.3999996185,8088900
2023-06-08T04:00:00.000Z,9.3599996567,9.5399999619,9.1700000763,9.5,5689800
2023-06-09T04:00:00.000Z,9.6099996567,9.7989997864,9.3999996185,9.4099998474,4520900
2023-06-12T04:00:00.000Z,9.3599996567,9.4099998474,9.2299995422,9.3599996567,6510300
2023-06-13T04:00:00.000Z,9.470000267,9.6899995804,9.3599996567,9.6000003815,10102700
2023-06-14T04:00:00.000Z,9.6499996185,9.9799995422,9.5799999237,9.9499998093,8686700
2023-06-15T04:00:00.000Z,9.8199996948,10.1400003433,9.8000001907,9.9799995422,10373900
2023-06-16T04:00:00.000Z,10.0699996948,10.220000267,9.9449996948,10.029999733,14175500
2023-06-20T04:00:00.000Z,9.9499998093,10.0500001907,9.6400003433,10.0,7452900
2023-06-21T04:00:00.000Z,9.9600000381,10.0600004196,9.75,9.7600002289,5614600
2023-06-22T04:00:00.000Z,9.6899995804,9.7100000381,9.1000003815,9.4499998093,14812600
2023-06-23T04:00:00.000Z,9.3599996567,9.5799999237,9.3000001907,9.4899997711,12427200
2023-06-26T04:00:00.000Z,9.470000267,9.7399997711,9.3800001144,9.6300001144,5827200
2023-06-27T04:00:00.000Z,9.6000003815,10.0200004578,9.5600004196,9.9399995804,11603800
2023-06-28T04:00:00.000Z,10.0100002289,10.5200004578,9.9799995422,10.1800003052,13019500
2023-06-29T04:00:00.000Z,9.9899997711,10.1499996185,9.7100000381,9.970000267,11985800
2023-06-30T04:00:00.000Z,10.125,10.1400003433,9.8599996567,9.9799995422,8507300
2023-07-03T04:00:00.000Z,10.0,10.8000001907,9.9799995422,10.6599998474,12564500
2023-07-05T04:00:00.000Z,10.720000267,10.7600002289,10.3900003433,10.720000267,12285700
2023-07-06T04:00:00.000Z,10.5699996948,10.6400003433,10.1949996948,10.4099998474,10419500
2023-07-07T04:00:00.000Z,10.3999996185,10.9099998474,10.3999996185,10.7899999619,12637700
2023-07-10T04:00:00.000Z,10.8800001144,11.2700004578,10.5399999619,11.2100000381,14643400
2023-07-11T04:00:00.000Z,11.470000267,12.0200004578,11.3249998093,11.8299999237,23071300
2023-07-12T04:00:00.000Z,12.0399999619,12.1149997711,11.6899995804,11.9399995804,15229600
2023-07-13T04:00:00.000Z,11.9799995422,12.6099996567,11.8400001526,12.4499998093,18580400
2023-07-14T04:00:00.000Z,12.5,12.5050001144,12.0600004196,12.3800001144,14574600
2023-07-17T04:00:00.000Z,12.3400001526,12.8500003815,12.220000267,12.4899997711,15187700
2023-07-18T04:00:00.000Z,12.5100002289,12.7600002289,12.3900003433,12.5900001526,12904700
2023-07-19T04:00:00.000Z,12.6800003052,13.2299995422,12.6669998169,13.1199998856,16594200
2023-07-20T04:00:00.000Z,12.9499998093,13.0799999237,12.5699996948,12.8100004196,10455900
2023-07-21T04:00:00.000Z,12.9099998474,12.9499998093,12.6499996185,12.7600002289,8728500
2023-07-24T04:00:00.000Z,12.6800003052,12.9300003052,12.6400003433,12.7399997711,7916200
2023-07-25T04:00:00.000Z,12.7399997711,12.8900003433,12.5200004578,12.5399999619,5928600
2023-07-26T04:00:00.000Z,12.4600000381,12.8000001907,12.3999996185,12.7399997711,12181100
2023-07-27T04:00:00.000Z,12.8800001144,12.9399995804,12.0900001526,12.2299995422,10579500
2023-07-28T04:00:00.000Z,12.4499998093,12.7399997711,12.3699998856,12.7299995422,9039000
2023-07-31T04:00:00.000Z,12.8000001907,13.0150003433,12.7150001526,12.8599996567,10249200
2023-08-01T04:00:00.000Z,12.6800003052,12.8900003433,12.529999733,12.8699998856,9747600
2023-08-02T04:00:00.000Z,12.5399999619,12.5600004196,12.1800003052,12.4399995804,14714900
2023-08-03T04:00:00.000Z,11.3800001144,11.8000001907,10.8900003433,11.5399999619,21999800
2023-08-04T04:00:00.000Z,11.6800003052,11.7600002289,11.220000267,11.279999733,11685000
2023-08-07T04:00:00.000Z,11.3100004196,11.5,11.0699996948,11.3400001526,9660200
2023-08-08T04:00:00.000Z,11.0900001526,11.1599998474,10.9300003052,11.1000003815,8251300
2023-08-09T04:00:00.000Z,11.0399999619,11.1000003815,10.75,10.8000001907,10370500
2023-08-10T04:00:00.000Z,10.9300003052,11.1000003815,10.6599998474,10.7299995422,6645900
2023-08-11T04:00:00.000Z,10.6049995422,10.7899999619,10.5799999237,10.720000267,6713600
2023-08-14T04:00:00.000Z,10.6599998474,10.6800003052,10.5100002289,10.6499996185,5419200
2023-08-15T04:00:00.000Z,10.5500001907,10.6049995422,10.3950004578,10.4099998474,4962300
2023-08-16T04:00:00.000Z,10.3299999237,10.4200000763,10.1599998474,10.1899995804,4759000
2023-08-17T04:00:00.000Z,10.2399997711,10.3199996948,10.0500001907,10.0699996948,7550100
2023-08-18T04:00:00.000Z,9.8599996567,10.3000001907,9.8400001526,10.25,8363500
2023-08-21T04:00:00.000Z,10.2849998474,10.4449996948,10.1300001144,10.3900003433,6461200
2023-08-22T04:00:00.000Z,10.5,10.6049995422,10.3199996948,10.3800001144,6444800
2023-08-23T04:00:00.000Z,10.3900003433,10.6000003815,10.3350000381,10.5,6019400
2023-08-24T04:00:00.000Z,10.5200004578,10.5200004578,10.2700004578,10.3699998856,4885100
2023-08-25T04:00:00.000Z,10.3800001144,10.6000003815,10.3299999237,10.5399999619,4784400
2023-08-28T04:00:00.000Z,10.6199998856,10.720000267,10.5,10.5500001907,4881500
2023-08-29T04:00:00.000Z,10.4750003815,11.0799999237,10.4499998093,11.0200004578,9553700
2023-08-30T04:00:00.000Z,10.8999996185,11.1499996185,10.8999996185,11.0600004196,7218000
2023-08-31T04:00:00.000Z,11.1000003815,11.1649999619,10.7650003433,10.8900003433,28595700
2023-09-01T04:00:00.000Z,11.1800003052,11.3699998856,11.0600004196,11.1099996567,9246300
2023-09-05T04:00:00.000Z,11.0,11.0200004578,10.6599998474,10.8199996948,9895100
2023-09-06T04:00:00.000Z,10.7700004578,10.9350004196,10.6999998093,10.7899999619,5866800
2023-09-07T04:00:00.000Z,10.6099996567,10.7700004578,10.5229997635,10.7399997711,4420300
2023-09-08T04:00:00.000Z,10.6899995804,10.8000001907,10.5150003433,10.7399997711,4874700
2023-09-11T04:00:00.000Z,10.8199996948,10.8999996185,10.7100000381,10.8400001526,5331800
2023-09-12T04:00:00.000Z,10.8100004196,11.0100002289,10.7899999619,10.8000001907,5042800
2023-09-13T04:00:00.000Z,10.7600002289,10.8109998703,10.5900001526,10.6199998856,4808500
2023-09-14T04:00:00.000Z,10.6499996185,10.6599998474,10.4200000763,10.5699996948,6470800
2023-09-15T04:00:00.000Z,10.470000267,10.6949996948,10.4300003052,10.6700000763,8992200
2023-09-18T04:00:00.000Z,10.6499996185,10.7899999619,10.5799999237,10.6000003815,5412100
2023-09-19T04:00:00.000Z,10.5799999237,10.6000003815,10.3599996567,10.470000267,4583700
2023-09-20T04:00:00.000Z,10.4499998093,10.6499996185,10.2100000381,10.220000267,4883500
2023-09-21T04:00:00.000Z,10.0100002289,10.0200004578,9.8199996948,9.8299999237,7251000
2023-09-22T04:00:00.000Z,9.9099998474,9.970000267,9.6400003433,9.6999998093,5370600
2023-09-25T04:00:00.000Z,9.5699996948,9.7700004578,9.5500001907,9.6800003052,3894800
2023-09-26T04:00:00.000Z,9.6099996567,9.7700004578,9.4899997711,9.529999733,5751400
2023-09-27T04:00:00.000Z,9.6400003433,9.7700004578,9.4399995804,9.5699996948,4445700
2023-09-28T04:00:00.000Z,9.6000003815,9.8400001526,9.4799995422,9.6800003052,3848900
2023-09-29T04:00:00.000Z,9.8400001526,10.0100002289,9.6899995804,9.8100004196,4609800
2023-10-02T04:00:00.000Z,9.7700004578,9.8999996185,9.5900001526,9.7299995422,5825400
2023-10-03T04:00:00.000Z,9.6199998856,9.779999733,9.4899997711,9.529999733,4405500
2023-10-04T04:00:00.000Z,9.5,9.6899995804,9.4300003052,9.6800003052,4485600
2023-10-05T04:00:00.000Z,9.5699996948,9.8199996948,9.4899997711,9.7299995422,4888500
2023-10-06T04:00:00.000Z,9.6199998856,9.9899997711,9.6199998856,9.9300003052,5126300
2023-10-09T04:00:00.000Z,9.8199996948,9.9600000381,9.7150001526,9.8699998856,3637400
2023-10-10T04:00:00.000Z,9.8599996567,10.1899995804,9.8599996567,10.0399999619,4895800
2023-10-11T04:00:00.000Z,10.0500001907,10.1800003052,9.6800003052,9.720000267,6391400
2023-10-12T04:00:00.000Z,9.7399997711,9.7700004578,9.279999733,9.2899999619,7034200
2023-10-13T04:00:00.000Z,9.3000001907,9.3649997711,9.1199998856,9.1400003433,5586000
2023-10-16T04:00:00.000Z,9.1599998474,9.3850002289,9.1400003433,9.3199996948,3913900
2023-10-17T04:00:00.000Z,9.220000267,9.6400003433,9.220000267,9.6000003815,6263900
2023-10-18T04:00:00.000Z,9.5,9.5600004196,9.1499996185,9.2100000381,5151200
2023-10-19T04:00:00.000Z,9.2399997711,9.2399997711,8.9600000381,8.970000267,5382500
2023-10-20T04:00:00.000Z,8.9499998093,9.2299995422,8.8900003433,9.1300001144,5349300
2023-10-23T04:00:00.000Z,9.0500001907,9.3900003433,8.9729995728,9.1700000763,5031500
2023-10-24T04:00:00.000Z,9.3400001526,9.595000267,9.25,9.3199996948,5658200
2023-10-25T04:00:00.000Z,9.2100000381,9.2899999619,9.0100002289,9.029999733,5804800
2023-10-26T04:00:00.000Z,9.0699996948,9.2299995422,8.9399995804,9.1000003815,4447800
2023-10-27T04:00:00.000Z,9.1999998093,9.1999998093,8.8900003433,8.8999996185,4421200
2023-10-30T04:00:00.000Z,9.0,9.1400003433,8.904999733,9.0799999237,3914000
2023-10-31T04:00:00.000Z,9.1199998856,9.1599998474,9.0450000763,9.1400003433,3753200
2023-11-01T04:00:00.000Z,9.1700000763,9.2299995422,8.9200000763,9.0799999237,4146000
2023-11-02T04:00:00.000Z,9.1899995804,9.5050001144,9.1899995804,9.4799995422,7793500
2023-11-03T04:00:00.000Z,9.6599998474,9.7899999619,9.5600004196,9.6899995804,8838300
2023-11-06T05:00:00.000Z,9.779999733,9.8199996948,9.5200004578,9.5900001526,4896600
2023-11-07T05:00:00.000Z,9.6099996567,9.8500003815,9.5900001526,9.7600002289,13420500
2023-11-08T05:00:00.000Z,8.7849998474,8.8999996185,8.279999733,8.3649997711,27080200
2023-11-09T05:00:00.000Z,8.5399999619,8.6199998856,7.9200000763,7.9299998283,15764200
2023-11-10T05:00:00.000Z,8.0,8.3000001907,7.9899997711,8.2299995422,10981400
2023-11-13T05:00:00.000Z,8.1599998474,8.4099998474,8.1300001144,8.3100004196,7994900
2023-11-14T05:00:00.000Z,8.5500001907,8.7100000381,8.4499998093,8.5,10708700
2023-11-15T05:00:00.000Z,8.5699996948,8.6099996567,8.3100004196,8.3299999237,11201200
2023-11-16T05:00:00.000Z,8.279999733,8.2899999619,7.9099998474,7.9400000572,13541300
2023-11-17T05:00:00.000Z,7.9800000191,8.1350002289,7.9250001907,8.1000003815,9142200
2023-11-20T05:00:00.000Z,8.1000003815,8.2700004578,7.9850001335,8.1300001144,13184600
2023-11-21T05:00:00.000Z,8.0600004196,8.1300001144,7.9600000381,7.9800000191,7764100
2023-11-22T05:00:00.000Z,8.029999733,8.2550001144,7.9800000191,8.220000267,8522800
2023-11-24T05:00:00.000Z,8.1999998093,8.3000001907,8.1300001144,8.2899999619,3613000
2023-11-27T05:00:00.000Z,8.2700004578,8.4600000381,8.2100000381,8.3900003433,7071300
2023-11-28T05:00:00.000Z,8.3800001144,8.6499996185,8.345000267,8.6400003433,10075600
2023-11-29T05:00:00.000Z,8.8400001526,9.1800003052,8.7700004578,8.9200000763,13982600
2023-11-30T05:00:00.000Z,9.1899995804,9.1999998093,8.6899995804,8.8000001907,15221700
2023-12-01T05:00:00.000Z,8.8199996948,9.3900003433,8.8199996948,9.3199996948,16329000
2023-12-04T05:00:00.000Z,9.4600000381,9.7349996567,9.3299999237,9.5500001907,18297500
2023-12-05T05:00:00.000Z,9.7899999619,10.638999939,9.6599998474,10.529999733,38892500
2023-12-06T05:00:00.000Z,10.8800001144,11.6499996185,10.7299995422,11.2700004578,51461800
2023-12-07T05:00:00.000Z,11.0699996948,11.6999998093,10.8100004196,11.4799995422,26167900
2023-12-08T05:00:00.000Z,11.2299995422,11.7399997711,11.0200004578,11.7299995422,23220100
2023-12-11T05:00:00.000Z,11.5500001907,11.7899999619,11.3249998093,11.7100000381,18603200
2023-12-12T05:00:00.000Z,11.7700004578,11.8999996185,11.5399999619,11.6300001144,13394300
2023-12-13T05:00:00.000Z,11.6300001144,12.0200004578,11.1199998856,11.9899997711,24506100
2023-12-14T05:00:00.000Z,12.3500003815,12.3900003433,11.7899999619,12.0900001526,22749700
2023-12-15T05:00:00.000Z,12.0100002289,12.0200004578,11.5200004578,11.6899995804,16810200
2023-12-18T05:00:00.000Z,11.5500001907,11.9799995422,11.4399995804,11.9300003052,14413000
2023-12-19T05:00:00.000Z,12.0600004196,13.1899995804,12.0399999619,13.1700000763,31841800
2023-12-20T05:00:00.000Z,13.3199996948,13.4499998093,12.5900001526,12.6199998856,32610100
2023-12-21T05:00:00.000Z,12.8100004196,13.0600004196,12.5100002289,12.8900003433,14515400
2023-12-22T05:00:00.000Z,13.0100002289,13.1499996185,12.7950000763,12.9499998093,10553800
2023-12-26T05:00:00.000Z,13.0,13.1400003433,12.8599996567,12.9399995804,8151100
2023-12-27T05:00:00.000Z,13.029999733,13.5100002289,12.9099998474,13.2600002289,16095200
2023-12-28T05:00:00.000Z,13.1099996567,13.279999733,13.0600004196,13.1800003052,8604400
2023-12-29T05:00:00.000Z,13.1599998474,13.1700000763,12.5200004578,12.7399997711,14597000
2024-01-02T05:00:00.000Z,12.7399997711,12.75,12.279999733,12.3699998856,11659200
2024-01-03T05:00:00.000Z,11.6800003052,11.970000267,11.5500001907,11.7899999619,13694100
2024-01-04T05:00:00.000Z,11.6499996185,12.1700000763,11.6300001144,11.9799995422,9611900
2024-01-05T05:00:00.000Z,11.8199996948,12.1599998474,11.7700004578,11.8900003433,8188700
2024-01-08T05:00:00.000Z,11.970000267,12.5799999237,11.9600000381,12.4200000763,17238700
2024-01-09T05:00:00.000Z,12.25,12.3549995422,12.1350002289,12.1999998093,7344300
2024-01-10T05:00:00.000Z,12.1800003052,12.345000267,11.779999733,12.1400003433,8569200
2024-01-11T05:00:00.000Z,12.529999733,12.5799999237,11.6300001144,11.7100000381,13483000
2024-01-12T05:00:00.000Z,11.5,11.5600004196,10.9899997711,11.0200004578,16539300
2024-01-16T05:00:00.000Z,10.9200000763,11.0260000229,10.6199998856,10.9300003052,9399000
2024-01-17T05:00:00.000Z,10.7100000381,10.7399997711,10.5200004578,10.6499996185,8611600
2024-01-18T05:00:00.000Z,10.7600002289,10.8249998093,10.529999733,10.6700000763,8032200
2024-01-19T05:00:00.000Z,10.6800003052,10.75,10.3800001144,10.7100000381,7977200
2024-01-22T05:00:00.000Z,10.8100004196,11.1700000763,10.8100004196,10.9899997711,9454000
2024-01-23T05:00:00.000Z,11.1599998474,11.3000001907,10.873000145,10.9499998093,6929500
2024-01-24T05:00:00.000Z,11.1000003815,11.2250003815,10.7299995422,10.8100004196,6848000
2024-01-25T05:00:00.000Z,10.8500003815,10.8979997635,10.6199998856,10.6999998093,5299900
2024-01-26T05:00:00.000Z,10.7600002289,11.0100002289,10.7100000381,10.7899999619,4742100
2024-01-29T05:00:00.000Z,10.8299999237,11.3299999237,10.7600002289,11.3100004196,10871000
2024-01-30T05:00:00.000Z,11.2299995422,11.2849998474,10.9499998093,11.0100002289,7035500
2024-01-31T05:00:00.000Z,10.9399995804,11.1700000763,10.6999998093,10.7399997711,7341400
2024-02-01T05:00:00.000Z,10.7899999619,10.9449996948,10.6099996567,10.9099998474,5807500
2024-02-02T05:00:00.000Z,10.75,11.0200004578,10.6499996185,10.9200000763,7401500
2024-02-05T05:00:00.000Z,10.8199996948,10.8800001144,10.5100002289,10.5600004196,7633200
2024-02-06T05:00:00.000Z,10.5699996948,10.8000001907,10.5349998474,10.779999733,5098200
2024-02-07T05:00:00.000Z,10.8400001526,11.0799999237,10.6400003433,11.0,7559200
2024-02-08T05:00:00.000Z,11.0500001907,11.3400001526,11.0,11.220000267,7844600
2024-02-09T05:00:00.000Z,11.3999996185,11.6000003815,11.25,11.5500001907,11957000
2024-02-12T05:00:00.000Z,11.7299995422,12.1300001144,11.6499996185,12.0100002289,22042300
2024-02-13T05:00:00.000Z,11.6099996567,11.9350004196,11.4300003052,11.8400001526,36725400
2024-02-14T05:00:00.000Z,13.6479997635,13.8999996185,12.7650003433,13.3800001144,76339000
2024-02-15T05:00:00.000Z,13.3999996185,13.5450000763,13.0399999619,13.4200000763,24372900
2024-02-16T05:00:00.000Z,13.3800001144,14.3549995422,13.3199996948,14.0,34950700
2024-02-20T05:00:00.000Z,14.0,14.2349996567,13.6800003052,14.0900001526,16920700
2024-02-21T05:00:00.000Z,13.7620000839,13.8900003433,13.3900003433,13.5900001526,14259000
2024-02-22T05:00:00.000Z,13.7100000381,14.0900001526,13.595000267,13.970000267,10961900
2024-02-23T05:00:00.000Z,14.0399999619,14.5,14.0100002289,14.4799995422,15963200
2024-02-26T05:00:00.000Z,14.7100000381,15.6099996567,14.6800003052,15.5900001526,28000800
2024-02-27T05:00:00.000Z,15.8900003433,16.2900009155,15.5500001907,16.25,24830300
2024-02-28T05:00:00.000Z,16.0599994659,16.5300006866,15.8999996185,16.1299991608,25143400
2024-02-29T05:00:00.000Z,16.1700000763,16.5100002289,15.6599998474,16.3099994659,21226300
2024-03-01T05:00:00.000Z,16.2999992371,16.6000003815,16.125,16.5799999237,13176200
2024-03-04T05:00:00.000Z,17.0699996948,17.2199993134,16.5400009155,16.6299991608,17405200
2024-03-05T05:00:00.000Z,16.2999992371,16.3299999237,15.6599998474,15.9300003052,17683600
2024-03-06T05:00:00.000Z,16.1000003815,16.5900001526,15.7700004578,16.3999996185,13102400
2024-03-07T05:00:00.000Z,16.6200008392,16.6200008392,16.1299991608,16.3600006104,9854700
2024-03-08T05:00:00.000Z,16.5799999237,17.6200008392,16.5699996948,17.0,20002800
2024-03-11T04:00:00.000Z,16.9899997711,17.4799995422,16.7600002289,16.8600006104,14947000
2024-03-12T04:00:00.000Z,16.8799991608,16.8999996185,16.1900005341,16.3899993896,13396500
2024-03-13T04:00:00.000Z,16.3099994659,17.3600006104,16.2299995422,17.1599998474,15815100
2024-03-14T04:00:00.000Z,19.1200008392,19.2299995422,17.7450008392,18.0499992371,48665200
2024-03-15T04:00:00.000Z,17.8199996948,18.3600006104,17.5,18.1499996185,17775500
2024-03-18T04:00:00.000Z,18.1000003815,18.4099998474,17.8299999237,18.2099990845,13180600
2024-03-19T04:00:00.000Z,17.7199993134,17.8299999237,16.6949996948,17.2399997711,14724400
2024-03-20T04:00:00.000Z,17.2399997711,18.5699996948,17.1200008392,18.5599994659,14773200
2024-03-21T04:00:00.000Z,18.6599998474,19.4150009155,18.3999996185,19.0900001526,16075900
2024-03-22T04:00:00.000Z,18.6399993896,18.9459991455,18.2399997711,18.2999992371,11310900
2024-03-25T04:00:00.000Z,18.3999996185,19.1000003815,18.3700008392,19.0799999237,15708500
2024-03-26T04:00:00.000Z,19.3199996948,19.6100006104,19.1620006561,19.2800006866,12760300
2024-03-27T04:00:00.000Z,20.5300006866,20.5499992371,19.6200008392,20.0100002289,31268300
2024-03-28T04:00:00.000Z,20.0100002289,20.5400009155,19.8799991608,20.1299991608,16728200
2024-04-01T04:00:00.000Z,19.9799995422,20.1499996185,19.3700008392,19.4099998474,15674500
2024-04-02T04:00:00.000Z,18.3700008392,19.3299999237,18.0300006866,19.2000007629,15975500
2024-04-03T04:00:00.000Z,18.9200000763,19.5400009155,18.8600006104,19.2099990845,8633800
2024-04-04T04:00:00.000Z,19.25,19.2900009155,18.2999992371,18.4500007629,15445800
2024-04-05T04:00:00.000Z,18.2299995422,18.8250007629,17.8700008392,18.3999996185,11636500
2024-04-08T04:00:00.000Z,18.8799991608,19.1000003815,18.4400005341,18.5599994659,9365600
2024-04-09T04:00:00.000Z,18.6599998474,18.75,18.0,18.2999992371,7926800
2024-04-10T04:00:00.000Z,17.6800003052,18.4400005341,17.5900001526,18.3400001526,7749100
2024-04-11T04:00:00.000Z,17.7000007629,19.0489997864,17.7000007629,19.0,14077500
2024-04-12T04:00:00.000Z,18.8500003815,18.8899993896,17.8299999237,17.9699993134,9613200
2024-04-15T04:00:00.000Z,18.0799999237,18.2600002289,16.9750003815,17.1900005341,14132300
2024-04-16T04:00:00.000Z,17.1299991608,17.5799999237,16.8400001526,17.3099994659,9347700
2024-04-17T04:00:00.000Z,17.3799991608,17.4500007629,16.4599990845,17.0799999237,10395400
2024-04-18T04:00:00.000Z,17.1870002747,17.5949993134,16.8899993896,17.0799999237,7952300
2024-04-19T04:00:00.000Z,16.8899993896,17.2299995422,16.5,16.6299991608,9555200
2024-04-22T04:00:00.000Z,16.9400005341,17.3449993134,16.6700000763,17.1900005341,7426200
2024-04-23T04:00:00.000Z,17.1299991608,17.8199996948,17.0499992371,17.6200008392,6961300
2024-04-24T04:00:00.000Z,17.6700000763,17.8899993896,17.0799999237,17.3099994659,7318100
2024-04-25T04:00:00.000Z,16.8899993896,17.2600002289,16.5699996948,17.1200008392,7145600
2024-04-26T04:00:00.000Z,17.1200008392,17.8999996185,16.9200000763,17.8799991608,8203900
2024-04-29T04:00:00.000Z,17.7099990845,18.2900009155,17.2999992371,17.3400001526,8431500
2024-04-30T04:00:00.000Z,17.1399993896,17.2999992371,16.4699993134,16.4899997711,8986300
2024-05-01T04:00:00.000Z,16.4300003052,17.3500003815,16.3099994659,16.6499996185,8903500
2024-05-02T04:00:00.000Z,16.9300003052,17.6299991608,16.7600002289,17.6100006104,7544700
2024-05-03T04:00:00.000Z,17.8799991608,18.1350002289,17.6299991608,17.9500007629,9478800
2024-05-06T04:00:00.000Z,17.6299991608,18.4599990845,17.4799995422,17.7800006866,18716900
2024-05-07T04:00:00.000Z,17.75,18.2600002289,17.6700000763,17.9899997711,12486200
2024-05-08T04:00:00.000Z,17.6000003815,17.9379997253,17.3700008392,17.8500003815,23043800
2024-05-09T04:00:00.000Z,19.0419998169,19.4699993134,17.0400009155,17.2999992371,51207400
2024-05-10T04:00:00.000Z,17.4200000763,17.6900005341,16.2199993134,16.2299995422,24466200
2024-05-13T04:00:00.000Z,16.6200008392,17.6100006104,16.5699996948,16.8899993896,24385600
2024-05-14T04:00:00.000Z,17.7700004578,18.6700000763,17.6499996185,18.0200004578,33654500
2024-05-15T04:00:00.000Z,18.3500003815,18.5799999237,17.5699996948,18.5200004578,19468500
2024-05-16T04:00:00.000Z,18.4099998474,19.2399997711,17.8600006104,17.8999996185,22141600
2024-05-17T04:00:00.000Z,18.9599990845,20.3400001526,18.4500007629,20.0900001526,53207400
2024-05-20T04:00:00.000Z,19.9400005341,20.8899993896,19.5300006866,20.8400001526,25792900
2024-05-21T04:00:00.000Z,21.0400009155,21.2099990845,20.4099998474,20.9599990845,20960700
2024-05-22T04:00:00.000Z,20.8999996185,21.0300006866,19.5900001526,19.6599998474,20978600
2024-05-23T04:00:00.000Z,19.9200000763,19.9400005341,19.1149997711,19.2399997711,17758100
2024-05-24T04:00:00.000Z,19.2999992371,20.5650005341,19.0669994354,20.5100002289,20914800
2024-05-28T04:00:00.000Z,20.6180000305,20.9899997711,20.0499992371,20.4699993134,18147600
2024-05-29T04:00:00.000Z,20.75,21.1399993896,20.2700004578,21.0849990845,23053100
2024-05-30T04:00:00.000Z,21.2999992371,22.2600002289,20.9099998474,21.8400001526,36175500
2024-05-31T04:00:00.000Z,21.9099998474,22.3400001526,20.1650009155,20.8999996185,31219300
2024-06-03T04:00:00.000Z,21.8999996185,22.3999996185,20.7299995422,21.2800006866,26098100
2024-06-04T04:00:00.000Z,21.0400009155,21.625,20.6599998474,20.7800006866,17412400
2024-06-05T04:00:00.000Z,21.0,21.5900001526,20.3899993896,21.5699996948,14410400
2024-06-06T04:00:00.000Z,22.25,23.25,21.7439994812,22.9699993134,40881200
2024-06-07T04:00:00.000Z,22.5200004578,23.6900005341,22.1450004578,22.1800003052,24723100
2024-06-10T04:00:00.000Z,22.1000003815,23.5249996185,22.0599994659,23.4200000763,17942200
2024-06-11T04:00:00.000Z,22.8320007324,23.3050003052,22.1299991608,23.2199993134,14472800
2024-06-12T04:00:00.000Z,24.0,24.2800006866,23.5300006866,23.7000007629,21351400
2024-06-13T04:00:00.000Z,23.6900005341,23.7399997711,22.9200000763,23.3099994659,13045800
2024-06-14T04:00:00.000Z,23.1000003815,23.5699996948,22.3600006104,22.4200000763,13059600
2024-06-17T04:00:00.000Z,22.3199996948,22.7199993134,21.7000007629,22.25,13998300
2024-06-18T04:00:00.000Z,21.9699993134,22.2199993134,21.7999992371,21.8600006104,10181100
2024-06-20T04:00:00.000Z,22.0,22.0699996948,21.1800003052,21.7299995422,13386600
2024-06-21T04:00:00.000Z,21.5200004578,22.3299999237,21.25,22.2900009155,20734700
2024-06-24T04:00:00.000Z,21.8500003815,22.3299999237,20.8799991608,21.3700008392,19032600
2024-06-25T04:00:00.000Z,21.4799995422,22.2849998474,21.2199993134,22.1399993896,12077800
2024-06-26T04:00:00.000Z,22.6800003052,23.3299999237,22.2199993134,22.3099994659,19146100
2024-06-27T04:00:00.000Z,22.4400005341,22.7910003662,22.2700004578,22.5900001526,7318600
2024-06-28T04:00:00.000Z,22.6399993896,23.0849990845,22.3400001526,22.7099990845,11668100
2024-07-01T04:00:00.000Z,22.8199996948,23.1299991608,22.4300003052,22.7900009155,11188200
2024-07-02T04:00:00.000Z,22.6350002289,22.7999992371,22.0699996948,22.4599990845,9492200
2024-07-03T04:00:00.000Z,22.4500007629,23.1289997101,22.4500007629,22.8899993896,7631200
2024-07-05T04:00:00.000Z,22.0799999237,22.7399997711,21.7199993134,22.6800003052,9400900
2024-07-08T04:00:00.000Z,22.7199993134,22.8799991608,21.9099998474,22.0900001526,10579900
2024-07-09T04:00:00.000Z,22.25,23.2700004578,22.1499996185,22.6000003815,12158900
2024-07-10T04:00:00.000Z,22.7099990845,22.8700008392,22.0799999237,22.3199996948,12625300
2024-07-11T04:00:00.000Z,22.6499996185,22.9799995422,21.9799995422,22.0400009155,13151500
2024-07-12T04:00:00.000Z,22.0,22.4449996948,21.75,22.2800006866,10380700
2024-07-15T04:00:00.000Z,23.0,24.0100002289,22.7600002289,23.9400005341,20401700
2024-07-16T04:00:00.000Z,24.0599994659,24.8099994659,23.3500003815,24.6299991608,23046700
2024-07-17T04:00:00.000Z,24.1299991608,24.8799991608,23.5699996948,24.1800003052,14124900
2024-07-18T04:00:00.000Z,24.2199993134,24.4500007629,22.6599998474,22.8299999237,14304700
2024-07-19T04:00:00.000Z,22.9400005341,23.8700008392,22.7999992371,23.4099998474,9348400
2024-07-22T04:00:00.000Z,23.2399997711,24.0200004578,23.0949993134,23.4200000763,16691400
2024-07-23T04:00:00.000Z,23.2299995422,23.3999996185,22.8199996948,22.8700008392,10292600
2024-07-24T04:00:00.000Z,22.6599998474,22.9060001373,21.3600006104,21.4099998474,13153100
2024-07-25T04:00:00.000Z,21.1599998474,21.7849998474,20.6299991608,21.1800003052,9131000
2024-07-26T04:00:00.000Z,21.5900001526,21.9850006104,21.125,21.2000007629,8362500
2024-07-29T04:00:00.000Z,21.5599994659,21.8400001526,20.9500007629,21.1800003052,8115100
2024-07-30T04:00:00.000Z,21.2999992371,21.3500003815,20.2900009155,20.3999996185,11020800
2024-07-31T04:00:00.000Z,20.8400001526,21.2080001831,20.5300006866,20.5699996948,9201900
2024-08-01T04:00:00.000Z,20.8899993896,21.2999992371,19.8299999237,20.2399997711,13110700
2024-08-02T04:00:00.000Z,19.2000007629,19.2900009155,17.6900005341,17.8799991608,30564500
2024-08-05T04:00:00.000Z,14.6999998093,16.7250003815,13.9799995422,16.4200000763,44991100
2024-08-06T04:00:00.000Z,17.0300006866,17.5200004578,16.25,17.2099990845,22515100
2024-08-07T04:00:00.000Z,17.6000003815,17.6399993896,16.8600006104,17.1200008392,32590300
2024-08-08T04:00:00.000Z,17.6650009155,18.1000003815,16.6800003052,17.7299995422,48790500
2024-08-09T04:00:00.000Z,17.7999992371,18.2800006866,17.5499992371,17.9200000763,17345900
2024-08-12T04:00:00.000Z,18.3600006104,18.7900009155,18.1060009003,18.5400009155,18899100
2024-08-13T04:00:00.000Z,18.7800006866,18.8400001526,18.3600006104,18.4099998474,12907000
2024-08-14T04:00:00.000Z,18.7299995422,19.0599994659,18.5699996948,18.6499996185,13613600
2024-08-15T04:00:00.000Z,19.3199996948,20.0699996948,19.1350002289,19.5499992371,23025900
2024-08-16T04:00:00.000Z,19.5100002289,20.0400009155,19.3999996185,19.9799995422,14101700
2024-08-19T04:00:00.000Z,19.9349994659,20.3099994659,19.8099994659,20.2800006866,11372200
2024-08-20T04:00:00.000Z,20.3600006104,20.4300003052,19.6900005341,19.8299999237,10363700
2024-08-21T04:00:00.000Z,19.7299995422,20.2049999237,19.5200004578,20.1800003052,9837100
2024-08-22T04:00:00.000Z,20.1399993896,20.3700008392,19.8500003815,19.8899993896,7417900
2024-08-23T04:00:00.000Z,20.0620002747,21.2099990845,20.0,21.1200008392,13294500
2024-08-26T04:00:00.000Z,21.1200008392,21.1599998474,20.7900009155,20.9599990845,10676300
2024-08-27T04:00:00.000Z,20.7999992371,21.5400009155,20.5900001526,21.3600006104,8052600
2024-08-28T04:00:00.000Z,21.1499996185,21.1989994049,20.0,20.3199996948,10959700
2024-08-29T04:00:00.000Z,20.3999996185,20.6550006866,20.0900001526,20.1700000763,7621500
2024-08-30T04:00:00.000Z,20.3799991608,20.3999996185,19.8349990845,20.1200008392,11026200
2024-09-03T04:00:00.000Z,19.7549991608,19.9650001526,19.2099990845,19.3700008392,11353500
2024-09-04T04:00:00.000Z,19.0100002289,19.6100006104,18.811000824,19.1100006104,9923300
2024-09-05T04:00:00.000Z,19.0,19.6800003052,18.8400001526,19.6700000763,11493500
2024-09-06T04:00:00.000Z,19.7399997711,20.2399997711,18.7099990845,18.9400005341,12834200
2024-09-09T04:00:00.000Z,19.2099990845,19.8299999237,19.0400009155,19.6599998474,10350600
2024-09-10T04:00:00.000Z,19.6000003815,19.7390003204,18.8250007629,19.7000007629,10336500
2024-09-11T04:00:00.000Z,19.5799999237,20.7950000763,19.5400009155,20.6399993896,12396200
2024-09-12T04:00:00.000Z,20.8299999237,21.7350006104,20.6700000763,21.6399993896,13507200
2024-09-13T04:00:00.000Z,21.6949996948,22.4300003052,21.6100006104,22.0699996948,11931600
2024-09-16T04:00:00.000Z,21.704000473,22.5349998474,21.5,22.2099990845,8155600
2024-09-17T04:00:00.000Z,22.5450000763,22.9300003052,22.3999996185,22.6399993896,8636600
2024-09-18T04:00:00.000Z,22.7000007629,23.4950008392,22.3400001526,22.9500007629,13807200
2024-09-19T04:00:00.000Z,23.936000824,24.0599994659,22.7399997711,22.8099994659,14118900
2024-09-20T04:00:00.000Z,22.8099994659,22.9549999237,22.3099994659,22.7299995422,22849800
2024-09-23T04:00:00.000Z,22.781999588,23.3250007629,22.6229991913,22.7000007629,11694200
2024-09-24T04:00:00.000Z,22.6800003052,22.8500003815,22.2520008087,22.7700004578,7446100
2024-09-25T04:00:00.000Z,22.5799999237,22.8199996948,22.3349990845,22.3899993896,4989400
2024-09-26T04:00:00.000Z,22.7800006866,22.8799991608,22.1900005341,22.4300003052,9350700
2024-09-27T04:00:00.000Z,22.5499992371,23.9799995422,22.4109992981,23.8899993896,18021300
2024-09-30T04:00:00.000Z,23.9699993134,24.1299991608,23.0799999237,23.4200000763,10101300
2024-10-01T04:00:00.000Z,23.3999996185,23.4599990845,22.2800006866,22.3299999237,11467400
2024-10-02T04:00:00.000Z,22.4200000763,23.1800003052,22.3299999237,22.6299991608,12009700
2024-10-03T04:00:00.000Z,22.4640007019,22.7089996338,22.0499992371,22.4300003052,7146000
2024-10-04T04:00:00.000Z,23.0,23.3899993896,22.6100006104,22.8899993896,9715300
2024-10-07T04:00:00.000Z,22.75,23.4249992371,22.7199993134,23.3199996948,10007900
2024-10-08T04:00:00.000Z,23.4699993134,25.7999992371,23.4400005341,25.6100006104,39241500
2024-10-09T04:00:00.000Z,25.4899997711,25.6900005341,24.1700000763,25.6499996185,22201800
2024-10-10T04:00:00.000Z,25.5,25.8700008392,24.7049999237,25.5,12990200
2024-10-11T04:00:00.000Z,25.75,26.6499996185,25.6900005341,26.2700004578,16868900
2024-10-14T04:00:00.000Z,26.8999996185,27.1399993896,26.1599998474,27.0,17233000
2024-10-15T04:00:00.000Z,27.1350002289,27.3299999237,25.9050006866,26.7999992371,16466500
2024-10-16T04:00:00.000Z,27.0400009155,27.172000885,26.5650005341,26.9300003052,12382000
2024-10-17T04:00:00.000Z,27.0799999237,27.0799999237,26.0860004425,26.3199996948,11588300
2024-10-18T04:00:00.000Z,26.5499992371,27.0400009155,26.4200000763,26.8299999237,10721200
2024-10-21T04:00:00.000Z,26.7800006866,27.1049995422,26.1800003052,26.9699993134,10284200
2024-10-22T04:00:00.000Z,26.8999996185,27.6000003815,26.8199996948,27.4099998474,11978800
2024-10-23T04:00:00.000Z,27.1100006104,27.3859996796,26.2800006866,26.7000007629,10203200
2024-10-24T04:00:00.000Z,26.9500007629,27.3299999237,26.6900005341,27.2199993134,7687300
2024-10-25T04:00:00.000Z,27.5100002289,27.75,26.9200000763,27.0599994659,8752200
2024-10-28T04:00:00.000Z,27.9349994659,28.2299995422,27.5100002289,27.8799991608,14670900
2024-10-29T04:00:00.000Z,28.25,28.3600006104,27.6000003815,28.0300006866,13257600
2024-10-30T04:00:00.000Z,27.9150009155,28.5750007629,27.5499992371,28.2099990845,26660900
2024-10-31T04:00:00.000Z,26.0200004578,26.4799995422,23.1499996185,23.4899997711,45738900
2024-11-01T04:00:00.000Z,23.7000007629,24.1180000305,23.0,23.9699993134,21594100
2024-11-04T05:00:00.000Z,23.75,24.5599994659,23.5400009155,24.3199996948,15067200
2024-11-05T05:00:00.000Z,24.5349998474,25.2749996185,24.4200000763,24.9599990845,12947200
2024-11-06T05:00:00.000Z,27.7299995422,30.0599994659,26.7399997711,29.8600006104,49591600
2024-11-07T05:00:00.000Z,29.0599994659,30.0400009155,28.6700000763,29.3600006104,24913000
2024-11-08T05:00:00.000Z,29.3500003815,30.6299991608,29.2099990845,30.5400009155,22564100
2024-11-11T05:00:00.000Z,32.9399986267,34.3199996948,32.2299995422,32.7999992371,43967200
2024-11-12T05:00:00.000Z,31.7399997711,33.7599983215,31.4599990845,33.0,26059500
2024-11-13T05:00:00.000Z,33.6300010681,34.0999984741,31.8229999542,31.9099998474,23203600
2024-11-14T05:00:00.000Z,32.8499984741,33.0,31.591999054,32.2200012207,13023400
2024-11-15T05:00:00.000Z,32.0099983215,32.3549995422,31.2600002289,32.3199996948,17537500
2024-11-18T05:00:00.000Z,33.1100006104,35.6150016785,32.9000015259,35.0,36877100
2024-11-19T05:00:00.000Z,34.5600013733,36.3199996948,34.0,35.2400016785,27227500
2024-11-20T05:00:00.000Z,37.0,38.1100006104,35.7200012207,36.0800018311,36004100
2024-11-21T05:00:00.000Z,37.125,37.125,34.6300010681,35.0900001526,27042400
2024-11-22T05:00:00.000Z,34.9799995422,36.8349990845,34.1699981689,36.6500015259,21650100
2024-11-25T05:00:00.000Z,39.2200012207,39.7400016785,37.2999992371,37.8499984741,29944600
2024-11-26T05:00:00.000Z,37.0499992371,37.9099998474,36.1500015259,36.4199981689,16612100
2024-11-27T05:00:00.000Z,37.5099983215,38.2900009155,37.0400009155,37.6500015259,15118500
2024-11-29T05:00:00.000Z,38.6199989319,39.1450004578,37.5099983215,37.5400009155,13399500
2024-12-02T05:00:00.000Z,37.9249992371,38.7900009155,37.5200004578,37.6199989319,16071000
2024-12-03T05:00:00.000Z,37.0499992371,38.7050018311,36.6100006104,38.6399993896,17947600
2024-12-04T05:00:00.000Z,39.9500007629,40.5699996948,37.7799987793,40.0,35447100
2024-12-05T05:00:00.000Z,42.7099990845,42.7599983215,38.7900009155,38.9199981689,50453500
2024-12-06T05:00:00.000Z,39.5900001526,41.7099990845,38.9399986267,41.6699981689,37242700
2024-12-09T05:00:00.000Z,41.3899993896,42.0900001526,39.2400016785,39.5400009155,26493400
2024-12-10T05:00:00.000Z,39.8100013733,40.5,37.1899986267,37.3600006104,27808800
2024-12-11T05:00:00.000Z,38.5,38.5499992371,37.7000007629,37.8400001526,23327700
2024-12-12T05:00:00.000Z,37.3800010681,40.1899986267,35.6199989319,39.3300018311,26270400
2024-12-13T05:00:00.000Z,39.4099998474,40.3470001221,38.9599990845,40.2000007629,19794900
2024-12-16T05:00:00.000Z,41.0200004578,43.8300018311,40.5299987793,43.2000007629,36584000
2024-12-17T05:00:00.000Z,42.3100013733,42.3100013733,40.3400001526,41.6300010681,27260400
2024-12-18T05:00:00.000Z,41.4399986267,41.4889984131,36.6399993896,37.0800018311,33565200
2024-12-19T05:00:00.000Z,38.4799995422,38.6800003052,36.2099990845,36.9399986267,25513100
2024-12-20T05:00:00.000Z,35.1100006104,38.4749984741,34.0200004578,38.3300018311,29109100
2024-12-23T05:00:00.000Z,37.9199981689,38.5,37.0800018311,37.5,16662300
2024-12-24T05:00:00.000Z,38.0,39.5900001526,37.6899986267,39.5800018311,10144500
2024-12-26T05:00:00.000Z,39.3400001526,40.4650001526,38.7999992371,40.3800010681,11874900
2024-12-27T05:00:00.000Z,40.25,40.4399986267,38.2200012207,39.0200004578,14388800
2024-12-31T05:00:00.000Z,38.9500007629,39.0999984741,37.0299987793,37.2599983215,14168100
2025-01-02T05:00:00.000Z,38.5400009155,39.7000007629,37.3499984741,39.4399986267,18993300
2025-01-03T05:00:00.000Z,39.7799987793,41.3800010681,39.0239982605,41.3499984741,19978800
2025-01-06T05:00:00.000Z,42.1100006104,43.1199989319,41.4599990845,42.7099990845,22219300
2025-01-07T05:00:00.000Z,42.3300018311,43.1879997253,39.8650016785,40.5600013733,17649200
2025-01-08T05:00:00.000Z,40.2550010681,40.8300018311,39.2099990845,40.8100013733,14022200
2025-01-10T05:00:00.000Z,40.0699996948,40.5299987793,38.7799987793,40.0800018311,13972900
2025-01-13T05:00:00.000Z,39.0099983215,39.797000885,38.4199981689,39.5900001526,13763100
2025-01-14T05:00:00.000Z,41.7999992371,43.7700004578,41.2799987793,41.7599983215,32498800
2025-01-15T05:00:00.000Z,43.9900016785,46.2200012207,43.6430015564,45.5600013733,32265300
2025-01-16T05:00:00.000Z,45.6100006104,46.8499984741,45.25,46.0800018311,18649700
2025-01-17T05:00:00.000Z,47.7400016785,49.2700004578,46.9700012207,48.1500015259,35226600
2025-01-21T05:00:00.000Z,49.9300003052,50.6399993896,48.1500015259,50.0,29947100
2025-01-22T05:00:00.000Z,50.2099990845,51.0900001526,49.7200012207,50.1599998474,20153200
2025-01-23T05:00:00.000Z,49.3899993896,50.9099998474,49.2599983215,50.3600006104,16838700
2025-01-24T05:00:00.000Z,50.9099998474,52.0600013733,50.5999984741,51.1199989319,19901100
2025-01-27T05:00:00.000Z,48.3300018311,50.1450004578,46.6599998474,47.7400016785,29648700
2025-01-28T05:00:00.000Z,47.8979988098,49.7999992371,47.0110015869,49.4000015259,17600400
2025-01-29T05:00:00.000Z,48.8199996948,51.7099990845,48.5999984741,51.1500015259,17767600
2025-01-30T05:00:00.000Z,51.9599990845,53.5099983215,51.0660018921,53.0,16825700
2025-01-31T05:00:00.000Z,53.2599983215,53.4900016785,51.6349983215,51.9500007629,14290800
2025-02-03T05:00:00.000Z,48.4900016785,52.3199996948,48.0800018311,51.9000015259,19031800
2025-02-04T05:00:00.000Z,52.0,53.3100013733,51.5400009155,52.5800018311,17469600
2025-02-05T05:00:00.000Z,52.3199996948,54.3300018311,52.2099990845,54.2000007629,16616600
2025-02-06T05:00:00.000Z,54.7999992371,54.8800010681,52.1599998474,53.1699981689,15893900
2025-02-07T05:00:00.000Z,54.3899993896,55.9799995422,54.1100006104,55.8600006104,25050300
2025-02-10T05:00:00.000Z,57.1800003052,57.2700004578,55.5499992371,56.2700004578,23555900
2025-02-11T05:00:00.000Z,55.9000015259,55.9900016785,53.2799987793,53.3400001526,24210900
2025-02-12T05:00:00.000Z,53.1699981689,56.7400016785,52.6500015259,55.9099998474,48482700
2025-02-13T05:00:00.000Z,62.0900001526,66.9100036621,61.2000007629,63.7999992371,77989700
2025-02-14T05:00:00.000Z,63.3050003052,66.0800018311,61.7210006714,65.2799987793,39353300
2025-02-18T05:00:00.000Z,65.2099990845,65.5780029297,59.9010009766,60.4399986267,42371200
2025-02-19T05:00:00.000Z,61.0900001526,61.9109992981,58.6500015259,59.2299995422,26252600
2025-02-20T05:00:00.000Z,59.0900001526,59.0999984741,54.2299995422,56.0600013733,36348800
2025-02-21T05:00:00.000Z,57.8699989319,57.8699989319,51.4399986267,51.5999984741,33697500
2025-02-24T05:00:00.000Z,52.2400016785,52.5600013733,47.9700012207,49.9300003052,40671100
2025-02-25T05:00:00.000Z,47.5099983215,48.8400001526,44.0200004578,45.9199981689,59731300
2025-02-26T05:00:00.000Z,47.3100013733,50.5200004578,46.5400009155,48.8499984741,43151500
2025-02-27T05:00:00.000Z,51.7599983215,52.9300003052,48.4199981689,48.7799987793,48033000
2025-02-28T05:00:00.000Z,48.1850013733,51.1699981689,47.4099998474,50.0999984741,46083500
2025-03-03T05:00:00.000Z,54.7200012207,54.8400001526,46.6800003052,46.8899993896,52710100
2025-03-04T05:00:00.000Z,45.1899986267,48.2700004578,42.1399993896,46.2200012207,62405400
2025-03-05T05:00:00.000Z,46.7000007629,48.2900009155,44.9199981689,48.1199989319,33830100
2025-03-06T05:00:00.000Z,46.2299995422,48.7900009155,44.6599998474,44.8400001526,40627600
2025-03-07T05:00:00.000Z,43.6399993896,45.3699989319,40.9500007629,44.4199981689,53582200
2025-03-10T04:00:00.000Z,40.9249992371,41.1969985962,35.2299995422,35.6300010681,89410600
2025-03-11T04:00:00.000Z,36.1949996948,38.3499984741,35.5699996948,36.3600006104,69609300
2025-03-12T04:00:00.000Z,38.9900016785,39.6710014343,36.8510017395,38.9199981689,50844300
2025-03-13T04:00:00.000Z,38.2700004578,38.6800003052,35.9099998474,36.0200004578,47786300
2025-03-14T04:00:00.000Z,37.4000015259,39.4599990845,37.0099983215,39.2400016785,37821400
2025-03-17T04:00:00.000Z,39.3499984741,42.9199981689,38.9599990845,42.0200004578,45895500
2025-03-18T04:00:00.000Z,40.7999992371,41.5600013733,38.8499984741,40.0999984741,44644600
2025-03-19T04:00:00.000Z,40.7750015259,43.8400001526,40.1759986877,42.7999992371,56447100
2025-03-20T04:00:00.000Z,42.2000007629,44.2400016785,41.9300003052,43.6599998474,49146600
2025-03-21T04:00:00.000Z,41.9500007629,44.7299995422,41.5,44.3600006104,43674200
2025-03-24T04:00:00.000Z,46.4000015259,48.9900016785,46.0999984741,48.3600006104,50762000
2025-03-25T04:00:00.000Z,48.75,49.8800010681,47.2000007629,48.1500015259,43367900
2025-03-26T04:00:00.000Z,47.9799995422,48.0,43.7999992371,44.7299995422,44462500
2025-03-27T04:00:00.000Z,44.1100006104,45.5900001526,43.2400016785,43.9900016785,51945500
2025-03-28T04:00:00.000Z,42.6899986267,43.0699996948,40.5699996948,41.9199981689,44330400
2025-03-31T04:00:00.000Z,39.7750015259,41.9500007629,38.8380012512,41.6199989319,40954800
2025-04-01T04:00:00.000Z,41.7999992371,43.3699989319,40.6100006104,42.1599998474,42942700
2025-04-02T04:00:00.000Z,40.6899986267,43.5989990234,40.5499992371,42.6800003052,44551400
2025-04-03T04:00:00.000Z,37.9749984741,39.8899993896,37.4399986267,38.2599983215,62216600
2025-04-04T04:00:00.000Z,35.625,36.25,31.5900001526,34.5099983215,80694700
2025-04-07T04:00:00.000Z,30.6730003357,37.108001709,29.6599998474,35.4099998474,81135600
2025-04-08T04:00:00.000Z,37.1349983215,37.8499984741,33.0849990845,34.1699981689,63299900
2025-04-09T04:00:00.000Z,33.7099990845,42.6800003052,33.5499992371,42.2099990845,88299900
2025-04-10T04:00:00.000Z,40.2999992371,42.1300010681,37.7799987793,40.5099983215,64055500
2025-04-11T04:00:00.000Z,40.7350006104,43.7900009155,40.0800018311,43.6800003052,51352100
2025-04-14T04:00:00.000Z,45.0099983215,45.0900001526,42.5099983215,44.1399993896,45143500
2025-04-15T04:00:00.000Z,44.1899986267,45.5600013733,43.6870002747,44.0800018311,30788300
2025-04-16T04:00:00.000Z,41.8600006104,43.1399993896,40.0699996948,40.6599998474,46736500
2025-04-17T04:00:00.000Z,41.0299987793,41.75,40.1199989319,41.1800003052,23940000
2025-04-21T04:00:00.000Z,40.7299995422,41.5589981079,39.2099990845,39.8499984741,27727700
2025-04-22T04:00:00.000Z,41.0299987793,43.3699989319,40.8120002747,42.0900001526,39232000
2025-04-23T04:00:00.000Z,45.2999992371,47.2200012207,44.2700004578,44.6599998474,48982800
2025-04-24T04:00:00.000Z,45.0900001526,48.2799987793,44.9599990845,48.1500015259,42991300
2025-04-25T04:00:00.000Z,48.9000015259,49.9900016785,48.4799995422,49.4500007629,34624100
2025-04-28T04:00:00.000Z,50.5200004578,51.0699996948,47.7400016785,48.9300003052,35081000
2025-04-29T04:00:00.000Z,49.4399986267,49.8800010681,48.4599990845,49.3699989319,28708400
2025-04-30T04:00:00.000Z,46.4099998474,49.9000015259,46.1800003052,49.1100006104,49380900
2025-05-01T04:00:00.000Z,51.125,51.2999992371,46.5299987793,46.6199989319,88530700
2025-05-02T04:00:00.000Z,46.7750015259,50.0699996948,46.7099990845,48.5900001526,59187300
2025-05-05T04:00:00.000Z,47.2099990845,48.3400001526,45.5600013733,48.0499992371,37137900
2025-05-06T04:00:00.000Z,46.3250007629,48.8800010681,45.8250007629,48.6899986267,31103100
2025-05-07T04:00:00.000Z,48.8499984741,50.5099983215,48.3199996948,49.9900016785,38651800
2025-05-08T04:00:00.000Z,51.7290000916,54.8400001526,51.6100006104,54.0699996948,49440000
2025-05-09T04:00:00.000Z,54.9399986267,56.3149986267,53.7420005798,54.6500015259,44325500
2025-05-12T04:00:00.000Z,59.1800003052,59.3300018311,55.888999939,57.4300003052,41385900
2025-05-13T04:00:00.000Z,58.9199981689,63.4150009155,58.8199996948,62.5699996948,57297900
2025-05-14T04:00:00.000Z,62.375,63.7799987793,61.0900001526,61.3899993896,41568200
2025-05-15T04:00:00.000Z,60.3050003052,60.8300018311,57.6800003052,60.6800003052,36789200
2025-05-16T04:00:00.000Z,60.9049987793,62.1399993896,60.4599990845,61.7599983215,24538700
2025-05-19T04:00:00.000Z,59.8549995422,64.3600006104,59.6800003052,64.2699966431,34290800
2025-05-20T04:00:00.000Z,64.0400009155,65.2799987793,63.3499984741,64.9100036621,31331800
2025-05-21T04:00:00.000Z,64.0599975586,66.8899993896,63.3199996948,63.8600006104,40230100
2025-05-22T04:00:00.000Z,64.8899993896,65.875,63.75,64.7699966431,27235000
2025-05-23T04:00:00.000Z,62.8499984741,64.4599990845,62.6319999695,63.1699981689,28585500
2025-05-27T04:00:00.000Z,64.9599990845,67.1299972534,63.8300018311,66.0199966431,29735900
2025-05-28T04:00:00.000Z,66.1399993896,66.6100006104,64.8099975586,65.1399993896,17994200
2025-05-29T04:00:00.000Z,66.3249969482,66.5350036621,63.6300010681,63.9500007629,21300500
2025-05-30T04:00:00.000Z,63.5900001526,66.4899978638,62.9199981689,66.1500015259,35691700
2025-06-02T04:00:00.000Z,66.0299987793,68.1999969482,65.3799972534,67.9800033569,30252600
2025-06-03T04:00:00.000Z,69.9000015259,72.7200012207,69.0599975586,71.7200012207,43343500
2025-06-04T04:00:00.000Z,72.9599990845,73.0,71.1299972534,72.2699966431,31915100
2025-06-05T04:00:00.000Z,73.5500030518,76.75,71.1999969482,72.5100021362,64664700
2025-06-06T04:00:00.000Z,74.5999984741,77.8000030518,73.0999984741,74.8799972534,66229100
2025-06-09T04:00:00.000Z,72.0599975586,73.7300033569,68.5599975586,73.4000015259,65748800
2025-06-10T04:00:00.000Z,73.2399978638,74.6399993896,70.75,72.5100021362,39178600
2025-06-11T04:00:00.000Z,73.0500030518,75.3899993896,72.3199996948,74.8799972534,34056700
2025-06-12T04:00:00.000Z,73.5260009766,75.5899963379,73.2300033569,73.8399963379,22611100
2025-06-13T04:00:00.000Z,72.0,74.8199996948,71.6900024414,72.5999984741,27789300
2025-06-16T04:00:00.000Z,73.6999969482,76.8799972534,73.3600006104,76.75,27114900
2025-06-17T04:00:00.000Z,76.1100006104,77.0500030518,72.8600006104,74.9499969482,26677500
2025-06-18T04:00:00.000Z,75.1699981689,78.7399978638,74.5400009155,78.3499984741,36185600
2025-06-20T04:00:00.000Z,78.4700012207,79.3799972534,75.7900009155,78.5,37245800
2025-06-23T04:00:00.000Z,77.8600006104,79.0449981689,74.3899993896,76.3499984741,35289900
2025-06-24T04:00:00.000Z,77.9000015259,82.2699966431,76.8300018311,82.0100021362,42266600
2025-06-25T04:00:00.000Z,84.9400024414,85.5500030518,81.9000015259,82.75,38974900
2025-06-26T04:00:00.000Z,83.4100036621,84.8000030518,82.5299987793,84.5199966431,25222500
2025-06-27T04:00:00.000Z,84.6549987793,84.8799972534,81.9199981689,83.0299987793,37005900
2025-06-30T04:00:00.000Z,85.6500015259,94.2399978638,85.5,93.6299972534,101945000
2025-07-01T04:00:00.000Z,95.0120010376,99.1800003052,89.6999969482,92.3300018311,121171500
2025-07-02T04:00:00.000Z,91.25,100.8799972534,90.9000015259,97.9800033569,113204200
2025-07-03T04:00:00.000Z,95.4899978638,95.6500015259,92.1100006104,94.4000015259,56373800
2025-07-07T04:00:00.000Z,93.5899963379,95.6999969482,91.25,93.4599990845,49466000
2025-07-08T04:00:00.000Z,95.4000015259,98.0400009155,90.6999969482,91.2699966431,59808300
2025-07-09T04:00:00.000Z,92.9100036621,94.6500015259,91.7409973145,94.5400009155,42206400
2025-07-10T04:00:00.000Z,95.9000015259,98.7600021362,93.5410003662,98.6999969482,50119500
2025-07-11T04:00:00.000Z,97.5,101.5,97.3300018311,98.3399963379,60338900
2025-07-14T04:00:00.000Z,100.8700027466,101.8899993896,98.9000015259,99.9599990845,47356300
2025-07-15T04:00:00.000Z,99.0100021362,101.2600021362,97.1600036621,99.5400009155,45879400
2025-07-16T04:00:00.000Z,100.0199966431,104.6200027466,99.6999969482,103.25,54557800
2025-07-17T04:00:00.000Z,103.5350036621,106.6399993896,102.7200012207,105.4499969482,39114400
2025-07-18T04:00:00.000Z,109.75,113.4390029907,106.9499969482,109.7399978638,74033300
2025-07-21T04:00:00.000Z,109.0,110.3099975586,104.0699996948,104.3399963379,46430600
2025-07-22T04:00:00.000Z,103.7099990845,105.9300003052,98.75,101.8499984741,44667400
2025-07-23T04:00:00.000Z,102.1299972534,102.6800003052,100.5400009155,102.0800018311,33805200
2025-07-24T04:00:00.000Z,103.0,103.0400009155,100.3199996948,101.9300003052,26698100
2025-07-25T04:00:00.000Z,101.5449981689,106.3899993896,101.0500030518,104.8499984741,35637800
2025-07-28T04:00:00.000Z,105.8399963379,107.1299972534,104.6600036621,106.7699966431,30578400
2025-07-29T04:00:00.000Z,106.6100006104,107.4199981689,103.0,103.3199996948,30568000
2025-07-30T04:00:00.000Z,103.8499984741,107.4599990845,103.3499984741,106.0999984741,39913500
2025-07-31T04:00:00.000Z,103.8649978638,109.0599975586,101.0699996948,103.0500030518,58057600
2025-08-01T04:00:00.000Z,97.8000030518,104.5899963379,93.3600006104,99.9000015259,76745100
2025-08-04T04:00:00.000Z,101.2289962769,106.7900009155,97.1529998779,106.3700027466,46466000
2025-08-05T04:00:00.000Z,105.9700012207,107.3000030518,103.2200012207,105.4599990845,33460900
2025-08-06T04:00:00.000Z,104.5049972534,105.9000015259,101.1800003052,105.6500015259,33023500
2025-08-07T04:00:00.000Z,107.8899993896,112.6340026855,107.4000015259,111.2300033569,44736000
2025-08-08T04:00:00.000Z,111.5,117.0,110.9000015259,114.6299972534,41905700
2025-08-11T04:00:00.000Z,116.2200012207,117.4700012207,113.3899993896,113.6200027466,36942300
2025-08-12T04:00:00.000Z,115.0400009155,117.6999969482,113.1800003052,114.0899963379,31461900
2025-08-13T04:00:00.000Z,115.6500015259,116.4000015259,107.2799987793,108.6200027466,54719700
2025-08-14T04:00:00.000Z,107.8799972534,111.4599990845,106.3099975586,110.7099990845,34395300
2025-08-15T04:00:00.000Z,110.7300033569,114.3600006104,108.6100006104,114.1699981689,32215900
2025-08-18T04:00:00.000Z,113.0,115.0899963379,109.7799987793,115.0199966431,35579200
2025-08-19T04:00:00.000Z,116.1200027466,117.4599990845,106.5,107.5,49635700
2025-08-20T04:00:00.000Z,106.6650009155,107.9800033569,99.0,105.3399963379,56515300
2025-08-21T04:00:00.000Z,105.0299987793,108.2099990845,104.3499984741,106.3000030518,34679000
2025-08-22T04:00:00.000Z,105.5299987793,111.8830032349,103.8000030518,109.3199996948,39922200
2025-08-25T04:00:00.000Z,108.4899978638,109.8499984741,105.9499969482,107.9400024414,29478100
2025-08-26T04:00:00.000Z,106.8499984741,109.3600006104,105.1200027466,108.8000030518,27361000
2025-08-27T04:00:00.000Z,108.6900024414,109.2699966431,102.8099975586,102.9199981689,35942700
2025-08-28T04:00:00.000Z,104.0,105.4000015259,102.7600021362,103.6900024414,26059100
2025-08-29T04:00:00.000Z,102.8399963379,104.4000015259,101.9300003052,104.0299987793,22269200
2025-09-02T04:00:00.000Z,100.3399963379,101.9000015259,97.9000015259,100.8399963379,40899100
2025-09-03T04:00:00.000Z,101.5899963379,102.6900024414,99.4100036621,100.8199996948,24194800
2025-09-04T04:00:00.000Z,100.75,104.75,100.5999984741,102.9100036621,30626300
2025-09-05T04:00:00.000Z,104.9800033569,106.0299987793,95.6600036621,101.25,62538400
2025-09-08T04:00:00.000Z,110.6299972534,117.3000030518,110.1200027466,117.2799987793,102382400
2025-09-09T04:00:00.000Z,116.5299987793,118.6999969482,113.7600021362,118.5,51536300
2025-09-10T04:00:00.000Z,120.8300018311,123.4400024414,116.6900024414,117.4599990845,46671200
2025-09-11T04:00:00.000Z,117.8799972534,121.6900024414,117.3700027466,117.75,35760900
2025-09-12T04:00:00.000Z,117.9300003052,118.5699996948,114.0500030518,115.0299987793,37245800
2025-09-15T04:00:00.000Z,115.3450012207,116.5299987793,112.4250030518,114.8300018311,36787500
2025-09-16T04:00:00.000Z,115.0599975586,118.1299972534,113.7900009155,117.3799972534,36628500
2025-09-17T04:00:00.000Z,117.0899963379,119.1299972534,114.8899993896,118.6399993896,34516600
2025-09-18T04:00:00.000Z,120.0800018311,124.3600006104,119.8590011597,120.9100036621,35865100
2025-09-19T04:00:00.000Z,121.6999969482,125.1800003052,121.0,124.7799987793,202388400
2025-09-22T04:00:00.000Z,123.625,126.6399993896,122.1999969482,124.8899993896,33482600
2025-09-23T04:00:00.000Z,125.4100036621,127.7799987793,124.0699996948,126.1999969482,28923500
2025-09-24T04:00:00.000Z,127.5149993896,130.0700073242,125.0,126.8000030518,26956400
2025-09-25T04:00:00.000Z,123.3300018311,125.8000030518,120.6200027466,122.6500015259,32876000
2025-09-26T04:00:00.000Z,124.1800003052,125.0599975586,120.4599990845,121.7799987793,25714800
2025-09-29T04:00:00.000Z,123.7799987793,136.8399963379,123.7799987793,136.7200012207,62109900
2025-09-30T04:00:00.000Z,135.6699981689,143.6199951172,135.5700073242,143.1799926758,50851200
2025-10-01T04:00:00.000Z,141.2599945068,143.1699981689,137.7799987793,139.1399993896,34759600
2025-10-02T04:00:00.000Z,142.7799987793,146.6999969482,140.1499938965,145.6999969482,34579900
2025-10-03T04:00:00.000Z,146.8200073242,150.2100067139,145.2299957275,148.6699981689,34531700
2025-10-06T04:00:00.000Z,153.0,153.8600006104,144.1190032959,144.2599945068,28117000
2025-10-07T04:00:00.000Z,146.3300018311,147.1199951172,141.2599945068,145.0,24867400
2025-10-08T04:00:00.000Z,146.1100006104,151.3500061035,144.5500030518,150.8699951172,23927600
2025-10-09T04:00:00.000Z,150.5099945068,153.0800018311,147.3000030518,152.4600067139,19633000
2025-10-10T04:00:00.000Z,151.5050048828,153.5599975586,138.9400024414,138.9600067139,41634300
2025-10-13T04:00:00.000Z,144.6199951172,146.5599975586,136.5200042725,140.6799926758,28260800
2025-10-14T04:00:00.000Z,136.7200012207,141.2100067139,133.0500030518,134.9499969482,31171000
2025-10-15T04:00:00.000Z,138.0950012207,139.6499938965,133.5350036621,134.1499938965,22187000
2025-10-16T04:00:00.000Z,135.3800048828,137.4799957275,130.5700073242,131.4400024414,23359400
2025-10-17T04:00:00.000Z,128.1600036621,131.2050018311,125.5999984741,129.9100036621,25237100
2025-10-20T04:00:00.000Z,133.4250030518,140.1979980469,132.8999938965,135.8000030518,27605900
2025-10-21T04:00:00.000Z,135.2899932861,135.3099975586,131.3500061035,131.8399963379,19498300
2025-10-22T04:00:00.000Z,131.6300048828,132.3600006104,120.8799972534,127.2200012207,37786900
2025-10-23T04:00:00.000Z,128.2799987793,135.5700073242,127.2799987793,134.3300018311,24591100
2025-10-24T04:00:00.000Z,137.9900054932,142.1999969482,137.1000061035,139.7899932861,24330400
2025-10-27T04:00:00.000Z,144.9900054932,149.1999969482,143.1799926758,145.8600006104,25833300
2025-10-28T04:00:00.000Z,146.0,148.1100006104,145.6300048828,146.25,13446700
2025-10-29T04:00:00.000Z,146.0,147.7200012207,142.7400054932,144.8000030518,19792600
2025-10-30T04:00:00.000Z,142.3899993896,144.1499938965,137.25,138.0700073242,19706900
2025-10-31T04:00:00.000Z,143.6000061035,150.4700012207,143.3000030518,146.7799987793,26028100
2025-11-03T05:00:00.000Z,148.7899932861,149.4120025635,142.5,147.0800018311,17187600
2025-11-04T05:00:00.000Z,139.8699951172,144.3999938965,136.6300048828,136.8000030518,26617700
2025-11-05T05:00:00.000Z,139.6349945068,144.7700042725,135.5099945068,142.4799957275,32318500
2025-11-06T05:00:00.000Z,140.0,140.1600036621,126.1500015259,127.0800018311,50477800
2025-11-07T05:00:00.000Z,123.7659988403,132.1999969482,120.6999969482,130.3600006104,44897800
2025-11-10T05:00:00.000Z,135.4499969482,138.9900054932,131.6499938965,135.8800048828,30980500
2025-11-11T05:00:00.000Z,133.9900054932,134.6670074463,130.8999938965,131.9299926758,17218400
2025-11-12T05:00:00.000Z,133.3300018311,133.8399963379,128.3300018311,132.9799957275,22044600
2025-11-13T05:00:00.000Z,129.8699951172,130.1499938965,119.4700012207,121.5299987793,36727300
2025-11-14T05:00:00.000Z,115.1500015259,126.5,114.0,122.5,32063800
2025-11-17T05:00:00.000Z,120.4950027466,120.9800033569,112.4199981689,115.9700012207,40078600
2025-11-18T05:00:00.000Z,113.9100036621,116.9710006714,112.3499984741,114.3000030518,28581100
2025-11-19T05:00:00.000Z,114.7399978638,119.1999969482,113.5500030518,118.1600036621,25278800
2025-11-20T05:00:00.000Z,121.6299972534,122.6299972534,105.2350006104,106.2099990845,42907300
2025-11-21T05:00:00.000Z,107.8399963379,109.9899978638,102.0999984741,107.3000030518,40155600
2025-11-24T05:00:00.000Z,109.9150009155,115.7200012207,108.6399993896,114.9700012207,30736500
2025-11-25T05:00:00.000Z,112.4649963379,116.8099975586,109.1900024414,115.5699996948,22078800
2025-11-26T05:00:00.000Z,121.3300018311,128.8999938965,120.8600006104,128.1999969482,47127600
2025-11-28T05:00:00.000Z,128.0749969482,129.9499969482,127.1500015259,128.4900054932,12783400
2025-12-01T05:00:00.000Z,123.4499969482,125.2900009155,118.8600006104,123.2399978638,31467300
2025-12-02T05:00:00.000Z,125.25,129.1799926758,124.5100021362,125.9499969482,25394800
2025-12-03T05:00:00.000Z,126.0999984741,134.3399963379,124.4000015259,133.6399993896,25004500
2025-12-04T05:00:00.000Z,133.2100067139,137.3600006104,132.7700042725,137.0800018311,20572100
2025-12-05T05:00:00.000Z,135.0599975586,135.2400054932,129.9600067139,131.9499969482,23123000
2025-12-08T05:00:00.000Z,134.1000061035,138.0899963379,132.0019989014,136.4299926758,22593100
2025-12-09T05:00:00.000Z,134.5,139.75,133.5700073242,135.7100067139,18948200
2025-12-10T05:00:00.000Z,135.2599945068,137.4600067139,133.4299926758,135.6600036621,18232100
2025-12-11T05:00:00.000Z,131.7749938965,131.7749938965,122.5299987793,123.3799972534,44624800
2025-12-12T05:00:00.000Z,125.3399963379,125.6500015259,117.8349990845,119.5,31553300
2025-12-15T05:00:00.000Z,120.4000015259,120.6600036621,114.1009979248,115.2600021362,28422000
2025-12-16T05:00:00.000Z,116.6949996948,120.6999969482,115.7600021362,119.4000015259,21011900
2025-12-17T05:00:00.000Z,120.9700012207,124.6999969482,115.5899963379,115.8000030518,36270000
2025-12-18T05:00:00.000Z,121.8700027466,124.25,117.0500030518,117.1600036621,24274300
2025-12-19T05:00:00.000Z,119.4700012207,122.9599990845,118.1999969482,121.3499984741,27580900
2025-12-22T05:00:00.000Z,123.5100021362,124.5500030518,121.0699996948,122.3700027466,16977000
2025-12-23T05:00:00.000Z,120.2949981689,121.1500015259,116.75,120.2399978638,16953500
2025-12-24T05:00:00.000Z,119.9599990845,120.6699981689,118.5999984741,120.4400024414,7980700
2025-12-26T05:00:00.000Z,120.7099990845,121.0299987793,117.6999969482,118.1299972534,12959100
2025-12-29T05:00:00.000Z,116.8899993896,118.9499969482,116.0199966431,117.4300003052,15386400
2025-12-30T05:00:00.000Z,117.625,118.6360015869,115.1800003052,115.4499969482,16471600
2025-12-31T05:00:00.000Z,114.8399963379,115.6500015259,112.8499984741,113.0999984741,15992200
2026-01-02T05:00:00.000Z,115.4779968262,116.0299987793,110.4100036621,115.2099990845,25793500
2026-01-05T05:00:00.000Z,117.9199981689,123.4199981689,117.5500030518,123.2399978638,26231000
2026-01-06T05:00:00.000Z,124.1600036621,124.3499984741,118.0500030518,121.6999969482,20349800
2026-01-07T05:00:00.000Z,120.0500030518,120.0999984741,116.5500030518,116.9700012207,18916800
2026-01-08T05:00:00.000Z,115.75,117.3199996948,113.8700027466,115.3899993896,20102400
2026-01-09T05:00:00.000Z,116.9749984741,118.2300033569,114.8820037842,115.2699966431,18094800
2026-01-12T05:00:00.000Z,114.5100021362,119.6200027466,114.4550018311,117.5199966431,17111700
2026-01-13T05:00:00.000Z,117.4000015259,120.4300003052,116.0,120.2399978638,20026100
2026-01-14T05:00:00.000Z,120.2900009155,120.8799972534,116.6100006104,119.6699981689,17838700
2026-01-15T05:00:00.000Z,119.6100006104,119.8799972534,110.1299972534,110.3499984741,33323900
2026-01-16T05:00:00.000Z,111.0500030518,111.25,106.8799972534,108.7399978638,30258500
2026-01-20T05:00:00.000Z,105.0,108.3499984741,104.4499969482,105.7799987793,23515700
2026-01-21T05:00:00.000Z,105.7249984741,108.5,104.9499969482,105.9199981689,20051300
2026-01-22T05:00:00.000Z,107.4800033569,108.0800018311,105.0999984741,106.25,14834400
2026-01-23T05:00:00.000Z,106.9000015259,111.4599990845,106.5,106.9899978638,17691100
2026-01-26T05:00:00.000Z,106.2600021362,108.4899978638,104.8300018311,107.0,11501600
2026-01-27T05:00:00.000Z,107.6999969482,109.0490036011,104.6600036621,105.2399978638,18339500
2026-01-28T05:00:00.000Z,105.2900009155,107.25,103.0,103.4000015259,22380200
2026-01-29T05:00:00.000Z,103.8199996948,103.8199996948,99.1999969482,101.2399978638,29463800
2026-01-30T05:00:00.000Z,102.7350006104,104.3000030518,98.3700027466,99.4800033569,23773100
2026-02-02T05:00:00.000Z,95.8799972534,95.8850021362,88.6699981689,89.9100036621,59741800
2026-02-03T05:00:00.000Z,90.0999984741,90.3499984741,84.9300003052,87.0699996948,36550000
2026-02-04T05:00:00.000Z,84.7699966431,85.3000030518,77.6200027466,80.6200027466,62547900
2026-02-05T05:00:00.000Z,77.6699981689,79.4100036621,71.8700027466,72.6800003052,56483100
2026-02-06T05:00:00.000Z,77.8600006104,84.3000030518,77.1200027466,82.8199996948,54593900
2026-02-09T05:00:00.000Z,84.8799972534,88.5999984741,82.8300018311,86.5599975586,41278100
2026-02-10T05:00:00.000Z,85.3150024414,88.2200012207,85.2099990845,85.5999984741,41823800
2026-02-11T05:00:00.000Z,77.875,79.9000015259,74.25,77.9700012207,68727600
2026-02-12T05:00:00.000Z,78.8700027466,79.0,70.4300003052,71.1200027466,57569300
2026-02-13T05:00:00.000Z,72.4649963379,77.0749969482,71.5199966431,75.9700012207,43506900
2026-02-17T05:00:00.000Z,74.3399963379,76.7200012207,72.8700027466,75.4400024414,31818500
2026-02-18T05:00:00.000Z,74.7900009155,78.2649993896,74.0599975586,75.2099990845,25655400
2026-02-19T05:00:00.000Z,74.3899993896,76.1399993896,73.5299987793,75.6500015259,20780400
2026-02-20T05:00:00.000Z,75.1999969482,78.0800018311,75.1299972534,76.1100006104,30283900
2026-02-23T05:00:00.000Z,74.5950012207,74.9499969482,71.4199981689,71.7799987793,30422700
2026-02-24T05:00:00.000Z,70.9120025635,73.8799972534,69.2200012207,73.3899993896,23571800
2026-02-25T05:00:00.000Z,76.9100036621,78.1129989624,74.6399993896,77.5299987793,32366200
2026-02-26T05:00:00.000Z,76.9300003052,79.5690002441,76.4499969482,79.4499969482,22685800
2026-02-27T05:00:00.000Z,76.8000030518,77.7900009155,74.8199996948,75.8499984741,23485300
2026-03-02T05:00:00.000Z,73.4850006104,79.5400009155,73.0,78.7799987793,26904700
2026-03-03T05:00:00.000Z,74.0400009155,77.4000015259,72.25,76.0699996948,26929200
2026-03-04T05:00:00.000Z,79.5999984741,83.8499984741,79.5800018311,82.2099990845,38493800
2026-03-05T05:00:00.000Z,82.1200027466,84.75,78.5500030518,80.5599975586,39868300
2026-03-06T05:00:00.000Z,77.9100036621,79.0,76.3799972534,77.0899963379,28734400
2026-03-09T04:00:00.000Z,75.9199981689,79.6500015259,75.5500030518,79.3499984741,25186600
2026-03-10T04:00:00.000Z,80.2050018311,80.75,77.6600036621,78.5299987793,22663600
2026-03-11T04:00:00.000Z,78.1100006104,79.7699966431,76.7350006104,78.6900024414,22677200
2026-03-12T04:00:00.000Z,77.3349990845,77.8199996948,75.0699996948,76.1200027466,22668300
2026-03-13T04:00:00.000Z,76.75,77.6299972534,72.7949981689,73.3899993896,33417500
2026-03-16T04:00:00.000Z,75.0999984741,75.8050003052,74.1100006104,75.3099975586,22783400
2026-03-17T04:00:00.000Z,75.4000015259,77.6999969482,75.3899993896,77.3499984741,20210200
2026-03-18T04:00:00.000Z,76.1299972534,77.25,74.8300018311,74.9000015259,21937600
2026-03-19T04:00:00.000Z,72.2799987793,75.1600036621,71.6999969482,74.1600036621,21552500
2026-03-20T04:00:00.000Z,73.0999984741,73.4100036621,69.9000015259,70.8899993896,34441100
2026-03-23T04:00:00.000Z,71.8460006714,73.5999984741,70.9199981689,72.4899978638,26070200
2026-03-24T04:00:00.000Z,71.5100021362,71.8399963379,68.5759963989,69.0800018311,29061200
2026-03-25T04:00:00.000Z,71.8249969482,74.5899963379,71.75,72.5400009155,27500100
2026-03-26T04:00:00.000Z,71.1500015259,73.2399978638,69.6999969482,70.3499984741,21327000
2026-03-27T04:00:00.000Z,68.5400009155,68.8899993896,65.8720016479,66.0199966431,30547000
2026-03-30T04:00:00.000Z,66.8590011597,67.8899993896,63.5149993896,65.1600036621,26512300
2026-03-31T04:00:00.000Z,65.8199996948,69.4130020142,65.1800003052,69.3000030518,35925100
2026-04-01T04:00:00.000Z,71.1299972534,71.5510025024,69.1399993896,70.1100006104,24130400
2026-04-02T04:00:00.000Z,67.1999969482,70.1500015259,65.5699996948,68.9000015259,23381300
2026-04-06T04:00:00.000Z,69.3099975586,70.8199996948,68.7099990845,69.7799987793,24334500
2026-04-07T04:00:00.000Z,68.3000030518,69.6600036621,66.6200027466,69.6500015259,24967400
2026-04-08T04:00:00.000Z,76.8000030518,77.8700027466,71.3099975586,71.8300018311,32953400
2026-04-09T04:00:00.000Z,71.5899963379,72.4599990845,68.7799987793,70.1200027466,25973800
2026-04-10T04:00:00.000Z,70.1100006104,70.8700027466,68.2799987793,69.1900024414,23163800
2026-04-13T04:00:00.000Z,68.2050018311,71.6999969482,67.8000030518,71.6699981689,21181700
2026-04-14T04:00:00.000Z,75.1299972534,79.2799987793,75.0500030518,79.0899963379,43587300
2026-04-15T04:00:00.000Z,83.5500030518,87.5500030518,81.5,87.3199996948,72707200
2026-04-16T04:00:00.000Z,89.1900024414,89.3799972534,83.8700027466,86.8499984741,51788100
2026-04-17T04:00:00.000Z,90.0599975586,93.3199996948,89.5699996948,90.75,49795300
2026-04-20T04:00:00.000Z,89.6999969482,92.3799972534,88.2099990845,91.2750015259,35942400
2026-04-21T04:00:00.000Z,91.0800018311,91.4499969482,86.1900024414,86.4300003052,36873000
2026-04-22T04:00:00.000Z,89.3499984741,90.1350021362,87.4800033569,88.4300003052,27468400
2026-04-23T04:00:00.000Z,86.6949996948,87.6100006104,81.7450027466,83.5400009155,33497600
2026-04-24T04:00:00.000Z,84.9000015259,85.0599975586,82.8199996948,84.7099990845,20873100
2026-04-27T04:00:00.000Z,84.2799987793,85.6999969482,83.1149978638,83.9499969482,20100400
2026-04-28T04:00:00.000Z,81.4599990845,83.1399993896,80.8199996948,82.0699996948,31324200
2026-04-29T04:00:00.000Z,72.3000030518,73.5899963379,69.9300003052,71.1999969482,79797600
2026-04-30T04:00:00.000Z,71.1800003052,73.875,70.7600021362,72.8899993896,31187300
2026-05-01T04:00:00.000Z,73.7750015259,75.2799987793,73.0599975586,73.6600036621,25254800
2026-05-04T04:00:00.000Z,74.6999969482,78.2900009155,74.6299972534,76.5500030518,29377500
2026-05-05T04:00:00.000Z,77.6149978638,78.75,76.4899978638,77.0299987793,24754600
2026-05-06T04:00:00.000Z,77.8000030518,79.4899978638,76.1900024414,79.0500030518,24673100
2026-05-07T04:00:00.000Z,78.9550018311,79.2300033569,75.4599990845,76.2799987793,21873200
2026-05-08T04:00:00.000Z,76.2399978638,77.0650024414,74.25,77.0299987793,18141900
2026-05-11T04:00:00.000Z,76.7900009155,81.1399993896,74.8000030518,80.7799987793,26357900
