Date,Open,High,Low,Close,Volume
2021-01-04T05:00:00.000Z,135.6982873712,135.8191069893,133.0143536279,135.0596618652,11765900
2021-01-05T05:00:00.000Z,134.8439290323,137.0100571676,133.825594001,136.6475982666,9602300
2021-01-06T05:00:00.000Z,135.6982869101,138.2786515661,135.2495226867,137.9334564209,8230100
2021-01-07T05:00:00.000Z,137.2171224798,138.9690129901,136.6561772465,138.3994293213,7747200
2021-01-08T05:00:00.000Z,138.5202966138,139.0294772516,137.9766148957,138.1146850586,8228900
2021-01-11T05:00:00.000Z,138.5634264551,139.219315586,137.0186605929,137.5364532471,7066200
2021-01-12T05:00:00.000Z,137.3465752075,137.7867140534,135.775920563,136.4663238525,6903200
2021-01-13T05:00:00.000Z,136.5526334644,136.7511331595,135.2753957751,136.2592163086,6643100
2021-01-14T05:00:00.000Z,138.4685157051,139.7630172788,137.7435979842,138.6411132812,10030800
2021-01-15T05:00:00.000Z,138.339050293,139.2969818422,137.3120770899,138.339050293,7630800
2021-01-19T05:00:00.000Z,139.8061541346,140.70366933,139.0294585456,140.4792938232,9057600
2021-01-20T05:00:00.000Z,140.8417481483,141.6529711238,139.6335521222,140.1340942383,6839900
2021-01-21T05:00:00.000Z,139.2193606664,140.2204320559,138.1319707207,139.5731811523,6818000
2021-01-22T05:00:00.000Z,140.1168105097,142.533215385,139.6939353768,141.1437835693,8137000
2021-01-25T05:00:00.000Z,142.403793718,143.3358364008,141.2387502408,143.2409057617,9924400
2021-01-26T05:00:00.000Z,146.4512348114,149.8600853769,146.1837066672,147.1243743896,14205700
2021-01-27T05:00:00.000Z,145.9507280698,147.5041325372,144.5095179488,144.8806152344,14207300
2021-01-28T05:00:00.000Z,145.1567883842,147.4523745655,144.8115931973,145.9852752686,8944400
2021-01-29T05:00:00.000Z,141.7565389834,143.2581654583,138.5548126597,140.7813568115,22505900
2021-02-01T05:00:00.000Z,142.6626942516,142.6626942516,140.3239688987,140.4188995361,9971400
2021-02-02T05:00:00.000Z,140.9971167513,141.2387559936,139.0985038934,139.1589202881,11443300
2021-02-03T05:00:00.000Z,138.891426156,139.3919684716,137.7091186329,138.5117034912,8601900
2021-02-04T05:00:00.000Z,138.9431705971,139.8838385917,137.8730445426,139.7975463867,7758100
2021-02-05T05:00:00.000Z,142.274350551,142.7748927294,141.4113495197,141.9205169678,9495300
2021-02-08T05:00:00.000Z,142.4210414682,143.189111764,141.4285956727,142.3261108398,6035300
2021-02-09T05:00:00.000Z,142.5677781867,143.7673491814,142.3692916221,143.4911956787,5544200
2021-02-10T05:00:00.000Z,144.8892571429,144.9324098325,142.999282588,143.9572143555,5921300
2021-02-11T05:00:00.000Z,144.1212055638,144.4491502454,142.9130091079,143.3099822998,4871300
2021-02-12T05:00:00.000Z,141.8773486216,143.9917114496,141.5321535145,143.7586975098,4413100
2021-02-16T05:00:00.000Z,143.7587238353,144.164335403,142.0844996058,142.4555969238,5656100
2021-02-17T05:00:00.000Z,142.3692793863,143.3358363152,141.8428482371,142.9647521973,6676700
2021-02-18T05:00:00.000Z,142.3606584548,143.3962570772,141.7910746036,143.0337982178,5189100
2021-02-19T05:00:00.000Z,142.9129418428,143.2236226664,140.5914675173,140.6518707275,8190900
2021-02-22T05:00:00.000Z,140.5650634766,141.1468781302,139.1930176103,140.5650634766,6447100
2021-02-23T05:00:00.000Z,140.2264152754,141.7113553171,139.2885604992,139.3233032227,7042800
2021-02-24T05:00:00.000Z,141.0252823401,142.7533679132,139.7400802269,141.1902770996,10286100
2021-02-25T05:00:00.000Z,141.6592469491,142.154218103,140.6692913908,141.3379364014,9719700
2021-02-26T05:00:00.000Z,140.6779653215,141.0340053275,137.1783848986,137.6038970947,14417500
2021-03-01T05:00:00.000Z,140.2003382831,140.2698104663,138.1509552532,138.350692749,10551400
2021-03-02T05:00:00.000Z,138.7501759916,139.6185586243,137.7254908453,138.0902099609,7610900
2021-03-03T05:00:00.000Z,137.421521969,137.9859652582,135.5197622937,135.658706665,8499600
2021-03-04T05:00:00.000Z,135.4589689659,135.5544915554,131.5338769926,132.9232940674,11033200
2021-03-05T05:00:00.000Z,133.7135246086,136.0668468548,132.9754074837,135.5545043945,8331600
2021-03-08T05:00:00.000Z,136.3360476982,138.359380442,135.4502938692,136.6833953857,6546700
2021-03-09T05:00:00.000Z,136.2405210322,139.5924777942,136.2405210322,136.9439086914,7461300
2021-03-10T05:00:00.000Z,137.9164941847,138.8543354827,136.648650096,138.2030487061,6635600
2021-03-11T05:00:00.000Z,138.5417140944,139.4882609249,138.0033212783,138.1943664551,6305600
2021-03-12T05:00:00.000Z,138.3159375859,139.210370333,138.2377863556,138.5938262939,5474800
2021-03-15T04:00:00.000Z,138.7241087586,139.5143400387,137.6386305993,139.3059234619,5524100
2021-03-16T04:00:00.000Z,139.3406718309,140.4000863669,139.1496266071,140.1308898926,6369100
2021-03-17T04:00:00.000Z,139.6619335841,140.4434723913,138.53303389,139.6098327637,6001400
2021-03-18T04:00:00.000Z,139.1235448128,140.2350731823,138.9064492211,139.349319458,4801800
2021-03-19T04:00:00.000Z,139.5403934951,140.2437812375,138.4809657285,138.9759368896,14891500
2021-03-22T04:00:00.000Z,137.4736669599,139.5056793545,137.2044704354,139.3754272461,7544100
2021-03-23T04:00:00.000Z,139.1235594322,139.9832495853,137.9686091729,139.2451324463,7178300
2021-03-24T04:00:00.000Z,139.0280526898,141.0947941653,138.7849066338,140.599822998,6370100
2021-03-25T04:00:00.000Z,141.0600420414,141.0687210955,139.4969510396,140.6519012451,6269800
2021-03-26T04:00:00.000Z,140.7561324123,143.3699725178,140.1395881867,143.2223358154,7619200
2021-03-29T04:00:00.000Z,142.2671004396,145.0459216699,142.0934265972,144.1862182617,8535100
2021-03-30T04:00:00.000Z,143.3004556092,143.8562197697,142.6144261492,143.2917633057,7236300
2021-03-31T04:00:00.000Z,143.2484182087,143.6218164152,142.1542475097,142.7187042236,8281500
2021-04-01T04:00:00.000Z,141.1989726729,142.2757582857,140.9037126093,141.3986968994,7229700
2021-04-05T04:00:00.000Z,142.1020896375,143.0659945924,141.2510786302,141.9197235107,7387100
2021-04-06T04:00:00.000Z,142.4841957838,142.8662861867,141.5463411359,141.8850097656,5074200
2021-04-07T04:00:00.000Z,142.0239337258,142.6578491211,141.8242094986,142.0760345459,4608000
2021-04-08T04:00:00.000Z,142.4147270861,142.5102496892,141.4160925317,141.5202941895,5039400
2021-04-09T04:00:00.000Z,140.782160867,141.485548543,138.7501490808,140.0266723633,8418300
2021-04-12T04:00:00.000Z,139.8877281804,140.7474315914,139.2364413313,140.3653411865,5022800
2021-04-13T04:00:00.000Z,136.2144963494,138.8804240643,135.9279284989,138.489654541,18424100
2021-04-14T04:00:00.000Z,137.0568032259,139.0367141454,136.804964896,138.8717193604,7718300
2021-04-15T04:00:00.000Z,139.5664445406,141.0166418095,139.1409323208,139.279876709,7524600
2021-04-16T04:00:00.000Z,140.1047853257,141.1207909412,139.4274482487,140.8863372803,9049400
2021-04-19T04:00:00.000Z,141.1121505973,141.6418644311,139.6706325249,141.2771453857,8353500
2021-04-20T04:00:00.000Z,139.8095812513,145.7058925434,139.8095812513,144.5683135986,14050700
2021-04-21T04:00:00.000Z,144.4727731746,144.9417070828,143.5349186086,144.6638183594,6333200
2021-04-22T04:00:00.000Z,144.0125735877,144.3946640687,142.9531457087,143.4394378662,7233000
2021-04-23T04:00:00.000Z,142.8749463653,144.203570295,142.4147047818,143.7346496582,6015300
2021-04-26T04:00:00.000Z,143.4654524622,143.6391262804,142.2062874667,142.5189056396,6027800
2021-04-27T04:00:00.000Z,142.2062847986,142.3365500977,141.0860774294,141.70262146,6217700
2021-04-28T04:00:00.000Z,141.4247642811,141.7200111297,140.3740157017,140.6605834961,7448000
2021-04-29T04:00:00.000Z,140.5910968556,142.6404797271,140.5129456243,142.5883789062,6394300
2021-04-30T04:00:00.000Z,142.5449758961,142.7012916296,141.1295214928,141.3118743896,9079100
2021-05-03T04:00:00.000Z,142.0673730959,143.5609919592,141.6505399826,143.4654693604,6594100
2021-05-04T04:00:00.000Z,143.1354759035,145.7579945225,142.9965315362,145.6885223389,10179500
2021-05-05T04:00:00.000Z,145.4540560411,146.2355949227,144.8374986898,145.080657959,7792300
2021-05-06T04:00:00.000Z,144.8375016657,145.792727652,144.359901923,145.6624755859,5529900
2021-05-07T04:00:00.000Z,146.1487596429,146.9129271397,145.7406188574,146.3224334717,5316200
2021-05-10T04:00:00.000Z,147.5381865239,148.9536542878,146.956371819,147.8594970703,8357500
2021-05-11T04:00:00.000Z,148.1894473107,148.3804924936,146.1313853176,146.6524200439,8217900
2021-05-12T04:00:00.000Z,146.3572128771,147.4513835478,145.8448702697,146.0619659424,6758300
2021-05-13T04:00:00.000Z,144.9938329632,148.2328961094,144.9938329632,147.5903015137,8018600
2021-05-14T04:00:00.000Z,148.9102123673,149.0231063211,147.7726335271,147.8160552979,5797700
2021-05-17T04:00:00.000Z,147.972378396,149.266273141,147.8942271481,147.9636993408,5722600
2021-05-18T04:00:00.000Z,147.6076215827,148.8146724655,147.2168521927,148.0157623291,5846000
2021-05-19T04:00:00.000Z,147.5468498556,147.7639454454,145.9229658333,147.6944732666,5533800
2021-05-20T04:00:00.000Z,147.572937921,149.0057638793,147.3558422757,148.5542144775,4853200
2021-05-21T04:00:00.000Z,148.779945903,150.004368166,148.3804842017,148.4586486816,6501800
2021-05-24T04:00:00.000Z,149.3324639467,149.725684743,148.3450786874,149.0266418457,5195100
2021-05-25T04:00:00.000Z,149.1314904975,149.4460591281,148.3188626462,148.6159515381,7444700
2021-05-26T04:00:00.000Z,148.5460261808,148.6159317931,147.0430888493,147.7333984375,5726400
2021-05-27T04:00:00.000Z,147.8994330518,148.6945945198,147.1304978592,147.5062255859,8114700
2021-05-28T04:00:00.000Z,148.1266158259,149.42856961,147.8207804181,147.8906860352,6400800
2021-06-01T04:00:00.000Z,148.677089116,148.7207817898,144.5090720304,144.6401367188,10448400
2021-06-02T04:00:00.000Z,144.4392014682,145.688729577,144.2731772673,145.2256164551,6806000
2021-06-03T04:00:00.000Z,144.9547202103,146.0557037047,144.7974425682,145.0857849121,5808800
2021-06-04T04:00:00.000Z,145.9333740735,146.4227134104,144.9372423278,145.0246276855,6510300
2021-06-07T04:00:00.000Z,145.0508736777,145.3304962196,143.8537713362,144.0372619629,5362800
2021-06-08T04:00:00.000Z,144.4217306542,144.7537790765,141.6168388055,142.7702484131,7746800
2021-06-09T04:00:00.000Z,143.2945087672,144.8586053587,143.0061530827,144.6925811768,5552600
2021-06-10T04:00:00.000Z,145.0508315483,146.4314374485,145.0071388722,145.9945373535,6463100
2021-06-11T04:00:00.000Z,145.9858088373,145.9945420395,143.4954728824,144.1420898438,7389900
2021-06-14T04:00:00.000Z,143.7401337813,144.578987845,143.2158483248,144.5003356934,4931300
2021-06-15T04:00:00.000Z,144.3780338051,144.9285323139,143.644044682,143.7314300537,5062900
2021-06-16T04:00:00.000Z,144.0023007927,144.8324084612,142.8488779273,143.6789855957,6988500
2021-06-17T04:00:00.000Z,143.4692496022,144.7886830365,142.8663253619,144.3692626953,5874700
2021-06-18T04:00:00.000Z,142.6653720322,143.4692666706,141.3721380489,141.5381622314,12993000
2021-06-21T04:00:00.000Z,142.2285078271,143.5304620088,141.7741278443,143.1634674072,6592300
2021-06-22T04:00:00.000Z,143.0498435613,143.3381859081,142.6741025238,142.9711914062,5627800
2021-06-23T04:00:00.000Z,143.0323816346,143.0323816346,141.9750773429,142.1061553955,4493400
2021-06-24T04:00:00.000Z,142.6653745545,143.4780024099,142.2546873588,142.752746582,4549200
2021-06-25T04:00:00.000Z,142.3770252395,143.9848146166,142.3333325572,143.4867553711,10963800
2021-06-28T04:00:00.000Z,143.6877190019,144.2382174404,142.8838243509,143.3207244873,5604000
2021-06-29T04:00:00.000Z,143.3032243181,143.8624558796,142.7876854305,143.3294372559,3749500
2021-06-30T04:00:00.000Z,143.3032426269,144.1508299456,143.0148869411,143.9498596191,6151700
2021-07-01T04:00:00.000Z,143.9498622549,145.0595790055,143.8537436913,145.0158996582,6320200
2021-07-02T04:00:00.000Z,145.0683135031,147.9343771037,144.7362651592,147.6547546387,9059900
2021-07-06T04:00:00.000Z,146.7198214262,147.5499291004,145.9159266962,146.7722473145,6098500
2021-07-07T04:00:00.000Z,146.3440609177,148.1091411412,146.3440609177,148.0305023193,6293500
2021-07-08T04:00:00.000Z,147.4100933758,148.0741900714,146.4314414032,147.7421417236,5755500
2021-07-09T04:00:00.000Z,147.9955578088,148.8693581398,147.8819728322,148.3276062012,6120900
2021-07-12T04:00:00.000Z,148.3101096038,149.5771172733,147.2702851947,148.0916595459,7840500
2021-07-13T04:00:00.000Z,147.6460298648,148.3363261983,147.3838871222,147.9081726074,4691200
2021-07-14T04:00:00.000Z,148.5460456483,149.2713014712,147.707191524,148.9130401611,6162900
2021-07-15T04:00:00.000Z,147.9344064202,148.4586786462,146.5538002252,147.1217651367,6656900
2021-07-16T04:00:00.000Z,147.0955372761,147.7508874921,146.7547556972,146.8858337402,5834900
2021-07-19T04:00:00.000Z,145.4702655924,146.9644699245,144.4566674097,145.8197937012,8219700
2021-07-20T04:00:00.000Z,145.8372573278,149.2538195272,145.7848314458,147.1916503906,9902800
2021-07-21T04:00:00.000Z,147.934348175,148.2751296543,146.3440257159,148.1003723145,7585200
2021-07-22T04:00:00.000Z,147.9868277617,149.4810322263,147.3664236468,148.5285797119,5281900
2021-07-23T04:00:00.000Z,149.4198264252,150.4509042076,148.878074596,150.1101226807,5014900
2021-07-26T04:00:00.000Z,150.1363438536,150.4159529603,149.2974898672,150.1800231934,4484900
2021-07-27T04:00:00.000Z,150.1189077279,150.9228024763,149.1315090334,150.8703765869,7089300
2021-07-28T04:00:00.000Z,150.9315358687,151.4995141154,150.3635709551,150.4509429932,5750700
2021-07-29T04:00:00.000Z,150.9402824057,151.4645546337,149.4985037791,150.4509429932,4214100
2021-07-30T04:00:00.000Z,150.7654879303,151.1499621702,150.1538304273,150.4683990479,5346400
2021-08-02T04:00:00.000Z,150.7043289151,151.0276307383,149.6819842312,150.5295715332,3721500
2021-08-03T04:00:00.000Z,150.9315377124,152.4781681368,150.6781414658,152.3820495605,6033000
2021-08-04T04:00:00.000Z,152.2160142208,152.5567958149,151.3946397806,151.4820251465,4793100
2021-08-05T04:00:00.000Z,151.9101664532,151.9101664532,150.660625264,151.7703552246,4291000
2021-08-06T04:00:00.000Z,151.9888055546,151.9888055546,150.6868384855,151.2635498047,4581100
2021-08-09T04:00:00.000Z,151.7965749991,152.2596880482,151.1062653601,151.7878417969,3950200
2021-08-10T04:00:00.000Z,151.3946547698,152.1373904542,150.9752343048,151.8403015137,3678300
2021-08-11T04:00:00.000Z,152.2596777419,152.4519148436,151.6567534988,151.8664703369,4221300
2021-08-12T04:00:00.000Z,151.8839475815,153.1684215279,151.6829639483,153.0897827148,4300400
2021-08-13T04:00:00.000Z,153.1684244209,154.0422245823,153.0198799934,154.0072784424,5882100
2021-08-16T04:00:00.000Z,154.2694101839,155.4402991169,153.7451247911,155.3966064453,4782800
2021-08-17T04:00:00.000Z,154.9335262961,156.8558842551,154.9335262961,156.8209381104,6041900
2021-08-18T04:00:00.000Z,156.8471353796,156.8471353796,154.7762331791,154.8286590576,7134100
2021-08-19T04:00:00.000Z,154.330594245,156.6985987639,153.8500147791,156.0345153809,5615000
2021-08-20T04:00:00.000Z,156.3141459048,157.2141592092,155.5976365426,156.7947387695,5428700
2021-08-23T04:00:00.000Z,156.8035026172,157.2781527598,156.0563534792,156.1178894043,6461700
2021-08-24T04:00:00.000Z,155.5729435552,155.766323048,154.0698599362,154.1665496826,5734800
2021-08-25T04:00:00.000Z,154.4302162358,154.6147971759,152.8480268304,153.1468811035,5700300
2021-08-26T04:00:00.000Z,152.9007771447,153.5776052776,152.1096890813,152.3294372559,5031600
2021-08-27T04:00:00.000Z,153.1908416379,153.1908416379,151.8459839241,152.004196167,7046100
2021-08-30T04:00:00.000Z,151.8811412614,153.1908452002,151.872356163,152.6458740234,3252700
2021-08-31T04:00:00.000Z,152.4964152568,153.3754077661,151.6086242386,152.179977417,7106800
2021-09-01T04:00:00.000Z,151.9778225104,152.7161865234,151.2394719097,152.7161865234,5327400
2021-09-02T04:00:00.000Z,153.2435892809,153.9907384661,152.865628845,153.7621917725,4544300
2021-09-03T04:00:00.000Z,153.9116070227,154.0170818409,152.7776990769,153.8588562012,4096900
2021-09-07T04:00:00.000Z,153.2523406804,153.8500491149,150.8966339144,151.4679870605,6859900
2021-09-08T04:00:00.000Z,150.8527143077,152.0481448483,150.3780641782,151.0988311768,4661700
2021-09-09T04:00:00.000Z,150.4747680983,150.7296700894,147.4070786319,147.7323150635,7114600
2021-09-10T04:00:00.000Z,148.1542214447,148.6288715986,146.6775067425,146.765411377,6699300
2021-09-13T04:00:00.000Z,147.6004289276,147.776224757,145.148045589,145.7369689941,6273500
2021-09-14T04:00:00.000Z,146.2643974086,146.3874558648,144.6031015434,144.8580169678,5259600
2021-09-15T04:00:00.000Z,145.0337940396,145.8776329245,144.4272869367,145.4029693604,7935300
2021-09-16T04:00:00.000Z,145.6051485676,146.3171439854,144.3218266204,145.2271881104,5665400
2021-09-17T04:00:00.000Z,144.4184666878,144.9546526354,143.7680074263,144.8140106201,13419800
2021-09-20T04:00:00.000Z,143.6977237664,145.1832235849,142.546245468,143.9877929688,7270800
2021-09-21T04:00:00.000Z,144.6909722625,145.8951878312,144.3657492928,144.6206512451,6663600
2021-09-22T04:00:00.000Z,145.3414123291,145.8687997711,143.8295441863,144.0932312012,5657100
2021-09-23T04:00:00.000Z,144.5064087595,145.7106379976,144.2866605628,144.9107513428,4697900
2021-09-24T04:00:00.000Z,144.8140590858,145.6051472151,144.0581247659,144.4712524414,4399300
2021-09-27T04:00:00.000Z,144.1548127934,144.4712507239,143.1439764833,143.4252471924,5775500
2021-09-28T04:00:00.000Z,143.3637105525,144.0756924728,142.1946486861,143.108795166,7610400
2021-09-29T04:00:00.000Z,143.2758174434,144.7349486192,143.0824379665,144.1723937988,5124100
2021-09-30T04:00:00.000Z,144.7173577108,145.3853873349,141.8782150429,141.957321167,6972300
2021-10-01T04:00:00.000Z,141.9836862699,142.3089092689,139.4258143568,141.0519561768,8568300
2021-10-04T04:00:00.000Z,140.6300446765,141.517822461,138.5907752068,139.9532165527,8620700
2021-10-05T04:00:00.000Z,140.5157701974,141.6145110462,139.8916794939,140.2696533203,5129000
2021-10-06T04:00:00.000Z,140.5245556822,140.5948767062,138.740201612,140.5597229004,7312600
2021-10-07T04:00:00.000Z,140.6563721012,142.932959271,140.6563721012,141.8166351318,5309200
2021-10-08T04:00:00.000Z,141.7990729941,142.0539749112,140.8585446046,141.4562530518,4343200
2021-10-11T04:00:00.000Z,141.3947216811,142.2649290082,140.5860502615,140.8585357666,4101600
2021-10-12T04:00:00.000Z,140.6388544945,140.7970667679,138.3007303196,138.6083831787,6686400
2021-10-13T04:00:00.000Z,138.7226224673,140.7091409706,138.6610865456,139.9356231689,6901100
2021-10-14T04:00:00.000Z,140.3839124793,141.6408654453,140.2872227578,140.7355041504,4579200
2021-10-15T04:00:00.000Z,141.5442081079,142.2298214121,140.9992368692,141.781539917,6918400
2021-10-18T04:00:00.000Z,140.858581816,141.421136614,139.9356367877,140.7443084717,7465500
2021-10-19T04:00:00.000Z,141.4299179901,145.1656369103,141.2804908427,144.0405273438,10081300
2021-10-20T04:00:00.000Z,144.1371910869,144.8140190894,143.5043153933,143.9613952637,6003200
2021-10-21T04:00:00.000Z,144.4185124161,144.4976185451,142.6429432944,143.6274108887,4524100
2021-10-22T04:00:00.000Z,143.3285225886,144.2075151357,143.2406313813,143.9086608887,4304300
2021-10-25T04:00:00.000Z,143.9086750305,144.4272774653,142.1419046656,144.225112915,6715400
2021-10-26T04:00:00.000Z,144.64702034,145.939140537,144.1987389417,145.6930236816,6939100
2021-10-27T04:00:00.000Z,145.6314886633,145.7018096814,143.5482804771,143.9262542725,7018800
2021-10-28T04:00:00.000Z,143.95263835,145.209591474,142.6781016164,143.1439666748,6278800
2021-10-29T04:00:00.000Z,142.7044688089,143.4955568662,141.1750166974,143.1703338623,8526800
2021-11-01T04:00:00.000Z,143.4164391677,144.137206142,140.111418331,143.2933807373,5846400
2021-11-02T04:00:00.000Z,143.8911030071,146.7741980041,143.258227187,145.5523986816,8450600
2021-11-03T04:00:00.000Z,145.0689642403,145.7106386342,143.6537853111,145.0865478516,6717800
2021-11-04T04:00:00.000Z,144.9810442118,145.0249965251,142.9857272183,144.6821899414,8224400
2021-11-05T04:00:00.000Z,142.8187073096,144.6821806561,142.5725904659,143.6537475586,6215900
2021-11-08T05:00:00.000Z,143.8735421155,144.3042534371,142.4056256771,143.1615600586,5578800
2021-11-09T05:00:00.000Z,142.9329821365,143.7943910984,142.4143797399,142.8450775146,6112800
2021-11-10T05:00:00.000Z,142.8626834827,144.8931544883,142.7044712335,144.3921356201,6225100
2021-11-11T05:00:00.000Z,143.706510795,143.9877814639,142.8275181595,143.3285369873,4118800
2021-11-12T05:00:00.000Z,147.1697481028,147.3367588695,144.690995549,145.0425872803,18995200
2021-11-15T05:00:00.000Z,145.0337849849,145.438127499,143.4691791653,143.7328796387,7496200
2021-11-16T05:00:00.000Z,143.4340450694,144.4624784942,142.9418112254,142.9857635498,7594700
2021-11-17T05:00:00.000Z,143.1615366542,144.031744255,142.2122229294,143.5219268799,5414500
2021-11-18T05:00:00.000Z,143.6713427716,144.5679190102,142.5110794738,142.7483978271,6358700
2021-11-19T05:00:00.000Z,143.3109511944,143.4428081351,142.2034253191,143.179107666,7620700
2021-11-22T05:00:00.000Z,142.4712900314,143.8957380575,141.2503307232,141.2945709229,7634500
2021-11-23T05:00:00.000Z,141.1353456685,142.4447720915,140.4806257069,142.170501709,7734000
2021-11-24T05:00:00.000Z,141.6838737201,142.1085499678,141.0114685362,141.772354126,5230900
2021-11-26T05:00:00.000Z,142.0908769156,142.5863348306,140.3744594957,140.8522186279,8523100
2021-11-29T05:00:00.000Z,141.117664367,141.9316329741,140.1621324804,141.3388519287,9188500
2021-11-30T05:00:00.000Z,140.2417327944,140.6752652013,137.8883078003,137.9590759277,14981700
2021-12-01T05:00:00.000Z,138.7996153291,141.6308132615,138.2422183845,139.8613128662,9835800
2021-12-02T05:00:00.000Z,139.1358032438,140.931844962,138.684585529,138.9853973389,11334700
2021-12-03T05:00:00.000Z,139.7109060064,141.2680614837,139.427779465,141.0114898682,8750500
2021-12-06T05:00:00.000Z,141.728115896,144.6743352496,141.4096053307,144.1611785889,9692000
2021-12-07T05:00:00.000Z,145.0990460361,145.337932392,143.6922963299,144.5328063965,8311300
2021-12-08T05:00:00.000Z,144.6300977942,145.60332829,143.895753602,145.3998260498,6216400
2021-12-09T05:00:00.000Z,145.2582883175,146.8508414539,144.6478219904,146.7800598145,8574200
2021-12-10T05:00:00.000Z,146.4880789906,147.478994772,145.674097027,146.4172973633,6572200
2021-12-13T05:00:00.000Z,145.7626053271,149.6997412838,144.9220952802,149.0361785889,11142300
2021-12-14T05:00:00.000Z,148.9299752476,151.2657148037,147.894819325,150.6640777588,10482400
2021-12-15T05:00:00.000Z,150.2748008165,151.557685684,149.8943512763,151.4161224365,8552200
2021-12-16T05:00:00.000Z,151.5223351314,153.5130233539,151.1507416166,153.0706481934,8998600
2021-12-17T05:00:00.000Z,150.0889770776,151.0975914543,148.3371760021,148.8414764404,16726200
2021-12-20T05:00:00.000Z,148.4699224493,149.0892448623,147.3551421058,148.4168395996,7954500
2021-12-21T05:00:00.000Z,148.6911164841,148.7265140522,146.8508344477,147.9390869141,7954200
2021-12-22T05:00:00.000Z,147.8063824018,148.7884557711,146.9747149629,148.5761108398,4178200
2021-12-23T05:00:00.000Z,148.5318691554,149.4785448573,148.0717952674,148.8592224121,3501500
2021-12-27T05:00:00.000Z,149.6466383148,150.2748168551,149.2573460927,150.1155548096,3704800
2021-12-28T05:00:00.000Z,150.2217525961,150.9737957767,150.0448052301,150.7172241211,3187000
2021-12-29T05:00:00.000Z,150.4075195098,152.1681770982,150.3278952395,151.7788848877,3662000
2021-12-30T05:00:00.000Z,152.2832045012,152.9556233128,151.9558512378,152.4513092041,4231800
2021-12-31T05:00:00.000Z,152.6459452128,152.7786523378,151.3188199625,151.3542175293,4409500
2022-01-03T05:00:00.000Z,150.5933289707,151.8231311392,149.6112557642,151.77003479,6012200
2022-01-04T05:00:00.000Z,151.3453688427,152.4336078215,150.938391306,151.363067627,6748400
2022-01-05T05:00:00.000Z,152.1770427081,153.4776266532,151.8408332937,152.3716888428,7016100
2022-01-06T05:00:00.000Z,152.3097307615,152.6193987097,151.115326176,151.8496704102,7301600
2022-01-07T05:00:00.000Z,151.6992936077,154.21198124,151.4073243863,153.9023132324,6986000
2022-01-10T05:00:00.000Z,153.672289322,153.672289322,152.3186223765,153.1414337158,7698400
2022-01-11T05:00:00.000Z,153.0529283229,153.4068229713,150.5048436538,151.513458252,8341100
2022-01-12T05:00:00.000Z,150.0624769133,150.4783105734,148.9388404171,150.2217254639,8116200
2022-01-13T05:00:00.000Z,149.5227849732,150.7791286471,149.0450258016,149.3104400635,6159400
2022-01-14T05:00:00.000Z,149.195389469,149.213074748,147.8859498134,148.4964294434,5847700
2022-01-18T05:00:00.000Z,147.8417510986,148.3902918554,146.8773632035,147.8417510986,7815600
2022-01-19T05:00:00.000Z,147.9301934979,149.2750172434,147.151622698,147.381652832,5926500
2022-01-20T05:00:00.000Z,148.0098403436,148.5141543878,145.9218295387,146.2049560547,6011300
2022-01-21T05:00:00.000Z,147.0365897405,148.629142279,145.5148188149,145.8687133789,10550300
2022-01-24T05:00:00.000Z,145.0990357854,145.2494417024,140.0205646728,144.1877441406,14054600
2022-01-25T05:00:00.000Z,143.6480319697,149.0007729682,142.9579279467,148.3106689453,14081200
2022-01-26T05:00:00.000Z,148.2310123697,149.717399423,147.0719920039,148.9742126465,9963200
2022-01-27T05:00:00.000Z,149.8678070585,152.0973809144,149.5227550867,150.9295043945,9066700
2022-01-28T05:00:00.000Z,151.1683694874,152.0354206153,149.788161794,151.9911804199,9783100
2022-01-31T05:00:00.000Z,151.7346622772,152.7255782005,151.1330386095,152.4336090088,8054800
2022-02-01T05:00:00.000Z,151.9469817912,152.1593131677,149.9031977905,151.1860961914,8154700
2022-02-02T05:00:00.000Z,150.0978768811,153.0529530229,150.0978768811,152.8583068848,7382800
2022-02-03T05:00:00.000Z,152.4070359938,153.61029658,151.3276398723,152.8494110107,6240400
2022-02-04T05:00:00.000Z,151.2922735035,153.0440749956,150.5136890625,151.8496704102,6392200
2022-02-07T05:00:00.000Z,151.6550201125,151.9469892698,150.4163618541,151.3453521729,6065700
2022-02-08T05:00:00.000Z,151.309965589,152.2212571103,150.8321929759,151.7434844971,6296100
2022-02-09T05:00:00.000Z,152.2389562387,152.3893621358,151.5134546764,151.7257995605,5387500
2022-02-10T05:00:00.000Z,151.478089095,151.486931737,149.7882129572,149.8943786621,10355300
2022-02-11T05:00:00.000Z,149.6289727006,150.5402644678,148.2310655478,148.3814849854,13125300
2022-02-14T05:00:00.000Z,148.3814720259,148.6115022334,144.9309379122,146.5146484375,8967600
2022-02-15T05:00:00.000Z,146.983558592,148.726517608,146.8773793853,148.027557373,6631400
2022-02-16T05:00:00.000Z,147.3020656899,148.49647036,146.6119616138,147.9390869141,8482400
2022-02-17T05:00:00.000Z,147.9391006796,148.1514321072,145.9130149725,147.0366516113,6227600
2022-02-18T05:00:00.000Z,146.903078217,147.241445828,145.0866077294,145.4605865479,6423200
2022-02-22T05:00:00.000Z,145.6475611952,145.7989325811,142.8605124864,143.4838104248,6868900
2022-02-23T05:00:00.000Z,143.8132723032,144.8194620466,143.2255991239,143.5550537109,8016900
2022-02-24T05:00:00.000Z,142.2728190401,142.584474788,138.6576775807,140.8125152588,12883400
2022-02-25T05:00:00.000Z,142.4687323513,148.6928399872,142.2016007607,147.8113098145,11340400
2022-02-28T05:00:00.000Z,145.0242533131,147.0811433551,144.5879515387,146.5379943848,9373500
2022-03-01T05:00:00.000Z,145.1756229667,146.6982634242,144.6146616082,146.0304412842,8737800
2022-03-02T05:00:00.000Z,146.3955026108,149.262686399,146.0660344899,147.8468933105,6793300
2022-03-03T05:00:00.000Z,148.4346134061,150.7853470351,148.096259393,150.0195770264,7333700
2022-03-04T05:00:00.000Z,149.2716164714,151.2483712554,148.5681830709,150.9100036621,6302500
2022-03-07T05:00:00.000Z,149.8593134004,154.1511772651,149.0223073522,153.3408966064,11663400
2022-03-08T05:00:00.000Z,153.1894798805,154.1511453376,150.0462649417,150.2332611084,11100300
2022-03-09T05:00:00.000Z,151.3819354418,151.577831046,149.4942289872,150.8031616211,7248200
2022-03-10T05:00:00.000Z,150.0908040344,151.50658377,149.6634016512,151.0702819824,6171400
2022-03-11T05:00:00.000Z,150.5983548993,152.6730573917,150.5004071049,150.7942504883,5188000
2022-03-14T04:00:00.000Z,151.978510842,155.0415907035,151.6846810435,152.8778533936,7729500
2022-03-15T04:00:00.000Z,154.3381359346,157.1786080124,153.6436020608,156.8402404785,10554400
2022-03-16T04:00:00.000Z,156.2347567084,157.5614878884,153.6525031606,155.3977508545,9603300
2022-03-17T04:00:00.000Z,156.0121380237,157.4635286775,155.1127956521,157.4279174805,7472100
2022-03-18T04:00:00.000Z,157.6059936043,157.6059936043,154.6319628615,155.6826629639,13809500
2022-03-21T04:00:00.000Z,155.5224384917,157.7485125102,155.219695686,156.564239502,7574900
2022-03-22T04:00:00.000Z,156.5642075901,157.0450335018,154.8545847227,155.8251495361,8442100
2022-03-23T04:00:00.000Z,156.0299849026,156.3060159222,155.0148956376,155.2375030518,5254200
2022-03-24T04:00:00.000Z,155.8251866489,156.3060126752,154.9970936073,156.0388946533,5012300
2022-03-25T04:00:00.000Z,156.4395655269,158.2293239821,156.0210625629,157.5347900391,4809500
2022-03-28T04:00:00.000Z,157.294409126,158.6567655498,157.0272910718,158.345123291,5604200
2022-03-29T04:00:00.000Z,159.0485070464,159.7430409437,157.4279324816,158.2649383545,5933400
2022-03-30T04:00:00.000Z,158.888258111,160.1526664976,158.2115229274,159.9122467041,6277600
2022-03-31T04:00:00.000Z,159.912220302,160.4642957954,157.5881989138,157.8108062744,11490400
2022-04-01T04:00:00.000Z,157.6505602339,158.8793438182,156.3594400572,158.6656494141,6525600
2022-04-04T04:00:00.000Z,158.6656186508,158.6656186508,156.2881737579,157.1340789795,6860600
2022-04-05T04:00:00.000Z,157.1340960868,159.9656553956,156.9738117105,158.1491851807,7446100
2022-04-06T04:00:00.000Z,159.7341834002,162.5924687165,159.0485487266,162.2630004883,10330900
2022-04-07T04:00:00.000Z,161.7643012634,162.9040497648,160.4820808027,161.8444366455,7385200
2022-04-08T04:00:00.000Z,161.4615904439,163.1177899351,160.6601957042,162.1650238037,7144500
2022-04-11T04:00:00.000Z,162.9486024683,164.017115177,159.9211475293,160.1348419189,5932000
2022-04-12T04:00:00.000Z,159.5649498023,160.998541716,158.6745203797,160.1882476807,5957500
2022-04-13T04:00:00.000Z,160.1882399515,161.0252457422,159.600566887,160.8649749756,5643100
2022-04-14T04:00:00.000Z,160.2772960577,161.5238918145,160.0368763093,160.1882476807,6188200
2022-04-18T04:00:00.000Z,160.0368769148,160.6245635968,157.3745016269,158.1936950684,6318700
2022-04-19T04:00:00.000Z,160.9184071753,165.5664498723,160.232772712,163.019821167,14380800
2022-04-20T04:00:00.000Z,162.2718855493,164.1239806376,161.9691291772,163.7410888672,8044900
2022-04-21T04:00:00.000Z,163.776687518,164.613693402,162.5568034798,163.2691497803,6969200
2022-04-22T04:00:00.000Z,162.4766660404,163.0821515566,161.5061011815,161.6485595703,8003600
2022-04-25T04:00:00.000Z,162.3608946313,166.2342679822,162.1472002694,165.6287689209,11176500
2022-04-26T04:00:00.000Z,164.8185419889,166.1274747276,163.999334713,164.4445495605,10190000
2022-04-27T04:00:00.000Z,164.0527353765,164.569186115,161.8266616346,162.1472167969,11090100
2022-04-28T04:00:00.000Z,162.280774413,164.2842407638,161.9869310512,163.3582000732,9403900
2022-04-29T04:00:00.000Z,162.5033750113,162.5478992013,160.4553845541,160.6869049072,8463100
2022-05-02T04:00:00.000Z,160.6958176188,161.532823547,157.6327378759,159.0663299561,7145400
2022-05-03T04:00:00.000Z,159.2087969289,160.8382845404,158.2115066523,158.7546691895,5898700
2022-05-04T04:00:00.000Z,158.6300303912,160.7225454201,157.7396007767,160.4554138184,5923000
2022-05-05T04:00:00.000Z,159.7608645346,160.0190967068,156.0655874224,157.3923187256,7089200
2022-05-06T04:00:00.000Z,155.9498043305,157.4902433858,155.5491138185,157.0450286865,6434000
2022-05-09T04:00:00.000Z,156.2258297505,158.9950656259,155.4600599513,157.8998413086,7855200
2022-05-10T04:00:00.000Z,158.7012463152,159.5471516246,157.1608070813,157.6861572266,8186700
2022-05-11T04:00:00.000Z,156.6799732272,158.7813872892,156.6087372402,156.8313446045,6138900
2022-05-12T04:00:00.000Z,157.1341259349,158.4519580504,155.5669745971,158.3807220459,6898600
2022-05-13T04:00:00.000Z,159.1197442602,159.2889280342,156.5375042208,157.4724578857,7732200
2022-05-16T04:00:00.000Z,157.4724786541,159.5026570353,156.8669794669,158.5677032471,5516700
2022-05-17T04:00:00.000Z,159.1375751427,160.0101923241,157.2409557952,159.2266235352,5751100
2022-05-18T04:00:00.000Z,159.244417173,159.7163437467,155.9765423608,156.2703857422,8608800
2022-05-19T04:00:00.000Z,155.5758664236,155.6471024246,153.7682953572,154.8813323975,6874500
2022-05-20T04:00:00.000Z,155.6916054401,157.7484954367,154.9792591139,157.5882110596,7522100
2022-05-23T04:00:00.000Z,159.1564894175,161.2445100847,159.0310287722,160.8054046631,7040800
2022-05-24T04:00:00.000Z,160.6351390829,162.8665610004,160.5007218421,162.5618591309,6419800
2022-05-25T04:00:00.000Z,161.7821910178,162.6962691608,160.4648475298,160.9666900635,6558900
2022-05-26T04:00:00.000Z,162.203400858,162.203400858,160.0526430013,160.8233337402,6897600
2022-05-27T04:00:00.000Z,161.0921594391,162.3467795156,159.7210489872,162.2840423584,5853600
2022-05-31T04:00:00.000Z,159.5149520495,161.4595989813,156.8354543929,160.8860626221,16391400
2022-06-01T04:00:00.000Z,160.5454970215,161.1548870051,157.6330053492,159.2550506592,5175400
2022-06-02T04:00:00.000Z,159.2819440285,159.3446675117,156.4590591041,158.7532043457,8666500
2022-06-03T04:00:00.000Z,158.6815208449,160.1153547528,157.857049597,158.0990142822,4234200
2022-06-06T04:00:00.000Z,158.8069945795,159.9630238613,157.7226453759,158.0811004639,5386500
2022-06-07T04:00:00.000Z,158.6008594915,160.679937153,158.0810900762,159.8196258545,5447800
2022-06-08T04:00:00.000Z,159.6045558475,160.8143519272,158.4395563946,158.8697052002,4333100
2022-06-09T04:00:00.000Z,158.8069856356,160.0974320842,155.6077187749,155.6704559326,5509600
2022-06-10T04:00:00.000Z,154.2904089669,155.9034844734,152.9013713453,154.6309509277,6647300
2022-06-13T04:00:00.000Z,152.4174228421,154.3620696255,152.4174228421,153.0716094971,7997000
2022-06-14T04:00:00.000Z,153.2956592991,153.3404696048,149.8902811775,150.7237091064,7116800
2022-06-15T04:00:00.000Z,152.0230878286,153.6361627108,151.1269366356,152.3367462158,7796100
2022-06-16T04:00:00.000Z,150.9118780927,152.5339234819,150.0246970299,152.4174194336,7056700
2022-06-17T04:00:00.000Z,152.9102964988,154.3172468906,151.6646467729,151.8618011475,12486600
2022-06-21T04:00:00.000Z,153.0178696336,155.804901364,151.9514471537,155.0431671143,8219700
2022-06-22T04:00:00.000Z,154.1380433274,159.4432580614,153.8602385767,157.489654541,10593100
2022-06-23T04:00:00.000Z,158.6187824428,161.1459357097,158.1886336412,161.0025482178,10223500
2022-06-24T04:00:00.000Z,162.0062523161,163.5745172983,161.2893284466,163.3594360352,9374400
2022-06-27T04:00:00.000Z,162.7769282136,164.3093530157,162.6514675735,163.2070770264,5908600
2022-06-28T04:00:00.000Z,163.251901013,163.9688248771,158.0004531939,158.565032959,9245700
2022-06-29T04:00:00.000Z,158.8159590245,159.783804219,158.1079917306,158.6098480225,7097900
2022-06-30T04:00:00.000Z,158.4933128132,159.7748025548,156.8533543621,159.0758056641,10777200
2022-07-01T04:00:00.000Z,159.0220657218,161.0563332609,158.3409955697,160.8771057129,5498400
2022-07-05T04:00:00.000Z,160.2587427188,160.5275908506,156.4769830422,159.6403961182,5676400
2022-07-06T04:00:00.000Z,159.5776872234,160.8054102723,158.9862240144,159.7837982178,5335600
2022-07-07T04:00:00.000Z,159.38947639,160.5186221452,159.0758179543,159.9630126953,5725800
2022-07-08T04:00:00.000Z,159.8106794451,161.2982940382,159.3088368532,159.7658691406,3828300
2022-07-11T04:00:00.000Z,159.2460610367,160.4289871511,159.0847603889,159.8285675049,3645200
2022-07-12T04:00:00.000Z,159.4970194675,159.9182117118,157.0057197144,157.5882263184,4708800
2022-07-13T04:00:00.000Z,157.4179643461,158.0183841667,156.3784253998,157.2208099365,5291700
2022-07-14T04:00:00.000Z,154.6129959424,157.7315989048,154.4068849545,157.4358673096,5359600
2022-07-15T04:00:00.000Z,159.2550499981,159.9719600828,158.2155112314,159.7210388184,5691100
2022-07-18T04:00:00.000Z,159.2819440457,159.6852094138,155.8496827737,156.1364440918,7605700
2022-07-19T04:00:00.000Z,158.0183869351,158.3947689034,152.2382128132,153.860244751,13256400
2022-07-20T04:00:00.000Z,154.3172513161,154.6309097411,152.1306399535,152.9819946289,7455800
2022-07-21T04:00:00.000Z,152.3905229259,153.5913623201,152.1396016696,153.5196685791,5729200
2022-07-22T04:00:00.000Z,153.7795708548,154.5771449768,153.295641488,154.2455596924,4257000
2022-07-25T04:00:00.000Z,154.2455453817,155.0162359867,153.8870903593,154.5502471924,4437300
2022-07-26T04:00:00.000Z,154.6398695849,156.8085541383,154.5771461031,155.6435546875,4525500
2022-07-27T04:00:00.000Z,154.7026102704,156.0199538347,153.3583832598,155.2134094238,4648500
2022-07-28T04:00:00.000Z,155.3926191218,157.8032681387,153.6361703537,156.1095428467,5513000
2022-07-29T04:00:00.000Z,155.7421466748,156.6920786505,154.9535427367,156.3963470459,6451400
2022-08-01T04:00:00.000Z,156.0826800989,156.9698748644,155.5181003686,155.8496856689,5461400
2022-08-02T04:00:00.000Z,156.8354315425,157.2655940049,154.765324261,154.9624786377,5794200
2022-08-03T04:00:00.000Z,154.630933015,157.0594957489,153.9319359888,156.4590759277,5010000
2022-08-04T04:00:00.000Z,156.6561943872,156.9071156377,153.7795565953,153.9498138428,5651600
2022-08-05T04:00:00.000Z,153.5107250416,153.716836018,152.1575277864,153.3404541016,5235500
2022-08-08T04:00:00.000Z,153.5107200172,153.6720206871,151.8438780566,152.5249481201,4629800
2022-08-09T04:00:00.000Z,152.8296646345,153.3494341245,152.1037841366,152.5070495605,5532500
2022-08-10T04:00:00.000Z,153.2597948906,153.456949265,151.924524568,152.9461364746,5603400
2022-08-11T04:00:00.000Z,151.0194386766,152.3009286228,149.6393578547,149.7827453613,9328700
2022-08-12T04:00:00.000Z,150.1411589037,150.4996275712,147.9993581844,148.1337890625,14606900
2022-08-15T04:00:00.000Z,148.7611160221,149.4332294981,147.9814687657,148.8417663574,10072000
2022-08-16T04:00:00.000Z,148.6356508662,150.7774518643,148.4026564576,150.1680755615,7453600
2022-08-17T04:00:00.000Z,149.1285371187,151.0552568924,149.1285371187,150.1770324707,7406600
2022-08-18T04:00:00.000Z,150.2666745936,150.8222978133,148.6984094932,149.4511871338,8312100
2022-08-19T04:00:00.000Z,149.7468845421,152.4532515656,149.6572639443,151.7273712158,8128500
2022-08-22T04:00:00.000Z,152.3769581283,152.3950054362,150.8162032671,151.1951141357,5462600
2022-08-23T04:00:00.000Z,150.6628153985,151.3574921144,149.580211095,149.8779296875,5566300
2022-08-24T04:00:00.000Z,150.2658543506,150.2929184252,148.9216260916,149.381729126,5684300
2022-08-25T04:00:00.000Z,149.7155196519,150.879329855,148.5878040568,150.780090332,5678700
2022-08-26T04:00:00.000Z,151.0778228028,151.1139036481,148.1367314499,148.1998901367,5667100
2022-08-29T04:00:00.000Z,147.4781757223,147.8119752238,146.1700280308,147.0541534424,5259200
2022-08-30T04:00:00.000Z,147.3247706445,147.5412832322,146.1790077256,146.5398712158,6973300
2022-08-31T04:00:00.000Z,147.2616550296,147.550356919,145.4934041377,145.5565490723,8741700
2022-09-01T04:00:00.000Z,145.6918508328,149.3095578218,145.682820297,149.1652069092,7509600
2022-09-02T04:00:00.000Z,149.6343543038,149.9410896969,146.1609841408,146.8195800781,5803700
2022-09-06T04:00:00.000Z,147.9021822215,149.9591347035,146.8917532875,147.2165222168,7394600
2022-09-07T04:00:00.000Z,146.9729618097,148.3352376675,146.2963322665,148.0194854736,4590600
2022-09-08T04:00:00.000Z,147.8480363461,149.2373759638,147.12629558,149.2103118896,5838400
2022-09-09T04:00:00.000Z,148.8494732748,149.9410944928,148.3081641682,149.4990386963,5500600
2022-09-12T04:00:00.000Z,149.8598742262,150.2748796325,149.0569412535,149.4358520508,6365300
2022-09-13T04:00:00.000Z,147.5683875692,148.3532733727,145.0783822347,145.5475158691,6726400
2022-09-14T04:00:00.000Z,146.4948202368,149.1832912633,146.4948202368,148.5517730713,9555700
2022-09-15T04:00:00.000Z,148.3622908827,149.8238199499,148.046538712,148.9306640625,7174500
2022-09-16T04:00:00.000Z,149.1471796695,151.2311961566,148.6329346838,151.2041320801,20201500
2022-09-19T04:00:00.000Z,150.0313071943,150.1485802722,148.0284829069,150.0132598877,7380900
2022-09-20T04:00:00.000Z,149.0569793394,149.6704501872,148.24502939,148.8314361572,7143400
2022-09-21T04:00:00.000Z,148.876548206,150.4824145689,147.2706818431,147.3067626953,8071200
2022-09-22T04:00:00.000Z,147.1894528166,150.8071737193,146.9007647457,149.923034668,7401100
2022-09-23T04:00:00.000Z,149.5260768207,151.0958481784,148.5517288576,150.4102020264,9598600
2022-09-26T04:00:00.000Z,149.5801977287,150.518451037,148.2991144779,149.4899749756,8735500
2022-09-27T04:00:00.000Z,150.0854198648,151.2672636547,148.3171556817,148.8043365479,8686700
2022-09-28T04:00:00.000Z,149.9861639261,151.0056231598,148.9486711558,150.0854034424,8660900
2022-09-29T04:00:00.000Z,150.1936819578,150.8161832186,147.857058362,148.4344482422,7008100
2022-09-30T04:00:00.000Z,148.8584840726,149.5260967751,147.3428406606,147.3789215088,8985200
2022-10-03T04:00:00.000Z,148.2179228858,148.2991288779,145.881299274,147.2345581055,8657000
2022-10-04T04:00:00.000Z,147.8209957256,149.7606614366,146.9819679941,149.4178314209,6236100
2022-10-05T04:00:00.000Z,148.8765104152,149.7967164575,148.1457528898,148.9577026367,4539400
2022-10-06T04:00:00.000Z,148.6689869534,148.8584492185,145.8722607125,146.0707397461,5890700
2022-10-07T04:00:00.000Z,145.9444632233,146.3504381342,143.5988089912,144.5280456543,6363500
2022-10-10T04:00:00.000Z,144.9159931168,145.5023998165,143.6078317981,144.7175140381,5315600
2022-10-11T04:00:00.000Z,144.6813888621,148.0555187217,144.6813888621,146.8105163574,6212200
2022-10-12T04:00:00.000Z,147.0000335493,148.750250928,146.6030753273,146.7744903564,4341700
2022-10-13T04:00:00.000Z,145.1505396031,149.7516250697,145.024235998,148.9937896729,6465100
2022-10-14T04:00:00.000Z,148.3532448102,149.4719298751,147.5954232308,148.3712921143,5684600
2022-10-17T04:00:00.000Z,149.219350578,150.8522946355,148.8675037956,150.2929382324,6710800
2022-10-18T04:00:00.000Z,148.8585095395,150.8162228312,147.0992753618,149.7696990967,10883600
2022-10-19T04:00:00.000Z,149.7606555803,149.9861987363,147.8570707931,148.5788116455,10044600
2022-10-20T04:00:00.000Z,148.8584631107,149.5260757192,148.2540091851,148.9577026367,5659900
2022-10-21T04:00:00.000Z,148.5968606113,152.8009746237,148.344239609,152.2055511475,8487600
2022-10-24T04:00:00.000Z,153.1979234793,155.2458590887,152.6927090375,154.2534637451,6855500
2022-10-25T04:00:00.000Z,153.522722002,154.3707665166,152.0341425991,154.0099029541,5661900
2022-10-26T04:00:00.000Z,154.5602260663,155.6879418866,153.8384851882,155.3631591797,6123800
2022-10-27T04:00:00.000Z,155.4894484938,156.4637827587,154.9210753675,155.4533538818,5390900
2022-10-28T04:00:00.000Z,156.0758808685,158.232073123,155.7059867487,157.7629394531,6073900
2022-10-31T04:00:00.000Z,157.4471559033,158.0245457796,156.4547606006,156.950958252,7810000
2022-11-01T04:00:00.000Z,157.0321519323,157.5463968937,153.7482443992,156.157043457,6985000
2022-11-02T04:00:00.000Z,155.9766292229,156.9239132606,153.6309748218,153.7572784424,6877300
2022-11-03T04:00:00.000Z,153.197925279,154.695535082,152.413039531,154.0189056396,4819900
2022-11-04T04:00:00.000Z,154.7767347888,155.6247792668,152.6837014376,154.7045593262,5300900
2022-11-07T05:00:00.000Z,154.8759867684,156.8427304256,154.6684909005,156.0578308105,6621000
2022-11-08T05:00:00.000Z,156.1931443715,157.6005314045,155.3360694011,156.8336791992,5148400
2022-11-09T05:00:00.000Z,157.2216269198,157.8802090804,155.4804265985,155.5796661377,6150000
2022-11-10T05:00:00.000Z,157.2937670301,157.6726777948,155.2097371751,157.4020233154,7877500
2022-11-11T05:00:00.000Z,155.8322442768,156.1750742148,150.5004155306,152.6926879883,11074700
2022-11-14T05:00:00.000Z,153.5949040341,156.3104389382,153.5949040341,155.0925140381,6581500
2022-11-15T05:00:00.000Z,155.3450961943,156.0758537695,153.8384696624,155.5255279541,9351000
2022-11-16T05:00:00.000Z,156.6532444402,157.8711829156,156.1931413854,156.4908599854,5500900
2022-11-17T05:00:00.000Z,156.0758495151,157.8711778266,156.0578022098,157.7538909912,4464100
2022-11-18T05:00:00.000Z,157.8802099305,159.35977249,157.5373799266,158.9628143311,6555700
2022-11-21T05:00:00.000Z,159.7074032188,160.3066838565,158.744929752,159.7800445557,5706600
2022-11-22T05:00:00.000Z,160.1704179865,160.8877422679,160.1068654992,160.5517883301,4707900
2022-11-23T05:00:00.000Z,160.2067538859,161.0784219467,159.8163085538,160.7243041992,5389200
2022-11-25T05:00:00.000Z,161.0602700797,161.7321779821,160.5881084704,160.9331512451,3058600
2022-11-28T05:00:00.000Z,160.4882533656,161.4144129362,160.3157319514,161.0148925781,6183100
2022-11-29T05:00:00.000Z,160.724331524,160.9513304739,158.5905497075,159.8889770508,6700500
2022-11-30T05:00:00.000Z,160.1431925982,161.6323049494,158.6994828016,161.6232299805,13288000
2022-12-01T05:00:00.000Z,162.5312246428,163.4029065807,161.4143938501,162.2951507568,6282600
2022-12-02T05:00:00.000Z,161.1692332561,162.4949130455,160.6789216849,162.4222717285,5823900
2022-12-05T05:00:00.000Z,161.9501101515,162.8581058322,161.6232311523,162.3314666748,5120600
2022-12-06T05:00:00.000Z,163.3665925671,163.4392338892,159.7436845615,159.8980560303,7943500
2022-12-07T05:00:00.000Z,160.3248244824,161.5142967593,160.0160953817,160.8696136475,5702600
2022-12-08T05:00:00.000Z,160.5517911563,161.1419827636,160.1159432859,160.8968200684,4798500
2022-12-09T05:00:00.000Z,160.8242069973,161.5233676224,159.4985409265,159.571182251,4561000
2022-12-12T05:00:00.000Z,159.7618246441,161.5051745509,159.4440344939,161.477935791,4882400
2022-12-13T05:00:00.000Z,162.6220437418,163.62083075,161.9047193433,162.7219238281,9177500
2022-12-14T05:00:00.000Z,162.1498699673,164.3835315781,162.1498699673,163.2212982178,9533600
2022-12-15T05:00:00.000Z,162.7128364908,163.2939532196,160.1704456063,161.1601715088,7602400
2022-12-16T05:00:00.000Z,160.7152347897,160.7152347897,158.7721245955,159.507598877,18841800
2022-12-19T05:00:00.000Z,159.2170682346,159.9616175821,158.0548347251,159.3350982666,5736000
2022-12-20T05:00:00.000Z,159.8072391129,160.2067594274,159.0536010386,159.507598877,6174700
2022-12-21T05:00:00.000Z,160.0524389651,161.7867005805,159.4894720935,161.3327026367,5472000
2022-12-22T05:00:00.000Z,160.5064035231,161.178311473,159.2079624696,160.742477417,5709100
2022-12-23T05:00:00.000Z,160.4155877615,161.187389596,159.6347109583,161.1510620117,3683400
2022-12-27T05:00:00.000Z,161.7231266995,161.9410506715,160.7061758735,161.105682373,3067300
2022-12-28T05:00:00.000Z,161.4052962675,162.0318154615,160.3974205761,160.4065093994,2645400
2022-12-29T05:00:00.000Z,161.2146188796,161.8956155683,160.7787848782,161.2236938477,2828800
2022-12-30T05:00:00.000Z,161.1601879792,161.4144257082,159.262466128,160.3974609375,4216600
2023-01-03T05:00:00.000Z,159.9525007177,161.9682519635,159.8162930711,161.7957305908,6344900
2023-01-04T05:00:00.000Z,162.4313466046,163.6117437594,162.0590650507,163.5572662354,9788800
2023-01-05T05:00:00.000Z,162.5494153399,163.4301723924,161.9955373363,162.3496551514,6255300
2023-01-06T05:00:00.000Z,163.5572741947,164.28365969,162.8853523712,163.666229248,5706000
2023-01-09T05:00:00.000Z,162.8036643676,163.2213347144,159.0627119135,159.4259185791,7925300
2023-01-10T05:00:00.000Z,159.5348367129,159.9343570252,158.2818121076,159.0445251465,5047500
2023-01-11T05:00:00.000Z,159.4168177354,159.5530115536,156.2751463983,158.7902984619,6494800
2023-01-12T05:00:00.000Z,158.2273153339,158.635924456,156.9016494574,157.9912414551,4269400
2023-01-13T05:00:00.000Z,157.2557837382,158.0003330371,156.5203094088,157.4736938477,6088000
2023-01-17T05:00:00.000Z,157.991263998,158.5179032073,156.256988752,156.5021514893,6053300
2023-01-18T05:00:00.000Z,155.8574534498,156.1752574808,154.0959534629,154.1413421631,7047800
2023-01-19T05:00:00.000Z,153.4784973108,155.5214874395,153.1879459193,153.9324951172,6939500
2023-01-20T05:00:00.000Z,154.4500539887,154.4591289567,152.0710961433,153.2151794434,8620600
2023-01-23T05:00:00.000Z,153.5420618331,154.0232983938,152.4978585779,152.8247375488,8425400
2023-01-24T05:00:00.000Z,153.4694205224,155.2581729666,150.7363448933,152.8247375488,10541800
2023-01-25T05:00:00.000Z,151.7896306691,153.9143371582,151.707914386,153.9143371582,7099800
2023-01-26T05:00:00.000Z,153.9506904645,154.2775695063,153.1334859326,153.3514099121,6946100
2023-01-27T05:00:00.000Z,153.0336280109,153.3332683305,152.33448112,152.7521514893,6058100
2023-01-30T05:00:00.000Z,152.4797301741,153.0336081741,146.2599671702,147.0953216553,23259100
2023-01-31T05:00:00.000Z,146.8229050676,148.3937337829,146.2327133919,148.3846588135,11612500
2023-02-01T05:00:00.000Z,147.9942331675,150.7091316092,147.4585051421,149.7466583252,9865300
2023-02-02T05:00:00.000Z,148.0032828428,150.927029784,147.8398502851,150.3095855713,10099000
2023-02-03T05:00:00.000Z,150.7545317327,151.0360081955,148.8114214016,149.4651794434,6868500
2023-02-06T05:00:00.000Z,149.4107020861,149.6831035796,148.0941110314,148.3301849365,7021000
2023-02-07T05:00:00.000Z,146.7321195791,148.8023487925,146.5686731386,148.3665008545,7310800
2023-02-08T05:00:00.000Z,148.275683007,149.4197524656,147.9124764571,148.5571594238,6054700
2023-02-09T05:00:00.000Z,148.5753470634,149.6377004144,146.2508801905,146.5505065918,7949500
2023-02-10T05:00:00.000Z,146.8864773816,147.8126230775,146.5051208265,147.2315063477,7028000
2023-02-13T05:00:00.000Z,146.4869387431,147.8398572389,146.3234923228,147.7762908936,6414700
2023-02-14T05:00:00.000Z,147.7672457355,147.9760808961,146.8773998503,147.1316375732,6316000
2023-02-15T05:00:00.000Z,147.0498905362,147.0771292969,144.6346188183,144.7072601318,12621800
2023-02-16T05:00:00.000Z,144.4349126643,144.9615380874,143.3907090793,143.6812744141,11177000
2023-02-17T05:00:00.000Z,143.5989433534,147.3393530876,143.2331244102,146.6808929443,12401900
2023-02-21T05:00:00.000Z,146.0041412742,146.6443209489,144.3945797556,144.4951782227,9423900
2023-02-22T05:00:00.000Z,144.9524206331,145.2725104245,143.9190014338,144.2939605713,9820200
2023-02-23T05:00:00.000Z,144.2299495017,145.0347231599,143.2788343312,144.2482299805,9385100
2023-02-24T05:00:00.000Z,143.2605584025,143.4434748505,141.9436520768,142.6386871338,8689700
2023-02-27T05:00:00.000Z,143.0776478978,143.4891819737,141.8247512355,142.3277435303,7267100
2023-02-28T05:00:00.000Z,141.7332953375,141.9985158039,139.9591119167,140.1603088379,9062300
2023-03-01T05:00:00.000Z,139.9316767615,140.1420278767,138.9257061135,139.529296875,6767000
2023-03-02T05:00:00.000Z,138.7793595572,139.7030260535,138.3038019961,139.4195251465,8762500
2023-03-03T05:00:00.000Z,140.2609113977,140.946806207,139.7762135155,140.8553619385,5747200
2023-03-06T05:00:00.000Z,141.4406495131,142.4191854573,141.3583454902,142.2637176514,8148200
2023-03-07T05:00:00.000Z,142.7484099398,142.8947375001,140.2426167539,140.9193572998,7457700
2023-03-08T05:00:00.000Z,140.8187626348,141.0199595469,139.4469731179,139.8859558105,6230500
2023-03-09T05:00:00.000Z,140.3432071945,140.4712403138,137.8282599581,138.3129577637,7439400
2023-03-10T05:00:00.000Z,138.8799835351,140.3706660741,138.1849484753,138.6513519287,8504300
2023-03-13T04:00:00.000Z,139.0903100522,142.5838074283,138.6147663947,139.9774017334,10799600
2023-03-14T04:00:00.000Z,140.1785740327,140.8644686789,138.9165234184,140.7638702393,8421200
2023-03-15T04:00:00.000Z,139.7762216336,141.6510036787,139.492720662,141.1571655273,7757700
2023-03-16T04:00:00.000Z,140.3340597589,141.1754222913,139.5567207666,140.8644866943,7605500
2023-03-17T04:00:00.000Z,141.276042218,141.7058707662,139.2823812533,139.3555450439,20540700
2023-03-20T04:00:00.000Z,139.4378547742,140.9011027371,139.3555507393,140.7364807129,7129000
2023-03-21T04:00:00.000Z,140.8370791848,140.9559720937,139.1634940368,140.7364807129,8376800
2023-03-22T04:00:00.000Z,140.6998980076,140.891940745,138.1209267554,138.1392211914,7943500
2023-03-23T04:00:00.000Z,138.2580717162,138.7244890344,137.2795358855,138.2123565674,9051500
2023-03-24T04:00:00.000Z,138.5324381688,139.7030307008,137.9380016636,139.602432251,5696200
2023-03-27T04:00:00.000Z,141.0199522409,141.3308878329,140.0231219261,140.1968841553,6772300
2023-03-28T04:00:00.000Z,139.3646871342,140.3340829522,138.7610963195,138.8434143066,6115300
2023-03-29T04:00:00.000Z,139.2275337467,140.2700935061,139.0720659002,140.2060699463,6012000
2023-03-30T04:00:00.000Z,140.4529527004,140.6541496055,139.7487635328,140.3157653809,4555700
2023-03-31T04:00:00.000Z,140.6450190094,141.9253644341,140.142040617,141.7516021729,9890000
2023-04-03T04:00:00.000Z,141.7058577172,143.5897797997,140.7821911106,143.4434661865,6841900
2023-04-04T04:00:00.000Z,143.5532142645,145.3822671172,143.205689757,144.9432983398,8314500
2023-04-05T04:00:00.000Z,150.3206941975,151.5004410232,148.8483061912,151.4547119141,16704200
2023-04-06T04:00:00.000Z,151.8022552059,152.9362591084,150.7139664636,151.0340423584,9615400
2023-04-10T04:00:00.000Z,150.558494865,150.7505376062,149.6531086502,150.2749938965,5354000
2023-04-11T04:00:00.000Z,150.3664061454,151.152899288,150.0188817008,150.2292327881,5903800
2023-04-12T04:00:00.000Z,149.9274741245,150.7505423788,149.1592752265,149.9091796875,5764100
2023-04-13T04:00:00.000Z,150.1469440215,152.1131842376,149.8085737046,151.9119873047,5640600
2023-04-14T04:00:00.000Z,151.7839624891,151.9211358806,150.0372135461,151.6650695801,7225100
2023-04-17T04:00:00.000Z,151.5736060638,152.0308692503,150.8419821746,151.5095825195,8046400
2023-04-18T04:00:00.000Z,150.2109649201,150.6133587788,146.0041377941,147.2478942871,14571500
2023-04-19T04:00:00.000Z,148.1441318703,148.7751433445,147.3942135479,148.6379699707,6752000
2023-04-20T04:00:00.000Z,148.5465223098,149.8177274523,147.202181287,149.598236084,9498800
2023-04-21T04:00:00.000Z,150.3847229525,150.8694208266,148.1258416356,148.7843017578,7014200
2023-04-24T04:00:00.000Z,148.7843249226,149.8085901812,148.0344064621,149.6896972656,5278900
2023-04-25T04:00:00.000Z,150.2658289085,151.2169441687,150.1286555318,151.0614624023,6263100
2023-04-26T04:00:00.000Z,150.0646307777,150.3389914835,148.3727653426,148.7202758789,5518200
2023-04-27T04:00:00.000Z,148.9763518326,149.4427692489,148.2721765194,149.0678100586,5739700
2023-04-28T04:00:00.000Z,148.8940493114,149.7628466493,148.6654176986,149.7079772949,6024900
2023-05-01T04:00:00.000Z,149.6165313721,150.25669709,148.3727748538,149.6165313721,4893400
2023-05-02T04:00:00.000Z,150.2932756549,151.3358352651,149.5799461298,150.9243011475,7541700
2023-05-03T04:00:00.000Z,151.3998671463,151.9760093609,148.6196987299,148.948928833,5937200
2023-05-04T04:00:00.000Z,148.7751187602,148.976315645,147.4673529639,148.2721405029,5128000
2023-05-05T04:00:00.000Z,148.9214587821,149.1866792227,147.8697591229,148.7751312256,5194500
2023-05-08T04:00:00.000Z,148.1441416353,148.67456864,147.5496910822,148.4367828369,4994900
2023-05-09T04:00:00.000Z,147.9246659007,148.2721904468,147.0467142939,147.2845001221,5520500
2023-05-10T04:00:00.000Z,147.4216568179,148.125846072,146.3790972523,147.833190918,6756600
2023-05-11T04:00:00.000Z,147.9977977677,148.3270278049,145.7663512881,147.229598999,5867600
2023-05-12T04:00:00.000Z,147.5679941745,147.7508966806,146.333377838,147.0375671387,3904200
2023-05-15T04:00:00.000Z,147.0558318252,147.2661689669,145.354812349,145.9126739502,5104500
2023-05-16T04:00:00.000Z,145.4645757986,146.5528645136,144.9798778935,145.7206420898,5599200
2023-05-17T04:00:00.000Z,146.1321684336,146.3790944708,144.2848351388,145.4005584717,6840700
2023-05-18T04:00:00.000Z,145.0987650783,145.3456771643,144.0927804349,144.9341430664,5173000
2023-05-19T04:00:00.000Z,145.034752662,146.2602148092,144.6232185325,145.3274078369,6527100
2023-05-22T04:00:00.000Z,145.5853906647,146.6358163387,144.4612491816,144.5441741943,5675900
2023-05-23T04:00:00.000Z,144.7561284552,145.8341959196,144.0834768957,144.4889068604,5793000
2023-05-24T04:00:00.000Z,144.7376902291,144.7929735748,143.6688320119,144.350692749,5015100
2023-05-25T04:00:00.000Z,143.7885892608,144.0097225934,141.6416641104,142.2774505615,6886100
2023-05-26T04:00:00.000Z,142.5354801497,143.0791184584,142.0839760632,142.2221984863,6845400
2023-05-30T04:00:00.000Z,141.8720508388,143.1712656835,141.2731291891,142.2406158447,5593100
2023-05-31T04:00:00.000Z,142.5446592294,143.4568764139,141.7614552365,142.876373291,11324600
2023-06-01T04:00:00.000Z,142.3972473145,142.8579605715,141.1164650221,142.3972473145,7901300
2023-06-02T04:00:00.000Z,142.5631123507,144.949603664,141.9826091438,144.6363220215,7659700
2023-06-05T04:00:00.000Z,144.4336026817,146.1750981899,144.4336026817,145.8802490234,6430500
2023-06-06T04:00:00.000Z,147.0412260946,147.0688677617,145.0325092384,145.7512207031,5073600
2023-06-07T04:00:00.000Z,145.6775319849,146.3225277083,145.0693871342,146.0645294189,6504300
2023-06-08T04:00:00.000Z,146.046095379,147.8152325128,145.4195321286,147.6678009033,5818400
2023-06-09T04:00:00.000Z,147.8152730716,148.1009131059,146.9399204976,147.4374847412,6264400
2023-06-12T04:00:00.000Z,147.4282536291,147.6586102754,146.2580379292,147.3361053467,6510600
2023-06-13T04:00:00.000Z,147.1794576162,148.2022416402,146.6450285346,148.1101074219,6066800
2023-06-14T04:00:00.000Z,148.9025418168,149.344822641,148.3312477732,148.8656768799,6699100
2023-06-15T04:00:00.000Z,149.3171834,151.031037439,148.745889347,150.8651733398,7138300
2023-06-16T04:00:00.000Z,151.556238601,152.0261751509,150.9941678297,151.325881958,13426600
2023-06-20T04:00:00.000Z,151.3535100137,152.3210106391,150.9388709057,151.2337341309,7995800
2023-06-21T04:00:00.000Z,150.7269414435,151.9616495208,149.9068724596,151.0033721924,7177500
2023-06-22T04:00:00.000Z,151.0217890629,152.6987919454,150.9204315913,152.6066436768,5485900
2023-06-23T04:00:00.000Z,153.05814904,153.2055806472,152.0630067811,152.477645874,9450700
2023-06-26T04:00:00.000Z,152.0169274904,152.0169274904,148.6537266668,150.7730102539,6978800
2023-06-27T04:00:00.000Z,150.8190725451,151.0033690805,149.6765127609,150.4597167969,4927500
2023-06-28T04:00:00.000Z,150.37680353,150.37680353,149.1881695191,150.155670166,6780400
2023-06-29T04:00:00.000Z,149.8607812864,151.4087848685,149.4829931078,151.2060699463,4547500
2023-06-30T04:00:00.000Z,151.9063510744,152.9014932357,151.4364286899,152.5144958496,7580000
2023-07-03T04:00:00.000Z,151.4272331773,151.473307316,150.1556741215,150.5150299072,4033700
2023-07-05T04:00:00.000Z,150.1833201467,151.0402400992,149.9437402427,150.0174560547,7224600
2023-07-06T04:00:00.000Z,149.501463772,149.6120304633,148.349680538,148.9025421143,6332500
2023-07-07T04:00:00.000Z,147.861308792,148.386514576,146.6910932223,146.7371673584,7022200
2023-07-10T04:00:00.000Z,146.9030450446,147.7046957962,146.5068383312,146.9767608643,5739200
2023-07-11T04:00:00.000Z,146.6265915084,147.7046587385,145.2168102029,146.1658782959,6606700
2023-07-12T04:00:00.000Z,146.4515307491,146.4515307491,145.4748209048,145.6591033936,6940400
2023-07-13T04:00:00.000Z,145.5854032928,146.6266198535,145.0417649714,146.3317565918,6401700
2023-07-14T04:00:00.000Z,146.6726850518,147.6401858308,146.4884025367,147.3084716797,5362200
2023-07-17T04:00:00.000Z,147.1978981731,147.3084648651,145.723610001,146.5713348389,5486800
2023-07-18T04:00:00.000Z,146.5713265352,148.2483155277,145.7604666805,146.5621032715,6332500
2023-07-19T04:00:00.000Z,145.5024719559,147.8060383636,144.9680428621,146.2672576904,7522600
2023-07-20T04:00:00.000Z,149.2158360892,155.8501052523,148.6261235871,155.1498260498,21892900
2023-07-21T04:00:00.000Z,154.9654898007,157.3980690663,154.9654898007,156.817565918,12080000
2023-07-24T04:00:00.000Z,158.0246163919,160.162332237,157.5546940228,157.6376190186,15155400
2023-07-25T04:00:00.000Z,157.0571265848,159.1119035138,156.4121309188,158.8446960449,13790100
2023-07-26T04:00:00.000Z,158.4853754332,160.1900202696,157.9325138484,159.1488037109,14288200
2023-07-27T04:00:00.000Z,158.6512089996,160.595419489,158.5222098512,160.0425720215,12446400
2023-07-28T04:00:00.000Z,160.3282117684,161.5813523767,159.6187094232,160.7704925537,14138800
2023-07-31T04:00:00.000Z,156.3568617206,156.8452166305,153.6110147456,154.3665771484,22632700
2023-08-01T04:00:00.000Z,153.2977067195,155.8039876695,153.0120667831,155.6197052002,15810300
2023-08-02T04:00:00.000Z,155.582875696,157.7850845472,155.582875696,156.5595855713,14595600
2023-08-03T04:00:00.000Z,156.5964065573,157.858770227,156.3384083021,157.2321929932,17424800
2023-08-04T04:00:00.000Z,156.9557918722,159.1119265798,154.6982996839,155.7579345703,23415100
2023-08-07T04:00:00.000Z,156.1725667353,159.7200499653,156.0527768033,159.498916626,17736400
2023-08-08T04:00:00.000Z,159.3975726142,159.9135691959,157.923284615,159.5726318359,27378700
2023-08-09T04:00:00.000Z,159.4067916112,160.5585747875,158.5314392091,159.4712982178,42974400
2023-08-10T04:00:00.000Z,160.3282258886,162.1434373869,158.1536585842,158.6420135498,48213800
2023-08-11T04:00:00.000Z,158.9276385773,160.2821366554,158.135211226,160.1900024414,45905600
2023-08-14T04:00:00.000Z,159.8859258882,161.8024946435,158.2549970906,159.812210083,64036900
2023-08-15T04:00:00.000Z,159.222502317,160.8442078986,158.6143574515,159.3515014648,88958100
2023-08-16T04:00:00.000Z,158.9736951781,161.0008304399,158.6051302432,158.8446960449,85832700
2023-08-17T04:00:00.000Z,159.2777979266,161.6090060309,159.1856496454,160.3374328613,70904200
2023-08-18T04:00:00.000Z,159.5634377096,160.319014247,157.8495837241,158.9368743896,49631700
2023-08-21T04:00:00.000Z,156.3568485192,156.504280118,152.919931974,154.2007141113,151319500
2023-08-22T04:00:00.000Z,153.7492298888,154.6522239428,152.413164245,152.9752349854,56834800
2023-08-23T04:00:00.000Z,152.8646600636,153.4175216213,150.6256002806,151.6023101807,119011400
2023-08-24T04:00:00.000Z,151.1415915263,153.5741569859,150.9849507044,152.1183013916,70755100
2023-08-25T04:00:00.000Z,152.4895379097,155.71937924,152.26678486,154.2993621826,18185500
2023-08-28T04:00:00.000Z,153.13922408,154.2622512878,151.440769168,152.480255127,18458000
2023-08-29T04:00:00.000Z,153.0185833759,153.770355576,151.0695469613,152.498840332,12208600
2023-08-30T04:00:00.000Z,153.2413463278,153.9095914735,151.9141321049,151.9605407715,9939100
2023-08-31T04:00:00.000Z,151.6263958179,151.812030457,149.6866356327,150.0578765869,15333000
2023-09-01T04:00:00.000Z,149.8165540339,150.8003551943,148.5079064547,148.9441223145,8610100
2023-09-05T04:00:00.000Z,149.0183912878,150.3270390247,148.7585197862,149.1297607422,9019800
2023-09-06T04:00:00.000Z,148.3501425693,148.4986446127,146.0391414761,146.6516876221,9753800
2023-09-07T04:00:00.000Z,147.700450927,149.4824328072,147.5519488965,148.526473999,9931800
2023-09-08T04:00:00.000Z,148.1181278461,149.1297715621,147.7468868632,149.0184020996,6957000
2023-09-11T04:00:00.000Z,149.4824305268,150.9952648454,148.9162789359,150.9674224854,6309300
2023-09-12T04:00:00.000Z,150.5590652687,152.146136611,149.9186625943,151.8213043213,6045800
2023-09-13T04:00:00.000Z,151.988351014,153.0928119009,151.2829875813,152.2018280029,7397500
2023-09-14T04:00:00.000Z,152.8422051358,153.3898045863,151.6913498395,151.9697875977,7758400
2023-09-15T04:00:00.000Z,152.1925242426,152.9721527865,149.6216519954,149.8443908691,13392100
2023-09-18T04:00:00.000Z,150.4662302467,151.4221890313,149.1947152767,150.7910766602,5789000
2023-09-19T04:00:00.000Z,150.5868902211,151.1437657419,149.7794334617,150.5404815674,5550800
2023-09-20T04:00:00.000Z,150.5312330669,151.7841819751,150.0393324037,151.1994781494,3837400
2023-09-21T04:00:00.000Z,150.883911342,151.7470529187,149.9743469445,150.0393218994,4526700
2023-09-22T04:00:00.000Z,149.7052035981,149.7980067567,148.7306783801,148.9627075195,4976700
2023-09-25T04:00:00.000Z,148.5635989792,148.832746504,147.3199122399,148.7399291992,6722500
2023-09-26T04:00:00.000Z,148.3223019043,148.5728973352,147.4405940242,147.5890960693,4904800
2023-09-27T04:00:00.000Z,147.1807080441,147.3477622071,144.0993546386,145.8163757324,10211600
2023-09-28T04:00:00.000Z,146.1783329093,146.6052726842,144.990345051,145.6029052734,7861900
2023-09-29T04:00:00.000Z,146.0577131472,146.271190174,144.1829277048,144.5541687012,7680700
2023-10-02T04:00:00.000Z,144.2478488107,144.2478488107,142.2988128729,143.997253418,7259700
2023-10-03T04:00:00.000Z,143.5610694037,144.3221318161,142.8278635183,144.1736297607,5740800
2023-10-04T04:00:00.000Z,144.3871069048,144.7212152868,143.4589903006,144.3406982422,4955200
2023-10-05T04:00:00.000Z,145.0367662171,146.6795221892,144.8511457536,145.8442230225,5993300
2023-10-06T04:00:00.000Z,145.788530381,146.9208335575,145.3337482325,146.3082733154,5802200
2023-10-09T04:00:00.000Z,145.8813613134,147.4591708729,145.7978342177,147.1436004639,4414100
2023-10-10T04:00:00.000Z,146.9951135388,147.821136757,146.5496073684,146.9765472412,5273500
2023-10-11T04:00:00.000Z,147.0693350321,147.6169203243,144.8232808196,144.9532165527,6922900
2023-10-12T04:00:00.000Z,144.7119218421,145.3059158309,143.9230313204,145.0924530029,5792400
2023-10-13T04:00:00.000Z,145.4637048834,146.0484228496,144.8325924185,145.575088501,5359800
2023-10-16T04:00:00.000Z,146.4753537339,146.8744370337,145.5657893617,146.2061920166,6408100
2023-10-17T04:00:00.000Z,144.7676423119,147.5241501088,143.4961269347,144.8697357178,12244400
2023-10-18T04:00:00.000Z,144.2386111934,144.7397879505,141.1201386999,141.7512512207,9097300
2023-10-19T04:00:00.000Z,140.7674128636,142.1039027471,139.3566719685,141.3706970215,7733800
2023-10-20T04:00:00.000Z,141.760510619,142.8092725696,141.3799794784,142.0018157959,7207000
2023-10-23T04:00:00.000Z,141.8719008638,142.465894908,140.3405141728,140.5075683594,5874000
2023-10-24T04:00:00.000Z,139.91356261,141.0365898082,139.3381349109,140.3590545654,6155300
2023-10-25T04:00:00.000Z,140.36835667,141.2314982917,139.4309498604,140.6746368408,5880800
2023-10-26T04:00:00.000Z,141.0458749966,141.0458749966,138.1779982202,138.2893676758,7612500
2023-10-27T04:00:00.000Z,137.8160300361,137.9738081484,134.5304895559,135.1337738037,11385800
2023-10-30T04:00:00.000Z,135.5885514019,136.6558939946,135.5050243063,136.4609832764,8205300
2023-10-31T04:00:00.000Z,136.934292351,137.8624087844,136.0989932257,137.6767883301,7576900
2023-11-01T04:00:00.000Z,138.4657062103,138.9947252637,137.7881851145,138.0016479492,5733000
2023-11-02T04:00:00.000Z,137.0920826544,139.5887039286,136.9342904005,139.4402160645,5349100
2023-11-03T04:00:00.000Z,140.3404903595,141.3242915007,139.3566750565,140.4611358643,4926800
2023-11-06T05:00:00.000Z,140.869523848,141.4727939194,140.488992677,140.7952728271,4851400
2023-11-07T05:00:00.000Z,141.0087544171,141.3057585398,139.8486086163,140.0527954102,4840400
2023-11-08T05:00:00.000Z,140.4704444237,140.9159363989,139.5330376518,139.5423278809,5460000
2023-11-09T05:00:00.000Z,139.6815376206,139.6815376206,136.6744349682,136.8229370117,6973600
2023-11-10T05:00:00.000Z,137.593277677,137.8253068131,135.1708929302,136.6651611328,6930700
2023-11-13T05:00:00.000Z,136.6651639573,137.2684340587,136.1082883545,137.0178527832,5889300
2023-11-14T05:00:00.000Z,137.027133776,137.8624330483,136.4052973556,137.0457000732,6713600
2023-11-15T05:00:00.000Z,136.7579783511,138.679172232,136.6837273282,138.1037445068,6729100
2023-11-16T05:00:00.000Z,138.7534119302,139.3752482641,137.9552312014,139.3102874756,6875600
2023-11-17T05:00:00.000Z,139.7279453701,139.950684272,138.3543368814,139.022567749,7023300
2023-11-20T05:00:00.000Z,138.3770556909,140.7065635592,138.0308928545,140.2481536865,8851700
2023-11-21T05:00:00.000Z,140.4259077881,141.5391990845,139.9674836482,141.3801574707,5916300
2023-11-22T05:00:00.000Z,141.8572796047,142.2408437918,140.6971938678,141.0994873047,4633500
2023-11-24T05:00:00.000Z,141.1369191221,142.8396108356,141.1369191221,142.6712188721,3351400
2023-11-27T05:00:00.000Z,142.4747455063,142.5028251086,141.2398282965,141.5298461914,6449700
2023-11-28T05:00:00.000Z,141.6420980202,142.0256764961,141.1181929193,141.8572845459,5909000
2023-11-29T05:00:00.000Z,141.5766388529,142.3905619549,141.33340124,142.3063659668,5190000
2023-11-30T05:00:00.000Z,142.4466753393,145.1410608333,142.1285921283,144.6920013428,12481900
2023-12-01T05:00:00.000Z,146.35728911,148.2471021034,145.4498054301,148.1722564697,10342900
2023-12-04T05:00:00.000Z,147.8167270436,149.7065398295,147.8167270436,148.6400146484,8920300
2023-12-05T05:00:00.000Z,148.5651555156,149.3416627495,148.0225354868,148.3312683105,7268200
2023-12-06T05:00:00.000Z,148.3032322161,148.4342085057,146.104686345,146.525680542,6642900
2023-12-07T05:00:00.000Z,146.488247722,146.488247722,144.7387758561,145.3842926025,6532400
2023-12-08T05:00:00.000Z,145.4030172189,145.8053106937,143.9248481535,144.4674682617,6254700
2023-12-11T05:00:00.000Z,144.542302794,145.4591367046,144.4019761713,145.0662078857,6090400
2023-12-12T05:00:00.000Z,145.0100967581,145.3094792939,143.7470998826,145.075592041,5324400
2023-12-13T05:00:00.000Z,143.7564362131,145.8894863971,141.9882495007,145.7491455078,10764600
2023-12-14T05:00:00.000Z,146.3853381505,147.0308691783,145.0568604199,146.759552002,9240700
2023-12-15T05:00:00.000Z,145.4685076389,146.591163495,143.8499977187,145.1597747803,21727800
2023-12-18T05:00:00.000Z,145.2065806359,146.3573020203,144.7855721249,145.4217529297,7231400
2023-12-19T05:00:00.000Z,145.2907213454,146.4133769719,144.95392323,146.3759613037,6651500
2023-12-20T05:00:00.000Z,146.4508365641,146.5631121531,143.241910294,143.3916015625,7008300
2023-12-21T05:00:00.000Z,143.7845217465,145.1317145311,143.4196582236,144.8603973389,4598600
2023-12-22T05:00:00.000Z,145.2439733871,146.441474892,145.0288011274,145.4404449463,3798900
2023-12-26T05:00:00.000Z,145.0101042814,146.2731012224,144.8697776326,146.0766296387,4170000
2023-12-27T05:00:00.000Z,145.4778642166,146.432128159,145.4030185863,146.2730865479,5288100
2023-12-28T05:00:00.000Z,145.945630649,147.105716442,145.936280299,146.4882507324,4377500
2023-12-29T05:00:00.000Z,146.4227681647,146.787631702,145.926928339,146.6379547119,4313700
2024-01-02T05:00:00.000Z,146.815697824,151.2221398984,146.6847215349,149.6597747803,9622100
2024-01-03T05:00:00.000Z,150.2865735489,151.0350155181,149.5007159051,150.5953063965,8232000
2024-01-04T05:00:00.000Z,151.1753406134,151.5402041068,150.0807501331,150.2772216797,6766600
2024-01-05T05:00:00.000Z,150.1556099557,150.9414676658,149.1919956569,150.745010376,5602500
2024-01-08T05:00:00.000Z,150.7169377328,151.2408428475,149.3229646935,151.1192169189,6569800
2024-01-09T05:00:00.000Z,151.2127838135,152.7564338959,150.2491695213,151.2127838135,6357000
2024-01-10T05:00:00.000Z,151.3905356092,152.1389633374,150.8104855619,151.4373016357,4945100
2024-01-11T05:00:00.000Z,151.6244506511,151.7460623278,150.4175843086,150.7637329102,4946000
2024-01-12T05:00:00.000Z,151.4092732299,151.9986737711,151.2689465655,151.923828125,4496900
2024-01-16T05:00:00.000Z,151.1566302672,151.792796615,149.8562036982,150.1743011475,6923200
2024-01-17T05:00:00.000Z,149.9217111996,150.9040403995,149.5661980496,150.0901031494,5072100
2024-01-18T05:00:00.000Z,149.6878039205,150.9695011734,149.3977860844,150.8198242188,5368500
2024-01-19T05:00:00.000Z,150.7636969766,151.4840736145,149.9497740154,151.2595367432,7071300
2024-01-22T05:00:00.000Z,151.5589175962,153.0370865302,150.9414519132,151.998626709,6824200
2024-01-23T05:00:00.000Z,149.3697594172,150.1649675161,146.7969996216,149.5100860596,9149800
2024-01-24T05:00:00.000Z,149.4539363566,150.2491586295,147.9664170358,148.7148590088,7247900
2024-01-25T05:00:00.000Z,148.7522789685,149.3323147334,148.2564391806,149.276184082,5478900
2024-01-26T05:00:00.000Z,150.0901313025,150.3801635072,149.0891012151,149.2200775146,5591900
2024-01-29T05:00:00.000Z,148.7616329689,149.7533268443,148.7148669418,149.0890808105,6483200
2024-01-30T05:00:00.000Z,149.0797294739,149.4632936905,147.9383586237,148.537109375,7200500
2024-01-31T05:00:00.000Z,150.0620299411,150.2678518303,148.4435344265,148.658706665,8256800
2024-02-01T05:00:00.000Z,147.9664422381,148.2751751398,146.9279822141,148.1535491943,8012000
2024-02-02T05:00:00.000Z,147.7886587018,148.1067418971,145.8894956048,146.5163116455,8295900
2024-02-05T05:00:00.000Z,146.5163220306,146.7782745953,145.3281708638,145.7585296631,9121600
2024-02-06T05:00:00.000Z,145.7866086655,148.4996951723,145.5714363833,147.8728790283,9229900
2024-02-07T05:00:00.000Z,147.6296122086,149.0984164881,147.5267012635,147.7980041504,8690300
2024-02-08T05:00:00.000Z,147.1992884119,147.1992884119,145.3001249268,146.3198699951,9755000
2024-02-09T05:00:00.000Z,146.1982216729,147.0682752446,145.6368866571,146.6566314697,6529200
2024-02-12T05:00:00.000Z,146.4882405656,148.2002966732,146.2730683273,147.6763916016,6701500
2024-02-13T05:00:00.000Z,147.4799360183,148.2377283843,145.7117490724,146.385345459,8621000
2024-02-14T05:00:00.000Z,146.2730933036,146.3760042656,144.8604051634,145.7024078369,9098800
2024-02-15T05:00:00.000Z,145.9269151527,148.2657874304,145.8427191768,147.7418823242,7462500
2024-02-16T05:00:00.000Z,147.6193553402,148.2414949241,146.7426812252,147.5722198486,8541000
2024-02-20T05:00:00.000Z,147.5816474747,149.5140876409,147.4685337971,148.8070983887,9501700
2024-02-21T05:00:00.000Z,148.9579232682,149.589498595,148.1189632808,149.5800628662,7472500
2024-02-22T05:00:00.000Z,149.8628655779,151.5219429084,148.7222642968,151.2485656738,8065000
2024-02-23T05:00:00.000Z,151.6538997784,152.9453287683,150.9751890023,152.5588378906,6726000
2024-02-26T05:00:00.000Z,152.5211339802,152.719082894,151.3616757625,151.5690460205,5465400
2024-02-27T05:00:00.000Z,151.1448568278,151.8047105196,150.485003136,151.7481536865,5078600
2024-02-28T05:00:00.000Z,151.7670150607,152.3420335192,151.097725622,152.2854766846,6071100
2024-02-29T05:00:00.000Z,152.7096686901,152.8887749239,151.7104595791,152.1252288818,9849100
2024-03-01T05:00:00.000Z,152.549421589,153.2469894607,151.8518537173,152.8227844238,5670100
2024-03-04T05:00:00.000Z,152.06867395,152.3420367846,149.1935815959,150.673538208,8532900
2024-03-05T05:00:00.000Z,151.4088150726,151.9932693075,150.0702504686,150.7960968018,8298200
2024-03-06T05:00:00.000Z,150.3153222559,151.701007721,150.0890805556,150.2021942139,5773700
2024-03-07T05:00:00.000Z,150.8243568968,151.1637122752,149.1652941491,149.7591552734,5188700
2024-03-08T05:00:00.000Z,149.7591698261,151.1920053833,149.344400503,150.3719024658,5284000
2024-03-11T04:00:00.000Z,150.3436047997,152.0686600546,149.7685863815,151.9838104248,4620800
2024-03-12T04:00:00.000Z,152.3137616916,153.7560185725,151.8895710297,153.4072418213,8018700
2024-03-13T04:00:00.000Z,153.2092835484,153.3506756458,150.6452680349,151.8612976074,6260000
2024-03-14T04:00:00.000Z,151.7104812985,152.2760641148,149.5895133742,150.0796966553,6988300
2024-03-15T04:00:00.000Z,148.9955899631,150.0607914484,148.0906519938,149.1087036133,13165500
2024-03-18T04:00:00.000Z,149.4763540263,149.5894676782,147.5250572278,147.7701416016,6602300
2024-03-19T04:00:00.000Z,147.6853362525,147.8644424935,146.7332625939,147.2517242432,7840600
2024-03-20T04:00:00.000Z,146.7709578128,147.4685256814,146.309067399,146.8275146484,5982300
2024-03-21T04:00:00.000Z,146.6672721511,147.9492798916,146.2053817163,146.8180999756,5915800
2024-03-22T04:00:00.000Z,146.7615530645,147.3931284404,146.2148129516,146.3279266357,7248600
2024-03-25T04:00:00.000Z,146.4881519439,147.0348919676,146.0168258251,146.3184814453,7498100
2024-03-26T04:00:00.000Z,146.6861167684,147.2705565589,145.8848566048,146.8369445801,6864100
2024-03-27T04:00:00.000Z,147.044325893,149.1464363293,146.5258642921,148.9013519287,8461600
2024-03-28T04:00:00.000Z,149.1276006668,150.0136961877,149.0427654063,149.1181793213,6181500
2024-04-01T04:00:00.000Z,148.6751326124,149.0804662264,147.7796157397,148.7316894531,4364700
2024-04-02T04:00:00.000Z,147.591074084,148.7788107762,147.0066198906,148.6845397949,6102300
2024-04-03T04:00:00.000Z,148.7410896778,148.9861884642,145.4041070982,145.4135284424,8098200
2024-04-04T04:00:00.000Z,146.4033213961,146.5824276283,143.6696355732,143.7544708252,6947400
2024-04-05T04:00:00.000Z,143.3114319409,144.2352271927,142.9155196901,143.6507873535,6783000
2024-04-08T04:00:00.000Z,143.2737064558,144.2634797132,142.8683585489,142.8966369629,5935400
2024-04-09T04:00:00.000Z,142.8589498439,143.7827450116,142.2839314022,143.5565032959,6135300
2024-04-10T04:00:00.000Z,142.8400785678,143.1134557451,141.1715802416,141.5863494873,6809500
2024-04-11T04:00:00.000Z,142.1519730389,142.2179512219,139.8801774907,140.257232666,8374400
2024-04-12T04:00:00.000Z,139.5690844603,140.5211724017,138.7112674937,139.0600585938,7100200
2024-04-15T04:00:00.000Z,139.8613205175,140.9171008998,138.9186681948,139.1260528564,8502300
2024-04-16T04:00:00.000Z,136.6939747895,137.8628685626,135.166883002,136.1660919189,12774900
2024-04-17T04:00:00.000Z,136.6845641496,137.07105499,135.3082856576,136.4677581787,9378100
2024-04-18T04:00:00.000Z,136.6657162132,137.4386979457,134.9218182188,137.3821411133,9887700
2024-04-19T04:00:00.000Z,137.7686266192,139.6350885122,136.2509558548,139.4277038574,9750800
2024-04-22T04:00:00.000Z,139.9932950907,141.6523724296,138.852693804,140.5683135986,10118700
2024-04-23T04:00:00.000Z,141.2658612849,141.8597367822,139.7010551585,140.9830627441,10110400
2024-04-24T04:00:00.000Z,139.644496953,140.4457570801,138.4379032824,140.0121307373,9756300
2024-04-25T04:00:00.000Z,140.8039592026,141.0019225001,137.938302748,138.4002075195,7642700
2024-04-26T04:00:00.000Z,138.2870686981,138.7395377065,137.5800795796,137.759185791,6183000
2024-04-29T04:00:00.000Z,137.7591965226,138.7772626586,137.6178044414,138.4002075195,6149600
2024-04-30T04:00:00.000Z,138.4567930745,138.4567930745,136.2415541177,136.2981109619,8817700
2024-05-01T04:00:00.000Z,140.2101029119,143.141752028,139.1543225954,142.5101623535,14470900
2024-05-02T04:00:00.000Z,143.3208208294,143.5941979969,140.5871354572,141.3224029541,8459800
2024-05-03T04:00:00.000Z,141.2941566365,141.2941566365,139.3428738003,140.7097167969,6532700
2024-05-06T04:00:00.000Z,141.2752955331,141.4449804266,139.4277050808,140.0592803955,5042800
2024-05-07T04:00:00.000Z,140.8133769901,141.1432965988,139.936703047,140.1912231445,7333500
2024-05-08T04:00:00.000Z,140.5683149707,141.1433334842,140.1724027065,140.4080657959,7735100
2024-05-09T04:00:00.000Z,140.4363371768,141.4921175454,140.3515019209,141.2564544678,6546200
2024-05-10T04:00:00.000Z,141.3978387912,141.4826740424,140.6342927631,141.31300354,5710600
2024-05-13T04:00:00.000Z,141.4355448856,143.283149724,141.124482284,142.5478820801,5628500
2024-05-14T04:00:00.000Z,143.1417629585,143.4811183748,142.057704142,142.69871521,8254200
2024-05-15T04:00:00.000Z,143.113488012,144.1786753965,142.623304758,143.9147338867,5548000
2024-05-16T04:00:00.000Z,144.2257945737,145.5266592844,143.5942192908,145.4323883057,7591000
2024-05-17T04:00:00.000Z,145.9791284207,145.9791284207,144.8950840836,145.7717437744,6521800
2024-05-20T04:00:00.000Z,145.4866496543,145.7622221555,143.7381381464,143.7476501465,7742300
2024-05-21T04:00:00.000Z,144.2323025569,145.0020206613,143.2915279293,143.7191619873,5492400
2024-05-22T04:00:00.000Z,143.3390630996,146.417950418,142.8449319683,145.8667907715,6609800
2024-05-23T04:00:00.000Z,145.1540702489,145.239591262,141.9516577581,142.2557373047,8000400
2024-05-24T04:00:00.000Z,142.0941934071,142.360268449,139.461935492,139.6614990234,9520600
2024-05-28T04:00:00.000Z,139.4904315466,139.4904315466,136.9817138479,137.2002868652,10499800
2024-05-29T04:00:00.000Z,136.6681448786,138.1885715886,136.5636143641,137.25730896,8263800
2024-05-30T04:00:00.000Z,137.4283588696,138.3691335535,136.8582042581,138.0555419922,8490300
2024-05-31T04:00:00.000Z,138.3311132238,140.146121871,137.9700051945,139.3764038086,14621200
2024-06-03T04:00:00.000Z,139.9275803996,141.4955237179,139.4714538071,140.3932189941,7329200
2024-06-04T04:00:00.000Z,140.1461317839,140.9348594037,138.9202870977,140.4502258301,8876400
2024-06-05T04:00:00.000Z,140.6117562563,140.6307657573,138.5971841523,138.7112121582,5891300
2024-06-06T04:00:00.000Z,138.264591126,139.689999282,137.4663660387,139.1388397217,5016300
2024-06-07T04:00:00.000Z,139.3859194071,140.9253702319,139.0628303389,139.7660369873,5111600
2024-06-10T04:00:00.000Z,139.2433685422,140.2221476374,138.3596224563,139.8135375977,5749900
2024-06-11T04:00:00.000Z,139.5094458267,139.8420468644,138.207577679,139.4619293213,5661200
2024-06-12T04:00:00.000Z,139.7470049678,139.8895544749,137.5803858598,138.1790618896,6180500
2024-06-13T04:00:00.000Z,137.8559780018,138.7397240787,136.7251519033,138.2170715332,6840400
2024-06-14T04:00:00.000Z,137.9224787836,138.7112062909,137.2952957777,138.3025817871,4075300
2024-06-17T04:00:00.000Z,137.8084688418,139.1483415298,137.5423938044,138.6922149658,6666600
2024-06-18T04:00:00.000Z,138.7017162696,139.1103262954,138.0365142275,138.407119751,6156600
2024-06-20T04:00:00.000Z,138.0460355667,140.7162979162,137.7989555344,140.4312133789,8749700
2024-06-21T04:00:00.000Z,140.5357469427,141.6665731152,140.0416013673,141.3529815674,15172300
2024-06-24T04:00:00.000Z,141.5905618165,142.2747589799,140.8018341281,141.7045898438,6914700
2024-06-25T04:00:00.000Z,141.7615919857,141.7806014886,139.6329916555,139.8705596924,5912500
2024-06-26T04:00:00.000Z,138.9297880706,139.870562737,138.5306755,139.5189666748,5267800
2024-06-27T04:00:00.000Z,139.4999547689,140.0321048538,137.6374149716,138.5496826172,5739200
2024-06-28T04:00:00.000Z,138.7777573932,139.7565511816,138.4071517839,138.8917999268,10495700
2024-07-01T04:00:00.000Z,138.8062713472,141.3054774476,138.3786372444,139.1578674316,5144400
2024-07-02T04:00:00.000Z,139.1483525953,139.8325497457,138.4926769511,138.7682495117,5492000
2024-07-03T04:00:00.000Z,138.9297628924,139.3573823905,137.5423738985,138.4451293945,3246200
2024-07-05T04:00:00.000Z,138.5211918882,139.2624030936,137.3143420538,139.1958770752,4888500
2024-07-08T04:00:00.000Z,139.1198388599,139.8990689935,138.0270316725,138.24559021,5260200
2024-07-09T04:00:00.000Z,138.4261381434,139.8135418202,137.9604995841,139.7375183105,5890400
2024-07-10T04:00:00.000Z,139.937071936,142.0371797727,139.3859123476,141.9991607666,6093200
2024-07-11T04:00:00.000Z,142.1417092872,143.0919814329,141.2484511503,142.2557373047,6350400
2024-07-12T04:00:00.000Z,142.5408316142,143.3770757996,141.818629954,142.4268035889,5336400
2024-07-15T04:00:00.000Z,142.6168438885,142.7783884116,141.4670082241,141.8186187744,6711400
2024-07-16T04:00:00.000Z,142.2462433691,143.5671211046,141.7426002792,143.5005950928,6469600
2024-07-17T04:00:00.000Z,144.0137420371,149.6583607244,143.890202022,148.7936096191,13801400
2024-07-18T04:00:00.000Z,147.8623406932,149.2592418037,146.9310636196,147.6912841797,10166200
2024-07-19T04:00:00.000Z,148.7270767421,148.7270767421,146.4559270704,146.9975891113,7398000
2024-07-22T04:00:00.000Z,147.0736198695,147.3967089099,145.9522912295,146.5699768066,6840600
2024-07-23T04:00:00.000Z,145.686224725,145.8667787581,144.0327604216,144.7739715576,6261900
2024-07-24T04:00:00.000Z,145.1635527375,148.6320544105,144.7549427172,148.5085144043,7168200
2024-07-25T04:00:00.000Z,148.6985830377,152.5947046806,148.2424564624,151.7014465332,10019600
2024-07-26T04:00:00.000Z,151.8059613289,153.5449609358,151.5398863125,152.6517028809,8356900
2024-07-29T04:00:00.000Z,152.0150275087,152.0435345115,150.1905068346,150.6751403809,5625000
2024-07-30T04:00:00.000Z,150.6561362175,153.5164645918,150.4850941951,153.3074035645,6545700
2024-07-31T04:00:00.000Z,151.9010019761,152.3761380292,149.895927252,150.0004577637,8293200
2024-08-01T04:00:00.000Z,150.5991277077,152.8132635783,149.8674285852,152.7657470703,7213400
2024-08-02T04:00:00.000Z,153.84906147,156.6523760252,152.9938223006,155.9776763916,11280400
2024-08-05T04:00:00.000Z,155.6450691598,157.5361159594,152.5947036765,153.2313842773,12032200
2024-08-06T04:00:00.000Z,153.0413260271,153.4499360739,151.0362512975,151.0647583008,7607100
2024-08-07T04:00:00.000Z,150.9697077217,152.6326837187,150.3235297229,150.9982147217,5993000
2024-08-08T04:00:00.000Z,150.6846508603,152.7087205331,150.1714958165,152.2525939941,5094800
2024-08-09T04:00:00.000Z,152.1575544097,152.9272724421,151.4163433784,152.6326904297,4579200
2024-08-12T04:00:00.000Z,152.9653128418,153.6590074681,150.817702951,151.9295196533,7605400
2024-08-13T04:00:00.000Z,152.3001271881,152.3951457066,148.6605829786,150.5136108398,9711400
2024-08-14T04:00:00.000Z,149.9814348213,151.6159038575,149.5728103122,150.599105835,5141200
2024-08-15T04:00:00.000Z,150.4946053387,151.5684175765,149.9909622271,151.1788024902,7237800
2024-08-16T04:00:00.000Z,151.2263144009,151.9865350462,150.3140467265,151.4638824463,5012800
2024-08-19T04:00:00.000Z,151.5303805477,152.3190935532,151.2167890455,151.6919250488,4408400
2024-08-20T04:00:00.000Z,152.0435401381,152.9272862551,151.7299485965,152.1955871582,7275100
2024-08-21T04:00:00.000Z,152.4236560902,153.449951813,152.3381350717,153.4024353027,5019400
2024-08-22T04:00:00.000Z,153.9441017992,154.4097404135,152.7942660169,154.2767028809,6552100
2024-08-23T04:00:00.000Z,154.4192219459,156.0536911782,153.6590013378,155.968170166,7093400
2024-08-26T04:00:00.000Z,156.0061790762,157.4696063255,155.4075029742,156.4243011475,6870600
2024-08-27T04:00:00.000Z,156.5487753593,157.0658107577,155.2657491471,156.0221557617,4388700
2024-08-28T04:00:00.000Z,156.0700281802,157.9849978511,155.7923640063,156.9509124756,5187000
2024-08-29T04:00:00.000Z,157.6307291309,157.7168992575,156.41471933,157.2477264404,7390100
2024-08-30T04:00:00.000Z,157.1424122283,158.9233346713,156.8455942561,158.8084411621,7971000
2024-09-03T04:00:00.000Z,158.2147925704,160.675520893,157.7647735486,160.0531616211,6956500
2024-09-04T04:00:00.000Z,160.6755399689,161.6713324542,158.9807875921,160.2446746826,6939100
2024-09-05T04:00:00.000Z,160.0914667225,160.2542373966,157.8222322646,157.9754333496,4600400
2024-09-06T04:00:00.000Z,158.1573335803,158.8850313848,157.1424020213,157.3913574219,6016900
2024-09-09T04:00:00.000Z,157.8317980299,160.2925410895,157.4775333131,159.526550293,7538200
2024-09-10T04:00:00.000Z,160.3787179737,161.2979098902,159.6606043111,160.2638244629,6559600
2024-09-11T04:00:00.000Z,159.6988842127,159.6988842127,157.1136781609,157.8126525879,5920200
2024-09-12T04:00:00.000Z,157.2190088953,158.0807540233,155.7923658243,157.6403045654,4540900
2024-09-13T04:00:00.000Z,157.7360427038,158.70309704,156.8551584885,158.4828796387,3693400
2024-09-16T04:00:00.000Z,159.2871760035,160.1393369129,158.731833052,159.8903961182,5187800
2024-09-17T04:00:00.000Z,159.1722659057,160.5893392075,158.8754333686,159.9669799805,5066500
2024-09-18T04:00:00.000Z,159.5457086036,161.1925837493,158.6935476535,159.0861053467,4722800
2024-09-19T04:00:00.000Z,159.1626950594,159.2967423477,157.4296498998,157.8126525879,4956100
2024-09-20T04:00:00.000Z,157.3147723996,157.8605311968,156.5966587227,157.1807250977,11839000
2024-09-23T04:00:00.000Z,157.4104798477,157.5062341623,155.8019125541,156.2806549072,4671600
2024-09-24T04:00:00.000Z,155.8689598481,156.5392109636,154.6816879271,155.8593902588,6041600
2024-09-25T04:00:00.000Z,156.0700063904,156.3764085078,153.5422473621,153.7720489502,5420000
2024-09-26T04:00:00.000Z,153.427386363,154.6721050508,153.2167385152,154.5284881592,6122000
2024-09-27T04:00:00.000Z,155.1125368825,156.4817331273,154.480593411,154.5380401611,7553800
2024-09-30T04:00:00.000Z,154.7008095003,155.2848611398,153.8486340943,155.1699676514,6010000
2024-10-01T04:00:00.000Z,155.5242473435,155.830649489,154.3273913567,155.1029663086,4408000
2024-10-02T04:00:00.000Z,154.6433819379,155.227448315,153.8199443341,154.3178405762,4684400
2024-10-03T04:00:00.000Z,153.9444098914,154.576353386,153.4082207239,153.6763153076,4791200
2024-10-04T04:00:00.000Z,152.8433061094,153.6763132255,152.0294381704,153.4752349854,5331100
2024-10-07T04:00:00.000Z,153.4369182067,154.0209844391,152.4507101664,152.7475280762,4266000
2024-10-08T04:00:00.000Z,152.7092780291,153.4369613224,152.1922279809,152.9007720947,4766300
2024-10-09T04:00:00.000Z,153.1209863895,154.3657197054,152.7284140665,153.8199462891,6047200
2024-10-10T04:00:00.000Z,154.499750506,154.5284738817,153.1975705718,153.6858825684,4793900
2024-10-11T04:00:00.000Z,155.2848803867,155.7444836175,154.3465493582,154.5955047607,5253500
2024-10-14T04:00:00.000Z,154.53804457,155.2465885986,154.0593021586,154.7295532227,5964000
2024-10-15T04:00:00.000Z,153.1975669997,159.6605893575,152.2400822059,157.123260498,10548000
2024-10-16T04:00:00.000Z,157.027498701,157.9754138613,155.7253188591,157.2955932617,5982100
2024-10-17T04:00:00.000Z,157.2764455704,157.9849895711,156.6732400905,157.4775238037,4798000
2024-10-18T04:00:00.000Z,157.8796666221,158.2626546945,156.9604747942,158.0998840332,5908000
2024-10-21T04:00:00.000Z,158.0807517414,158.2243686223,155.4093608762,155.9072570801,6082700
2024-10-22T04:00:00.000Z,155.4189522921,156.7689948654,155.0167957868,156.5009002686,5680300
2024-10-23T04:00:00.000Z,155.897693585,158.9424884595,155.5146908709,158.8084411621,7441600
2024-10-24T04:00:00.000Z,157.9849891067,158.4733010861,156.3955608614,156.7115325928,5386300
2024-10-25T04:00:00.000Z,156.7211069167,156.950908531,153.7816361429,154.0401611328,6400400
2024-10-28T04:00:00.000Z,154.2795341871,155.0838179319,154.1550564849,154.7295532227,4842500
2024-10-29T04:00:00.000Z,154.5955012854,155.2753073076,153.2550138076,153.2837371826,5216900
2024-10-30T04:00:00.000Z,152.6709456158,154.4231445207,152.2688037605,153.7816314697,5820500
2024-10-31T04:00:00.000Z,153.1880153106,154.0305920927,152.6805494794,153.0635375977,8613900
2024-11-01T04:00:00.000Z,153.7529172577,154.2125058897,153.0826807921,153.322052002,5256400
2024-11-04T05:00:00.000Z,152.9103250715,153.4656680285,151.3496347269,151.5124053955,4644000
2024-11-05T05:00:00.000Z,150.9666394998,151.8475238375,149.7027670536,151.6177368164,6547100
2024-11-06T05:00:00.000Z,153.1018336383,154.011456005,150.660258768,151.1677246094,8926600
2024-11-07T05:00:00.000Z,151.7326336035,152.0007282073,149.855956767,150.0666046143,7522800
2024-11-08T05:00:00.000Z,150.3251190857,150.4017196257,148.8027217045,148.860168457,8926100
2024-11-11T05:00:00.000Z,149.0037681865,150.8804446754,148.3239622136,148.448425293,7146800
2024-11-12T05:00:00.000Z,147.9601279011,148.4484398992,145.8919571858,146.1504821777,7181400
2024-11-13T05:00:00.000Z,146.0164315764,146.9834859619,144.9823462422,146.7249755859,7161900
2024-11-14T05:00:00.000Z,146.6675107246,147.0600829885,144.3503993239,145.4132080078,7716400
2024-11-15T05:00:00.000Z,144.4844733022,147.8643940113,144.4844733022,147.4526824951,11328500
2024-11-18T05:00:00.000Z,146.1026167363,148.7261306103,145.853675923,148.1899414062,7510600
2024-11-19T05:00:00.000Z,147.4047705308,147.4430781015,145.5855553969,146.4951629639,8233700
2024-11-20T05:00:00.000Z,146.5238938496,146.7345416688,145.3557612561,146.6004943848,9061300
2024-11-21T05:00:00.000Z,147.0888094097,149.4250746452,146.313249064,148.888885498,10141100
2024-11-22T05:00:00.000Z,149.2718815995,150.44001428,147.5579901541,148.5729217529,8266000
2024-11-25T05:00:00.000Z,148.5729161038,150.363408022,148.5441927283,149.1569824219,12256200
2024-11-26T05:00:00.000Z,149.7553866391,149.8422481759,147.8250517189,149.1376800537,5683500
2024-11-27T05:00:00.000Z,149.2438464429,151.1741813292,149.2148925978,149.9870147705,4140400
2024-11-29T05:00:00.000Z,149.494795573,150.2476250554,148.7998737851,149.6106109619,5687800
2024-12-02T05:00:00.000Z,149.3596518936,149.6009437383,148.5682075738,149.407913208,6946500
2024-12-03T05:00:00.000Z,149.4079284822,149.4079284822,147.0046561611,147.0529174805,8674400
2024-12-04T05:00:00.000Z,146.0202048259,146.2808042106,144.53385315,145.2287750244,10333100
2024-12-05T05:00:00.000Z,144.7751201329,145.1418884833,143.7616913465,144.3118438721,7898100
2024-12-06T05:00:00.000Z,144.1863765465,144.8233906501,143.2115626442,144.109161377,8389600
2024-12-09T05:00:00.000Z,144.0898390707,145.6341128488,143.269455592,144.3890533447,8410300
2024-12-10T05:00:00.000Z,144.7075662558,145.5762259025,143.1633069849,144.0319519043,9398700
2024-12-11T05:00:00.000Z,143.3273777161,143.3273777161,141.2715661715,141.5321655273,13446700
2024-12-12T05:00:00.000Z,142.0726708327,142.6228234457,140.9241190076,141.1461181641,6176300
2024-12-13T05:00:00.000Z,140.5862953885,141.8120474558,139.9878815503,141.5128479004,8324900
2024-12-16T05:00:00.000Z,141.6190435126,142.1209348084,138.5208636395,138.8393707275,8732400
2024-12-17T05:00:00.000Z,138.8297080503,141.5514878298,138.7042462732,141.3101959229,10343000
2024-12-18T05:00:00.000Z,140.6055912399,141.6286811383,139.6307773881,139.7079925537,9336100
2024-12-19T05:00:00.000Z,139.1192420508,140.161624712,138.3760589565,138.5787506104,9516700
2024-12-20T05:00:00.000Z,138.0672081145,140.4029116007,137.777654931,139.4377441406,17702800
2024-12-23T05:00:00.000Z,139.5921780424,140.2677923363,138.4532727521,140.2098846436,8720800
2024-12-24T05:00:00.000Z,139.9492855832,140.7696838379,139.3026251343,140.7696838379,3164100
2024-12-26T05:00:00.000Z,140.4415254404,141.2715701257,140.0361568351,140.5090942383,4656300
2024-12-27T05:00:00.000Z,139.8238207734,141.4935712686,139.6404365793,139.9975585938,5588300
2024-12-31T05:00:00.000Z,138.7524748898,139.6307808518,138.318152459,139.5825195312,5811400
2025-01-02T05:00:00.000Z,140.1712777036,140.6924764225,138.7717877161,139.0034332275,6051300
2025-01-03T05:00:00.000Z,139.0516803473,139.534264068,138.6173432169,139.1674957275,5878800
2025-01-06T05:00:00.000Z,138.5111761284,139.7755578651,137.9513772374,138.655960083,7910500
2025-01-07T05:00:00.000Z,138.7524791094,142.0533503018,138.5884023962,141.1364440918,8422000
2025-01-08T05:00:00.000Z,140.4222171891,140.5187250974,136.5132860826,137.3143768311,11175600
2025-01-10T05:00:00.000Z,136.08861913,138.6656146186,135.7797584573,137.1116943359,8821500
2025-01-13T05:00:00.000Z,137.9996393232,140.0168505076,137.3529788922,139.4377441406,10376400
2025-01-14T05:00:00.000Z,139.466700684,139.7659002461,137.8838266079,139.7079925537,8681700
2025-01-15T05:00:00.000Z,140.2484872782,140.9627165311,139.2350584563,139.9203338623,7434600
2025-01-16T05:00:00.000Z,139.2929927742,142.9123712138,139.042039777,142.6228179932,8964000
2025-01-17T05:00:00.000Z,142.3043068273,143.2115666864,141.5032159884,141.9085845947,10773100
2025-01-21T05:00:00.000Z,142.4201024849,143.6748230794,141.9278724013,142.9895477295,11111700
2025-01-22T05:00:00.000Z,138.9841178142,140.4029151951,137.159951857,140.2098846436,16834700
2025-01-23T05:00:00.000Z,140.3739523068,142.757917019,139.7658921178,141.5321502686,10506400
2025-01-24T05:00:00.000Z,141.6962562567,142.487700776,141.2812412483,141.7059173584,9887300
2025-01-27T05:00:00.000Z,143.27912204,148.1049598637,142.8447995813,147.5644683838,15152300
2025-01-28T05:00:00.000Z,147.3424876629,147.6416872591,145.0646915639,145.1419067383,10320600
2025-01-29T05:00:00.000Z,145.2577025845,146.5896383907,144.775118855,145.885055542,7156400
2025-01-30T05:00:00.000Z,146.6186133687,148.7709329889,146.0877682443,147.5451660156,8911000
2025-01-31T05:00:00.000Z,147.3038649063,147.8443563711,146.7633734415,146.8502349854,8457800
2025-02-03T05:00:00.000Z,146.7054630626,147.1590929753,145.5279575099,146.5799865723,6687500
2025-02-04T05:00:00.000Z,146.0877583882,148.8095231732,145.6920361651,148.1435699463,9645000
2025-02-05T05:00:00.000Z,148.462066829,149.3403580312,147.9698219954,149.3017578125,8947000
2025-02-06T05:00:00.000Z,149.3982702727,149.446531593,148.0373952957,148.1628570557,7418100
2025-02-07T05:00:00.000Z,148.1821754844,149.1087428293,147.4776072836,147.7864532471,6204900
2025-02-10T05:00:00.000Z,148.2593866356,148.9929086653,146.9853584117,148.8674468994,6936200
2025-02-11T05:00:00.000Z,148.7419471035,150.9425275751,148.5778704144,150.6915893555,7554500
2025-02-12T05:00:00.000Z,149.8615592937,150.2379740231,148.8963918101,149.8518981934,7746000
2025-02-13T05:00:00.000Z,149.8518944616,152.6219350849,149.3982645774,151.7725830078,10704700
2025-02-14T05:00:00.000Z,151.8111820297,151.9849198292,150.6240301875,150.7108917236,6411800
2025-02-18T05:00:00.000Z,149.9617767996,151.2362646825,149.0861787435,150.7887420654,9670700
2025-02-19T05:00:00.000Z,150.7984466555,154.0089971985,150.5552233544,153.6101074219,7974700
2025-02-20T05:00:00.000Z,152.6955984994,155.6142783618,152.6955984994,155.3515930176,7224000
2025-02-21T05:00:00.000Z,155.5461739023,159.077766222,154.9624320279,157.9005737305,12546900
2025-02-24T05:00:00.000Z,158.2702952069,160.4009341822,157.657382444,159.301574707,10201900
2025-02-25T05:00:00.000Z,159.65179668,161.9186250082,159.4961301889,161.5878448486,12303700
2025-02-26T05:00:00.000Z,160.6052256617,160.6538732951,158.1535304208,158.6594390869,11396400
2025-02-27T05:00:00.000Z,157.9103175626,159.5058620658,157.3460376371,159.2918243408,8364600
2025-02-28T05:00:00.000Z,159.8560989525,161.4419198137,158.2897401143,160.5468597412,12037200
2025-03-03T05:00:00.000Z,160.488485471,162.794237844,160.3717281802,162.74559021,9191500
2025-03-04T05:00:00.000Z,163.5239198312,165.3821497355,160.8387394673,160.9360198975,11999700
2025-03-05T05:00:00.000Z,160.0506842261,161.9478381888,159.0972528725,160.6441497803,8744800
2025-03-06T05:00:00.000Z,160.527396671,161.373809103,159.0777802901,161.3348999023,8037900
2025-03-07T05:00:00.000Z,160.65388904,163.8936257859,160.2355371659,162.1716003418,9637600
2025-03-10T04:00:00.000Z,162.9401676062,165.2945676379,162.521830608,163.1542053223,17559000
2025-03-11T04:00:00.000Z,162.6677480965,162.7650433594,160.5760335514,161.364074707,9890300
2025-03-12T04:00:00.000Z,159.2918355782,159.7588351085,157.8324954475,158.4356994629,8010700
2025-03-13T04:00:00.000Z,158.9999600369,160.0798722965,158.2508428131,158.5718994141,5286700
2025-03-14T04:00:00.000Z,157.7254602673,158.7275391991,156.7331197695,158.3967590332,6235800
2025-03-17T04:00:00.000Z,158.0076120831,159.0680622687,157.3460368875,158.4259490967,6669800
2025-03-18T04:00:00.000Z,159.0096882699,160.3911950174,158.5524272171,159.7977294922,7348800
2025-03-19T04:00:00.000Z,159.5253307822,159.9047586116,157.8130437554,158.5718994141,5936400
2025-03-20T04:00:00.000Z,158.5816121956,158.7761878918,157.5406092107,158.6010742188,7485900
2025-03-21T04:00:00.000Z,158.5816219767,159.6809962537,158.0757132591,159.1945495605,17047100
2025-03-24T04:00:00.000Z,158.4259400016,159.9339275722,158.0951598454,158.8637390137,8046400
2025-03-25T04:00:00.000Z,159.0875220297,159.7393587817,156.2077512311,156.6552886963,7456200
2025-03-26T04:00:00.000Z,156.840148689,158.0854510307,156.2855923354,157.3363189697,7223500
2025-03-27T04:00:00.000Z,157.9492589141,159.6226368502,156.9471798395,158.708114624,6752500
2025-03-28T04:00:00.000Z,159.1556273411,160.0604259203,158.4940669565,159.2723846436,5760300
2025-03-31T04:00:00.000Z,159.9144654262,162.1132137639,159.7782609593,161.344619751,12481400
2025-04-01T04:00:00.000Z,156.3731393759,157.4238659444,148.9791590412,149.0959014893,23303100
2025-04-02T04:00:00.000Z,149.8352850653,151.567033874,149.290467217,151.1486968994,10356900
2025-04-03T04:00:00.000Z,154.4468204684,156.2953119091,153.211241748,155.4878234863,13249300
2025-04-04T04:00:00.000Z,154.8457243141,155.4878375508,148.7845874614,149.0861968994,16601700
2025-04-07T04:00:00.000Z,147.1793141423,148.5705594406,143.4044829543,146.5372009277,18083000
2025-04-08T04:00:00.000Z,149.4266893784,149.4266893784,143.9882189941,145.9340057373,12018400
2025-04-09T04:00:00.000Z,138.3454368898,149.0375405748,137.6644144868,146.8777160645,18773700
2025-04-10T04:00:00.000Z,146.2939690921,147.1014723585,141.1960174111,144.6595153809,13830500
2025-04-11T04:00:00.000Z,145.2821429527,148.2202845656,144.1730453015,147.6170806885,9943900
2025-04-14T04:00:00.000Z,147.4808931451,150.4774063181,147.0722797367,150.1758117676,10685300
2025-04-15T04:00:00.000Z,151.4794915302,152.0632334779,147.9770843795,149.455871582,10847700
2025-04-16T04:00:00.000Z,151.1584224512,151.4113842021,148.113276614,149.7380065918,7986900
2025-04-17T04:00:00.000Z,149.9812480916,155.118123987,149.9812480916,153.2015228271,10981100
2025-04-21T04:00:00.000Z,153.6782450422,153.9409155666,151.2751972027,152.6664276123,6285400
2025-04-22T04:00:00.000Z,153.2793470326,154.4176304467,152.0243063243,153.4739227295,7136300
2025-04-23T04:00:00.000Z,152.2480792811,152.8415447935,150.1466261707,151.1681671143,9099400
2025-04-24T04:00:00.000Z,151.5767739164,151.674054336,149.2807452133,150.7303466797,8310400
2025-04-25T04:00:00.000Z,150.1368998902,150.7011649356,148.3175793401,150.3898468018,8643600
2025-04-28T04:00:00.000Z,151.2849203783,151.5865149504,149.6504666279,151.1389923096,5815200
2025-04-29T04:00:00.000Z,151.2362698954,152.7637195968,150.1077100346,151.683807373,5246700
2025-04-30T04:00:00.000Z,153.9117354923,153.9117354923,150.8179415541,152.0729675293,9598200
2025-05-01T04:00:00.000Z,150.7984729555,150.8860297963,149.2029284161,150.2731170654,7325800
2025-05-02T04:00:00.000Z,151.8394745077,152.4718492565,150.8373806848,151.8881072998,5974500
2025-05-05T04:00:00.000Z,152.4232073713,152.539949829,150.5357917979,150.7984771729,5464100
2025-05-06T04:00:00.000Z,150.6233555245,151.6740672784,149.5239812889,150.2828369141,8644200
2025-05-07T04:00:00.000Z,150.5455131054,153.6587686658,150.3120133715,153.0361175537,7853100
2025-05-08T04:00:00.000Z,151.5962487741,152.7734414131,150.5844313778,151.4405822754,7606100
2025-05-09T04:00:00.000Z,151.2070808533,151.829731996,149.6407219849,150.0396118164,6520400
2025-05-12T04:00:00.000Z,147.8992476319,151.1487077792,147.0820059555,149.9617767334,9023800
2025-05-13T04:00:00.000Z,147.5879016448,147.5879016448,144.066032864,144.4162750244,10549600
2025-05-14T04:00:00.000Z,144.6400354158,144.7859783081,142.1591546984,142.3926544189,10216000
2025-05-15T04:00:00.000Z,143.988206642,145.5934746293,143.3363699204,145.5545654297,7945800
2025-05-16T04:00:00.000Z,145.6129445412,147.3933411363,145.1751455068,147.2279510498,8051200
2025-05-19T04:00:00.000Z,147.772764423,148.5218964291,146.9555376045,148.3565063477,12639900
2025-05-20T04:00:00.000Z,148.2008316804,149.8644708372,147.9965175645,149.4947814941,7351500
2025-05-21T04:00:00.000Z,149.0375399484,150.2439182443,148.8526878301,149.0278015137,7032200
2025-05-22T04:00:00.000Z,148.512160544,149.1640121374,147.2668582721,148.4732513428,7535300
2025-05-23T04:00:00.000Z,148.8526827493,149.3196674013,148.0841035336,148.7943115234,6727300
2025-05-27T04:00:00.000Z,149.6577879689,151.1492526106,149.0788486301,150.3740844727,6990700
2025-05-28T04:00:00.000Z,150.4035280543,150.7567728503,149.0788563262,149.5694732666,8459300
2025-05-29T04:00:00.000Z,148.9022315556,151.1492504061,148.715794735,150.6978912354,6810600
2025-05-30T04:00:00.000Z,151.0118885418,152.7879344462,150.3446566884,152.2973175049,15529700
2025-06-02T04:00:00.000Z,151.5810007866,152.6211062708,149.4419181827,152.4837341309,6669300
2025-06-03T04:00:00.000Z,151.8950141846,152.7388759568,151.1885245627,151.5221405029,8209800
2025-06-04T04:00:00.000Z,152.0225517516,152.0225517516,150.2563428163,150.3446502686,6983900
2025-06-05T04:00:00.000Z,150.7959963412,151.1983057743,149.7755198235,150.7763824463,5295400
2025-06-06T04:00:00.000Z,151.1100272578,153.1019309647,151.1100272578,152.1206970215,5391500
2025-06-09T04:00:00.000Z,151.9440511488,153.0626570174,151.551548668,152.31690979,5319000
2025-06-10T04:00:00.000Z,152.5131904917,154.4854803761,152.1108959386,153.5140533447,6791600
2025-06-11T04:00:00.000Z,153.366850822,153.6612239659,151.8263065202,152.3463592529,6016000
2025-06-12T04:00:00.000Z,153.3079763686,153.7397066695,152.2580490017,153.7200927734,7075500
2025-06-13T04:00:00.000Z,153.0430411943,154.7111357057,153.0430411943,154.15184021,6587500
2025-06-16T04:00:00.000Z,153.4846066053,153.5631071149,151.5515746023,152.3071289062,7024000
2025-06-17T04:00:00.000Z,152.0618238119,152.3660039356,149.2456872151,149.5204315186,6407100
2025-06-18T04:00:00.000Z,149.7068487672,149.7853342958,147.8817532916,147.9013671875,8325200
2025-06-20T04:00:00.000Z,148.4214341946,148.5588063416,146.2430937407,146.979019165,22605500
2025-06-23T04:00:00.000Z,146.9299648532,148.5882375141,146.9299648532,148.4803161621,7397900
2025-06-24T04:00:00.000Z,148.6569306123,149.8540371259,148.14668481,149.333984375,9544200
2025-06-25T04:00:00.000Z,148.5391976946,150.1974854384,147.9013866542,149.4223022461,7153700
2025-06-26T04:00:00.000Z,149.8344023689,150.3446481512,148.6863605882,149.1573486328,7156900
2025-06-27T04:00:00.000Z,149.1573479514,150.4525837838,148.1761141291,149.5498504639,10010800
2025-06-30T04:00:00.000Z,149.3045442574,150.0993412699,148.6765552005,149.8834686279,9039300
2025-07-01T04:00:00.000Z,150.1287868431,154.7896478725,149.9423500063,152.9939880371,10896700
2025-07-02T04:00:00.000Z,153.0724923932,153.3668655653,152.1599520291,152.6407470703,5544000
2025-07-03T04:00:00.000Z,152.5131732082,153.3472279866,151.9735065577,153.0822906494,3482500
2025-07-07T04:00:00.000Z,153.0921113094,153.4159202805,151.9833122544,152.3561859131,6270900
2025-07-08T04:00:00.000Z,151.580995401,153.8182072992,151.3160730513,152.8664093018,6438200
2025-07-09T04:00:00.000Z,152.8664190144,153.7495384866,152.159944398,153.3472290039,6147400
2025-07-10T04:00:00.000Z,153.17061564,156.251689444,152.8958713496,154.7307739258,6732900
2025-07-11T04:00:00.000Z,154.1420337653,154.2303412252,152.2678733742,153.9555969238,7872000
2025-07-14T04:00:00.000Z,153.9261401658,154.51488643,152.60148353,153.8770904541,10185600
2025-07-15T04:00:00.000Z,153.4257273325,154.2401532351,151.8950049027,152.2580566406,6873200
2025-07-16T04:00:00.000Z,157.2918049836,163.0025787798,156.8011880092,161.6877288818,22134800
2025-07-17T04:00:00.000Z,160.1177373117,161.6092170012,159.2542616788,159.9214935303,11295700
2025-07-18T04:00:00.000Z,160.8536550532,162.0017118135,160.294359554,160.6279754639,9792600
2025-07-21T04:00:00.000Z,160.696664637,161.8250775252,159.7252377787,161.2755889893,8254000
2025-07-22T04:00:00.000Z,161.9035869468,164.9061601637,161.6190357152,164.7785949707,9288000
2025-07-23T04:00:00.000Z,165.4360492868,165.9462801585,163.4637594729,165.9266662598,10617600
2025-07-24T04:00:00.000Z,166.3191343472,166.7999443144,165.7107741632,166.3780059814,6636900
2025-07-25T04:00:00.000Z,166.5644487085,166.6920139022,164.2978008742,165.1416625977,6254900
2025-07-28T04:00:00.000Z,164.709915674,164.7884161792,161.9526509341,163.100692749,8014600
2025-07-29T04:00:00.000Z,163.5422515083,165.6126556259,163.2478783452,164.9552307129,7663400
2025-07-30T04:00:00.000Z,164.552915338,165.445841744,163.6501819834,164.1211700439,6189200
2025-07-31T04:00:00.000Z,162.8161390781,163.9347601336,161.1480443889,161.6484832764,11036200
2025-08-01T04:00:00.000Z,162.3745764655,164.4744163465,161.6975227002,164.1898651123,8927800
2025-08-04T04:00:00.000Z,163.8954883739,167.9774247735,163.5128077722,167.8302307129,12679100
2025-08-05T04:00:00.000Z,167.3395994237,168.3404620546,166.4663019731,167.5358581543,7934400
2025-08-06T04:00:00.000Z,166.7214400717,168.9488300378,166.4957455155,167.388671875,8957200
2025-08-07T04:00:00.000Z,167.9577903838,168.3993426062,166.7312481146,168.3110351562,9315900
2025-08-08T04:00:00.000Z,167.8106226367,170.6954526445,167.1924405001,170.0772705078,7686800
2025-08-11T04:00:00.000Z,170.1459587804,171.3234514834,169.8025358858,170.55809021,7256800
2025-08-12T04:00:00.000Z,170.7346888851,171.4804212166,168.5857843708,169.5375823975,7916700
2025-08-13T04:00:00.000Z,169.7534545516,171.2645480794,169.4590814047,171.1468048096,5878700
2025-08-14T04:00:00.000Z,171.0388679012,172.4224112061,169.4787096922,171.4411773682,8241700
2025-08-15T04:00:00.000Z,172.2752522513,173.9433469763,171.6766989413,173.3251647949,9477600
2025-08-18T04:00:00.000Z,173.1877828395,174.2377102962,172.7952952696,172.9424743652,9284000
2025-08-19T04:00:00.000Z,172.7364128816,174.8362528738,172.6775412419,174.463394165,9274200
2025-08-20T04:00:00.000Z,175.1502402892,177.2206442888,174.6596233697,175.4838562012,9030000
2025-08-21T04:00:00.000Z,175.1993153725,176.7006020377,174.8166347514,175.5721740723,8859600
2025-08-22T04:00:00.000Z,176.6613404461,177.7603325684,174.1395771704,175.9254150391,9524000
2025-08-25T04:00:00.000Z,176.1511056013,176.8772090706,174.9441771811,175.0619354248,6229100
2025-08-26T04:00:00.000Z,174.7060999231,175.1113623886,173.7374366615,174.4491119385,9145000
2025-08-27T04:00:00.000Z,174.9235623521,175.6352376505,174.122931412,174.7456359863,5951100
2025-08-28T04:00:00.000Z,174.3304868085,174.4491094078,172.6106174826,173.4211273193,6424700
2025-08-29T04:00:00.000Z,173.9351258697,175.3584764645,173.4211348033,175.1212463379,6942300
2025-09-02T04:00:00.000Z,175.417772311,177.1277627012,174.8444775094,176.0009460449,9049000
2025-09-03T04:00:00.000Z,175.6154493917,176.2282749798,174.4886327812,175.9416351318,7111700
2025-09-04T04:00:00.000Z,175.9416497264,176.8312363045,175.4968564374,176.692855835,7854800
2025-09-05T04:00:00.000Z,175.9416483632,177.434181636,174.5182977835,176.3666687012,9733800
2025-09-08T04:00:00.000Z,175.3090445583,177.374872591,174.6566730483,176.0701446533,8382500
2025-09-09T04:00:00.000Z,175.9416480681,176.0306037086,174.4095689028,174.9136810303,6005700
2025-09-10T04:00:00.000Z,174.2612989867,174.5677117848,172.3140785342,173.7571868896,6891600
2025-09-11T04:00:00.000Z,173.7176676731,176.7818260235,173.5990601517,176.4358673096,5792500
2025-09-12T04:00:00.000Z,175.6550024269,176.7323942571,174.6764451666,176.0009460449,7220200
2025-09-15T04:00:00.000Z,175.7044094044,176.9201967614,174.8840055675,175.3485717773,4768100
2025-09-16T04:00:00.000Z,175.516628932,175.5660386777,173.6188180944,174.4194641113,7959300
2025-09-17T04:00:00.000Z,174.6665700727,176.4457431927,174.547947471,175.150894165,6714900
2025-09-18T04:00:00.000Z,174.557843939,174.9729853449,171.8594021766,172.1460571289,8200900
2025-09-19T04:00:00.000Z,172.6699334936,175.111372274,171.3256595703,174.1525878906,25621000
2025-09-22T04:00:00.000Z,174.0537301824,174.5973731193,172.1065096244,172.1954803467,7193900
2025-09-23T04:00:00.000Z,172.8675959301,174.9235449112,172.8082921748,174.5380554199,8350400
2025-09-24T04:00:00.000Z,174.10314664,174.9037775257,173.7077782043,174.6467895508,6676800
2025-09-25T04:00:00.000Z,175.1508889397,176.3370093451,173.8758128975,175.6747589111,8475000
2025-09-26T04:00:00.000Z,176.5347168941,177.8295659436,175.269519725,177.6318817139,8634400
2025-09-29T04:00:00.000Z,177.7504812528,179.7668844373,177.7208293738,179.5197753906,8597100
2025-09-30T04:00:00.000Z,179.5988643176,183.8392642929,178.9761597336,183.2758483887,11569000
2025-10-01T04:00:00.000Z,183.8491194887,184.4026413063,181.7832916046,183.8985443115,13063800
2025-10-02T04:00:00.000Z,182.0600667933,184.4323076495,181.96121714,183.8293609619,7728100
2025-10-03T04:00:00.000Z,184.8968719099,187.5854195624,184.7486125139,186.4586029053,8675100
2025-10-06T04:00:00.000Z,185.8260079632,187.7238036814,185.2032883229,185.984161377,5806100
2025-10-07T04:00:00.000Z,181.6449154746,187.0417684065,180.8245116604,186.7057037354,8776800
2025-10-08T04:00:00.000Z,186.68593506,188.0203299257,186.092882406,187.4964599609,5751200
2025-10-09T04:00:00.000Z,187.8028789345,189.8786009978,187.5359969361,188.8703918457,7484800
2025-10-10T04:00:00.000Z,189.789632971,189.8489518133,187.6546222006,188.5145568848,9598000
2025-10-13T04:00:00.000Z,187.634855419,189.0878579152,187.0912124643,188.6924743652,7979500
2025-10-14T04:00:00.000Z,190.689106199,192.1519875236,183.7305221221,188.6430511475,13613300
2025-10-15T04:00:00.000Z,189.2657634013,191.3316065661,187.1109796787,188.9593505859,9473000
2025-10-16T04:00:00.000Z,189.1273821633,190.8176147308,188.227901586,189.8983612061,10611800
2025-10-17T04:00:00.000Z,190.2739814194,191.3612673461,189.4634564408,190.9856567383,7764400
2025-10-20T04:00:00.000Z,191.2624012318,192.2310644672,190.1059327086,191.4798583984,8034700
2025-10-21T04:00:00.000Z,190.7780707519,191.3118347606,189.552419483,189.6611480713,6716000
2025-10-22T04:00:00.000Z,189.7797603325,191.212989881,189.5623031505,190.7088928223,6343100
2025-10-23T04:00:00.000Z,190.333279372,191.7566299664,189.3250701873,190.2443237305,8882500
2025-10-24T04:00:00.000Z,189.9774303237,190.0861589065,187.2295789565,188.1982421875,6903400
2025-10-27T04:00:00.000Z,187.7929982033,188.5936291085,187.3383109172,188.0994110107,7126000
2025-10-28T04:00:00.000Z,187.0714451863,187.3185542567,184.4619740068,184.7683868408,8329500
2025-10-29T04:00:00.000Z,184.541034277,184.9364178037,182.5246310788,184.442199707,10551100
2025-10-30T04:00:00.000Z,184.9166557209,187.1900621156,184.7486233681,186.8638763428,7072500
2025-10-31T04:00:00.000Z,185.2922599992,187.308663247,184.600342581,186.6859436035,8791700
2025-11-03T05:00:00.000Z,186.8144455499,186.8440974299,183.3746917279,184.1061248779,7542600
2025-11-04T05:00:00.000Z,184.6695363531,185.648093617,183.4735219194,184.6991882324,7209400
2025-11-05T05:00:00.000Z,184.4817349281,185.6579764394,183.2560685894,183.8491363525,5049400
2025-11-06T05:00:00.000Z,184.6003441196,185.351565304,183.2264183689,184.8079223633,6767400
2025-11-07T05:00:00.000Z,185.5690204416,186.1719671361,183.5526021168,184.4125518799,6959200
2025-11-10T05:00:00.000Z,183.8491424838,186.2411563987,182.9793137575,186.2312774658,5323800
2025-11-11T05:00:00.000Z,187.1999333406,191.6775481685,186.8638686488,191.5885925293,7465600
2025-11-12T05:00:00.000Z,191.1240170613,193.2886946713,190.8373772103,192.1421051025,8803000
2025-11-13T05:00:00.000Z,191.9642052071,193.7334994073,191.2129840261,192.9921722412,8631600
2025-11-14T05:00:00.000Z,192.7450681704,194.8998519494,191.3118386287,193.6643066406,8824800
2025-11-17T05:00:00.000Z,194.6824118183,197.9640123488,193.6346567167,197.2721099854,13257000
2025-11-18T05:00:00.000Z,196.70868333,197.983774478,196.2342381756,197.6872406006,12468600
2025-11-19T05:00:00.000Z,197.6872434154,201.1269972278,197.0744177872,200.1682128906,14690800
2025-11-20T05:00:00.000Z,199.6641067789,202.1450761414,199.2390864644,200.7217407227,10612600
2025-11-21T05:00:00.000Z,201.6014636194,204.5469994131,200.642679253,201.5421447754,13189100
2025-11-24T05:00:00.000Z,201.3543450154,203.7364647957,200.6525486769,203.6672821045,14803900
2025-11-25T05:00:00.000Z,204.0950067916,206.6215838446,204.0950067916,205.5771331787,10275300
2025-11-26T05:00:00.000Z,205.398083669,206.7110955993,204.8509890405,206.4624176025,6729000
2025-11-28T05:00:00.000Z,205.9053844456,206.362958645,203.5479218575,205.8258056641,5638300
2025-12-01T05:00:00.000Z,205.4080199079,206.6016712253,204.2541503906,204.2541503906,8473700
2025-12-02T05:00:00.000Z,204.1546993572,204.5227379457,202.0260162529,204.3337402344,8393600
2025-12-03T05:00:00.000Z,204.8111948667,205.9252826286,203.9060184815,204.2442169189,8363300
2025-12-04T05:00:00.000Z,203.5081294781,203.7767059747,200.6433691683,201.409286499,9049900
2025-12-05T05:00:00.000Z,201.9066332307,202.374149075,199.7481100578,200.8621826172,7785300
2025-12-08T05:00:00.000Z,201.5883420104,202.1851601167,199.9271747551,200.5538330078,7785700
2025-12-09T05:00:00.000Z,201.8469574316,204.4530980173,198.8528797725,198.9026184082,7509400
2025-12-10T05:00:00.000Z,199.529281429,205.7064497819,199.121445856,205.4478149414,11599800
2025-12-11T05:00:00.000Z,206.80061693,210.1229665165,206.7309949832,208.8994598389,9009000
2025-12-12T05:00:00.000Z,209.1680377487,211.147520089,207.8550258038,210.4611663818,6922700
2025-12-15T05:00:00.000Z,209.2376685027,214.0520707842,207.9047429304,213.0374603271,8467000
2025-12-16T05:00:00.000Z,212.8683653521,213.5945008532,207.7058077078,208.1932220459,9949800
2025-12-17T05:00:00.000Z,208.2827417439,210.4014831271,207.3576668842,209.2177734375,8457600
2025-12-18T05:00:00.000Z,208.6905766331,209.9439082649,206.6613556923,207.2084503174,7499900
2025-12-19T05:00:00.000Z,206.4624267868,208.1335508919,204.9405185931,205.278717041,24803900
2025-12-22T05:00:00.000Z,205.0399841695,206.9796694842,204.4133107685,206.2236938477,8187800
2025-12-23T05:00:00.000Z,203.9358578426,205.4378674937,202.205053504,204.6918334961,7047300
2025-12-24T05:00:00.000Z,204.9106730009,206.8404167188,204.4829541243,206.6812591553,2376500
2025-12-26T05:00:00.000Z,206.432581444,206.939879103,205.6169254914,206.5320587158,2316700
2025-12-29T05:00:00.000Z,206.9000933053,208.3623211405,206.2833767304,206.4624176025,4348900
2025-12-30T05:00:00.000Z,206.4126750075,206.5917310544,205.4279198732,205.8158569336,3937400
2025-12-31T05:00:00.000Z,205.8158700526,206.4027465083,205.2787170559,205.8556518555,4083800
2026-01-02T05:00:00.000Z,205.7263438913,206.2933218408,202.6029336287,206.2535400391,6325500
2026-01-05T05:00:00.000Z,204.7813472348,204.8509843578,199.8475843916,203.229598999,9477000
2026-01-06T05:00:00.000Z,203.5180792391,205.6169221452,203.0406065556,203.7070617676,8107900
2026-01-07T05:00:00.000Z,204.1745731307,207.1587090353,203.9457936279,206.392791748,7545900
2026-01-08T05:00:00.000Z,205.8357401408,207.8749027097,203.8861131843,204.6619873047,6557800
2026-01-09T05:00:00.000Z,204.8211553607,205.6069711769,202.9311934188,203.3091888428,6154300
2026-01-12T05:00:00.000Z,204.4630603558,208.79004857,202.7720529441,208.6110076904,11794300
2026-01-13T05:00:00.000Z,208.800004639,213.2563102575,207.755553978,212.5202178955,11379600
2026-01-14T05:00:00.000Z,213.5944953872,217.7026606479,213.0175606278,217.3943023682,11858800
2026-01-15T05:00:00.000Z,217.0759946778,218.5879611619,214.7682707393,218.4089202881,8492100
2026-01-16T05:00:00.000Z,217.8817033723,218.9460524664,216.9864686699,217.5037231445,10021500
2026-01-20T05:00:00.000Z,215.9420188352,217.5733458657,213.3657184648,217.0561065674,14057100
2026-01-21T05:00:00.000Z,209.8842366647,217.523617709,209.3868806537,216.8571624756,14762900
2026-01-22T05:00:00.000Z,217.6131433834,220.9951580328,216.9466881804,217.3346252441,13160000
2026-01-23T05:00:00.000Z,218.6376926883,220.0402402001,216.6880505608,218.9758911133,6950600
2026-01-26T05:00:00.000Z,219.0455411876,220.8559091762,218.8366449844,220.3187713623,6856700
2026-01-27T05:00:00.000Z,220.8260589167,224.3075508366,219.5329303109,223.2531585693,8154100
2026-01-28T05:00:00.000Z,225.2027962068,227.3613346561,224.8844962517,226.5158233643,9026500
2026-01-29T05:00:00.000Z,227.6000555138,228.7837652495,225.8792079642,226.0880889893,9645300
2026-01-30T05:00:00.000Z,227.052947688,227.2916840237,224.1384489158,226.0482940674,11045500
2026-02-02T05:00:00.000Z,227.112657473,229.9674761358,226.0483083177,229.529800415,8187500
2026-02-03T05:00:00.000Z,230.2758253525,233.9562566746,229.2612148743,231.8673706055,9346600
2026-02-04T05:00:00.000Z,233.7573139299,234.5829266898,231.7082096916,233.2301177979,8641400
2026-02-05T05:00:00.000Z,233.7573224254,238.3131052541,233.7473807694,236.5325622559,10267500
2026-02-06T05:00:00.000Z,237.6963798883,239.6659053461,236.7215512259,238.7209320068,8274000
2026-02-09T05:00:00.000Z,238.9795539164,239.4669682521,235.7865217726,237.3780670166,9378500
2026-02-10T05:00:00.000Z,238.7109851317,239.2282396294,236.6220990068,237.0896148682,6723300
2026-02-11T05:00:00.000Z,238.0743677304,239.9842129594,236.1446240115,239.5863342285,6803900
2026-02-12T05:00:00.000Z,239.2083355858,245.0473052999,238.4125629566,243.2568206787,10254300
2026-02-13T05:00:00.000Z,243.2965992224,243.6546961418,241.3270737545,242.1626281738,13268500
2026-02-17T05:00:00.000Z,242.8390465652,243.197143494,240.5909877206,242.0432739258,12703000
2026-02-18T05:00:00.000Z,241.9537577453,243.7740825673,241.5359805174,243.6945037842,8129700
2026-02-19T05:00:00.000Z,243.3264406566,245.6540782344,242.9783005691,245.6043395996,7553900
2026-02-20T05:00:00.000Z,245.1666673983,245.5745029603,239.0093977012,241.2077178955,13565800
2026-02-23T05:00:00.000Z,242.3416882762,245.5048651358,241.3171361353,244.5399932861,9622700
2026-02-24T05:00:00.000Z,245.3500061035,247.25,244.5399932861,246.2799987793,7246300
2026-02-25T05:00:00.000Z,244.8600006104,247.25,243.7200012207,245.1699981689,7698200
2026-02-26T05:00:00.000Z,245.1100006104,245.4700012207,242.0200042725,243.4700012207,7172600
2026-02-27T05:00:00.000Z,244.0299987793,248.9400024414,242.5,248.4299926758,16428600
2026-03-02T05:00:00.000Z,249.1900024414,251.7100067139,246.8699951172,248.5599975586,9042400
2026-03-03T05:00:00.000Z,246.4600067139,247.8800048828,244.3600006104,246.75,6178700
2026-03-04T05:00:00.000Z,245.75,246.5700073242,243.1799926758,245.3000030518,5768000
2026-03-05T05:00:00.000Z,242.6300048828,243.0,235.9299926758,239.6300048828,9375400
2026-03-06T05:00:00.000Z,238.1199951172,240.7899932861,235.4299926758,240.3999938965,7179800
2026-03-09T04:00:00.000Z,240.8699951172,244.0899963379,240.0399932861,242.5899963379,7844000
2026-03-10T04:00:00.000Z,242.3000030518,245.0,240.8200073242,243.7100067139,7214100
2026-03-11T04:00:00.000Z,242.8699951172,243.6900024414,241.3600006104,242.9900054932,6933200
2026-03-12T04:00:00.000Z,241.4600067139,244.3999938965,240.3000030518,242.0399932861,7710200
2026-03-13T04:00:00.000Z,244.2100067139,245.5899963379,241.5,241.5200042725,6415300
2026-03-16T04:00:00.000Z,243.9199981689,245.0599975586,241.6699981689,243.1900024414,7571500
2026-03-17T04:00:00.000Z,243.5800018311,244.1399993896,237.2200012207,238.1100006104,7281800
2026-03-18T04:00:00.000Z,237.8699951172,239.1100006104,235.4199981689,237.2799987793,6811500
2026-03-19T04:00:00.000Z,238.3399963379,239.2599945068,236.3099975586,237.6000061035,7511500
2026-03-20T04:00:00.000Z,236.8300018311,238.2899932861,234.5,235.3699951172,17156600
2026-03-23T04:00:00.000Z,237.3999938965,238.3099975586,234.25,235.4199981689,7313700
2026-03-24T04:00:00.000Z,234.1399993896,236.0,232.2400054932,235.2700042725,9046200
2026-03-25T04:00:00.000Z,236.8000030518,241.4600067139,235.7299957275,239.9299926758,6456400
2026-03-26T04:00:00.000Z,240.0,241.6499938965,238.9299926758,239.2400054932,5171400
2026-03-27T04:00:00.000Z,241.1900024414,242.6799926758,239.1300048828,240.4499969482,7617600
2026-03-30T04:00:00.000Z,243.4900054932,244.2100067139,240.5099945068,242.4900054932,7241300
2026-03-31T04:00:00.000Z,243.0099945068,245.3300018311,242.6499938965,244.4400024414,7554200
2026-04-01T04:00:00.000Z,245.6000061035,247.1999969482,243.7400054932,244.1199951172,6314600
2026-04-02T04:00:00.000Z,245.1100006104,247.2100067139,241.8699951172,243.0399932861,6878700
2026-04-06T04:00:00.000Z,242.6499938965,243.5200042725,240.5,240.9700012207,4442400
2026-04-07T04:00:00.000Z,240.7799987793,240.7799987793,236.0099945068,238.4100036621,6241100
2026-04-08T04:00:00.000Z,236.6399993896,241.3300018311,233.8999938965,241.3000030518,8771100
2026-04-09T04:00:00.000Z,241.3000030518,244.1999969482,240.5399932861,241.3099975586,6216500
2026-04-10T04:00:00.000Z,242.0,242.2599945068,237.9100036621,238.4600067139,7354500
2026-04-13T04:00:00.000Z,237.7100067139,238.3899993896,235.1799926758,237.9600067139,7663600
2026-04-14T04:00:00.000Z,235.0099945068,242.1900024414,233.25,240.1000061035,10318700
2026-04-15T04:00:00.000Z,239.9400024414,240.4199981689,236.75,238.6699981689,6463500
2026-04-16T04:00:00.000Z,237.4199981689,238.1399993896,232.1199951172,234.5399932861,8668900
2026-04-17T04:00:00.000Z,234.3600006104,235.5399932861,232.0399932861,234.1799926758,8946300
2026-04-20T04:00:00.000Z,234.8099975586,235.2599945068,229.5299987793,230.6900024414,7810500
2026-04-21T04:00:00.000Z,229.3500061035,229.6900024414,224.6999969482,226.1600036621,11681200
2026-04-22T04:00:00.000Z,226.1799926758,227.4799957275,223.7799987793,226.1000061035,9003400
2026-04-23T04:00:00.000Z,227.25,231.3899993896,227.0299987793,230.6499938965,7097600
2026-04-24T04:00:00.000Z,229.0299987793,229.9900054932,227.0200042725,227.5,6067500
2026-04-27T04:00:00.000Z,225.7700042725,227.9100036621,224.3500061035,225.3399963379,7897800
2026-04-28T04:00:00.000Z,227.7299957275,231.0299987793,226.3699951172,227.7899932861,7179800
2026-04-29T04:00:00.000Z,225.5200042725,228.7100067139,224.8600006104,227.3500061035,7071100
2026-04-30T04:00:00.000Z,227.9499969482,231.1600036621,227.8099975586,229.8500061035,8157200
2026-05-01T04:00:00.000Z,229.0599975586,229.7700042725,227.0200042725,227.1900024414,6863600
2026-05-04T04:00:00.000Z,225.5099945068,227.0700073242,223.5800018311,224.1999969482,8215200
2026-05-05T04:00:00.000Z,225.3899993896,226.5299987793,224.8999938965,225.5500030518,5556700
2026-05-06T04:00:00.000Z,225.25,226.3399963379,222.9499969482,224.6199951172,7982300
2026-05-07T04:00:00.000Z,224.7799987793,224.7799987793,220.6300048828,222.5099945068,7269700
2026-05-08T04:00:00.000Z,222.9400024414,223.3699951172,220.9199981689,221.3200073242,5550600
2026-05-11T04:00:00.000Z,221.3200073242,223.2799987793,220.3699951172,221.4299926758,6223200
