Date,Open,High,Low,Close,Volume
2021-01-04T05:00:00.000Z,159.8539537566,160.2889996147,154.2550004398,156.5248413086,3164800
2021-01-05T05:00:00.000Z,156.2316604068,157.6219426764,154.3495739741,157.3003845215,2322600
2021-01-06T05:00:00.000Z,154.1415019548,158.2083135034,154.1320494556,155.4088439941,3619700
2021-01-07T05:00:00.000Z,155.276431486,158.056996159,153.0065904307,156.8369598389,3025500
2021-01-08T05:00:00.000Z,157.205845266,157.8111373144,155.7115273647,157.3855438232,3438100
2021-01-11T05:00:00.000Z,174.9673738142,179.0341859297,172.1489844822,175.8563995361,11396500
2021-01-12T05:00:00.000Z,172.8771874429,174.2485646589,167.8173296605,169.1035766602,7179300
2021-01-13T05:00:00.000Z,170.0777351164,177.4452733535,169.6143028547,175.440246582,7303900
2021-01-14T05:00:00.000Z,175.2227437179,178.7126359682,174.570160363,176.5657348633,4413200
2021-01-15T05:00:00.000Z,176.669777503,181.3797064258,176.669777503,180.4244842529,6624600
2021-01-19T05:00:00.000Z,185.3708497004,188.6999628786,183.5455212196,187.7163543701,7729100
2021-01-20T05:00:00.000Z,187.9906089593,190.8279174805,187.9054787359,190.3455657959,5335800
2021-01-21T05:00:00.000Z,192.653245015,193.6179339495,187.27181423,191.3764648438,8698800
2021-01-22T05:00:00.000Z,191.0833064226,195.3392701302,189.6835712884,194.9609680176,6128800
2021-01-25T05:00:00.000Z,196.9470690594,201.0044143423,196.8051949589,200.8341827393,5959100
2021-01-26T05:00:00.000Z,201.0233182003,201.6664345592,199.1790704874,201.18409729,6601500
2021-01-27T05:00:00.000Z,199.623609342,200.522087634,193.9773633094,196.3134155273,7358000
2021-01-28T05:00:00.000Z,196.7200405739,200.3517917056,196.3133666478,198.7250671387,5460400
2021-01-29T05:00:00.000Z,200.4653063478,206.1777476862,193.3720352118,196.6916809082,8401700
2021-02-01T05:00:00.000Z,198.1008814865,198.5075554356,192.0857870208,192.1236114502,5383800
2021-02-02T05:00:00.000Z,193.2963453324,194.733904361,186.6475879233,186.8461914062,5314600
2021-02-03T05:00:00.000Z,187.0826428906,189.7118806707,186.2125367735,186.2787475586,3679000
2021-02-04T05:00:00.000Z,186.1369012276,190.931959732,185.0303525954,190.686050415,2924300
2021-02-05T05:00:00.000Z,190.6860677915,191.9155711943,189.9578355685,190.8279418945,2732200
2021-02-08T05:00:00.000Z,191.4048494381,195.2352046364,190.9603365874,194.6110076904,2909300
2021-02-09T05:00:00.000Z,192.7005735265,193.8354942635,189.4565904305,190.7712097168,2661300
2021-02-10T05:00:00.000Z,193.3814799379,194.4029126722,190.7049506717,193.3058166504,3062700
2021-02-11T05:00:00.000Z,192.6695467379,193.9136766828,191.4823976315,192.3941345215,3544700
2021-02-12T05:00:00.000Z,191.5108635495,197.7505254105,191.0360039677,196.8672790527,2611300
2021-02-16T05:00:00.000Z,195.6231391937,197.0572243315,193.3723095291,195.4141998291,2741900
2021-02-17T05:00:00.000Z,194.7018905822,196.2974260674,193.9991077838,196.078994751,3329900
2021-02-18T05:00:00.000Z,194.9772941066,195.0912557379,190.846011073,191.0074615479,3919400
2021-02-19T05:00:00.000Z,191.0169980369,192.679006382,190.2572198951,190.8175506592,3434900
2021-02-22T05:00:00.000Z,189.1650817059,191.4729071221,188.0064375014,190.5896606445,2263600
2021-02-23T05:00:00.000Z,190.2382293476,194.0371057225,188.6901825875,192.299118042,3287700
2021-02-24T05:00:00.000Z,191.5298818311,196.0790452114,191.4918994369,194.2365875244,2848800
2021-02-25T05:00:00.000Z,193.3343627801,195.2148029163,191.6058667167,193.5717926025,2386700
2021-02-26T05:00:00.000Z,196.3069409641,196.5823676266,191.9002447875,194.5879516602,3887900
2021-03-01T05:00:00.000Z,195.4331772803,197.7694924279,194.4834582676,196.0884857178,2797400
2021-03-02T05:00:00.000Z,198.3868530721,199.393553156,193.8377042519,193.8756866455,3445300
2021-03-03T05:00:00.000Z,193.1443722723,194.0371105613,189.6684113161,191.8432617188,3660300
2021-03-04T05:00:00.000Z,193.5432521643,194.4454969173,188.6237141022,190.4566650391,4308400
2021-03-05T05:00:00.000Z,190.9125323982,197.2281584464,190.7795723074,196.5158691406,3875900
2021-03-08T05:00:00.000Z,196.5918556554,200.2862624115,195.9460536169,196.6203460693,3300300
2021-03-09T05:00:00.000Z,197.8644975975,201.4924319515,195.6991389486,195.7466278076,4227300
2021-03-10T05:00:00.000Z,196.4874100153,197.5795813282,194.1131119512,195.1198120117,3400200
2021-03-11T05:00:00.000Z,196.1264841865,196.8292815305,193.9991226981,194.8918609619,4037300
2021-03-12T05:00:00.000Z,194.5879324132,197.9784363226,192.1091651533,197.6175384521,4541400
2021-03-15T04:00:00.000Z,183.3053212192,183.466771765,178.7371735966,179.6489105225,12388500
2021-03-16T04:00:00.000Z,181.9092266269,181.9852059092,177.8159388013,181.3014068604,6194200
2021-03-17T04:00:00.000Z,180.1902375939,180.28521532,177.1796291709,177.3410797119,5134200
2021-03-18T04:00:00.000Z,176.666778489,177.6829705483,174.5584006001,174.681854248,4240000
2021-03-19T04:00:00.000Z,175.4131463133,176.4578433072,174.6343840474,175.0237579346,6048600
2021-03-22T04:00:00.000Z,174.7957827026,176.5622606006,173.9885157659,176.4957733154,2666600
2021-03-23T04:00:00.000Z,176.030440619,177.2745703188,174.0360247164,174.4443969727,3284700
2021-03-24T04:00:00.000Z,174.4634395005,174.5963996281,170.7785383231,171.1109313965,3931500
2021-03-25T04:00:00.000Z,171.8991844811,174.4064427248,171.1584046244,173.8840942383,2630500
2021-03-26T04:00:00.000Z,174.7958211864,176.5622994733,173.447221665,175.9924621582,2868200
2021-03-29T04:00:00.000Z,175.3751361829,178.2337855173,174.2829505,176.9706573486,3002600
2021-03-30T04:00:00.000Z,176.2013877532,177.464515926,175.4226256079,176.1728973389,2523600
2021-03-31T04:00:00.000Z,176.2393952143,178.4902250339,175.9449700955,177.4265441895,3621300
2021-04-01T04:00:00.000Z,177.4265222132,178.6136710413,175.3751255602,175.9259643555,2340400
2021-04-05T04:00:00.000Z,176.2583673779,176.5527779854,173.893576052,175.5935668945,2864800
2021-04-06T04:00:00.000Z,175.4036109755,176.2963491874,173.3142319958,173.6086425781,2488400
2021-04-07T04:00:00.000Z,173.703610558,173.9695307359,172.1080894906,173.1527862549,3406600
2021-04-08T04:00:00.000Z,173.7511084171,174.7198259678,173.2952473016,173.4282073975,2393200
2021-04-09T04:00:00.000Z,173.3522584407,175.8310263329,173.2382967648,175.2137145996,2611200
2021-04-12T04:00:00.000Z,174.2070281453,174.6913943294,171.7852551913,172.6779937744,2876100
2021-04-13T04:00:00.000Z,172.0701375398,174.4064534175,172.0701375398,173.3522644043,3089100
2021-04-14T04:00:00.000Z,173.40922615,175.1947028925,172.8963841556,173.798614502,2002100
2021-04-15T04:00:00.000Z,174.5488558935,178.2812592544,174.1879725128,176.571762085,2586600
2021-04-16T04:00:00.000Z,177.9583592472,180.731537119,177.4834997248,179.7343292236,3731800
2021-04-19T04:00:00.000Z,179.7248544704,181.2823932734,178.6136848206,180.1047363281,2966400
2021-04-20T04:00:00.000Z,180.8360142817,183.7706427736,180.6080764845,181.0259552002,2460900
2021-04-21T04:00:00.000Z,181.9281909328,183.3052807481,180.2566905112,181.3488616943,2219800
2021-04-22T04:00:00.000Z,180.4466424098,181.652789814,177.3600551054,177.6449737549,2982600
2021-04-23T04:00:00.000Z,177.6259448484,179.6203605612,177.6259448484,179.23097229,2482800
2021-04-26T04:00:00.000Z,179.0885383297,179.1645031054,176.704734105,177.8064117432,2797500
2021-04-27T04:00:00.000Z,174.7482999988,176.5242699321,171.6996955627,173.0483093262,6838700
2021-04-28T04:00:00.000Z,172.3265432277,172.8488916778,169.600853804,171.4718017578,4682800
2021-04-29T04:00:00.000Z,171.9561391573,173.4472051109,170.9494392227,173.0388183594,2432500
2021-04-30T04:00:00.000Z,172.6969081689,174.7008159394,172.0795965845,173.5801544189,3103900
2021-05-03T04:00:00.000Z,173.7890922552,176.9801488076,173.7226049665,176.571762085,3197000
2021-05-04T04:00:00.000Z,178.1008419691,180.5226288485,177.3885525628,178.7371520996,3703500
2021-05-05T04:00:00.000Z,179.1645061698,183.8371369922,178.7086450499,183.1153411865,4274400
2021-05-06T04:00:00.000Z,181.9187279052,184.3405149266,179.8008580043,184.1410675049,3101600
2021-05-07T04:00:00.000Z,185.0242781988,186.4013679671,184.1505238923,185.5941009521,2526700
2021-05-10T04:00:00.000Z,186.3064386618,186.7243174844,183.7706897974,184.9673309326,2242000
2021-05-11T04:00:00.000Z,183.6661907898,185.9075286238,183.3052928657,184.9578094482,1850200
2021-05-12T04:00:00.000Z,184.9578159634,185.8125574549,183.0393791034,183.485748291,2397400
2021-05-13T04:00:00.000Z,183.3903539704,187.0724703723,182.9133959627,185.9563903809,2174300
2021-05-14T04:00:00.000Z,186.6909191656,188.1790258955,185.9373173244,187.1678771973,1823700
2021-05-17T04:00:00.000Z,187.4254281845,190.4111901864,186.0994854094,186.5192108154,2466000
2021-05-18T04:00:00.000Z,186.0136498853,187.3014425145,184.6590906944,185.6607055664,2369400
2021-05-19T04:00:00.000Z,184.6877047971,188.2935066487,184.2107467262,187.4540557861,3070500
2021-05-20T04:00:00.000Z,188.0740779135,191.8134268046,187.1296958543,190.334854126,3494400
2021-05-21T04:00:00.000Z,190.7832122178,192.6147293084,190.2776378699,190.6687469482,2579000
2021-05-24T04:00:00.000Z,191.7371126731,194.236367892,190.8213469245,191.7561950684,2074900
2021-05-25T04:00:00.000Z,192.1473003433,192.5479578878,189.9628390231,190.0391540527,2919100
2021-05-26T04:00:00.000Z,190.0486833391,193.1107601476,189.1138497212,191.7275848389,2891300
2021-05-27T04:00:00.000Z,191.4032559738,192.0996251935,186.4905939752,190.0200805664,9340300
2021-05-28T04:00:00.000Z,189.9437793736,192.9581579048,189.3809723377,190.5352172852,2386000
2021-06-01T04:00:00.000Z,191.0884654191,191.6321899853,187.6161971092,189.2760162354,3070200
2021-06-02T04:00:00.000Z,189.8388282814,191.6608114342,189.1138573219,189.9533081055,2030300
2021-06-03T04:00:00.000Z,189.8197295633,194.2554326616,189.4572368647,193.3587493896,3066600
2021-06-04T04:00:00.000Z,193.4445877281,195.0280915236,192.0137139612,192.7100830078,2817700
2021-06-07T04:00:00.000Z,192.6815153102,222.5772419302,192.5288852432,212.265411377,17231400
2021-06-08T04:00:00.000Z,211.4927308699,212.0269215215,207.352724209,210.5292663574,4618500
2021-06-09T04:00:00.000Z,211.1492883823,216.2813459802,210.1095089985,215.5849914551,4934900
2021-06-10T04:00:00.000Z,216.5102917387,224.9810695397,215.8234711303,222.7775115967,5598200
2021-06-11T04:00:00.000Z,216.5675463493,219.0095689582,211.3496247122,213.7630310059,5636000
2021-06-14T04:00:00.000Z,213.8965870503,216.2146105691,212.7423568067,215.6804199219,2720700
2021-06-15T04:00:00.000Z,215.6803888034,216.2145793735,212.599229995,213.2192840576,2188900
2021-06-16T04:00:00.000Z,213.2288999615,214.0206522022,210.052357076,210.5865478516,2548800
2021-06-17T04:00:00.000Z,210.1190965426,212.8186807639,210.1190965426,211.9696960449,1890700
2021-06-18T04:00:00.000Z,210.2716999869,210.8631378134,208.2589511707,208.4783477783,4016600
2021-06-21T04:00:00.000Z,209.0029901569,213.4577758901,208.0299918138,212.4084625244,3671300
2021-06-22T04:00:00.000Z,212.3703155232,213.3051490915,210.3480037836,211.2351531982,1658800
2021-06-23T04:00:00.000Z,211.9505667726,211.9982654767,206.9997411418,207.0951385498,2419600
2021-06-24T04:00:00.000Z,224.0939590896,228.3388826459,219.8013368192,222.2338256836,12290500
2021-06-25T04:00:00.000Z,222.3768542428,222.7298129986,218.8187522626,219.6105041504,6992200
2021-06-28T04:00:00.000Z,218.4467050924,219.2861556039,216.4244083756,217.7026519775,2507500
2021-06-29T04:00:00.000Z,217.7313318488,220.7361614934,217.3497712625,218.7997131348,1621200
2021-06-30T04:00:00.000Z,219.4865193271,220.2115047709,218.5039870546,218.9427947998,1786700
2021-07-01T04:00:00.000Z,218.9332685297,220.8315667191,218.1224486164,220.4786224365,1977300
2021-07-02T04:00:00.000Z,221.2799092015,223.416686412,220.6694035064,223.1782073975,1994000
2021-07-06T04:00:00.000Z,222.8633891793,224.7235223801,222.4818140641,224.570892334,3125400
2021-07-07T04:00:00.000Z,223.8649603333,225.6869430647,222.7011964101,224.9524383545,3141500
2021-07-08T04:00:00.000Z,223.0541735153,226.3356467884,221.403902959,226.1925506592,2431500
2021-07-09T04:00:00.000Z,226.2402506698,227.4803443518,222.0239437953,224.1607208252,4030100
2021-07-12T04:00:00.000Z,224.3324116073,227.0319954851,224.3133292128,225.1336975098,2928600
2021-07-13T04:00:00.000Z,225.1051226518,225.7442447076,223.2449891229,224.4564666748,1974000
2021-07-14T04:00:00.000Z,224.9238940673,226.2975357222,223.9127452257,225.4580993652,2103400
2021-07-15T04:00:00.000Z,224.1797888992,225.1146370383,220.0588794404,220.8029327393,3611200
2021-07-16T04:00:00.000Z,221.7854646877,222.3005729109,220.5549194817,221.7473144531,2229100
2021-07-19T04:00:00.000Z,221.1940694098,223.5025446198,219.9444416506,223.3499145508,2305600
2021-07-20T04:00:00.000Z,224.1702486601,226.7935175274,223.1591000801,224.1893310547,2297800
2021-07-21T04:00:00.000Z,225.4866685722,226.431036096,222.825234783,226.3547210693,1651500
2021-07-22T04:00:00.000Z,226.3451906434,228.6536656506,225.4771235773,227.4994354248,1703500
2021-07-23T04:00:00.000Z,228.2529938269,233.2801346611,227.5661732191,232.8985595703,2448100
2021-07-26T04:00:00.000Z,231.3914321529,233.9765365969,231.3914321529,232.0019378662,2678800
2021-07-27T04:00:00.000Z,232.4788874018,232.8127492865,231.4772726362,232.3548736572,2116500
2021-07-28T04:00:00.000Z,232.1545304159,236.9527266932,231.458175817,235.1498260498,1688000
2021-07-29T04:00:00.000Z,236.0942116864,236.8001147714,231.0766187305,234.0242156982,1924100
2021-07-30T04:00:00.000Z,233.6139950974,234.6156096907,231.4486165122,232.2785186768,1905100
2021-08-02T04:00:00.000Z,234.4057856577,236.4662478082,232.9939939867,235.2357025146,1958900
2021-08-03T04:00:00.000Z,233.4709269528,247.4171733759,232.2785320245,244.1929473877,5406200
2021-08-04T04:00:00.000Z,244.2024464059,258.1773071455,243.6491734916,250.3742828369,3892400
2021-08-05T04:00:00.000Z,251.1469629933,253.2742058118,249.2868154474,252.0150299072,2262400
2021-08-06T04:00:00.000Z,251.3664332113,252.0913896297,248.7240670632,251.2996520996,2155200
2021-08-09T04:00:00.000Z,252.3870859502,260.4572363815,252.3107854781,254.8482055664,3238500
2021-08-10T04:00:00.000Z,254.457069205,258.5875122898,253.9133301491,257.0326538086,2060200
2021-08-11T04:00:00.000Z,257.1661727056,258.4539649364,250.5555427953,251.92918396,2813300
2021-08-12T04:00:00.000Z,251.8813920676,253.163763372,250.2449076643,252.1397705078,2100900
2021-08-13T04:00:00.000Z,251.833502183,254.264280303,251.709088025,252.8479156494,1482300
2021-08-16T04:00:00.000Z,253.4891747335,258.6378192996,252.9053918266,258.3315734863,2623200
2021-08-17T04:00:00.000Z,259.4990591237,264.0065024581,255.6902042325,260.9823913574,2096100
2021-08-18T04:00:00.000Z,260.3125007176,262.9442398127,256.503645986,256.9725646973,2527400
2021-08-19T04:00:00.000Z,254.7044952648,260.1593844833,254.0154569341,258.7717285156,1901000
2021-08-20T04:00:00.000Z,257.7955630501,261.1354694322,257.4893173495,259.259765625,1536800
2021-08-23T04:00:00.000Z,260.5899966885,261.1737794298,256.1878384937,256.3026733398,2438800
2021-08-24T04:00:00.000Z,254.7523519148,255.9390176326,250.522416661,251.469833374,3736000
2021-08-25T04:00:00.000Z,251.4794150656,253.1445788086,250.0535003295,252.5225372314,2388500
2021-08-26T04:00:00.000Z,252.6469105099,254.1685304436,249.3739717734,250.0821685791,1732900
2021-08-27T04:00:00.000Z,251.2305649084,251.8143476214,247.4599985496,248.5796966553,1839700
2021-08-30T04:00:00.000Z,249.8046939719,252.7139703301,248.4457466424,251.0296478271,1300700
2021-08-31T04:00:00.000Z,251.5368461159,252.3024605029,246.7709951245,247.1825256348,2733400
2021-09-01T04:00:00.000Z,247.4217542299,247.6418446188,243.5459175061,246.3307647705,2956800
2021-09-02T04:00:00.000Z,246.3403254752,248.5605630387,245.440746966,248.4074401855,1469700
2021-09-03T04:00:00.000Z,249.6132849331,249.7664078168,245.7374623322,248.3692016602,1124500
2021-09-07T04:00:00.000Z,247.8620172514,249.6037573549,243.4694081723,243.8426361084,2403700
2021-09-08T04:00:00.000Z,243.6511439453,244.7134098998,242.7706949322,243.8808135986,1542400
2021-09-09T04:00:00.000Z,242.3975174129,243.0961350269,229.3632361894,229.6790466309,4976600
2021-09-10T04:00:00.000Z,231.7844325922,233.4017581987,228.3105469773,229.2005462646,4633500
2021-09-13T04:00:00.000Z,229.7173457505,230.7796120442,225.0376352359,227.7268066406,2832800
2021-09-14T04:00:00.000Z,228.4540847434,229.4780628631,222.00392649,223.066192627,3826000
2021-09-15T04:00:00.000Z,223.5351521039,229.085732437,223.0375100403,223.6786956787,2802500
2021-09-16T04:00:00.000Z,224.013646407,224.5974146058,219.8507075762,221.1043701172,2958700
2021-09-17T04:00:00.000Z,219.8315603474,220.9033912081,218.4151957358,220.204788208,4480000
2021-09-20T04:00:00.000Z,218.2812495948,222.721711172,217.5156497499,221.6785888672,2803400
2021-09-21T04:00:00.000Z,222.0805423554,223.6691595986,219.8603186995,220.2718200684,2172800
2021-09-22T04:00:00.000Z,220.109083297,221.0947880236,217.7931546946,218.4821929932,2529600
2021-09-23T04:00:00.000Z,219.4392193043,224.1284945809,219.1616822444,222.1953582764,1912300
2021-09-24T04:00:00.000Z,222.7599334747,225.2672579894,221.3914217828,221.716796875,1642500
2021-09-27T04:00:00.000Z,220.0804084775,221.1235307891,215.9079046283,216.6639251709,2785900
2021-09-28T04:00:00.000Z,216.6543635307,216.6639282355,210.7305548695,212.0703582764,3583300
2021-09-29T04:00:00.000Z,215.7164558362,221.4871401192,214.9030034556,220.4535827637,3971000
2021-09-30T04:00:00.000Z,222.7695518071,226.9611994133,220.8747036108,221.1139526367,3786100
2021-10-01T04:00:00.000Z,221.0660578171,221.7168080343,215.7547275335,219.7166900635,2215700
2021-10-04T04:00:00.000Z,218.0037080001,220.2909280268,214.5776603119,215.1805725098,4784700
2021-10-05T04:00:00.000Z,216.7021667151,222.5589772957,216.4437737181,220.9990692139,2802000
2021-10-06T04:00:00.000Z,220.6449797287,220.9225167264,216.3289333327,218.0515289307,2462700
2021-10-07T04:00:00.000Z,219.2669269245,224.0423423973,219.1520920731,223.1523284912,2001800
2021-10-08T04:00:00.000Z,223.3819966807,225.6692164559,221.5924188967,223.8796386719,2563000
2021-10-11T04:00:00.000Z,226.5209584126,227.7554914744,223.5542794676,223.6212615967,1892300
2021-10-12T04:00:00.000Z,224.6069772315,224.9610757112,222.0039467237,222.7695465088,1719200
2021-10-13T04:00:00.000Z,224.0040797222,227.6885058731,222.7886906105,226.2721557617,2105700
2021-10-14T04:00:00.000Z,226.8176294593,228.1861414096,224.0423467443,226.5113983154,1824700
2021-10-15T04:00:00.000Z,227.2100134038,229.0091707533,225.678828398,227.6502380371,2598300
2021-10-18T04:00:00.000Z,227.7172066161,232.2246644256,226.5209615565,228.702911377,2546000
2021-10-19T04:00:00.000Z,228.7794873786,232.1194090544,228.7794873786,231.8897247314,1573200
2021-10-20T04:00:00.000Z,233.2486699293,235.3253498436,232.5883402426,233.2391052246,1537500
2021-10-21T04:00:00.000Z,234.4162114838,234.4162114838,229.5163957126,230.7987670898,1717700
2021-10-22T04:00:00.000Z,230.5978093098,233.5453447367,229.2580058767,233.2678222656,1960700
2021-10-25T04:00:00.000Z,234.1386587187,235.679422954,230.1766956284,234.5118865967,2763100
2021-10-26T04:00:00.000Z,233.9855216855,238.2154422475,226.8941778304,237.7560882568,4533000
2021-10-27T04:00:00.000Z,237.9188010665,243.517234094,237.6412786226,239.4117126465,3181300
2021-10-28T04:00:00.000Z,239.4021513735,245.7087522599,239.3255899321,242.4549713135,3386500
2021-10-29T04:00:00.000Z,242.8664387992,245.4407603235,240.942882135,243.8042907715,3152000
2021-11-01T04:00:00.000Z,244.1392797341,245.4503743428,237.3828894916,238.5886993408,2735800
2021-11-02T04:00:00.000Z,240.4452595931,248.1490661786,238.6748110446,245.8044433594,3987800
2021-11-03T04:00:00.000Z,246.6848969546,255.3170212647,246.6753468522,254.8098144531,4382900
2021-11-04T04:00:00.000Z,254.0632794307,259.4511417599,253.862289266,259.3458862305,4133400
2021-11-05T04:00:00.000Z,257.4223630972,257.9008611314,247.4409011129,253.6039581299,3745700
2021-11-08T05:00:00.000Z,252.637400849,255.4318424192,248.0055430507,249.3262023926,2386100
2021-11-09T05:00:00.000Z,249.3261605363,250.8860686505,247.2782043337,250.7520751953,1963800
2021-11-10T05:00:00.000Z,250.7329937289,254.560978366,250.3502011063,253.26902771,2215100
2021-11-11T05:00:00.000Z,251.0392557491,252.9532481914,250.6851718201,251.3359222412,1739400
2021-11-12T05:00:00.000Z,251.3358573722,252.0463244853,248.5995569257,249.2908325195,1964000
2021-11-15T05:00:00.000Z,249.041227167,249.2524217803,246.9001861043,248.1195068359,1903200
2021-11-16T05:00:00.000Z,246.7081629876,249.9629275978,245.7768761619,247.4378509521,2565700
2021-11-17T05:00:00.000Z,246.564179027,253.9953707873,245.8537118086,250.7598266602,2873600
2021-11-18T05:00:00.000Z,251.5471213595,253.2752959694,249.4541027252,250.9038391113,1689200
2021-11-19T05:00:00.000Z,255.8004170968,259.9960655013,249.914976835,250.299041748,2786800
2021-11-22T05:00:00.000Z,251.75834527,253.4577179462,248.79162892,250.0493621826,1995400
2021-11-23T05:00:00.000Z,249.1180794662,252.2768284787,248.9068555046,251.5087280273,1986200
2021-11-24T05:00:00.000Z,252.2863270794,254.3697640786,249.6748449988,251.5470581055,2518500
2021-11-26T05:00:00.000Z,251.355072867,255.2723113725,248.695596844,249.982131958,1495500
2021-11-29T05:00:00.000Z,249.6460867965,251.8543422963,244.3463263371,244.6631622314,4041700
2021-11-30T05:00:00.000Z,243.1654099231,243.8662813541,236.6462991585,238.1440582275,8265900
2021-12-01T05:00:00.000Z,239.4882120072,245.1144189299,238.0000486981,239.1905822754,3241400
2021-12-02T05:00:00.000Z,236.6847370695,240.0066872302,235.3405832764,237.9904785156,3817700
2021-12-03T05:00:00.000Z,242.0709076115,243.3670385865,233.3819677384,235.7822265625,4169700
2021-12-06T05:00:00.000Z,236.108612414,237.0879219262,231.8937593232,236.5022583008,3491200
2021-12-07T05:00:00.000Z,234.4956625956,235.6477837599,231.8169658724,235.330947876,4035800
2021-12-08T05:00:00.000Z,236.7710942755,238.2784489587,229.915956753,234.5724639893,3636200
2021-12-09T05:00:00.000Z,234.7356819621,236.0990270113,233.0650967975,233.2091064453,2291100
2021-12-10T05:00:00.000Z,231.5769516859,234.8317018302,231.5769516859,234.3996582031,2380800
2021-12-13T05:00:00.000Z,235.7149855209,240.6979246179,235.6669920698,238.6145019531,3016700
2021-12-14T05:00:00.000Z,237.856018797,240.0354429414,236.5598733623,239.4305877686,3424000
2021-12-15T05:00:00.000Z,251.614284536,264.5468774506,246.9481671568,264.2972412109,10016700
2021-12-16T05:00:00.000Z,264.6717736547,272.573407571,261.196173993,267.9073181152,5546400
2021-12-17T05:00:00.000Z,265.6318737555,265.6318737555,254.7442732355,256.7509155273,7582900
2021-12-20T05:00:00.000Z,258.4886736921,259.2375532439,249.9629499954,252.9680786133,3479400
2021-12-21T05:00:00.000Z,253.4672687229,255.3394818596,250.1741214681,254.3121643066,2702500
2021-12-22T05:00:00.000Z,254.1777623667,255.9251575704,252.3631821937,255.8675537109,2721000
2021-12-23T05:00:00.000Z,258.3157875908,264.2876314378,256.040347401,262.2042236328,2632200
2021-12-27T05:00:00.000Z,264.0668246718,269.1169481983,263.7595845782,267.3023681641,1677100
2021-12-28T05:00:00.000Z,268.1953023454,268.2529062101,264.8829629224,265.4013977051,1033900
2021-12-29T05:00:00.000Z,264.8157066909,268.2144513725,264.7388820167,267.3119812012,1112300
2021-12-30T05:00:00.000Z,268.0512932832,269.4530361619,265.343794434,266.1886901855,1181500
2021-12-31T05:00:00.000Z,266.3999279981,267.6096678235,264.9981850464,265.199798584,1315700
2022-01-03T05:00:00.000Z,263.4619245432,263.4619245432,256.4051601119,260.8888549805,2621300
2022-01-04T05:00:00.000Z,258.2678204883,259.1127161876,253.0640470497,256.1651916504,2340500
2022-01-05T05:00:00.000Z,257.4613005781,258.0469495183,250.0301105237,250.2509155273,3004200
2022-01-06T05:00:00.000Z,249.7228951568,250.8750016336,245.2680160568,248.9835968018,2863200
2022-01-07T05:00:00.000Z,249.3772965886,250.8270623826,246.4681838888,249.1468811035,2245100
2022-01-10T05:00:00.000Z,247.8891159245,249.7805209222,245.6808750254,249.7324981689,2576700
2022-01-11T05:00:00.000Z,251.1534231128,251.9407148645,246.8041562599,251.854309082,2294000
2022-01-12T05:00:00.000Z,242.8101545248,247.1690323538,240.9571619145,245.7096710205,6562800
2022-01-13T05:00:00.000Z,243.9334786562,245.3064194906,238.6337037691,239.7090148926,3726500
2022-01-14T05:00:00.000Z,240.1698856021,240.5443253825,233.2091351999,234.3804626465,2894300
2022-01-18T05:00:00.000Z,233.0651295734,238.604930988,232.4314577339,237.2127838135,3241200
2022-01-19T05:00:00.000Z,236.5022924911,240.4195164558,234.9661210598,235.2733612061,2487600
2022-01-20T05:00:00.000Z,235.7822281504,238.0576688429,232.8251075013,233.429977417,2655400
2022-01-21T05:00:00.000Z,237.0303184844,237.9904218294,232.4602171866,233.3627166748,2788600
2022-01-24T05:00:00.000Z,232.8731043446,234.0348213631,223.3968729397,230.8280792236,3712800
2022-01-25T05:00:00.000Z,227.3621193897,231.8938093189,225.7395420458,229.9064025879,2525100
2022-01-26T05:00:00.000Z,230.0695498432,232.7578272624,226.497964529,228.3701629639,2913200
2022-01-27T05:00:00.000Z,230.4056278556,233.5643764928,226.3539900187,227.2756958008,2178500
2022-01-28T05:00:00.000Z,228.0149626098,235.4365578181,225.6723079608,235.3213500977,3081100
2022-01-31T05:00:00.000Z,233.564362663,235.6957934235,232.2682171883,235.5997772217,3237100
2022-02-01T05:00:00.000Z,237.1935428873,238.912121491,233.5547428742,238.3744659424,2449400
2022-02-02T05:00:00.000Z,235.5613760941,241.8308501519,234.2940325685,240.8227386475,2586700
2022-02-03T05:00:00.000Z,237.6255881686,238.2208475803,231.4809323548,235.0429077148,3473600
2022-02-04T05:00:00.000Z,233.0362763472,234.3612236017,231.5961213836,232.6042327881,3569300
2022-02-07T05:00:00.000Z,232.738719167,234.2940823242,230.7128999679,233.8332366943,3948300
2022-02-08T05:00:00.000Z,232.2490058073,233.1995134441,227.9957547918,230.3384094238,2615000
2022-02-09T05:00:00.000Z,231.6345292018,234.7068716452,231.4425114616,233.5643463135,1759900
2022-02-10T05:00:00.000Z,230.3287841907,234.3516195081,228.6102056672,230.0791625977,2283100
2022-02-11T05:00:00.000Z,229.6855602476,231.0297139613,225.4803168056,226.3348083496,2054300
2022-02-14T05:00:00.000Z,225.602033829,228.3786789529,223.5484721468,226.2672729492,2572000
2022-02-15T05:00:00.000Z,228.1569498588,236.0048158233,228.1569498588,235.0889129639,3409600
2022-02-16T05:00:00.000Z,233.8741754356,238.1548329592,233.8741754356,236.7665100098,2459000
2022-02-17T05:00:00.000Z,236.7664375118,236.7760733281,231.7819842205,232.3218841553,2059100
2022-02-18T05:00:00.000Z,229.477814393,233.7295347616,229.477814393,231.6856231689,2517900
2022-02-22T05:00:00.000Z,230.6250737857,232.2158515685,228.995723312,230.5479431152,2936700
2022-02-23T05:00:00.000Z,231.9170000847,233.970547362,229.477799421,229.7573852539,2296300
2022-02-24T05:00:00.000Z,226.7396975127,235.1756717241,225.6020531947,234.3561859131,3272300
2022-02-25T05:00:00.000Z,235.0889355635,243.8237830629,234.9828827141,241.847366333,2442200
2022-02-28T05:00:00.000Z,237.3063676189,241.0856823538,235.8119920809,240.9796295166,3188800
2022-03-01T05:00:00.000Z,238.6753828967,241.355611042,236.6314717183,240.5457611084,2873200
2022-03-02T05:00:00.000Z,240.9121709171,247.2753122946,240.1215924763,245.0482025146,2452000
2022-03-03T05:00:00.000Z,245.6844812049,250.2639951102,245.2602698845,249.3577575684,3153700
2022-03-04T05:00:00.000Z,247.0150031558,254.0048116434,246.3497785674,253.4359893799,3497100
2022-03-07T05:00:00.000Z,250.5339603694,254.1686789758,248.6057376764,252.2501068115,3074800
2022-03-08T05:00:00.000Z,250.6014556885,255.778728921,249.6180727053,250.6014556885,3482600
2022-03-09T05:00:00.000Z,253.8504565915,258.1793357059,252.6646186953,253.3587799072,2965900
2022-03-10T05:00:00.000Z,253.4070633963,258.121582759,253.4070633963,256.4729309082,2797200
2022-03-11T05:00:00.000Z,255.5569599194,261.9682934416,255.5569599194,256.7427978516,2469600
2022-03-14T04:00:00.000Z,259.3362662208,261.1777221715,257.7262169688,259.345916748,2713800
2022-03-15T04:00:00.000Z,260.1846880189,266.5574784284,260.1846880189,265.5740661621,4396900
2022-03-16T04:00:00.000Z,267.8783519883,268.6110566276,263.2120564542,266.518951416,3148600
2022-03-17T04:00:00.000Z,267.068511262,275.6298252956,266.5286112258,275.263458252,3270100
2022-03-18T04:00:00.000Z,275.581598432,280.8938616493,274.6367586701,277.3170166016,4557900
2022-03-21T04:00:00.000Z,277.4326748037,284.7309749232,277.4326748037,279.2452087402,3495700
2022-03-22T04:00:00.000Z,279.2741570911,280.1322009219,273.2195387864,274.791015625,3791600
2022-03-23T04:00:00.000Z,274.2126009597,277.8376401288,273.1809946115,273.9908447266,3149200
2022-03-24T04:00:00.000Z,276.0153930786,278.483515302,274.4438871754,277.3651428223,2412400
2022-03-25T04:00:00.000Z,278.1461640737,281.1831093741,276.2950570724,278.6474914551,2399800
2022-03-28T04:00:00.000Z,280.8745148023,281.9543441067,277.9629094475,281.1926879883,2195000
2022-03-29T04:00:00.000Z,281.5494811883,282.6196602568,277.2591732288,278.0401306152,2798100
2022-03-30T04:00:00.000Z,280.151415705,281.8000670185,277.654371262,279.4862060547,2220100
2022-03-31T04:00:00.000Z,278.9848938354,281.3276773309,275.6587273647,276.0925598145,3227600
2022-04-01T04:00:00.000Z,275.8804785804,282.6196374532,273.8076448996,282.1665039062,3066200
2022-04-04T04:00:00.000Z,282.2435893401,284.3935681789,280.5082007306,280.9613342285,3014100
2022-04-05T04:00:00.000Z,281.2505952101,285.2130791728,278.7246279022,281.9929504395,2324200
2022-04-06T04:00:00.000Z,285.4636852148,295.5579307807,284.1910513536,294.8637695312,4672900
2022-04-07T04:00:00.000Z,294.053914983,302.730915753,294.053914983,297.3608093262,4270800
2022-04-08T04:00:00.000Z,296.9462421053,301.1690537623,296.8980483154,300.5038146973,3024700
2022-04-11T04:00:00.000Z,301.8536724952,302.49964016,296.9945421925,297.871887207,2178100
2022-04-12T04:00:00.000Z,295.5772096117,298.4984654782,293.2633485311,297.0233764648,2688100
2022-04-13T04:00:00.000Z,296.25212574,297.235508696,289.6286856678,291.8075866699,2528700
2022-04-14T04:00:00.000Z,292.8488264441,293.5429878022,289.4165923464,291.0266418457,1898100
2022-04-18T04:00:00.000Z,290.2650454713,291.2195064053,286.1482706905,288.0957946777,1581400
2022-04-19T04:00:00.000Z,287.7004579498,288.9345192429,283.2558895358,286.3507080078,2021700
2022-04-20T04:00:00.000Z,286.3603341007,288.2692851092,281.8097274866,282.4075012207,2608600
2022-04-21T04:00:00.000Z,282.4075446267,282.9185225288,276.3721974118,279.2163085938,2716800
2022-04-22T04:00:00.000Z,278.9173793959,279.2259020645,268.408572409,268.7267456055,2772600
2022-04-25T04:00:00.000Z,268.7460092811,275.6876220073,266.8949027467,274.9645385742,2410200
2022-04-26T04:00:00.000Z,275.9093748042,279.7947423075,272.641052678,272.6795959473,2166600
2022-04-27T04:00:00.000Z,272.9399178974,277.7893966125,270.5199890928,274.8584899902,2352100
2022-04-28T04:00:00.000Z,285.3673180048,289.7251202735,278.2039775114,286.6013793945,5886900
2022-04-29T04:00:00.000Z,285.1745562536,286.6399951798,278.7632204961,281.645904541,3910900
2022-05-02T04:00:00.000Z,280.778108395,282.3303132657,274.0775239525,279.1680297852,2789900
2022-05-03T04:00:00.000Z,278.2714979692,279.4091424411,273.9136952996,277.7315979004,2109500
2022-05-04T04:00:00.000Z,278.1461597472,286.321835624,273.9233467911,284.3164672852,2743600
2022-05-05T04:00:00.000Z,282.8895623437,284.4031947866,277.9532875678,281.8772277832,3120200
2022-05-06T04:00:00.000Z,279.7561789183,287.5461849994,278.165371792,286.2446289062,2931200
2022-05-09T04:00:00.000Z,282.9763096293,284.3453311627,276.3624909857,278.8499145508,3460500
2022-05-10T04:00:00.000Z,281.5204209268,282.8990926391,274.7716437128,275.4465332031,3140800
2022-05-11T04:00:00.000Z,273.4894565719,283.9307686674,272.843489076,276.4010620117,2625200
2022-05-12T04:00:00.000Z,273.1616433001,281.5108507382,273.1616433001,281.3276672363,2370000
2022-05-13T04:00:00.000Z,283.0786579369,283.2430926609,277.158417444,282.1112976074,2337700
2022-05-16T04:00:00.000Z,282.5756089803,299.3399798624,282.0822752916,289.6083374023,5118300
2022-05-17T04:00:00.000Z,290.2080490873,293.4970677394,283.8138125761,291.5623474121,2553000
2022-05-18T04:00:00.000Z,290.2080227972,292.723164899,284.4328819626,285.5550231934,2161400
2022-05-19T04:00:00.000Z,283.997609571,283.997609571,275.088229923,276.9262084961,3157400
2022-05-20T04:00:00.000Z,281.240591826,289.4728055972,279.4896725354,289.0955505371,3129100
2022-05-23T04:00:00.000Z,290.7884851456,294.9674883397,289.5792848827,292.7232055664,2873600
2022-05-24T04:00:00.000Z,293.7969503494,297.6277178962,290.0145685243,295.9735107422,2804900
2022-05-25T04:00:00.000Z,296.9795747638,300.2879595634,294.6966189132,296.9892578125,3195700
2022-05-26T04:00:00.000Z,295.2673734537,303.6640531599,293.700225084,303.228729248,3284200
2022-05-27T04:00:00.000Z,302.4451347744,313.5020538302,301.1005195625,312.921661377,3694300
2022-05-31T04:00:00.000Z,306.2952624794,308.0655186422,298.9433191119,303.2093811035,6298900
2022-06-01T04:00:00.000Z,303.2094077251,303.6543851867,295.6156236428,300.9264221191,2731500
2022-06-02T04:00:00.000Z,300.4330727552,300.5298146822,288.4378118459,292.5587463379,3703300
2022-06-03T04:00:00.000Z,292.2975012306,295.8283593274,290.8851638962,291.8041381836,2490000
2022-06-06T04:00:00.000Z,304.8442223906,304.8442223906,293.197197399,293.4583740234,3734400
2022-06-07T04:00:00.000Z,294.067839811,301.9615031777,293.1294991657,301.9131469727,3652800
2022-06-08T04:00:00.000Z,302.2322911458,305.202093563,300.6651725996,303.2576904297,2684500
2022-06-09T04:00:00.000Z,301.4295162866,301.7390787098,293.2166061506,293.3520507812,1963300
2022-06-10T04:00:00.000Z,289.463214738,291.813893032,287.1802292244,287.3156738281,2469800
2022-06-13T04:00:00.000Z,280.9503212104,283.5912242949,279.0930067837,281.7725830078,2898800
2022-06-14T04:00:00.000Z,279.731556766,282.4691730911,277.9129149007,281.2986755371,2422600
2022-06-15T04:00:00.000Z,282.0822340678,286.6675118688,279.1124312334,283.4268493652,1970100
2022-06-16T04:00:00.000Z,280.7279318271,280.7279318271,273.869322275,278.6674499512,2628600
2022-06-17T04:00:00.000Z,280.5441854864,291.1657832711,280.2249400378,281.4051208496,6900000
2022-06-21T04:00:00.000Z,282.836789213,289.5115689062,280.8343464486,287.6348876953,2821300
2022-06-22T04:00:00.000Z,287.2672625895,299.5430652851,286.7545628895,296.6796875,4535700
2022-06-23T04:00:00.000Z,299.3979472362,302.9675083226,297.1633477946,302.5128479004,3729300
2022-06-24T04:00:00.000Z,309.1199977304,315.1853662089,308.5976443805,314.9918823242,5449900
2022-06-27T04:00:00.000Z,313.6472584721,320.0511792976,311.4900342531,316.5880126953,3218900
2022-06-28T04:00:00.000Z,315.8624292182,318.3292153422,306.4210141192,307.2529296875,2742900
2022-06-29T04:00:00.000Z,307.7753167228,314.1018605314,307.2819535869,312.4573364258,2562500
2022-06-30T04:00:00.000Z,311.6157240975,316.3751194157,309.5649253407,313.6471862793,2732900
2022-07-01T04:00:00.000Z,313.3086457217,314.7790226891,307.3884056542,314.111541748,1817800
2022-07-05T04:00:00.000Z,311.9156073715,316.7427250459,308.5201638172,316.5008850098,2107700
2022-07-06T04:00:00.000Z,317.294113569,321.8793910073,316.0849134411,319.3739318848,2252500
2022-07-07T04:00:00.000Z,316.5686550798,319.7125760241,315.5916117395,317.2458190918,2395000
2022-07-08T04:00:00.000Z,315.8915279785,323.6013915759,315.5142727723,319.68359375,1898200
2022-07-11T04:00:00.000Z,319.8189395885,321.8213822753,318.6774616446,320.2639465332,1342600
2022-07-12T04:00:00.000Z,319.2287962056,321.1538331358,312.8055117116,313.0280151367,2058200
2022-07-13T04:00:00.000Z,311.4996421816,314.0824771741,310.3581348019,311.9349365234,2564200
2022-07-14T04:00:00.000Z,307.1755739461,317.0619966211,305.2118338712,316.2203979492,2615700
2022-07-15T04:00:00.000Z,321.1345603891,324.3848764262,317.4586035108,320.7766418457,3340300
2022-07-18T04:00:00.000Z,319.3449816026,321.1346040848,309.274757208,311.2675170898,2116300
2022-07-19T04:00:00.000Z,313.5117417326,316.6943648338,311.3351814349,315.5528869629,1628100
2022-07-20T04:00:00.000Z,316.4138528338,317.1200364267,309.8551516813,311.5190124512,2051000
2022-07-21T04:00:00.000Z,310.9579585139,317.3425124306,309.2747316349,316.249420166,1692100
2022-07-22T04:00:00.000Z,316.2784775379,318.4743748998,315.1950091503,318.0197143555,1850800
2022-07-25T04:00:00.000Z,318.0196141374,321.424710861,317.352133346,320.7282104492,1741700
2022-07-26T04:00:00.000Z,320.1865736226,321.7150194161,317.884251404,320.7379760742,1812300
2022-07-27T04:00:00.000Z,318.2422244092,320.0705201531,314.5759203495,318.2035217285,1643000
2022-07-28T04:00:00.000Z,319.4610272246,322.7016898417,311.2384654159,320.002746582,2350900
2022-07-29T04:00:00.000Z,320.2542643417,320.2542643417,316.1526665548,318.9289855957,3399900
2022-08-01T04:00:00.000Z,316.8202008966,319.6448766152,312.9023737263,313.5698547363,2464300
2022-08-02T04:00:00.000Z,316.510555967,318.2421388256,308.9361097924,309.7487182617,3405700
2022-08-03T04:00:00.000Z,310.1647064951,310.5032884703,300.0944832431,303.5866394043,5152200
2022-08-04T04:00:00.000Z,300.07514403,300.1235002311,292.3749356292,295.8090820312,4696300
2022-08-05T04:00:00.000Z,292.6071267369,295.3544261888,290.5079420933,291.4849853516,2814300
2022-08-08T04:00:00.000Z,290.8368425429,296.1283040963,286.8513231832,292.6264648438,3218900
2022-08-09T04:00:00.000Z,295.1318981179,296.6893632763,291.4655949642,293.1294555664,2122900
2022-08-10T04:00:00.000Z,294.5611460648,297.1053078134,292.7134847587,294.6675415039,2351000
2022-08-11T04:00:00.000Z,291.2043991706,295.451124026,289.850100984,291.33984375,2198800
2022-08-12T04:00:00.000Z,293.9894052449,299.3951694599,292.4171407799,298.997253418,2305100
2022-08-15T04:00:00.000Z,300.0939471794,305.3347399349,298.2499683825,304.6845092773,2795800
2022-08-16T04:00:00.000Z,304.6747392804,305.1017696128,300.5015233078,301.1614685059,2248000
2022-08-17T04:00:00.000Z,300.8703870184,311.1481722393,300.8703870184,307.4796142578,2747200
2022-08-18T04:00:00.000Z,307.4116827247,309.5565199529,304.9368728167,307.3825683594,2261600
2022-08-19T04:00:00.000Z,308.1492747923,316.1463361035,308.1395601316,313.2541809082,3393100
2022-08-22T04:00:00.000Z,312.7785699107,316.1656685785,310.9443061157,313.5744018555,2488000
2022-08-23T04:00:00.000Z,311.7692693147,312.3515861811,304.6165546391,305.8103027344,2962000
2022-08-24T04:00:00.000Z,307.1399391619,311.4004992582,305.9267912412,309.4691772461,1827000
2022-08-25T04:00:00.000Z,311.1482171595,313.8365425705,306.5188252546,313.6133422852,1977900
2022-08-26T04:00:00.000Z,314.0500049456,315.0205232203,305.9752857921,306.2567443848,1858000
2022-08-29T04:00:00.000Z,304.1021811345,305.5870728539,300.5500808294,301.0062255859,1697000
2022-08-30T04:00:00.000Z,300.9965581944,302.7725936422,296.9883128976,297.9879455566,1980300
2022-08-31T04:00:00.000Z,298.0849788528,299.7154423462,292.2327255816,292.3492126465,3183500
2022-09-01T04:00:00.000Z,292.1260380991,300.2881013889,291.6407788996,300.0163574219,2939200
2022-09-02T04:00:00.000Z,300.9673764013,301.0741488016,290.9225370054,292.4462280273,2525400
2022-09-06T04:00:00.000Z,294.0185132055,303.6072085557,293.3197388867,297.7744140625,2322200
2022-09-07T04:00:00.000Z,299.6668390421,303.1898242014,295.8915393372,302.4134216309,2228100
2022-09-08T04:00:00.000Z,302.7531888044,306.4217467122,298.5217137092,306.1985168457,2212500
2022-09-09T04:00:00.000Z,307.1205009132,310.7308298569,305.9267528466,308.3336486816,2177000
2022-09-12T04:00:00.000Z,309.4886344962,311.0026408684,305.5968461376,305.9268188477,2077400
2022-09-13T04:00:00.000Z,300.8703864078,303.1025666414,295.9983656067,297.4444580078,2272400
2022-09-14T04:00:00.000Z,298.1529092935,302.6172992569,296.8815327298,300.4821472168,2002900
2022-09-15T04:00:00.000Z,300.5791673192,303.0734060678,296.7359237462,300.3462524414,2348100
2022-09-16T04:00:00.000Z,298.8905572924,302.7629162885,297.6968089802,299.7834472656,4380200
2022-09-19T04:00:00.000Z,297.4444937946,297.4832932063,288.8747996243,296.0954589844,2515300
2022-09-20T04:00:00.000Z,294.8629136362,294.8629136362,290.1267790051,292.8345336914,1816800
2022-09-21T04:00:00.000Z,292.125989585,295.5519177798,287.5839713403,287.7392578125,2241200
2022-09-22T04:00:00.000Z,291.9318907683,303.3937094424,291.1166589561,301.7050170898,5918300
2022-09-23T04:00:00.000Z,302.6755344614,305.8879476329,296.1245360018,302.2776184082,4572600
2022-09-26T04:00:00.000Z,299.6960185454,302.5396594781,295.8916036575,298.4343566895,3760000
2022-09-27T04:00:00.000Z,300.0357306159,304.6942362901,299.2302134477,301.9282531738,3019600
2022-09-28T04:00:00.000Z,323.6969651483,331.6261126357,318.4270579245,324.5219116211,9436300
2022-09-29T04:00:00.000Z,324.1239751067,324.8130347583,317.6214911055,320.2807312012,3743100
2022-09-30T04:00:00.000Z,317.5050350876,319.7954735266,312.9145027852,313.8170776367,4474100
2022-10-03T04:00:00.000Z,316.3792946436,319.6402519813,307.7028574791,312.0701904297,3340500
2022-10-04T04:00:00.000Z,312.6815889788,320.3681071973,312.2933875697,320.1643066406,2622500
2022-10-05T04:00:00.000Z,318.621090877,324.0074842801,317.8640879188,321.9985046387,2186100
2022-10-06T04:00:00.000Z,318.2717578024,329.2580315189,317.2332961649,323.1340637207,4299200
2022-10-07T04:00:00.000Z,323.1534785836,323.2505363369,315.3213888174,317.029510498,2601600
2022-10-10T04:00:00.000Z,316.6121650541,317.3691680702,310.7987408591,314.3411560059,1956200
2022-10-11T04:00:00.000Z,310.5658877387,319.3296676986,310.0126851429,317.9418334961,2598900
2022-10-12T04:00:00.000Z,317.7283139633,323.8134535814,314.3314996122,315.001159668,1764700
2022-10-13T04:00:00.000Z,309.7118044904,323.5416906821,309.6924047862,322.3091430664,2657400
2022-10-14T04:00:00.000Z,321.7849971351,325.4050405161,318.5531847105,321.6200256348,2231400
2022-10-17T04:00:00.000Z,322.9787603574,327.6275212147,321.9694131355,322.9496459961,2230000
2022-10-18T04:00:00.000Z,324.2889337314,325.4438230276,320.6300615212,325.1526794434,2087100
2022-10-19T04:00:00.000Z,325.3662818953,325.7350836129,316.359872652,319.5820007324,2419000
2022-10-20T04:00:00.000Z,321.387134303,321.6685929075,316.2919131458,319.3684692383,1761200
2022-10-21T04:00:00.000Z,319.3684054526,332.3345133434,317.1361960017,330.723449707,3274700
2022-10-24T04:00:00.000Z,334.071840507,341.399242485,334.071840507,337.6433410645,3375900
2022-10-25T04:00:00.000Z,336.3039681501,341.9426767264,332.9362686898,340.9527587891,2513100
2022-10-26T04:00:00.000Z,342.1076679746,350.8229321361,340.1084028376,347.3096313477,2373500
2022-10-27T04:00:00.000Z,348.4063195178,350.4735280249,344.8445343059,345.8247375488,2347600
2022-10-28T04:00:00.000Z,349.6971815231,351.3276452546,346.5138824966,349.2895507812,2942100
2022-10-31T04:00:00.000Z,348.0763623801,353.1910124828,340.1278155902,351.4149475098,4258200
2022-11-01T04:00:00.000Z,335.634334649,348.4063591831,330.7041146583,342.185333252,7013000
2022-11-02T04:00:00.000Z,343.7187449568,352.4436944954,339.8851860446,344.4951477051,3774400
2022-11-03T04:00:00.000Z,343.6216845824,352.1331188574,341.1468749255,351.0170288086,2602500
2022-11-04T04:00:00.000Z,354.4333324894,355.0932778949,342.9229688328,346.8729858398,3004600
2022-11-07T05:00:00.000Z,347.4455273739,356.1801914699,346.9602682574,354.3070983887,2560300
2022-11-08T05:00:00.000Z,354.3847581054,357.8786299758,351.2596879348,355.8502502441,3278600
2022-11-09T05:00:00.000Z,357.5778043796,358.897695197,351.2403203642,352.5602111816,2323700
2022-11-10T05:00:00.000Z,356.4131096444,358.1212312277,352.2981217768,357.8494873047,2994000
2022-11-11T05:00:00.000Z,355.3649411062,356.9856898842,334.3629134293,341.9135437012,6646300
2022-11-14T05:00:00.000Z,349.456059874,351.139720848,331.0134262222,346.5266418457,4717400
2022-11-15T05:00:00.000Z,347.383066557,347.4317159454,337.086325492,340.5802307129,4180700
2022-11-16T05:00:00.000Z,340.628955426,347.3247522162,340.5900180864,343.4804992676,3563800
2022-11-17T05:00:00.000Z,343.4610267451,352.5995990644,343.2663697581,351.1105651855,2929700
2022-11-18T05:00:00.000Z,352.8429247989,354.9061879924,349.7286207398,351.9865112305,2420900
2022-11-21T05:00:00.000Z,350.7408241072,354.0205899625,345.8552120873,351.4999389648,1999200
2022-11-22T05:00:00.000Z,352.307598038,353.0861664849,347.7334267357,351.217590332,2460400
2022-11-23T05:00:00.000Z,351.6652648083,352.7650142697,349.0278322729,352.0350952148,1993000
2022-11-25T05:00:00.000Z,353.183525722,356.0350692904,351.8696653654,355.4706115723,1039100
2022-11-28T05:00:00.000Z,353.7187936325,359.6165373492,351.3343794541,355.9766540527,2481300
2022-11-29T05:00:00.000Z,354.8574276627,356.3075239517,350.9840097202,354.2053833008,2207000
2022-11-30T05:00:00.000Z,355.2954057272,362.3804854875,352.1129396446,361.1444702148,5556400
2022-12-01T05:00:00.000Z,364.7551883524,365.1444726068,358.623849968,360.4145812988,2516100
2022-12-02T05:00:00.000Z,356.2784227276,364.9985456874,355.2273521238,364.7260437012,1925600
2022-12-05T05:00:00.000Z,363.752785146,365.2028816877,358.4194985267,359.4024658203,2296500
2022-12-06T05:00:00.000Z,357.1737403591,360.7162952554,355.7333560001,358.6725158691,1971000
2022-12-07T05:00:00.000Z,359.4316698837,365.1931485495,358.8866659477,362.0107116699,1629100
2022-12-08T05:00:00.000Z,363.2662448151,363.2662448151,356.6872293883,361.8356018066,2090900
2022-12-09T05:00:00.000Z,363.0131246978,363.9863502332,351.1495030454,351.3246765137,2787200
2022-12-12T05:00:00.000Z,353.2127422302,357.9815414918,352.7942623712,357.4170837402,2639200
2022-12-13T05:00:00.000Z,351.9475488477,362.7600700972,348.726174759,349.0570678711,5032600
2022-12-14T05:00:00.000Z,349.3977133675,359.5387069417,347.4999116693,353.7674865723,5095500
2022-12-15T05:00:00.000Z,351.0035012594,354.2248751861,347.1397949589,350.3709106445,3437100
2022-12-16T05:00:00.000Z,348.3466201991,350.8283632161,345.6605378295,350.2346801758,6612200
2022-12-19T05:00:00.000Z,348.2298486561,350.0692592915,345.115514864,348.2006530762,2658400
2022-12-20T05:00:00.000Z,348.9013728327,351.7724001937,346.7992020014,350.0108642578,2276000
2022-12-21T05:00:00.000Z,352.9207801561,360.7552338248,351.5387868296,358.1567382812,2211200
2022-12-22T05:00:00.000Z,357.4851536995,359.8598260027,352.5898312263,355.5289611816,1958100
2022-12-23T05:00:00.000Z,355.0521609185,358.0496826172,352.7650748802,358.0496826172,1030300
2022-12-27T05:00:00.000Z,359.6068318459,359.830684409,354.5752428084,355.110534668,1372100
2022-12-28T05:00:00.000Z,356.3659823239,358.1567136191,354.1956788402,355.44140625,996000
2022-12-29T05:00:00.000Z,358.2443375505,361.0180363596,356.6482333626,357.1932373047,1077900
2022-12-30T05:00:00.000Z,357.6506158785,358.0983209758,352.4146581357,356.0447998047,1388000
2023-01-03T05:00:00.000Z,356.4536364347,359.1202652142,351.7821354896,355.2176208496,2006700
2023-01-04T05:00:00.000Z,354.8769800139,357.2905603778,350.6920923144,353.3782043457,1886200
2023-01-05T05:00:00.000Z,351.2857355728,351.8112559278,343.509644086,349.3100891113,2008500
2023-01-06T05:00:00.000Z,350.361157465,356.8817797757,348.0059388382,353.222442627,2131300
2023-01-09T05:00:00.000Z,354.2541526476,355.1981827588,339.4513981566,340.4635314941,2980600
2023-01-10T05:00:00.000Z,339.6556720044,343.7529427116,334.1472125563,343.305267334,2465200
2023-01-11T05:00:00.000Z,344.8527071794,352.0740531869,341.6021376953,350.7601928711,2602800
2023-01-12T05:00:00.000Z,349.6312542893,350.8477861414,343.6264399992,349.5047302246,2019700
2023-01-13T05:00:00.000Z,349.9426744102,353.5825280082,349.0375818899,351.9377746582,1690900
2023-01-17T05:00:00.000Z,351.9378018347,352.3076322781,347.0035414037,348.1616821289,2435200
2023-01-18T05:00:00.000Z,346.7797438937,349.3879813057,342.1666344735,342.585144043,2302300
2023-01-19T05:00:00.000Z,342.9354925064,346.2736491141,341.0377204477,341.6800231934,2658300
2023-01-20T05:00:00.000Z,337.7093225216,339.7239068763,332.4344260872,336.8042297363,5391900
2023-01-23T05:00:00.000Z,337.3296715512,337.3296715512,331.110776138,333.0474853516,3403100
2023-01-24T05:00:00.000Z,336.7359978954,337.3491346668,332.2202176559,337.1155700684,2242500
2023-01-25T05:00:00.000Z,336.2980750709,340.414829817,335.8601413962,340.3661804199,2503300
2023-01-26T05:00:00.000Z,341.6021035302,342.7505023342,337.4464419088,338.6921691895,2576200
2023-01-27T05:00:00.000Z,336.8430743893,338.7700716335,332.3857145241,332.9404602051,2363600
2023-01-30T05:00:00.000Z,335.11071072,338.4878042658,330.3711074657,331.3832702637,2647700
2023-01-31T05:00:00.000Z,331.5584834422,335.1788837876,330.2933020685,334.9355773926,2406700
2023-02-01T05:00:00.000Z,333.6120295326,336.677684396,328.4831113388,333.3979187012,2990900
2023-02-02T05:00:00.000Z,325.0573972226,326.3225788046,308.5125596394,321.8457641602,13036600
2023-02-03T05:00:00.000Z,324.0354345115,333.1642645392,320.5512706709,330.0012817383,5670700
2023-02-06T05:00:00.000Z,332.8237268069,334.225174154,325.6607703995,328.6193847656,3055700
2023-02-07T05:00:00.000Z,327.052392035,331.8309324335,323.7823688648,330.5852050781,2464100
2023-02-08T05:00:00.000Z,329.495265061,333.6898651266,328.775087603,331.6071777344,2399400
2023-02-09T05:00:00.000Z,331.7628359504,338.0498640042,331.3832637709,332.6387329102,3072800
2023-02-10T05:00:00.000Z,334.0791348872,339.1009824551,333.5536144572,335.8796081543,1980000
2023-02-13T05:00:00.000Z,337.1934799734,341.4172755779,336.7360627464,341.0182495117,2291600
2023-02-14T05:00:00.000Z,342.2582080325,345.4607141008,339.0752187207,339.3486022949,2028900
2023-02-15T05:00:00.000Z,337.6790158174,338.6749067533,326.4507127572,327.095123291,3600700
2023-02-16T05:00:00.000Z,323.1799124764,325.0740811145,318.0246570584,318.366394043,3654200
2023-02-17T05:00:00.000Z,315.5153315959,323.7559326148,312.9279458036,320.6412963867,3695600
2023-02-21T05:00:00.000Z,319.4208286444,323.8828661001,318.6201946114,319.7723388672,2515600
2023-02-22T05:00:00.000Z,320.9439609786,324.7420709904,318.6201855714,321.2954711914,2379800
2023-02-23T05:00:00.000Z,320.2604870411,324.9665876894,317.9952919145,319.782043457,2229500
2023-02-24T05:00:00.000Z,318.2980238152,319.4989749385,312.52764809,314.0410461426,2594600
2023-02-27T05:00:00.000Z,314.9783468062,315.7594343069,308.4366272507,309.1396179199,3043500
2023-02-28T05:00:00.000Z,308.0363256503,308.0363256503,302.3245596976,303.8672180176,3966900
2023-03-01T05:00:00.000Z,302.6760040071,309.4227533494,301.8949165606,306.7474975586,3580800
2023-03-02T05:00:00.000Z,304.4237599246,308.8271878801,303.193518737,307.6067199707,2885200
2023-03-03T05:00:00.000Z,308.8954407223,312.5959065626,307.7921333237,310.9067687988,3002800
2023-03-06T05:00:00.000Z,309.4520815105,312.6741048702,309.022474423,311.4243469238,2673700
2023-03-07T05:00:00.000Z,311.4634167308,312.7815280587,302.2855038272,303.2911682129,2620800
2023-03-08T05:00:00.000Z,303.1642547522,305.6344808212,302.0121400978,305.1560668945,2313200
2023-03-09T05:00:00.000Z,304.9314492002,311.2388187101,304.9314492002,309.3641967773,3920300
2023-03-10T05:00:00.000Z,311.3169842617,318.8155325233,306.9135261706,307.5774536133,4597300
2023-03-13T04:00:00.000Z,309.7449561527,323.9609627855,309.7449561527,316.8236694336,5275600
2023-03-14T04:00:00.000Z,316.3940432886,319.5477426385,313.8457209636,319.3427124023,4214300
2023-03-15T04:00:00.000Z,318.2980152135,323.5313670508,316.8334537938,321.6860351562,4743500
2023-03-16T04:00:00.000Z,319.8992362481,323.8633128569,317.360657535,321.7445678711,3498200
2023-03-17T04:00:00.000Z,323.6680579183,327.0365609375,320.3483914887,321.4028625488,8679800
2023-03-20T04:00:00.000Z,321.4028576736,326.0504084825,321.2368907428,325.7184448242,3540900
2023-03-21T04:00:00.000Z,326.4898528287,326.5386596305,320.3289028969,323.258026123,3240400
2023-03-22T04:00:00.000Z,323.9317223631,327.6712529828,322.838187808,323.1506347656,2472200
2023-03-23T04:00:00.000Z,323.0725337951,327.4173819202,322.4085765695,324.7811889648,2703400
2023-03-24T04:00:00.000Z,325.1228606563,328.9697776878,321.0025600194,328.1886901855,2791900
2023-03-27T04:00:00.000Z,320.0554914559,328.2765763736,315.6227734789,326.6948547363,3102300
2023-03-28T04:00:00.000Z,327.8664920358,330.8249050994,326.8120208572,329.6727905273,2433200
2023-03-29T04:00:00.000Z,330.9908706219,331.7426680673,326.6752833281,327.9348144531,2743800
2023-03-30T04:00:00.000Z,328.1301162214,333.2463079883,328.1301162214,332.6409606934,2146900
2023-03-31T04:00:00.000Z,333.9199929762,335.5310045269,332.6409450944,335.3064575195,2933600
2023-04-03T04:00:00.000Z,335.130684415,343.2346084804,334.2128902462,342.4534912109,3039600
2023-04-04T04:00:00.000Z,343.7520486474,350.5183142476,342.9709314619,346.2417907715,3585900
2023-04-05T04:00:00.000Z,349.6201029884,356.2301761969,349.4736527999,353.6818237305,3442700
2023-04-06T04:00:00.000Z,356.2301375116,360.770271642,355.6443070246,359.5888671875,3531700
2023-04-10T04:00:00.000Z,359.4814601539,359.6474568851,354.4629120598,358.3293457031,1868000
2023-04-11T04:00:00.000Z,359.0714140434,360.0868218391,354.9999201933,355.4393005371,2027000
2023-04-12T04:00:00.000Z,355.4197709557,363.6408558803,354.746070288,360.3309326172,2672600
2023-04-13T04:00:00.000Z,363.8165784693,366.6871212285,361.5611562723,366.2868041992,2839900
2023-04-14T04:00:00.000Z,365.3983263275,367.4194283783,363.7092177759,365.8767700195,2287900
2023-04-17T04:00:00.000Z,366.1403337304,367.0190645721,362.3910602886,363.552947998,2059700
2023-04-18T04:00:00.000Z,364.1876475874,365.4178888541,360.9265606993,361.1706542969,1925300
2023-04-19T04:00:00.000Z,361.79547354,362.5082374833,358.6710937565,361.717376709,2173000
2023-04-20T04:00:00.000Z,362.6156809406,367.1753324287,361.0241859967,365.954864502,2766500
2023-04-21T04:00:00.000Z,369.0792605788,377.1440920767,369.0694873009,376.1384277344,3682500
2023-04-24T04:00:00.000Z,376.1384534061,377.9056886351,372.6137562268,374.2931213379,2059700
2023-04-25T04:00:00.000Z,375.9528634853,381.2545978914,374.927682522,375.747833252,2648600
2023-04-26T04:00:00.000Z,372.115761806,372.4867888008,361.9224119122,367.3803405762,3161200
2023-04-27T04:00:00.000Z,382.0161590805,389.1143884171,371.7739739956,381.1276550293,4981300
2023-04-28T04:00:00.000Z,388.596901216,394.7578195526,383.2366168121,386.5074462891,5350100
2023-05-01T04:00:00.000Z,387.874484359,397.7260979887,382.9926126021,396.2224731445,4091100
2023-05-02T04:00:00.000Z,397.3842566901,401.8170034247,389.8271307292,394.6504211426,3884600
2023-05-03T04:00:00.000Z,405.2246258212,423.941734322,404.5216351311,421.0028381348,10129800
2023-05-04T04:00:00.000Z,421.2567369866,422.4772049582,415.1739138895,418.3178405762,4070700
2023-05-05T04:00:00.000Z,417.985824113,421.0809138123,414.5294509107,417.7026672363,2753400
2023-05-08T04:00:00.000Z,416.1307541541,424.722836397,413.0063443585,422.4967041016,2478600
2023-05-09T04:00:00.000Z,421.5690788445,425.3086087276,417.936965618,418.259185791,2601600
2023-05-10T04:00:00.000Z,415.9939979258,428.0327087485,415.9939979258,425.6210632324,2766300
2023-05-11T04:00:00.000Z,426.3826503765,426.5291005559,420.9344653309,425.2597961426,2595900
2023-05-12T04:00:00.000Z,430.8787801337,436.1453421151,425.2598234598,425.2695922852,3939200
2023-05-15T04:00:00.000Z,426.1898131851,426.806533828,421.588934988,425.3479614258,2234800
2023-05-16T04:00:00.000Z,425.0444278897,429.2341781923,421.5790643144,427.4427490234,2128800
2023-05-17T04:00:00.000Z,429.547456407,429.6943174081,423.60547106,428.245513916,2274200
2023-05-18T04:00:00.000Z,427.305679846,430.2521901209,424.4472383555,428.6565856934,2268100
2023-05-19T04:00:00.000Z,429.7432374019,438.0738049349,429.7432374019,433.0519714355,3442800
2023-05-22T04:00:00.000Z,434.9412665968,445.3569256484,423.2726287241,424.8388671875,4398000
2023-05-23T04:00:00.000Z,423.791439269,426.6988148879,412.6220275439,414.2861633301,4492100
2023-05-24T04:00:00.000Z,415.0595083829,419.9149131351,411.3983798262,416.792175293,3133000
2023-05-25T04:00:00.000Z,417.3893607919,419.1709914617,410.94808987,418.2997436523,2882200
2023-05-26T04:00:00.000Z,415.9405198472,422.5677862244,414.7364748415,416.8117675781,2338400
2023-05-30T04:00:00.000Z,414.853996121,419.6898339471,413.1604640496,418.2312316895,2595700
2023-05-31T04:00:00.000Z,417.9962684077,421.4811997778,415.0693251746,420.4043884277,3950900
2023-06-01T04:00:00.000Z,421.197256875,427.5797943781,419.1023967438,427.2861022949,2914400
2023-06-02T04:00:00.000Z,430.6829391064,435.3230111778,427.5700001607,433.0029602051,2499000
2023-06-05T04:00:00.000Z,433.6588928108,438.3576679616,432.3960854128,434.8923339844,2113800
2023-06-06T04:00:00.000Z,438.3869654534,439.4050441969,430.741650864,433.727355957,1495300
2023-06-07T04:00:00.000Z,430.917927769,437.2710696715,426.4932176467,427.1686706543,2458300
2023-06-08T04:00:00.000Z,426.6890396455,438.0346493352,423.2236757164,436.2628173828,2040300
2023-06-09T04:00:00.000Z,439.8260661154,439.8260661154,433.2673599734,436.6348266602,2082000
2023-06-12T04:00:00.000Z,436.7424501437,437.5647342718,429.429961787,435.9201660156,2566600
2023-06-13T04:00:00.000Z,434.3147715267,437.9661014928,432.9247005533,436.3215332031,1766300
2023-06-14T04:00:00.000Z,434.9216902083,439.3170043144,434.1875047407,438.2793579102,2163300
2023-06-15T04:00:00.000Z,438.5534459323,446.9525144085,438.2499850003,444.3583984375,2287100
2023-06-16T04:00:00.000Z,446.189003208,447.3441444684,438.0640287035,438.2695922852,4295700
2023-06-20T04:00:00.000Z,436.4585839532,445.2884073982,435.7243984494,442.4201965332,2506300
2023-06-21T04:00:00.000Z,444.91639952,445.7386836702,440.7168502225,443.4480285645,2347500
2023-06-22T04:00:00.000Z,445.4059058663,452.5128316383,444.250794423,448.0293884277,2912500
2023-06-23T04:00:00.000Z,447.3637187336,450.3102595699,442.7824081711,449.1649169922,4832100
2023-06-26T04:00:00.000Z,455.4494976684,455.4494976684,439.4540478816,443.2130737305,3214700
2023-06-27T04:00:00.000Z,452.7477079623,458.1121672351,442.1754491098,454.7055358887,4138700
2023-06-28T04:00:00.000Z,458.630975303,458.6505428269,447.6769260268,449.0278320312,2854700
2023-06-29T04:00:00.000Z,449.380244066,456.0074808792,447.8629393642,454.6957397461,2112400
2023-06-30T04:00:00.000Z,454.8523806536,459.9623128895,454.2160925332,459.0910949707,3173200
2023-07-03T04:00:00.000Z,456.4283998471,456.4283998471,447.7258410267,451.6904602051,2113200
2023-07-05T04:00:00.000Z,452.3562133103,457.3976149697,450.3004877177,455.8803100586,2130200
2023-07-06T04:00:00.000Z,453.3545893244,457.7401342421,451.8862185108,453.4426879883,2191700
2023-07-07T04:00:00.000Z,452.5812927334,453.8343014481,441.7251401481,442.5474243164,2914700
2023-07-10T04:00:00.000Z,443.4089110459,445.0828756235,440.2274403022,443.6047058105,2011400
2023-07-11T04:00:00.000Z,440.5112935663,441.0594830084,428.3825349439,430.1250305176,3570900
2023-07-12T04:00:00.000Z,429.2244177021,434.9314731101,425.8373836669,431.3095092773,3107800
2023-07-13T04:00:00.000Z,430.9473597769,432.9149567797,425.1815414582,425.5339660645,2865100
2023-07-14T04:00:00.000Z,431.7989894894,440.9518417482,431.5738285053,439.9826965332,2955000
2023-07-17T04:00:00.000Z,439.9728977778,441.1182103985,433.9134178859,437.7116088867,2347900
2023-07-18T04:00:00.000Z,437.5256201774,443.7612975195,435.6558908699,441.6860046387,2237000
2023-07-19T04:00:00.000Z,441.8817580699,445.4058543206,439.1016459926,443.9962158203,2212800
2023-07-20T04:00:00.000Z,445.5526592305,455.4103294534,445.4058281191,454.039855957,2624200
2023-07-21T04:00:00.000Z,455.5963289136,457.1919633754,452.228862655,452.2973937988,2226700
2023-07-24T04:00:00.000Z,452.2582478584,455.8215089992,448.0195635718,449.634765625,2190700
2023-07-25T04:00:00.000Z,448.1076962661,451.2010681881,446.9721524056,447.8923339844,1737800
2023-07-26T04:00:00.000Z,445.4058765934,445.4058765934,437.1438399211,444.025604248,1959800
2023-07-27T04:00:00.000Z,443.761317936,449.008282829,442.7138727478,445.3960876465,1883500
2023-07-28T04:00:00.000Z,445.533132136,449.8795126716,442.2537642719,448.8125,1437600
2023-07-31T04:00:00.000Z,449.3411711145,449.3411711145,441.2944954501,444.965423584,2110200
2023-08-01T04:00:00.000Z,445.7485186428,447.7259142691,441.9307598226,443.5361633301,1738200
2023-08-02T04:00:00.000Z,445.6310360944,451.9058784914,441.8034787255,444.8968505859,2366600
2023-08-03T04:00:00.000Z,441.2748311877,444.5248326862,438.8079787771,439.6889953613,2414100
2023-08-04T04:00:00.000Z,439.7672039353,442.9291061057,437.4667805197,440.011932373,1870400
2023-08-07T04:00:00.000Z,443.6927635607,445.4058630339,441.079050077,444.5052490234,2446400
2023-08-08T04:00:00.000Z,495.3304970785,526.6557459056,492.1098615687,510.6015319824,15094500
2023-08-09T04:00:00.000Z,509.3974892538,521.3011173233,505.9908875472,515.1339111328,5376600
2023-08-10T04:00:00.000Z,512.4320470868,517.5909426257,509.0254457243,510.3470153809,4108500
2023-08-11T04:00:00.000Z,512.676841609,520.5962826249,509.0353099936,517.1407470703,2524300
2023-08-14T04:00:00.000Z,521.1922934217,532.0030092877,519.2008095213,527.7846679688,3981100
2023-08-15T04:00:00.000Z,527.5197526216,536.898228307,523.6448017341,536.2409667969,2826800
2023-08-16T04:00:00.000Z,537.0061718928,542.3722805823,532.1991875387,535.8681640625,2597100
2023-08-17T04:00:00.000Z,532.8957160009,538.3795412577,527.1862171981,527.4510498047,2549900
2023-08-18T04:00:00.000Z,524.8711204481,537.3692094949,523.7625715883,536.0546264648,2958600
2023-08-21T04:00:00.000Z,536.6040002394,542.9904009856,535.3875543594,539.6058959961,2305400
2023-08-22T04:00:00.000Z,539.0958730241,545.5410729979,536.8885947142,543.1473999023,1936600
2023-08-23T04:00:00.000Z,546.1491533534,546.8162944262,537.8007887558,542.8529663086,2121300
2023-08-24T04:00:00.000Z,542.2055577877,546.4042596647,536.9080669521,537.5947875977,1776700
2023-08-25T04:00:00.000Z,539.1938839867,545.5410058718,536.6923141852,543.1375732422,1847600
2023-08-28T04:00:00.000Z,539.6843285017,545.6684798818,539.674508798,543.40234375,1373700
2023-08-29T04:00:00.000Z,542.9413449283,545.7862450683,539.4194839359,543.3828125,1701200
2023-08-30T04:00:00.000Z,544.4717487764,547.1597134046,536.6530481368,537.5850219727,2191100
2023-08-31T04:00:00.000Z,536.6334616588,546.8261357381,532.6897723605,543.6771240234,3043400
2023-09-01T04:00:00.000Z,545.7567601336,548.5919,543.0001180151,546.5317382812,2030800
2023-09-05T04:00:00.000Z,548.6115399243,551.2602853537,546.1394294164,547.5913085938,2257200
2023-09-06T04:00:00.000Z,550.3674391779,550.9266232719,542.2054111476,549.3177490234,2424300
2023-09-07T04:00:00.000Z,553.4773728331,565.3672379976,551.9371762231,562.345703125,3707100
2023-09-08T04:00:00.000Z,561.4628146401,576.3937938558,560.3738454264,575.3245239258,4308300
2023-09-11T04:00:00.000Z,576.0014215199,586.8023171273,573.3820754515,584.2517089844,3876500
2023-09-12T04:00:00.000Z,579.7488653305,589.7159847771,576.6881114534,587.920715332,3212100
2023-09-13T04:00:00.000Z,583.368763838,589.343155253,580.4650056718,587.5086669922,3126600
2023-09-14T04:00:00.000Z,587.8617762726,590.4124440707,578.8070522859,580.3766479492,3244800
2023-09-15T04:00:00.000Z,580.7592588882,582.7801417521,564.140908781,564.7294921875,5941200
2023-09-18T04:00:00.000Z,567.0250514645,567.0250514645,553.6930693241,560.4326782227,2723600
2023-09-19T04:00:00.000Z,560.7662999727,567.4273525738,559.7951072827,564.0429077148,2185100
2023-09-20T04:00:00.000Z,562.5320478417,564.327317089,558.3823850355,558.8238525391,1869900
2023-09-21T04:00:00.000Z,556.4204573113,557.2150750056,532.1992573777,539.684387207,4049900
2023-09-22T04:00:00.000Z,538.3894155514,544.9425712312,537.2318280988,540.0865478516,2353800
2023-09-25T04:00:00.000Z,539.6549858581,542.1663756192,535.3876051682,541.8034057617,1686500
2023-09-26T04:00:00.000Z,540.2435513551,543.6084167686,537.5948058474,539.5666503906,1864300
2023-09-27T04:00:00.000Z,539.4488864911,541.2146967163,533.3469586405,539.3213500977,2004200
2023-09-28T04:00:00.000Z,540.8516708244,541.2048208576,531.1200462503,534.112121582,2178800
2023-09-29T04:00:00.000Z,535.1325249406,535.7211683949,522.0948897402,526.9312744141,2967700
2023-10-02T04:00:00.000Z,525.8324756551,530.3745679397,516.8071494359,528.069152832,2810100
2023-10-03T04:00:00.000Z,525.8225123836,527.1370950101,506.7614534949,515.2177734375,3266100
2023-10-04T04:00:00.000Z,515.5807783831,525.9893036354,513.6874319894,521.3687744141,2220400
2023-10-05T04:00:00.000Z,523.4093069203,532.1991991193,521.5159602726,531.1985473633,2950700
2023-10-06T04:00:00.000Z,533.6707388448,555.6061614609,532.4052544203,554.4877929688,4745200
2023-10-09T04:00:00.000Z,553.3105995516,568.7811234483,552.8789517267,560.9036254883,4208100
2023-10-10T04:00:00.000Z,559.1770194434,574.8241778399,558.912126958,568.3102416992,3526700
2023-10-11T04:00:00.000Z,584.8794414708,597.2303506059,573.9019133863,593.7870483398,5850600
2023-10-12T04:00:00.000Z,593.9638000245,601.3606120991,590.7656899624,598.9080810547,4063500
2023-10-13T04:00:00.000Z,606.1577514078,618.0083377996,591.1188149176,597.6327514648,3963800
2023-10-16T04:00:00.000Z,599.3887743807,610.1700913946,596.8773849576,604.9315185547,2941500
2023-10-17T04:00:00.000Z,607.2466683811,608.6201096752,591.0894230857,596.7596435547,2911700
2023-10-18T04:00:00.000Z,595.7099609375,604.1859224544,591.7859113326,595.7099609375,2049100
2023-10-19T04:00:00.000Z,593.5124173177,593.5124173177,567.3586568108,579.58203125,3493700
2023-10-20T04:00:00.000Z,578.7972126194,585.5858004495,569.8503859195,573.5390014648,3666900
2023-10-23T04:00:00.000Z,574.9321056966,577.1688426351,565.2004797764,565.7008056641,2781900
2023-10-24T04:00:00.000Z,568.9871757453,583.2314945467,568.1140603639,581.1811523438,2633000
2023-10-25T04:00:00.000Z,585.605514186,588.3131178503,574.7457002941,575.3245239258,2283300
2023-10-26T04:00:00.000Z,568.9872439634,569.968256453,555.4100047619,557.3131713867,2846500
2023-10-27T04:00:00.000Z,552.3197110305,559.9715945302,546.0706678495,549.5924682617,2717400
2023-10-30T04:00:00.000Z,560.3640736656,562.3260983224,551.8684733709,554.9685058594,2290900
2023-10-31T04:00:00.000Z,558.1665747768,558.7944370587,537.2121650982,543.4121704102,3661400
2023-11-01T04:00:00.000Z,544.4618540196,547.8267191935,540.7928774123,543.9321289062,2935900
2023-11-02T04:00:00.000Z,567.3489214856,586.0960541926,561.1292764865,569.2716674805,5181300
2023-11-03T04:00:00.000Z,567.4469719567,571.9302056251,556.4105829117,557.0286254883,3056500
2023-11-06T05:00:00.000Z,560.2561780259,586.3609644434,560.1679204374,583.8887939453,3978500
2023-11-07T05:00:00.000Z,585.6643981999,590.5106018129,578.924847855,588.5387573242,3168200
2023-11-08T05:00:00.000Z,596.1220231849,613.9862821789,580.9359690037,607.3742675781,7776400
2023-11-09T05:00:00.000Z,603.0872192222,603.960334667,572.3520826083,580.0922851562,6279800
2023-11-10T05:00:00.000Z,583.7023359112,587.4890291318,574.8732249478,586.3609008789,3645900
2023-11-13T05:00:00.000Z,583.0646190126,607.001342363,567.1722681318,601.0760498047,5744800
2023-11-14T05:00:00.000Z,597.7737816528,605.4594802091,592.319115001,600.3291625977,3827600
2023-11-15T05:00:00.000Z,600.3880980253,602.38320144,574.3825287827,578.4317626953,4287000
2023-11-16T05:00:00.000Z,581.3409521795,584.8693201094,571.7584090117,578.6381835938,3030500
2023-11-17T05:00:00.000Z,582.274705246,585.9406234387,577.1247116493,581.5474243164,2628200
2023-11-20T05:00:00.000Z,581.2820665889,594.4715623407,580.5449477804,587.3362426758,2827200
2023-11-21T05:00:00.000Z,588.1617207359,591.2281295477,581.6062956144,582.4219970703,1851600
2023-11-22T05:00:00.000Z,585.1739970644,588.8890441685,576.6725372835,584.8693237305,2052200
2023-11-24T05:00:00.000Z,588.0831919645,593.1349271995,586.7268885748,590.7761230469,1341700
2023-11-27T05:00:00.000Z,590.8449325507,593.3216709313,580.9872282581,581.3705444336,2630700
2023-11-28T05:00:00.000Z,581.8324851069,585.1544388918,579.2378123306,581.4393310547,1793900
2023-11-29T05:00:00.000Z,582.0290111326,584.3287881748,574.4022790874,581.6948242188,1908600
2023-11-30T05:00:00.000Z,581.3016235844,585.9896574585,576.141792978,580.8887939453,5658400
2023-12-01T05:00:00.000Z,581.5375673681,591.6311393768,572.9869778285,574.0090942383,3638600
2023-12-04T05:00:00.000Z,572.1318940626,577.0067274194,564.4658714349,575.6209106445,2577100
2023-12-05T05:00:00.000Z,573.2622307333,581.6358594671,569.4193511497,578.0485839844,2157300
2023-12-06T05:00:00.000Z,580.5939159638,583.6996759416,574.36284029,579.1295166016,2093100
2023-12-07T05:00:00.000Z,578.1763417545,578.7561749339,567.6895554157,578.1665039062,2095000
2023-12-08T05:00:00.000Z,578.8839487997,588.0242096781,574.7266180745,587.778503418,2446800
2023-12-11T05:00:00.000Z,588.3779910103,590.8645670662,557.6647096086,574.0090942383,5614100
2023-12-12T05:00:00.000Z,572.004190087,575.7880426074,568.2399532769,574.716796875,2846100
2023-12-13T05:00:00.000Z,573.2424971723,588.3878034488,572.3088014606,587.2379150391,3112500
2023-12-14T05:00:00.000Z,584.2893979567,584.2893979567,558.9226899083,563.8171386719,5275900
2023-12-15T05:00:00.000Z,562.274238105,563.856632169,552.0037633905,562.2152709961,5317000
2023-12-18T05:00:00.000Z,566.5691404614,573.0361462314,565.812405947,569.8026733398,3033900
2023-12-19T05:00:00.000Z,570.2842520748,575.0607675618,567.3357768379,569.8518066406,2192700
2023-12-20T05:00:00.000Z,566.5788975081,569.9008505766,560.2397246873,560.4166259766,2647100
2023-12-21T05:00:00.000Z,561.5960101727,565.1243783377,557.2814539872,562.1759033203,1786500
2023-12-22T05:00:00.000Z,563.1782788138,566.0088190001,557.6744240128,560.5934448242,2226100
2023-12-26T05:00:00.000Z,559.718885861,562.9327430845,557.8908455999,560.8687744141,1678700
2023-12-27T05:00:00.000Z,560.7016101353,573.6552352272,560.7016101353,571.5225219727,2163400
2023-12-28T05:00:00.000Z,571.984498463,576.6136260038,570.0385240767,570.8739013672,1973500
2023-12-29T05:00:00.000Z,572.8394592199,576.1024450308,569.5175063155,572.9082641602,2000100
2024-01-02T05:00:00.000Z,570.4413266249,582.5398977436,569.1046992683,582.0288696289,3226700
2024-01-03T05:00:00.000Z,589.6950485243,609.194324523,588.5156464299,607.0910644531,5130300
2024-01-04T05:00:00.000Z,614.521252963,625.4797172164,602.7371892027,603.9460449219,6272500
2024-01-05T05:00:00.000Z,603.4546104362,609.2925939204,599.7100492107,607.9264526367,2404000
2024-01-08T05:00:00.000Z,611.7397481637,615.3074076579,599.12030895,615.2779541016,2453900
2024-01-09T05:00:00.000Z,619.2879117876,623.5238855857,613.0076449771,614.7374267578,2918900
2024-01-10T05:00:00.000Z,617.6957015432,626.1086815099,615.0126083722,619.3665161133,2679100
2024-01-11T05:00:00.000Z,623.4943995424,628.7721652762,617.3517429634,624.8015136719,2690300
2024-01-12T05:00:00.000Z,627.2389025914,632.9392753722,622.1380386404,631.8778076172,2067800
2024-01-16T05:00:00.000Z,632.8508165146,636.6052151961,622.7866981577,623.6712646484,2413600
2024-01-17T05:00:00.000Z,628.4674115595,629.5190414298,614.4523185028,618.1083984375,2124100
2024-01-18T05:00:00.000Z,610.6095259995,613.1648469261,602.1768709627,612.6439208984,3385000
2024-01-19T05:00:00.000Z,611.7004902978,618.7768425746,609.3515240582,617.7841796875,3125000
2024-01-22T05:00:00.000Z,619.1797259339,621.7743982299,614.2656011249,620.0446166992,2030200
2024-01-23T05:00:00.000Z,616.9094222369,619.1797455712,604.2604693763,618.865234375,2525000
2024-01-24T05:00:00.000Z,622.6392608227,632.1234852828,621.1453477525,622.8161621094,2276900
2024-01-25T05:00:00.000Z,616.5949309509,621.7449244824,613.9511292349,616.840637207,2407900
2024-01-26T05:00:00.000Z,626.4034825502,628.6148387747,619.6711553724,628.2708740234,2410300
2024-01-29T05:00:00.000Z,630.4822316724,634.5609793795,628.7819636339,633.9221191406,2718500
2024-01-30T05:00:00.000Z,634.6101310319,635.6912145653,629.9908414142,633.9024658203,2006100
2024-01-31T05:00:00.000Z,639.2097621747,652.1535513144,626.0595581789,634.5216674805,4719000
2024-02-01T05:00:00.000Z,636.2121736932,649.1756388543,632.1235877815,649.0871582031,2494300
2024-02-02T05:00:00.000Z,651.0036593114,661.0677781929,648.4089867909,656.1831665039,3019200
2024-02-05T05:00:00.000Z,679.151768235,699.6534838676,670.8075933674,694.0710449219,7602400
2024-02-06T05:00:00.000Z,729.2562184817,729.2562184817,679.2303972892,692.9212036133,8187300
2024-02-07T05:00:00.000Z,698.1793150625,728.2635776542,694.877037049,712.9216918945,5798000
2024-02-08T05:00:00.000Z,715.8111002419,728.2733138528,713.2852328322,723.0446777344,4636900
2024-02-09T05:00:00.000Z,722.8676943205,732.8925200257,721.0101409131,727.4476318359,2833900
2024-02-12T05:00:00.000Z,728.076774245,728.076774245,713.9732589814,724.5975952148,2932300
2024-02-13T05:00:00.000Z,717.6391023243,730.2192494683,717.6391023243,730.2094116211,2860300
2024-02-14T05:00:00.000Z,734.2954051646,752.2436912966,733.488068804,745.6078491211,3394300
2024-02-15T05:00:00.000Z,744.1211722817,751.2000729589,738.4206624818,746.0706176758,2507000
2024-02-16T05:00:00.000Z,759.1158123377,782.1935518364,751.702139602,769.9753417969,5009400
2024-02-20T05:00:00.000Z,777.7926702724,781.1204462513,741.5613275237,743.9832763672,4701100
2024-02-21T05:00:00.000Z,726.6750670889,737.9185862944,721.9098292306,734.3840332031,3541800
2024-02-22T05:00:00.000Z,751.7809577302,763.1426166781,744.583916369,757.7473144531,3167400
2024-02-23T05:00:00.000Z,762.0399080182,765.6335311044,750.4813278136,757.6488037109,2394800
2024-02-26T05:00:00.000Z,759.3815896595,768.1637378629,757.2352829957,759.9920043945,2243800
2024-02-27T05:00:00.000Z,743.2351080419,761.0061826129,733.9212648501,753.1790161133,2716700
2024-02-28T05:00:00.000Z,750.4714897656,751.209900546,740.0451031066,745.9327392578,2716300
2024-02-29T05:00:00.000Z,741.4431699515,744.7709458556,732.5330256309,742.0338745117,3905400
2024-03-01T05:00:00.000Z,757.1368132917,771.9640977188,752.3223611139,770.034362793,4247500
2024-03-04T05:00:00.000Z,784.1331675511,788.4061309821,774.011988416,780.0374755859,3855600
2024-03-05T05:00:00.000Z,773.1751421952,776.3454169973,757.3928740098,765.5744628906,3168700
2024-03-06T05:00:00.000Z,772.1708788141,775.6758661535,762.0399048134,767.7207641602,2518600
2024-03-07T05:00:00.000Z,759.9134728029,780.7366247019,749.3590881333,768.1048583984,3977400
2024-03-08T05:00:00.000Z,767.9472282236,767.9472282236,743.3335350113,750.3632202148,4054900
2024-03-11T04:00:00.000Z,740.5866974715,745.1057380706,716.3766414397,723.0223388672,3968900
2024-03-12T04:00:00.000Z,729.5105488865,744.2885606718,726.6061209004,743.284362793,2701700
2024-03-13T04:00:00.000Z,745.3025921819,749.0143561571,734.1870705314,746.1296386719,2357500
2024-03-14T04:00:00.000Z,753.1297982553,756.1326568141,737.8200930687,748.9749755859,2647500
2024-03-15T04:00:00.000Z,743.7076206956,749.1324879496,736.1561569237,742.5162963867,3730100
2024-03-18T04:00:00.000Z,750.5010492292,757.7866661503,746.5332931559,750.8751220703,2521400
2024-03-19T04:00:00.000Z,746.7204254906,761.8922804379,743.3335787018,760.8388671875,2557100
2024-03-20T04:00:00.000Z,758.2100960739,761.2129548623,744.948265978,760.9176025391,2038000
2024-03-21T04:00:00.000Z,762.0398645318,768.4787843897,747.1535091949,758.3576660156,3013200
2024-03-22T04:00:00.000Z,758.1017108473,764.9935445823,755.4237700116,758.7022705078,1981000
2024-03-25T04:00:00.000Z,759.1847215006,766.4605435605,756.2803538054,761.1932373047,1806600
2024-03-26T04:00:00.000Z,762.2368909725,766.3030780455,757.1172305809,762.9260864258,2099000
2024-03-27T04:00:00.000Z,766.6771736063,773.1259491281,755.5222311576,766.1553344727,2297700
2024-03-28T04:00:00.000Z,768.2622387632,781.405926013,764.4421890276,765.9387207031,3209400
2024-04-01T04:00:00.000Z,764.0091277875,765.4859495551,742.1718637945,748.7978515625,2921300
2024-04-02T04:00:00.000Z,743.402507091,753.2479849921,741.8567598495,752.1551513672,2596800
2024-04-03T04:00:00.000Z,753.858376635,775.0852239335,753.5826744181,763.999206543,3044900
2024-04-04T04:00:00.000Z,769.4634616713,775.7252313142,755.9554947751,756.2114868164,2354000
2024-04-05T04:00:00.000Z,753.6416889583,774.5535323029,751.2985207484,772.0921630859,2113400
2024-04-08T04:00:00.000Z,772.8897088868,773.0669202742,761.3999931558,765.2791137695,1664200
2024-04-09T04:00:00.000Z,765.6237388853,765.8009502721,739.0508043057,745.5389404297,2464100
2024-04-10T04:00:00.000Z,739.6710152623,753.4349726995,735.289766036,750.2056274414,1700300
2024-04-11T04:00:00.000Z,748.0396665609,751.5347988131,739.0703915093,747.8526000977,1594800
2024-04-12T04:00:00.000Z,747.8329077524,751.7021730233,738.2040023501,740.0254516602,2495000
2024-04-15T04:00:00.000Z,748.3252275155,756.1326840867,737.9382606053,739.1689453125,2358600
2024-04-16T04:00:00.000Z,740.0649015672,741.5023630243,731.519033661,735.2012329102,2569800
2024-04-17T04:00:00.000Z,747.4686757666,759.9035188553,733.3699445502,739.1689453125,3069400
2024-04-18T04:00:00.000Z,737.8396913837,740.5767627259,732.2770331535,734.4233398438,1717300
2024-04-19T04:00:00.000Z,737.5836814661,738.4205830129,710.9123196251,715.0867919922,3505500
2024-04-22T04:00:00.000Z,718.463778666,726.4780108048,714.2105256888,720.0292358398,2354100
2024-04-23T04:00:00.000Z,729.7468702864,734.6301891089,720.137673763,734.1674804688,2042000
2024-04-24T04:00:00.000Z,741.0100223837,741.0100223837,717.5285228268,720.8858642578,2133400
2024-04-25T04:00:00.000Z,713.7971244338,716.7409126151,707.2006424379,713.669128418,2608800
2024-04-26T04:00:00.000Z,712.3005557996,726.0547185136,709.8588967158,722.1755981445,2009200
2024-04-29T04:00:00.000Z,724.3809875326,729.1363698626,718.3358500885,725.80859375,2665600
2024-04-30T04:00:00.000Z,763.0244346922,783.2076616744,755.7978284445,769.0301513672,7437100
2024-05-01T04:00:00.000Z,762.7882570669,770.5169331986,756.3788413253,764.7474975586,2802100
2024-05-02T04:00:00.000Z,765.32827864,765.32827864,742.6344077692,744.2293701172,3205600
2024-05-03T04:00:00.000Z,731.5190461551,733.4881418379,719.0546969235,723.6130981445,4595100
2024-05-06T04:00:00.000Z,726.6356653559,755.1383373092,724.6272093978,754.8331298828,3398300
2024-05-07T04:00:00.000Z,757.0187754062,767.0513192021,750.3336578449,765.7517089844,2879400
2024-05-08T04:00:00.000Z,767.061096671,769.2763290181,760.2677535286,763.0244750977,2089800
2024-05-09T04:00:00.000Z,764.9936048952,771.8854391735,757.314144432,759.6278076172,2522100
2024-05-10T04:00:00.000Z,762.0596652432,765.4070915229,748.2562866211,748.2562866211,2082300
2024-05-13T04:00:00.000Z,751.7021860606,751.7514014284,738.9326309451,745.9918212891,1848900
2024-05-14T04:00:00.000Z,739.9073175893,752.6867276933,739.9073175893,752.1747436523,1956200
2024-05-15T04:00:00.000Z,753.6244642748,776.8105821195,752.5888790359,776.1794433594,3038300
2024-05-16T04:00:00.000Z,773.9013099343,775.64688876,759.5319920484,760.4984741211,2299700
2024-05-17T04:00:00.000Z,762.2441281132,764.1968360761,756.5338417939,759.3939208984,1670300
2024-05-20T04:00:00.000Z,756.3365490967,773.5264566355,755.5672641211,772.3922729492,2188800
2024-05-21T04:00:00.000Z,781.5446145806,805.3619344425,780.4893456224,792.1070556641,4334500
2024-05-22T04:00:00.000Z,789.9669210134,793.7934822004,784.296122267,791.8505859375,1767500
2024-05-23T04:00:00.000Z,798.8429691419,809.3068113651,791.1109316958,797.3143310547,3025800
2024-05-24T04:00:00.000Z,796.8704445022,798.9612383777,793.073499259,796.3082885742,1778100
2024-05-28T04:00:00.000Z,797.8566726992,797.8566726992,777.3924873364,796.7323608398,2483500
2024-05-29T04:00:00.000Z,791.9394533348,804.3757483608,791.0420141883,800.3519897461,2380000
2024-05-30T04:00:00.000Z,801.594499975,808.6953382493,795.0065184133,803.8332519531,1984600
2024-05-31T04:00:00.000Z,807.5217619552,814.8297296471,799.9278104197,809.0405883789,4472100
2024-06-03T04:00:00.000Z,812.4825291876,826.7335059926,807.2259280977,819.8101806641,2537200
2024-06-04T04:00:00.000Z,822.5123781674,823.9621013075,813.9420729224,821.1218261719,1748300
2024-06-05T04:00:00.000Z,819.0507575064,826.9011375268,806.3580346876,820.3032836914,2169000
2024-06-06T04:00:00.000Z,823.3802412336,835.3036780334,820.421563688,825.757019043,2109000
2024-06-07T04:00:00.000Z,826.2205213961,845.0081105188,825.480852059,838.282043457,2468800
2024-06-10T04:00:00.000Z,842.2171596985,859.6240705988,837.6904166077,853.0853881836,3417500
2024-06-11T04:00:00.000Z,869.9893176899,869.9893176899,840.491267725,853.8941040039,4109100
2024-06-12T04:00:00.000Z,859.9889724327,859.9889724327,842.0889485273,855.3536987305,2594600
2024-06-13T04:00:00.000Z,857.0599451675,872.8691154565,849.6336350531,871.1629638672,2243400
2024-06-14T04:00:00.000Z,870.1766587154,872.4252223203,863.9338323192,866.3500976562,2023300
2024-06-17T04:00:00.000Z,865.9063707844,879.910791098,864.7820587721,872.8198242188,2532200
2024-06-18T04:00:00.000Z,874.7823800205,882.5439730976,871.8237022978,879.1809692383,2437000
2024-06-20T04:00:00.000Z,880.6996463917,892.978169738,858.1446669821,873.7861938477,3360000
2024-06-21T04:00:00.000Z,873.460773004,879.6838558036,867.6815038825,871.7053222656,3445900
2024-06-24T04:00:00.000Z,877.7212121009,891.133919004,870.7782041873,877.8494262695,2878200
2024-06-25T04:00:00.000Z,879.4866736631,896.893524356,879.2203734128,892.1497802734,2830100
2024-06-26T04:00:00.000Z,891.5482577695,893.8658646716,885.4731324101,888.8460083008,2232100
2024-06-27T04:00:00.000Z,891.0847445106,897.041527465,887.327165926,896.5187988281,1948100
2024-06-28T04:00:00.000Z,898.7575532865,902.9292697241,892.9092407227,892.9092407227,3375400
2024-07-01T04:00:00.000Z,899.2111664464,904.2014668614,891.8538999033,901.7753295898,2546100
2024-07-02T04:00:00.000Z,890.2759827241,899.4379994476,866.3994325819,894.2208862305,4584600
2024-07-03T04:00:00.000Z,898.451768973,905.8484630095,871.8236704414,885.7294311523,3078400
2024-07-05T04:00:00.000Z,886.0548953311,903.8365765435,884.546001061,901.9725952148,2880900
2024-07-08T04:00:00.000Z,905.2468762809,915.8191886908,899.4379914726,905.3553466797,2364600
2024-07-09T04:00:00.000Z,916.2531482993,922.121204366,908.0971011459,919.6556396484,2416000
2024-07-10T04:00:00.000Z,923.6696422594,932.664018079,920.1488084058,926.8354492188,2683300
2024-07-11T04:00:00.000Z,921.2237720332,929.8926759736,905.9668261483,921.2730712891,2855100
2024-07-12T04:00:00.000Z,924.0937308581,937.6937652698,923.1371205637,935.336730957,2315100
2024-07-15T04:00:00.000Z,943.0292131408,952.7928133878,935.0309355765,937.3682861328,2358700
2024-07-16T04:00:00.000Z,942.5854929749,943.2166920572,925.4547522891,928.6303710938,2111800
2024-07-17T04:00:00.000Z,897.4754346008,912.2589511071,890.2069545843,893.1163330078,4200600
2024-07-18T04:00:00.000Z,894.5364671509,897.3373148733,825.1356982783,837.2071533203,7649600
2024-07-19T04:00:00.000Z,855.7087632791,868.0859468466,841.250717642,845.6591186523,3782200
2024-07-22T04:00:00.000Z,852.8881247681,862.3756128712,845.0180615468,854.0419921875,2904500
2024-07-23T04:00:00.000Z,858.0164702987,875.4923630762,852.1780302518,866.1922607422,2087700
2024-07-24T04:00:00.000Z,860.4821160136,866.2417018774,842.5032367373,848.035949707,2726100
2024-07-25T04:00:00.000Z,835.3333331599,839.8896919798,795.272842116,809.8788452148,5468000
2024-07-26T04:00:00.000Z,800.68718584,810.6875305283,790.2627712544,793.5370483398,4173900
2024-07-29T04:00:00.000Z,802.7977474587,813.4095476808,792.925616655,796.6633911133,2473700
2024-07-30T04:00:00.000Z,803.9515924498,810.5790615558,765.1238850066,779.3255615234,3848600
2024-07-31T04:00:00.000Z,789.1483323741,799.9672613982,781.1796707367,793.1918945312,2961700
2024-08-01T04:00:00.000Z,822.1376162724,829.3074977084,808.8827379891,820.9738769531,4060700
2024-08-02T04:00:00.000Z,805.4211135796,808.8926481163,776.1795508653,793.3793334961,3515900
2024-08-05T04:00:00.000Z,747.5591540137,782.0178857634,737.2530823977,764.5814208984,4661800
2024-08-06T04:00:00.000Z,778.2703077745,795.1643619662,774.1873181721,782.2546386719,3437600
2024-08-07T04:00:00.000Z,767.579641945,775.7456216735,752.5101407871,761.5045166016,4407700
2024-08-08T04:00:00.000Z,862.9477389858,865.6894761241,813.873124221,833.6666870117,9434900
2024-08-09T04:00:00.000Z,848.1543182983,895.9764050558,848.1543182983,879.3979492188,6587600
2024-08-12T04:00:00.000Z,891.7553008259,892.2582254479,870.8374287993,872.198425293,4206100
2024-08-13T04:00:00.000Z,881.764812362,902.0909123966,878.0664654767,895.5423583984,3506800
2024-08-14T04:00:00.000Z,897.4655538992,921.5097457522,891.3410694933,918.8469238281,3562900
2024-08-15T04:00:00.000Z,924.3972970726,926.3330225146,908.5956338748,920.0321044922,3080000
2024-08-16T04:00:00.000Z,916.8815655344,924.6934855741,907.9931307606,910.6892700195,2364900
2024-08-19T04:00:00.000Z,910.6892724632,914.5211802871,905.1389435563,910.3831176758,2374600
2024-08-20T04:00:00.000Z,920.5456141013,955.0130159336,918.9753575829,938.1940917969,4961500
2024-08-21T04:00:00.000Z,943.7740288145,944.643125064,927.5279326947,940.1692504883,2617000
2024-08-22T04:00:00.000Z,940.179185961,960.4744952901,936.3868205614,942.3420410156,3183700
2024-08-23T04:00:00.000Z,943.5962911733,948.5935645944,931.4191179689,940.9297485352,2063300
2024-08-26T04:00:00.000Z,937.4337232279,943.1618143378,931.0834367794,938.747253418,2166000
2024-08-27T04:00:00.000Z,940.6926350219,960.4249399824,938.1742573461,942.6480712891,2912900
2024-08-28T04:00:00.000Z,942.3223180811,946.4603809772,931.5672967691,937.1768798828,1701800
2024-08-29T04:00:00.000Z,943.1618151551,945.6505965115,924.3973392515,928.5452880859,1762800
2024-08-30T04:00:00.000Z,933.285617022,949.0872782626,928.851285481,948.1194458008,2555100
2024-09-03T04:00:00.000Z,945.8973486085,957.6300870436,939.7840784312,944.6727294922,2529400
2024-09-04T04:00:00.000Z,937.9767664293,942.174082836,926.3823067525,934.5794067383,1891700
2024-09-05T04:00:00.000Z,929.4932869291,931.3105046803,894.9370351116,901.4354858398,3201100
2024-09-06T04:00:00.000Z,906.3833234199,916.3976409743,881.9302423306,891.5198974609,3440000
2024-09-09T04:00:00.000Z,901.2576709136,904.082203515,884.814042366,897.0109863281,2405900
2024-09-10T04:00:00.000Z,902.7785744464,903.7661783331,883.9054786375,890.0780029297,1930400
2024-09-11T04:00:00.000Z,890.966921131,910.1165157707,886.0782695583,909.474609375,2721100
2024-09-12T04:00:00.000Z,912.8521232621,925.997128254,907.2425405594,923.4293823242,2510800
2024-09-13T04:00:00.000Z,925.3947017917,930.6684726441,910.6694944945,912.2595825195,2045400
2024-09-16T04:00:00.000Z,919.5876763886,921.0493109543,909.0203020035,912.0917358398,1760300
2024-09-17T04:00:00.000Z,910.0770605394,910.0770605394,891.1150522141,894.9469604492,2248000
2024-09-18T04:00:00.000Z,895.0753078675,904.1513903191,892.2606608021,893.7518920898,1777000
2024-09-19T04:00:00.000Z,901.5341666028,905.4450996195,892.6556174759,903.6970214844,2446500
2024-09-20T04:00:00.000Z,910.5608795702,928.2093558488,901.8798632807,910.0670776367,9921800
2024-09-23T04:00:00.000Z,909.5831494012,910.5707532551,898.1763369449,907.1339111328,2292000
2024-09-24T04:00:00.000Z,910.6893404345,914.2052080501,897.9295144062,912.970703125,2767400
2024-09-25T04:00:00.000Z,920.2394784843,927.6563939192,909.7709005481,913.0991210938,1805100
2024-09-26T04:00:00.000Z,908.8523625662,910.4226189903,894.0777867185,898.0479736328,2693000
2024-09-27T04:00:00.000Z,882.5426002321,890.0385404231,864.7558441886,866.9088134766,4377300
2024-09-30T04:00:00.000Z,853.8033059283,876.4292837746,848.1640662034,874.9577636719,3244600
2024-10-01T04:00:00.000Z,877.8119822283,880.2217381305,867.9754257858,873.5158691406,2455200
2024-10-02T04:00:00.000Z,869.091448345,882.2759365465,867.8075753066,880.024230957,1751600
2024-10-03T04:00:00.000Z,878.5132231087,880.942750601,869.9605991602,874.5726928711,1974700
2024-10-04T04:00:00.000Z,874.9281538033,877.9502193582,866.0200075203,876.1626586914,1970500
2024-10-07T04:00:00.000Z,879.4710969725,894.058024842,878.5427469605,887.2633056641,2915700
2024-10-08T04:00:00.000Z,891.8063474374,910.5411650273,891.0458731233,902.3934326172,2200000
2024-10-09T04:00:00.000Z,904.9314998174,909.9287728309,900.6947010489,908.3387451172,1820100
2024-10-10T04:00:00.000Z,908.5956525629,910.5708605033,893.9297577172,899.4010620117,1682100
2024-10-11T04:00:00.000Z,904.6846095064,920.6838039401,899.8848692599,920.5060424805,2293900
2024-10-14T04:00:00.000Z,924.397271748,925.3848756709,914.52123252,917.9877319336,1550400
2024-10-15T04:00:00.000Z,912.9805637766,915.0347967937,896.5468201968,901.9984130859,2284200
2024-10-16T04:00:00.000Z,898.7491935023,906.4327203921,886.7102997182,905.0599365234,1645400
2024-10-17T04:00:00.000Z,909.5831896832,918.9753123939,904.6846526509,905.7512817383,2191200
2024-10-18T04:00:00.000Z,905.8105738655,909.5042029542,894.3938747377,906.5907592773,2286900
2024-10-21T04:00:00.000Z,906.600604014,907.4697002637,893.3469766245,894.8975219727,1592200
2024-10-22T04:00:00.000Z,890.502754868,899.825738907,889.0411202578,897.8801879883,1391800
2024-10-23T04:00:00.000Z,894.3939002722,896.6950343946,880.6760666961,892.0532836914,2646600
2024-10-24T04:00:00.000Z,887.1942926847,888.8435744393,877.2688848258,880.2711791992,1797100
2024-10-25T04:00:00.000Z,888.576795914,889.7915896433,878.4242596438,881.633972168,2228300
2024-10-28T04:00:00.000Z,883.7771140484,887.07573766,879.7378477763,884.4882202148,2084100
2024-10-29T04:00:00.000Z,887.0757829331,896.7246327234,887.0757829331,892.3792114258,3187500
2024-10-30T04:00:00.000Z,788.6016698808,849.8331082435,759.4673564663,836.3325805664,18257200
2024-10-31T04:00:00.000Z,826.1405656078,842.9199465812,815.0102501289,819.4544677734,6582800
2024-11-01T04:00:00.000Z,817.736016854,822.6740362794,806.6057017799,808.7784423828,5266300
2024-11-04T05:00:00.000Z,795.0210898138,810.0227945283,793.7174455138,796.1469726562,3918100
2024-11-05T05:00:00.000Z,793.8656557674,799.1789695446,787.6042205508,796.0679931641,3733300
2024-11-06T05:00:00.000Z,807.1983121554,810.5561292469,758.0946149213,766.7559204102,8257900
2024-11-07T05:00:00.000Z,774.9234401766,792.6015141829,768.5434971512,787.5647583008,4557600
2024-11-08T05:00:00.000Z,793.5397253337,836.7671668728,791.3275022655,821.2321166992,7212900
2024-11-11T05:00:00.000Z,820.9951497475,833.5377319402,814.4078482937,822.1210327148,3342800
2024-11-12T05:00:00.000Z,819.9088058261,823.6518030711,800.6702400202,808.7093505859,3378600
2024-11-13T05:00:00.000Z,810.1512844471,818.8323015204,801.2331917904,801.7467651367,3059300
2024-11-14T05:00:00.000Z,799.1591710061,799.1591710061,773.7975110792,776.4837646484,3998800
2024-11-15T05:00:00.000Z,766.848575875,769.6085323634,736.1920532125,738.1705322266,7334600
2024-11-18T05:00:00.000Z,725.3005351382,726.1018167443,703.7450274646,719.375,9148100
2024-11-19T05:00:00.000Z,708.6021090151,722.1447995198,704.7539530583,721.8776855469,5832500
2024-11-20T05:00:00.000Z,727.8725220319,749.2203277016,727.5461164639,745.3029174805,5158900
2024-11-21T05:00:00.000Z,738.0914265944,744.8973996982,727.0910873548,741.8505249023,4143200
2024-11-22T05:00:00.000Z,748.903824826,753.0883493786,737.0626558317,739.9611206055,4015500
2024-11-25T05:00:00.000Z,741.9296567803,746.8758544922,732.0471634125,746.8758544922,5690500
2024-11-26T05:00:00.000Z,776.7509368474,798.3163477977,765.6219914784,780.8265991211,6622600
2024-11-27T05:00:00.000Z,779.639486219,786.2773054796,771.9036255248,779.7087402344,2714700
2024-11-29T05:00:00.000Z,782.8149849008,791.7181412476,780.8365057126,786.7916870117,2206900
2024-12-02T05:00:00.000Z,789.5219693525,796.6840540938,786.6630525383,791.1937866211,2895600
2024-12-03T05:00:00.000Z,794.2901312542,808.3373454106,792.984327759,804.5782470703,2782100
2024-12-04T05:00:00.000Z,819.1892559429,837.3517401622,811.671059434,820.9105834961,3871100
2024-12-05T05:00:00.000Z,818.8728143736,822.1867430008,808.6638540908,816.7360229492,2423400
2024-12-06T05:00:00.000Z,818.773742318,831.9504197067,816.805165373,817.8142089844,3047100
2024-12-09T05:00:00.000Z,814.8365996577,814.8365996577,792.6578666625,794.9331054688,3176000
2024-12-10T05:00:00.000Z,800.5618684112,805.2409519188,788.4238804414,790.9761352539,2695200
2024-12-11T05:00:00.000Z,786.69271967,790.896987584,777.9082679982,787.4643554688,3510900
2024-12-12T05:00:00.000Z,788.1567877604,793.2118476228,770.0141686762,773.9315185547,2823800
2024-12-13T05:00:00.000Z,768.7677503836,785.7035269591,764.6722840809,780.6287231445,3059400
2024-12-16T05:00:00.000Z,783.4777289845,791.174041718,766.9079664081,770.6176147461,3426200
2024-12-17T05:00:00.000Z,769.4898674947,779.5207710958,764.1183039444,770.2416992188,3924800
2024-12-18T05:00:00.000Z,766.6605754693,770.6175332782,754.2950823166,756.4813232422,3354200
2024-12-19T05:00:00.000Z,756.8671371708,764.6524474099,744.3038434936,749.3884887695,4032600
2024-12-20T05:00:00.000Z,802.6195805463,802.6195805463,758.3610074569,759.4986572266,9942300
2024-12-23T05:00:00.000Z,776.7211730235,790.7584841554,764.7513990444,787.7116699219,3622300
2024-12-24T05:00:00.000Z,782.8544973455,789.1658505006,778.6304251486,787.108215332,1165400
2024-12-26T05:00:00.000Z,785.57492245,795.2595561035,782.983119607,785.5947265625,1274200
2024-12-27T05:00:00.000Z,781.4991984153,784.7636766621,770.8351677135,774.7426757812,2096500
2024-12-31T05:00:00.000Z,762.7036925795,765.5823531017,756.0757755229,763.6929321289,2327000
2025-01-02T05:00:00.000Z,772.1905960815,778.5315955986,763.4654952234,769.6976928711,1938900
2025-01-03T05:00:00.000Z,769.7966120899,777.3841237819,767.1850652657,773.565612793,1799100
2025-01-06T05:00:00.000Z,775.2868863887,776.3256363466,755.13607911,756.8672485352,3991100
2025-01-07T05:00:00.000Z,756.6693809644,775.5242849957,753.4246461515,764.9690551758,3576100
2025-01-08T05:00:00.000Z,765.5032735498,784.0317113794,762.3772426959,778.7491455078,3478400
2025-01-10T05:00:00.000Z,783.4085145814,791.3916854539,776.4145833158,791.2927856445,3973100
2025-01-13T05:00:00.000Z,785.8518675129,796.6741498454,775.1779348754,788.8986816406,3683800
2025-01-14T05:00:00.000Z,775.7913799229,775.7913799229,721.1556941826,736.8944702148,10373000
2025-01-15T05:00:00.000Z,740.940464117,746.4801817534,727.3582236619,738.7047729492,5736900
2025-01-16T05:00:00.000Z,739.4566406671,757.2728564794,738.3685012001,749.4479370117,3070300
2025-01-17T05:00:00.000Z,739.7830836435,747.1529309052,717.2086282174,717.910949707,5560100
2025-01-21T05:00:00.000Z,723.4012681176,735.282045481,718.712282032,734.3619995117,5122800
2025-01-22T05:00:00.000Z,737.5573055989,752.1881380967,731.0975417864,745.8668823242,3737800
2025-01-23T05:00:00.000Z,739.6147542061,758.3509521484,736.2414741862,758.3509521484,3127200
2025-01-24T05:00:00.000Z,753.7510374595,780.7968111599,752.3067260756,776.9585571289,4170600
2025-01-27T05:00:00.000Z,770.3307359436,800.5420894457,770.3307359436,799.4736938477,3915200
2025-01-28T05:00:00.000Z,798.5537921051,807.3679510517,791.5005086878,796.3280029297,2808800
2025-01-29T05:00:00.000Z,798.306394827,800.4134798461,790.4023806807,795.427734375,1827600
2025-01-30T05:00:00.000Z,799.7111059125,815.7467005109,796.3378256647,814.3716430664,2643000
2025-01-31T05:00:00.000Z,814.1441972468,818.4473653895,802.3030281226,802.3524780273,2561600
2025-02-03T05:00:00.000Z,795.6157224808,809.1584145105,793.1228194615,801.7094116211,2808800
2025-02-04T05:00:00.000Z,802.3226945103,820.119103679,797.2676950924,817.1810913086,4299700
2025-02-05T05:00:00.000Z,826.1634748706,837.7870401534,822.1174583461,833.1177978516,4578900
2025-02-06T05:00:00.000Z,830.4864384213,878.1875423835,826.6184778194,861.0044555664,7138500
2025-02-07T05:00:00.000Z,867.0981328307,879.7900322152,860.2624540351,868.8589477539,4426100
2025-02-10T05:00:00.000Z,868.2852639795,870.5308572163,850.122839222,859.5305175781,3065600
2025-02-11T05:00:00.000Z,857.7003849492,864.7833134693,851.2406217895,855.692199707,1944200
2025-02-12T05:00:00.000Z,847.7090953748,868.3347775585,846.8979116457,863.5764770508,2533400
2025-02-13T05:00:00.000Z,867.63235343,873.9931565942,858.4620833317,862.4783935547,2472900
2025-02-14T05:00:00.000Z,861.2298021077,865.589981905,833.8698402063,836.6246948242,3222300
2025-02-18T05:00:00.000Z,848.6646563428,854.9175136049,843.6504796831,849.4376220703,4289400
2025-02-19T05:00:00.000Z,849.4177474776,873.3490798869,849.4177474776,859.1983642578,3205500
2025-02-20T05:00:00.000Z,858.9904006511,872.3483138357,856.1760915158,865.2135009766,2990300
2025-02-21T05:00:00.000Z,872.6455287366,886.3007727902,865.5206354604,865.768371582,3940400
2025-02-24T05:00:00.000Z,871.327518288,885.0223777603,862.1415044213,873.4184570312,3017100
2025-02-25T05:00:00.000Z,882.6738241124,903.7413121855,882.6738241124,893.6336669922,5111300
2025-02-26T05:00:00.000Z,890.2348503056,914.0769737528,888.4808590981,906.7241821289,3032800
2025-02-27T05:00:00.000Z,907.4275661208,917.1190312688,895.8731811668,896.9631958008,3085400
2025-02-28T05:00:00.000Z,893.6734478495,912.8778973324,884.526988645,912.2932739258,4071100
2025-03-03T05:00:00.000Z,904.5340192517,927.1572964143,901.7593870802,921.30078125,3979800
2025-03-04T05:00:00.000Z,913.8886275163,920.7459463825,894.6147452847,902.8098754883,3343500
2025-03-05T05:00:00.000Z,896.6064642004,922.0638277781,893.4751065675,921.30078125,3109500
2025-03-06T05:00:00.000Z,912.0851150545,922.9458884923,890.1456499043,904.4945068359,3273100
2025-03-07T05:00:00.000Z,897.1912242666,899.7775748061,853.5896677782,861.7055053711,4818100
2025-03-10T04:00:00.000Z,846.1774292414,855.3734236444,818.3022148531,822.2461547852,5962900
2025-03-11T04:00:00.000Z,819.7092362443,824.8125637174,804.2901434898,816.59765625,3796500
2025-03-12T04:00:00.000Z,807.5702029062,827.0918209404,805.895504343,814.4176025391,3014800
2025-03-13T04:00:00.000Z,810.8303591924,813.6743648626,788.1773840813,794.390625,3566300
2025-03-14T04:00:00.000Z,795.8374356,807.8279005311,792.7556126715,806.1135253906,3102300
2025-03-17T04:00:00.000Z,809.5520473824,821.4929154196,807.1935948494,817.2913208008,2546600
2025-03-18T04:00:00.000Z,825.872883579,828.7168892327,805.2612516897,815.061706543,2354900
2025-03-19T04:00:00.000Z,814.2789005631,834.5041120522,812.079032764,829.430480957,3790500
2025-03-20T04:00:00.000Z,831.4322027139,846.6530958983,824.9216900139,834.9401245117,4402700
2025-03-21T04:00:00.000Z,830.213249432,842.728882694,817.8462820307,829.9853515625,5963800
2025-03-24T04:00:00.000Z,837.66522166,859.0200637848,830.1736835729,857.0679321289,3102400
2025-03-25T04:00:00.000Z,861.6757262009,866.9970930081,840.2415931127,844.6314697266,2670600
2025-03-26T04:00:00.000Z,838.0318258324,843.6999991325,818.9165289034,819.2732543945,2562100
2025-03-27T04:00:00.000Z,815.3689193922,819.2831620652,807.9070786541,814.229309082,2128200
2025-03-28T04:00:00.000Z,812.5744263656,822.2658918482,810.0276919421,815.061706543,2124700
2025-03-31T04:00:00.000Z,801.6542258381,820.5119278481,782.2515769569,818.4309082031,3737000
2025-04-01T04:00:00.000Z,811.1871557482,813.2284990297,789.7827784182,797.9382324219,2987700
2025-04-02T04:00:00.000Z,787.8404615545,812.4257911831,787.8404615545,810.810546875,2683800
2025-04-03T04:00:00.000Z,803.170410545,811.3753992903,779.9327506708,781.9443969727,2675100
2025-04-04T04:00:00.000Z,755.2086202599,761.3128716187,728.0468609368,731.5250854492,5299400
2025-04-07T04:00:00.000Z,691.6098537451,741.2264496873,670.958605247,717.1762084961,6274400
2025-04-08T04:00:00.000Z,748.1432480082,756.5861143757,706.8209113654,719.6635131836,4115200
2025-04-09T04:00:00.000Z,698.021297055,747.994618574,682.7607282822,746.884765625,6619000
2025-04-10T04:00:00.000Z,732.2088547547,735.2312231336,685.5056394893,714.3817138672,4182700
2025-04-11T04:00:00.000Z,716.3438379863,729.1765805313,705.5326003174,725.7775878906,3603400
2025-04-14T04:00:00.000Z,743.6542738369,752.6817632513,727.8685360224,747.5189208984,3461200
2025-04-15T04:00:00.000Z,748.7279580967,758.3797480425,744.6848875208,750.3233642578,2458100
2025-04-16T04:00:00.000Z,748.7972958743,749.451292614,723.7264128112,728.2451171875,3302600
2025-04-17T04:00:00.000Z,833.1861192712,850.2303766811,814.3978503554,832.3537597656,10853400
2025-04-21T04:00:00.000Z,833.8897030271,836.267933501,799.6921991816,810.6124267578,3326600
2025-04-22T04:00:00.000Z,814.4374842608,824.4658379316,806.6288366302,820.0462036133,3086500
2025-04-23T04:00:00.000Z,829.380878422,838.3489134875,811.2267690639,821.9091186523,2714600
2025-04-24T04:00:00.000Z,828.4296083379,854.4419016619,821.7011169051,851.9447021484,2939500
2025-04-25T04:00:00.000Z,851.8753252128,877.5606502892,843.3631457984,876.5300292969,3398900
2025-04-28T04:00:00.000Z,862.5576967431,874.2607483769,856.5822726277,869.3456420898,3457600
2025-04-29T04:00:00.000Z,869.7519377756,884.3881458697,866.1151886548,877.1840209961,2454400
2025-04-30T04:00:00.000Z,880.1568566329,894.3273499146,874.1318975511,890.8095092773,4374100
2025-05-01T04:00:00.000Z,836.3571509056,843.2243889744,784.897410715,786.908996582,12601100
2025-05-02T04:00:00.000Z,817.6480376923,824.0000251603,800.2768138281,816.1616210938,6059400
2025-05-05T04:00:00.000Z,809.6016062649,822.1271584835,804.6766414371,814.0212402344,2889600
2025-05-06T04:00:00.000Z,809.4926619693,811.0087755937,763.374066524,768.1008911133,5982000
2025-05-07T04:00:00.000Z,773.4321393659,777.2373926472,765.2667668159,769.686340332,3807800
2025-05-08T04:00:00.000Z,758.0724254061,763.0073088994,732.3871648686,744.6451416016,6162000
2025-05-09T04:00:00.000Z,745.2001648969,755.1096096546,726.3623007355,727.9180908203,4072600
2025-05-12T04:00:00.000Z,721.2787319145,758.3995327817,715.6402555753,748.7279052734,9176100
2025-05-13T04:00:00.000Z,748.7081311057,752.6223741143,734.1412343489,739.3040771484,4523900
2025-05-14T04:00:00.000Z,742.4552016356,752.6223012547,707.5640866548,709.0802001953,7558500
2025-05-15T04:00:00.000Z,719.1284234469,731.9908634826,705.7605920478,726.6496582031,5212900
2025-05-16T04:00:00.000Z,734.802023164,753.5394699062,732.8160717501,752.0698852539,4645100
2025-05-19T04:00:00.000Z,747.7106830399,753.390474808,742.3088929454,749.805847168,4062700
2025-05-20T04:00:00.000Z,750.6895978205,758.1369152592,737.7809142601,741.7627563477,3873500
2025-05-21T04:00:00.000Z,741.8024023097,745.248059122,718.8845087252,719.8576660156,4060000
2025-05-22T04:00:00.000Z,712.0628258978,717.1170987049,706.5518230724,710.1762084961,4249900
2025-05-23T04:00:00.000Z,705.0126938857,714.584993458,704.0197182605,708.6966552734,2635700
2025-05-27T04:00:00.000Z,711.993441167,726.1731035619,709.3123944829,720.1258544922,3792700
2025-05-28T04:00:00.000Z,720.1258581242,724.8623719365,709.7194914588,714.3368530273,2948800
2025-05-29T04:00:00.000Z,714.1778803561,722.221019744,711.9238667704,717.4944458008,2785500
2025-05-30T04:00:00.000Z,719.9072975848,740.6605115094,712.0727056903,732.48828125,6106200
2025-06-02T04:00:00.000Z,727.3545895314,742.1201310942,725.5672456647,741.871887207,2946900
2025-06-03T04:00:00.000Z,741.0080778414,751.6825660649,736.2517463025,745.5062866211,3056500
2025-06-04T04:00:00.000Z,751.0768780946,767.19285375,750.6896030396,760.4605102539,3135900
2025-06-05T04:00:00.000Z,764.0947488944,764.5912367104,747.7602876252,760.301574707,3636400
2025-06-06T04:00:00.000Z,763.0819167653,767.1729716411,759.8249881117,764.4721069336,2069900
2025-06-09T04:00:00.000Z,766.527621585,773.8160294531,762.1982619777,768.2752685547,2262200
2025-06-10T04:00:00.000Z,771.6314766274,802.9499068954,771.5420821518,801.5200195312,4744400
2025-06-11T04:00:00.000Z,803.9627872109,814.9549747049,799.375244397,802.9300537109,3125400
2025-06-12T04:00:00.000Z,804.6380399782,812.8102108391,800.6859553618,806.3261108398,2271100
2025-06-13T04:00:00.000Z,804.6478932774,819.2048892486,802.4235769718,813.6044921875,2754600
2025-06-16T04:00:00.000Z,815.9082820371,819.2049686991,800.1001255503,801.9073486328,2821800
2025-06-17T04:00:00.000Z,799.5042102672,799.5042102672,783.3981750691,785.6820068359,2875600
2025-06-18T04:00:00.000Z,784.4011705709,785.0763867778,773.9649862105,779.5157470703,2442900
2025-06-20T04:00:00.000Z,780.4788777207,780.4788777207,750.252695859,757.3723144531,6210600
2025-06-23T04:00:00.000Z,765.1175938594,787.6382754228,758.4646445598,765.2268066406,3951500
2025-06-24T04:00:00.000Z,767.4609559639,778.9298124699,757.6602912581,772.6145019531,2788500
2025-06-25T04:00:00.000Z,773.5279947074,793.3378701077,768.1659022088,786.7345581055,3023100
2025-06-26T04:00:00.000Z,788.3730255042,793.1889331401,782.7130522061,789.5347900391,3118200
2025-06-27T04:00:00.000Z,790.2100838781,796.8630334752,769.1987438305,770.0030517578,4115100
2025-06-30T04:00:00.000Z,773.0712854644,779.4859303529,768.5631975709,774.0543823242,3041500
2025-07-01T04:00:00.000Z,774.0542742296,784.4506993438,767.5701146743,770.4497680664,2734000
2025-07-02T04:00:00.000Z,771.0456507362,774.3622163257,762.6053570707,773.8061523438,1978300
2025-07-03T04:00:00.000Z,774.9777931997,778.0460540011,767.5701730746,775.1862792969,1450800
2025-07-07T04:00:00.000Z,775.1962386311,775.6629687113,756.6772787531,767.4411010742,2576900
2025-07-08T04:00:00.000Z,769.4071894647,787.1219024483,763.3996986591,772.1974487305,3301800
2025-07-09T04:00:00.000Z,778.2943157866,788.4226797127,776.4970322533,781.3923950195,2703100
2025-07-10T04:00:00.000Z,784.1230950542,793.8741235891,780.9058635201,785.0962524414,3130400
2025-07-11T04:00:00.000Z,780.8263844087,790.1405009291,771.7406935021,787.4396362305,2852500
2025-07-14T04:00:00.000Z,784.4508000565,795.2543804805,781.8293296728,793.7252197266,2401400
2025-07-15T04:00:00.000Z,796.038794808,799.7624536005,759.0107535939,766.3289794922,4174100
2025-07-16T04:00:00.000Z,768.0666456699,790.4482944313,766.736031666,784.2521362305,3255400
2025-07-17T04:00:00.000Z,781.2633347915,784.4508086297,754.6814163241,756.1510009766,4107300
2025-07-18T04:00:00.000Z,758.4944109567,770.5094534062,755.1580271182,766.2893066406,3357700
2025-07-21T04:00:00.000Z,762.7741478224,766.5772618295,755.1580409603,756.8262329102,3058000
2025-07-22T04:00:00.000Z,757.9780660614,772.8230036754,757.1439398412,770.9860229492,2496600
2025-07-23T04:00:00.000Z,774.5210555967,794.4699643237,771.6215834866,793.2783813477,2683600
2025-07-24T04:00:00.000Z,795.7309208588,804.449275812,792.0470201311,799.7723388672,2786400
2025-07-25T04:00:00.000Z,803.3173017007,809.463823405,796.7338682857,806.9813842773,2976900
2025-07-28T04:00:00.000Z,806.9416809244,814.458453212,796.8629539004,802.4335327148,2587700
2025-07-29T04:00:00.000Z,769.0596774941,774.0146165261,749.8753797511,757.5908203125,7100700
2025-07-30T04:00:00.000Z,768.5631712006,772.6343472189,753.0826537857,754.7409667969,4338700
2025-07-31T04:00:00.000Z,742.0507157902,761.0662243623,730.2740387353,734.8715209961,5810300
2025-08-01T04:00:00.000Z,741.5740963687,762.6053137646,740.7499095937,756.9751586914,4859500
2025-08-04T04:00:00.000Z,754.6317278063,769.0398151808,747.2837438522,763.5983276367,3353400
2025-08-05T04:00:00.000Z,760.1923665574,764.5316652476,754.184876068,760.5697021484,3615200
2025-08-06T04:00:00.000Z,751.2456211022,757.6403864211,734.9906153011,741.1271972656,4752100
2025-08-07T04:00:00.000Z,670.9138766461,673.5254073592,628.7521708664,636.3583374023,26101600
2025-08-08T04:00:00.000Z,650.3990605474,651.5707645593,619.3983893785,621.2552490234,14125100
2025-08-11T04:00:00.000Z,624.9986881839,649.8429572093,621.5034552675,630.7579345703,11294200
2025-08-12T04:00:00.000Z,635.0079310959,641.6410011957,624.9789012274,634.9384155273,6897400
2025-08-13T04:00:00.000Z,645.8314338073,657.101684009,639.9728528052,655.8505249023,6310000
2025-08-14T04:00:00.000Z,657.3498779752,680.6649267607,650.4983217718,679.6223144531,8395900
2025-08-15T04:00:00.000Z,690.8377595247,703.3667477512,682.4784193574,697.8336791992,8224600
2025-08-18T04:00:00.000Z,691.6537744047,704.3220987578,690.1411169036,694.6690673828,4997300
2025-08-19T04:00:00.000Z,703.1876343908,710.8105684362,695.1666741243,699.8041381836,5941000
2025-08-20T04:00:00.000Z,698.1223183364,702.3815572492,681.8316086999,702.0233154297,4139400
2025-08-21T04:00:00.000Z,701.7844613478,714.9205408942,701.7844613478,706.3820800781,3617300
2025-08-22T04:00:00.000Z,711.5768051032,715.9754413273,705.993990749,708.2330932617,3222700
2025-08-25T04:00:00.000Z,707.5563677425,710.0442593309,690.8675715308,691.9622802734,2898100
2025-08-26T04:00:00.000Z,712.7710201316,732.6144470212,709.6462135379,732.4652099609,7695600
2025-08-27T04:00:00.000Z,733.3907229172,742.9740870511,728.0068910135,730.6141967773,4326200
2025-08-28T04:00:00.000Z,732.2362846903,735.0128107451,722.8221412204,728.4149169922,3117000
2025-08-29T04:00:00.000Z,728.7731709232,733.8484458607,724.971664993,729.0319213867,2551200
2025-09-02T04:00:00.000Z,724.4640714813,733.5697790186,720.1351644,731.6292114258,3222500
2025-09-03T04:00:00.000Z,728.4746118492,734.2564697266,725.4891418111,734.2564697266,2222500
2025-09-04T04:00:00.000Z,732.7537800512,743.382046194,731.7685846481,739.3118286133,2423400
2025-09-05T04:00:00.000Z,741.0931457455,741.0931457455,719.0703249249,723.6878662109,3958200
2025-09-08T04:00:00.000Z,726.1757586767,739.1028334456,715.736514717,735.0625,4534600
2025-09-09T04:00:00.000Z,730.6241909146,749.1938502774,730.3156947452,746.974609375,2986900
2025-09-10T04:00:00.000Z,744.4667467105,752.13936542,738.8938331639,750.9650878906,2477400
2025-09-11T04:00:00.000Z,748.8354217439,757.443550662,746.7356558875,752.6170654297,2197500
2025-09-12T04:00:00.000Z,756.4882014029,757.9112681007,744.3771621752,751.7313842773,2198300
2025-09-15T04:00:00.000Z,749.4226536721,752.6768354757,738.5157145148,744.5662841797,2790900
2025-09-16T04:00:00.000Z,741.7997141057,766.6488079896,740.9339326532,761.0062866211,3881300
2025-09-17T04:00:00.000Z,757.8018237524,773.1969286325,752.6768034753,756.448425293,3471200
2025-09-18T04:00:00.000Z,757.6924435174,768.7983660098,755.3339269029,759.2349243164,3464000
2025-09-19T04:00:00.000Z,761.2948370875,761.2948370875,745.5713741688,748.3478393555,7349500
2025-09-22T04:00:00.000Z,744.9344525547,758.349144635,742.6555657136,751.2935180664,2527400
2025-09-23T04:00:00.000Z,746.9346994803,749.352922739,739.5705163156,743.3620605469,2910100
2025-09-24T04:00:00.000Z,742.3768598605,743.3222707753,732.5944535078,738.2568969727,2243000
2025-09-25T04:00:00.000Z,734.0972004274,736.4159324651,708.6012915167,711.1290283203,5136400
2025-09-26T04:00:00.000Z,720.6128129419,725.4691821479,713.6069321437,721.0307617188,3559700
2025-09-29T04:00:00.000Z,722.035960671,724.3347703112,712.6118554967,722.9913330078,3309200
2025-09-30T04:00:00.000Z,723.4391396706,762.6383160935,721.7971068126,759.3045654297,6234300
2025-10-01T04:00:00.000Z,759.6030543027,829.2640193905,759.6030543027,821.4221801758,10124500
2025-10-02T04:00:00.000Z,810.4157501327,830.4184351234,808.8732694822,815.8791503906,4291800
2025-10-03T04:00:00.000Z,820.94450402,844.022188453,812.1472927793,835.8021850586,5088500
2025-10-06T04:00:00.000Z,835.8818784695,852.4213778883,834.5980874591,840.9571533203,3651400
2025-10-07T04:00:00.000Z,840.9074272281,844.4302601458,832.5282246645,839.5440673828,2610800
2025-10-08T04:00:00.000Z,845.8831398855,851.8540796964,840.897395425,841.623840332,2180900
2025-10-09T04:00:00.000Z,847.5649677501,856.0835062253,841.6039891484,851.2072143555,3071700
2025-10-10T04:00:00.000Z,853.8443619242,860.1635820319,826.0894298011,829.4530639648,3431000
2025-10-13T04:00:00.000Z,828.6470454254,831.2742736013,813.3912767273,815.4313964844,2167500
2025-10-14T04:00:00.000Z,818.1084046996,818.1084046996,802.0963065446,808.4155273438,1928400
2025-10-15T04:00:00.000Z,808.5648488469,826.1691739547,804.6638514447,822.5667114258,2355800
2025-10-16T04:00:00.000Z,821.0738815984,830.6572447297,811.4208502148,815.4114379883,2272900
2025-10-17T04:00:00.000Z,785.1388321677,800.5438380599,780.0535353964,798.9416503906,3983000
2025-10-20T04:00:00.000Z,801.6982194873,805.4897641144,795.8964996135,805.0419921875,2279700
2025-10-21T04:00:00.000Z,803.0217258572,809.0523725581,794.8415675777,795.6973876953,2099500
2025-10-22T04:00:00.000Z,794.5330408651,811.9880654801,789.9752067038,808.4950561523,2930600
2025-10-23T04:00:00.000Z,802.4943679504,820.7057229762,802.1162035543,817.0634155273,2632900
2025-10-24T04:00:00.000Z,811.261632517,830.1099009219,808.5647362689,821.4520263672,2211200
2025-10-27T04:00:00.000Z,821.0042045359,822.4173099173,807.549667711,822.4073486328,2114800
2025-10-28T04:00:00.000Z,821.9993781127,825.442641926,810.1072442112,816.1279296875,2493500
2025-10-29T04:00:00.000Z,823.3030712279,826.2686187003,805.7087083988,809.58984375,3591200
2025-10-30T04:00:00.000Z,833.4436934964,848.8686215551,808.3159881104,840.4097900391,6037200
2025-10-31T04:00:00.000Z,835.0956819186,865.6967508933,830.1497822019,858.6809082031,5015000
2025-11-03T05:00:00.000Z,862.333165184,896.9745675127,858.4420684693,892.1878662109,5401500
2025-11-04T05:00:00.000Z,887.092530568,910.787207118,879.36020498,902.4677124023,5911500
2025-11-05T05:00:00.000Z,906.5877210037,950.8324081562,903.4629145009,921.3259887695,7272900
2025-11-06T05:00:00.000Z,923.5054373597,945.2993938518,911.82230717,932.8997192383,6417400
2025-11-07T05:00:00.000Z,926.6600588674,927.4860559458,896.5367064863,919.8930053711,4373400
2025-11-10T05:00:00.000Z,935.1885134044,977.2338824447,933.8649380347,961.9582519531,5696600
2025-11-11T05:00:00.000Z,961.8686123323,995.1068675087,960.6147052814,983.8317260742,4166400
2025-11-12T05:00:00.000Z,988.3099884123,1017.4680667297,985.3045958287,1012.8505859375,5185200
2025-11-13T05:00:00.000Z,1005.1978229545,1027.9470290102,1005.1978229545,1017.9158935547,4153600
2025-11-14T05:00:00.000Z,1005.5877104721,1030.1244443886,1004.3817806157,1021.8126831055,3862300
2025-11-17T05:00:00.000Z,1000.3255756778,1028.6495082986,994.9239221459,1018.2448120117,4720000
2025-11-18T05:00:00.000Z,1010.5807349763,1037.2003656461,1010.5807349763,1026.5665283203,3430500
2025-11-19T05:00:00.000Z,1026.1579551415,1052.0201481912,1022.77940492,1046.0504150391,3571200
2025-11-20T05:00:00.000Z,1041.964205783,1053.4253137376,1034.7387246813,1039.76171875,3135700
2025-11-21T05:00:00.000Z,1037.4795000888,1063.0427801141,1034.4896456217,1056.1162109375,4266700
2025-11-24T05:00:00.000Z,1053.1961621764,1072.0820271033,1045.8311395866,1066.5408935547,5497200
2025-11-25T05:00:00.000Z,1072.1916491594,1107.3523663167,1069.6204181563,1106.1862792969,4181500
2025-11-26T05:00:00.000Z,1098.2731722641,1108.2293775868,1094.3863372504,1100.6052246094,3093700
2025-11-28T05:00:00.000Z,1093.0110212945,1095.33321943,1064.0791673869,1071.8328857422,2732200
2025-12-01T05:00:00.000Z,1070.7466013133,1080.483579999,1051.4321369084,1054.3123779297,3070200
2025-12-02T05:00:00.000Z,1049.010414419,1064.5677323088,1036.8417445569,1042.5822753906,3280000
2025-12-03T05:00:00.000Z,1042.8512641318,1047.9240163712,1018.8626583401,1030.0646972656,3447000
2025-12-04T05:00:00.000Z,1029.1378110101,1029.1378110101,1003.7738667812,1011.0591430664,3854900
2025-12-05T05:00:00.000Z,1020.377583714,1023.9155660856,1000.6046522671,1006.8933105469,2502100
2025-12-08T05:00:00.000Z,1007.3218005261,1010.7701211595,985.5357427698,994.2163085938,3088600
2025-12-09T05:00:00.000Z,999.4485767002,1008.5775722297,975.8685571036,978.8982543945,2569700
2025-12-10T05:00:00.000Z,981.6688677587,999.6079942761,973.8155119503,990.2796630859,2966300
2025-12-11T05:00:00.000Z,1004.7406098077,1028.0714747065,983.6621116551,1005.9664306641,4517000
2025-12-12T05:00:00.000Z,1005.348565368,1025.4204701196,1000.1063440066,1024.03515625,3275200
2025-12-15T05:00:00.000Z,1029.0581233022,1061.3983337279,1029.0581233022,1058.5977783203,4648400
2025-12-16T05:00:00.000Z,1059.9034237903,1064.6373600977,1032.7256268293,1050.724609375,4024500
2025-12-17T05:00:00.000Z,1060.7007296527,1060.7007296527,1032.905035271,1038.2668457031,3726600
2025-12-18T05:00:00.000Z,1038.2768283574,1075.6101050033,1036.0244616253,1053.3057861328,3848600
2025-12-19T05:00:00.000Z,1055.4286324254,1071.7432672259,1055.4286324254,1067.8165283203,5829100
2025-12-22T05:00:00.000Z,1073.0786561604,1079.8158045298,1059.4050844563,1072.8394775391,2625600
2025-12-23T05:00:00.000Z,1059.9033829505,1084.7988844126,1059.9033829505,1068.0158691406,2108600
2025-12-24T05:00:00.000Z,1071.0057162068,1082.0581771465,1069.0821896967,1073.3377685547,932800
2025-12-26T05:00:00.000Z,1073.3378091591,1077.7329293197,1064.687231637,1074.1052246094,1014600
2025-12-29T05:00:00.000Z,1074.3043958199,1081.8289108829,1070.7465228528,1075.0817871094,1653000
2025-12-30T05:00:00.000Z,1075.311143427,1078.7096455824,1068.4444293708,1076.0985107422,1251500
2025-12-31T05:00:00.000Z,1076.1084307368,1079.8357729107,1070.7964997577,1071.0456542969,1646700
2026-01-02T05:00:00.000Z,1072.7597301452,1077.0053329164,1048.5219102097,1076.7062988281,2469100
2026-01-05T05:00:00.000Z,1065.6138939378,1081.7092997134,1029.8851613176,1037.9876708984,4084800
2026-01-06T05:00:00.000Z,1040.5789964737,1067.2086051262,1036.4132005969,1060.4416503906,2690700
2026-01-07T05:00:00.000Z,1073.3578249145,1113.8803558783,1072.3213030334,1104.3426513672,4652800
2026-01-08T05:00:00.000Z,1109.9236375345,1130.1151315037,1066.530964898,1081.5200195312,3156000
2026-01-09T05:00:00.000Z,1083.1545837096,1100.7848240558,1059.4351420287,1059.9633789062,2561900
2026-01-12T05:00:00.000Z,1054.4219009724,1079.6961202191,1054.4219009724,1077.3441162109,2380200
2026-01-13T05:00:00.000Z,1079.3374066502,1086.5329601634,1065.4744147593,1073.5469970703,2194200
2026-01-14T05:00:00.000Z,1078.0917515393,1080.3341425178,1057.5315129459,1069.6604003906,1912600
2026-01-15T05:00:00.000Z,1058.9665794702,1064.0393315003,1009.1455898967,1029.4765625,4183400
2026-01-16T05:00:00.000Z,1020.9655793821,1046.3891963254,1014.5572711831,1034.8883056641,3829000
2026-01-20T05:00:00.000Z,1024.672977568,1042.3130701999,1012.5241998589,1037.7685546875,2484900
2026-01-21T05:00:00.000Z,1040.3297416362,1077.6729921562,1038.4959984204,1074.8725585938,3685900
2026-01-22T05:00:00.000Z,1074.8726146072,1091.7752193122,1068.1155144278,1083.7026367188,2478200
2026-01-23T05:00:00.000Z,1080.0649948157,1080.6529654745,1059.4250713516,1060.6907958984,2592900
2026-01-26T05:00:00.000Z,1058.617793094,1063.4713189249,1039.7916604516,1059.1560058594,2244900
2026-01-27T05:00:00.000Z,1060.5114131015,1069.7600594997,1031.3105718751,1035.9946289062,2587900
2026-01-28T05:00:00.000Z,1025.6296864105,1026.2076811389,1000.7441604838,1020.3376464844,3300200
2026-01-29T05:00:00.000Z,1021.8923586015,1036.4828627296,1014.5572637103,1020.6765136719,2293000
2026-01-30T05:00:00.000Z,1029.8056224323,1045.0238799724,1016.5505518675,1033.642578125,3303100
2026-02-02T05:00:00.000Z,1034.0611250286,1053.8341183368,1034.0611250286,1040.5989990234,2757100
2026-02-03T05:00:00.000Z,1037.2303360735,1045.2531608166,990.2198751305,1000.0664672852,5483900
2026-02-04T05:00:00.000Z,1071.4840744688,1110.2325920635,1061.3983039027,1103.3758544922,7119400
2026-02-05T05:00:00.000Z,1061.8966349651,1071.3645073556,1002.4284472028,1017.3876953125,7742400
2026-02-06T05:00:00.000Z,1052.428759348,1056.4351837493,1029.7756484154,1054.6014404297,4887100
2026-02-09T05:00:00.000Z,1073.4473662323,1103.1963924897,1039.3930032681,1041.1370849609,3423800
2026-02-10T05:00:00.000Z,1047.1068868306,1052.0800017961,1020.4174228803,1021.5336303711,3539400
2026-02-11T05:00:00.000Z,1023.0285304073,1026.6163314139,1009.1954656267,1011.7767333984,2599900
2026-02-12T05:00:00.000Z,1021.4040809661,1056.255789922,1008.5776097089,1034.7587890625,3592200
2026-02-13T05:00:00.000Z,1038.1927834268,1062.510906344,1031.9135537447,1038.2127685547,2698700
2026-02-17T05:00:00.000Z,1043.8131616142,1065.166418689,1033.1016200317,1034.2696533203,2984600
2026-02-18T05:00:00.000Z,1030.5859234499,1035.757075483,1009.5721090673,1018.8062133789,3236900
2026-02-19T05:00:00.000Z,1009.0829543395,1023.4681645325,1005.2695115422,1021.4616088867,2145800
2026-02-20T05:00:00.000Z,1022.1005406968,1026.8823483519,1000.7373519274,1007.7852172852,3249400
2026-02-23T05:00:00.000Z,1045.2207588155,1062.6207378376,1032.2231136508,1056.7409667969,4767600
2026-02-24T05:00:00.000Z,1041.1576829747,1057.0803466476,1022.320115197,1040.3591308594,2803100
2026-02-25T05:00:00.000Z,1034.7986940966,1051.8194440721,1025.2352002658,1027.0620117188,2481900
2026-02-26T05:00:00.000Z,1022.3201295431,1025.1553368949,1005.6488763422,1020.2637329102,2666400
2026-02-27T05:00:00.000Z,1017.4185232803,1051.1904029542,1015.611636231,1050.1821289062,4325900
2026-03-02T05:00:00.000Z,1042.8248698187,1054.3849263194,1011.2592120237,1016.2206420898,3094300
2026-03-03T05:00:00.000Z,1013.2557562247,1018.257156455,993.3600125791,1005.9982299805,2846000
2026-03-04T05:00:00.000Z,1009.8915446083,1013.9145874727,991.9523939097,1001.8453979492,1965500
2026-03-05T05:00:00.000Z,988.2987203015,991.8526001312,963.9406264593,981.5703125,3769900
2026-03-06T05:00:00.000Z,973.3245007709,989.5165980911,964.4298390655,988.6281738281,2627800
2026-03-09T04:00:00.000Z,985.1941118036,1007.1962156395,978.8949575433,1006.6571655273,2802200
2026-03-10T04:00:00.000Z,1004.2712450319,1010.2609343661,992.2918663635,999.6292114258,1663700
2026-03-11T04:00:00.000Z,998.3115020987,1001.2064819613,988.5981814337,998.1218261719,1446900
2026-03-12T04:00:00.000Z,991.7427905232,992.7909739356,971.4876194402,975.5706176758,2340100
2026-03-13T04:00:00.000Z,978.4457011692,1001.4959880541,976.3193565918,983.3872070312,1984400
2026-03-16T04:00:00.000Z,990.2752976177,996.4546627567,973.8336299823,987.4202270508,2289900
2026-03-17T04:00:00.000Z,977.237763161,979.4838966607,923.6600091426,928.7512207031,5637500
2026-03-18T04:00:00.000Z,923.4104199289,927.4035460692,903.5545855734,916.4723510742,3443800
2026-03-19T04:00:00.000Z,912.4293543512,922.9412885225,909.2947356003,915.9233398438,2379000
2026-03-20T04:00:00.000Z,908.9852663896,923.7897990519,897.7446062242,905.1419067383,4818800
2026-03-23T04:00:00.000Z,911.92017961,925.1873800593,905.6709275209,908.9852294922,2817500
2026-03-24T04:00:00.000Z,905.4413416487,907.1084547322,894.0709004749,901.4682006836,2572700
2026-03-25T04:00:00.000Z,910.9219087844,920.5653425404,907.5277881211,914.7353515625,2177700
2026-03-26T04:00:00.000Z,910.8121323586,914.7752808955,894.7497552881,895.4585571289,2163200
2026-03-27T04:00:00.000Z,894.4602639056,899.2819808262,875.602710906,876.7307739258,2740800
2026-03-30T04:00:00.000Z,886.9531807909,895.8878129376,881.592413689,885.1063842773,3070200
2026-03-31T04:00:00.000Z,891.9545843906,922.5519386829,890.6069286521,918.189453125,3464200
2026-04-01T04:00:00.000Z,925.2871837627,975.0015914677,924.3986985831,952.879699707,6267900
2026-04-02T04:00:00.000Z,943.3760237356,956.0442184915,928.4217862644,933.9722290039,2727100
2026-04-06T04:00:00.000Z,930.4382803521,934.3914970823,918.1994001721,925.4668579102,1821100
2026-04-07T04:00:00.000Z,922.9112880457,931.0572386409,896.9060659931,929.4899902344,2726900
2026-04-08T04:00:00.000Z,939.9020790414,959.488358482,931.5264820837,951.6618041992,2568000
2026-04-09T04:00:00.000Z,946.8400394833,962.1038028462,937.6758224853,953.5485229492,1672100
2026-04-10T04:00:00.000Z,962.0339403844,962.2835107696,933.9322906419,937.8555297852,1958900
2026-04-13T04:00:00.000Z,938.3546520722,944.2745151105,925.5766607891,927.9525756836,2089600
2026-04-14T04:00:00.000Z,923.4104377726,938.3147740674,913.4675315564,920.9147338867,2360200
2026-04-15T04:00:00.000Z,921.9130237081,928.4018538696,886.5040059044,903.4747924805,4233400
2026-04-16T04:00:00.000Z,910.1033183857,918.4190207098,896.60659334,902.4365234375,2836600
2026-04-17T04:00:00.000Z,916.2227707821,928.391825,916.2227707821,925.4369506836,3266100
2026-04-20T04:00:00.000Z,925.3071846536,928.0424663269,910.9319060922,918.3192138672,1926300
2026-04-21T04:00:00.000Z,908.6358547094,911.4809326787,879.5958183868,901.4682006836,4062800
2026-04-22T04:00:00.000Z,904.8423820879,920.9545992998,900.679504335,919.8964233398,2623800
2026-04-23T04:00:00.000Z,927.8926781306,928.4018114534,910.3229477913,916.073059082,2149200
2026-04-24T04:00:00.000Z,898.4633856614,898.8726542867,870.2319542407,882.4409790039,4463700
2026-04-27T04:00:00.000Z,876.620995711,889.6685430796,866.548307909,866.7779541016,2700300
2026-04-28T04:00:00.000Z,870.401680059,876.6409395475,861.8663243345,872.498046875,2561300
2026-04-29T04:00:00.000Z,864.5517248181,867.5266452462,849.0484441524,849.747253418,3904600
2026-04-30T04:00:00.000Z,897.2355055866,943.8751895675,895.2588667184,932.9938964844,8236700
2026-05-01T04:00:00.000Z,947.319267313,982.7582615245,942.1780930764,961.6745605469,4352400
2026-05-04T04:00:00.000Z,958.3502971423,972.5458316722,950.1244668406,966.2666625977,3696900
2026-05-05T04:00:00.000Z,970.2198533705,991.0938934085,962.7526660739,987.1706542969,2955500
2026-05-06T04:00:00.000Z,989.6463581053,994.777539729,981.8098725642,985.3537597656,3921200
2026-05-07T04:00:00.000Z,983.6766911133,987.3004580329,965.4380676032,973.2846069336,3494900
2026-05-08T04:00:00.000Z,972.3960973209,978.3158994826,945.881742319,946.8201293945,3559200
2026-05-11T04:00:00.000Z,947.3691720921,993.2901224781,941.639045858,965.3282470703,3517500
