Date,Open,High,Low,Close,Volume
2021-01-04T05:00:00.000Z,239.8200073242,248.1633300781,239.0633392334,243.2566680908,145914600
2021-01-05T05:00:00.000Z,241.2200012207,246.9466705322,239.7333374023,245.0366668701,96735600
2021-01-06T05:00:00.000Z,252.8300018311,258.0,249.6999969482,251.9933319092,134100000
2021-01-07T05:00:00.000Z,259.2099914551,272.3299865723,258.3999938965,272.0133361816,154496700
2021-01-08T05:00:00.000Z,285.3333435059,294.8299865723,279.4633178711,293.3399963379,225166500
2021-01-11T05:00:00.000Z,283.1333312988,284.8099975586,267.8733215332,270.3966674805,177904800
2021-01-12T05:00:00.000Z,277.0,289.3333435059,275.7799987793,283.1466674805,138812100
2021-01-13T05:00:00.000Z,284.253326416,286.8233337402,277.3333435059,284.8033447266,99937500
2021-01-14T05:00:00.000Z,281.1300048828,287.6666564941,279.5833435059,281.6666564941,93798900
2021-01-15T05:00:00.000Z,284.0,286.6333312988,273.0333251953,275.3866577148,116332800
2021-01-19T05:00:00.000Z,279.2666625977,283.3333435059,277.6666564941,281.5166625977,76101000
2021-01-20T05:00:00.000Z,286.246673584,286.5,279.0933227539,283.4833374023,76997700
2021-01-21T05:00:00.000Z,285.0,285.2399902344,280.4733276367,281.6633300781,61563300
2021-01-22T05:00:00.000Z,278.1033325195,282.6666564941,276.2066650391,282.2133178711,60199500
2021-01-25T05:00:00.000Z,285.0,300.1333312988,279.6066589355,293.6000061035,123520200
2021-01-26T05:00:00.000Z,297.1266784668,298.6333312988,290.5333251953,294.3633422852,69394800
2021-01-27T05:00:00.000Z,290.1166687012,297.1666564941,286.2200012207,288.0533447266,82002000
2021-01-28T05:00:00.000Z,273.3333435059,282.6666564941,267.0,278.4766540527,79134000
2021-01-29T05:00:00.000Z,276.6666564941,280.8033447266,260.0333251953,264.5100097656,104972400
2021-02-01T05:00:00.000Z,271.4299926758,280.6666564941,265.1866760254,279.9366760254,76174200
2021-02-02T05:00:00.000Z,281.5599975586,293.5,280.7333374023,290.9299926758,73038600
2021-02-03T05:00:00.000Z,292.3399963379,292.6933288574,284.3533325195,284.8966674805,55030500
2021-02-04T05:00:00.000Z,285.0,285.5,277.8066711426,283.3299865723,47438100
2021-02-05T05:00:00.000Z,281.6666564941,288.256652832,279.6566772461,284.0766601562,55699800
2021-02-08T05:00:00.000Z,289.8900146484,292.5899963379,284.9166564941,287.8066711426,60485100
2021-02-09T05:00:00.000Z,285.0400085449,286.6000061035,280.5833435059,283.1533203125,45473100
2021-02-10T05:00:00.000Z,281.2133178711,281.6066589355,266.6733398438,268.2733459473,108648300
2021-02-11T05:00:00.000Z,270.8133239746,276.6266784668,267.243347168,270.5533447266,64868400
2021-02-12T05:00:00.000Z,267.0866699219,272.4433288574,261.7766723633,272.0400085449,71304900
2021-02-16T05:00:00.000Z,272.6666564941,273.6666564941,264.1466674805,265.4066772461,59406900
2021-02-17T05:00:00.000Z,259.6966552734,266.6133422852,254.003326416,266.049987793,77989500
2021-02-18T05:00:00.000Z,260.299987793,264.8966674805,258.756652832,262.4599914551,53871300
2021-02-19T05:00:00.000Z,265.0,265.5966796875,259.1233215332,260.4333190918,56874900
2021-02-22T05:00:00.000Z,254.2133331299,256.1666564941,236.7333374023,238.1666717529,111809100
2021-02-23T05:00:00.000Z,220.7100067139,237.8699951172,206.3333282471,232.9466705322,199820700
2021-02-24T05:00:00.000Z,237.2833404541,248.3333282471,231.3899993896,247.3399963379,110301000
2021-02-25T05:00:00.000Z,242.0500030518,245.7366638184,223.5266723633,227.4066619873,117071700
2021-02-26T05:00:00.000Z,233.3333282471,235.5666656494,219.8366699219,225.1666717529,123267600
2021-03-01T05:00:00.000Z,230.0366668701,239.6666717529,228.3500061035,239.4766693115,81408600
2021-03-02T05:00:00.000Z,239.4266662598,240.3699951172,228.3333282471,228.8133392334,71196600
2021-03-03T05:00:00.000Z,229.3300018311,233.5666656494,217.2366638184,217.7333374023,90624000
2021-03-04T05:00:00.000Z,218.6000061035,222.8166656494,200.0,207.1466674805,197758500
2021-03-05T05:00:00.000Z,208.6866607666,209.2799987793,179.8300018311,199.3166656494,268189500
2021-03-08T05:00:00.000Z,200.1833343506,206.7100067139,186.2633361816,187.6666717529,155361000
2021-03-09T05:00:00.000Z,202.7266693115,226.0299987793,198.4033355713,224.5266723633,202569900
2021-03-10T05:00:00.000Z,233.4333343506,239.2833404541,218.3533325195,222.6866607666,181817100
2021-03-11T05:00:00.000Z,233.1333312988,234.1666717529,225.7266693115,233.1999969482,108761700
2021-03-12T05:00:00.000Z,223.3333282471,231.626663208,222.046661377,231.2433319092,100751400
2021-03-15T04:00:00.000Z,231.3633270264,237.7266693115,228.0133361816,235.9799957275,88006800
2021-03-16T04:00:00.000Z,234.4499969482,235.9733276367,223.6666717529,225.626663208,96587100
2021-03-17T04:00:00.000Z,218.9566650391,234.5766601562,217.003326416,233.9366607666,121117500
2021-03-18T04:00:00.000Z,228.0966644287,229.7433319092,217.3333282471,217.7200012207,99674400
2021-03-19T04:00:00.000Z,215.5333404541,219.0766601562,208.2066650391,218.2899932861,128682000
2021-03-22T04:00:00.000Z,228.1966705322,233.2066650391,222.9166717529,223.3333282471,118536600
2021-03-23T04:00:00.000Z,225.2566680908,225.9333343506,219.1699981689,220.7200012207,91475700
2021-03-24T04:00:00.000Z,222.6366729736,222.6733398438,210.0366668701,210.0899963379,101385600
2021-03-25T04:00:00.000Z,204.3333282471,215.1666717529,203.1666717529,213.4633331299,117674700
2021-03-26T04:00:00.000Z,213.9566650391,214.6066741943,199.9633331299,206.2366638184,101558400
2021-03-29T04:00:00.000Z,205.2133331299,205.4933319092,198.6733398438,203.7633361816,85911000
2021-03-30T04:00:00.000Z,200.5833282471,212.5533294678,197.003326416,211.873336792,118297200
2021-03-31T04:00:00.000Z,215.5399932861,224.0,213.703338623,222.6433258057,100011900
2021-04-01T04:00:00.000Z,229.4566650391,230.8066711426,219.8066711426,220.5833282471,105895200
2021-04-05T04:00:00.000Z,235.9033355713,236.0533294678,228.2333374023,230.3500061035,125528400
2021-04-06T04:00:00.000Z,230.1000061035,232.1833343506,227.123336792,230.5399932861,84815400
2021-04-07T04:00:00.000Z,229.0,230.4600067139,222.6133270264,223.6566619873,78928200
2021-04-08T04:00:00.000Z,225.7933349609,229.8500061035,223.8833312988,227.9333343506,71772900
2021-04-09T04:00:00.000Z,225.9233398438,226.9900054932,223.1433258057,225.6733398438,64311300
2021-04-12T04:00:00.000Z,228.5666656494,234.9333343506,227.3633270264,233.9933319092,87407100
2021-04-13T04:00:00.000Z,237.5666656494,254.3333282471,236.8866729736,254.1066741943,133958400
2021-04-14T04:00:00.000Z,256.8999938965,260.2633361816,242.6766662598,244.0766601562,147052200
2021-04-15T04:00:00.000Z,247.6999969482,247.8966674805,240.4366607666,246.2833404541,83546700
2021-04-16T04:00:00.000Z,242.8833312988,249.8033294678,241.5333404541,246.5933380127,83938500
2021-04-19T04:00:00.000Z,239.8666687012,241.8000030518,230.6000061035,238.2100067139,119058600
2021-04-20T04:00:00.000Z,239.1399993896,245.75,236.8966674805,239.6633300781,106827000
2021-04-21T04:00:00.000Z,234.9233398438,248.2799987793,232.6666717529,248.0399932861,93646500
2021-04-22T04:00:00.000Z,247.1666717529,251.2566680908,239.3466644287,239.8966674805,106770900
2021-04-23T04:00:00.000Z,239.9333343506,245.7866668701,238.4866638184,243.1333312988,85110000
2021-04-26T04:00:00.000Z,247.0,249.7666625977,244.203338623,246.0666656494,93115500
2021-04-27T04:00:00.000Z,239.3200073242,241.3333282471,234.4499969482,234.9133300781,88311000
2021-04-28T04:00:00.000Z,232.1366729736,236.1666717529,231.1999969482,231.4666595459,66813000
2021-04-29T04:00:00.000Z,233.1699981689,234.0833282471,222.8333282471,225.6666717529,86536200
2021-04-30T04:00:00.000Z,222.5299987793,238.4900054932,222.046661377,236.4799957275,122276100
2021-05-03T04:00:00.000Z,234.6000061035,235.3333282471,226.8333282471,228.3000030518,81129300
2021-05-04T04:00:00.000Z,226.3133392334,227.8166656494,219.2333374023,224.5333404541,89217900
2021-05-05T04:00:00.000Z,227.0200042725,228.4333343506,222.4466705322,223.6466674805,65705700
2021-05-06T04:00:00.000Z,226.9199981689,227.0066680908,216.6666717529,221.1799926758,83353800
2021-05-07T04:00:00.000Z,221.9333343506,230.0,220.0733337402,224.123336792,70407600
2021-05-10T04:00:00.000Z,221.6333312988,221.6833343506,209.203338623,209.6799926758,94177200
2021-05-11T04:00:00.000Z,199.746673584,209.0333404541,198.5333404541,205.7333374023,139511700
2021-05-12T04:00:00.000Z,200.8300018311,206.8033294678,195.5899963379,196.6300048828,101470800
2021-05-13T04:00:00.000Z,200.5133361816,202.1533355713,186.5500030518,190.5633392334,132554700
2021-05-14T04:00:00.000Z,194.4700012207,197.623336792,190.1533355713,196.5800018311,100112700
2021-05-17T04:00:00.000Z,191.8500061035,196.5766601562,187.0666656494,192.2766723633,97171200
2021-05-18T04:00:00.000Z,189.3333282471,198.75,187.7933349609,192.623336792,110491800
2021-05-19T04:00:00.000Z,184.1833343506,188.7366638184,182.3266601562,187.8200073242,118735200
2021-05-20T04:00:00.000Z,191.6666717529,196.2833404541,190.3566741943,195.5933380127,92463300
2021-05-21T04:00:00.000Z,198.703338623,198.8933258057,193.3333282471,193.626663208,78091800
2021-05-24T04:00:00.000Z,193.8666687012,204.8266601562,191.2166595459,202.1466674805,103674300
2021-05-25T04:00:00.000Z,202.4366607666,204.6633300781,198.5700073242,201.5633392334,84017700
2021-05-26T04:00:00.000Z,202.5200042725,208.7233276367,200.5,206.376663208,85917900
2021-05-27T04:00:00.000Z,206.746673584,210.376663208,205.4033355713,210.2833404541,79111800
2021-05-28T04:00:00.000Z,209.5,211.8633270264,207.4600067139,208.4066619873,68211000
2021-06-01T04:00:00.000Z,209.2666625977,211.2666625977,206.8500061035,207.9666595459,54254700
2021-06-02T04:00:00.000Z,206.7100067139,207.7866668701,199.7133331299,201.7066650391,69908400
2021-06-03T04:00:00.000Z,200.6000061035,201.5166625977,190.4066619873,190.9466705322,90335700
2021-06-04T04:00:00.000Z,193.2366638184,200.203338623,192.3999938965,199.6833343506,72110700
2021-06-07T04:00:00.000Z,197.2766723633,203.3333282471,194.2933349609,201.7100067139,67631100
2021-06-08T04:00:00.000Z,207.6699981689,207.6966705322,198.5,201.1966705322,78160200
2021-06-09T04:00:00.000Z,200.7233276367,203.9299926758,199.2100067139,199.5933380127,49753800
2021-06-10T04:00:00.000Z,201.2933349609,205.5299987793,200.1666717529,203.373336792,71758800
2021-06-11T04:00:00.000Z,203.4100036621,204.1866607666,200.5066680908,203.296661377,48615900
2021-06-14T04:00:00.000Z,204.0766601562,208.496673584,203.0599975586,205.8966674805,61272000
2021-06-15T04:00:00.000Z,205.5633392334,205.5966644287,199.4100036621,199.7866668701,53292300
2021-06-16T04:00:00.000Z,199.1799926758,202.8333282471,197.8333282471,201.623336792,66432300
2021-06-17T04:00:00.000Z,200.6300048828,207.1566619873,200.4466705322,205.5333404541,68104200
2021-06-18T04:00:00.000Z,204.4566650391,209.4499969482,203.9333343506,207.7700042725,73682700
2021-06-21T04:00:00.000Z,208.1600036621,210.4633331299,202.9600067139,206.9433288574,74438100
2021-06-22T04:00:00.000Z,206.0833282471,209.5233306885,205.1666717529,207.9033355713,57476700
2021-06-23T04:00:00.000Z,210.6666717529,219.0666656494,210.0133361816,218.8566741943,93297600
2021-06-24T04:00:00.000Z,224.996673584,232.5399932861,222.5366668701,226.6066741943,137947200
2021-06-25T04:00:00.000Z,229.8600006104,231.2700042725,222.8999938965,223.9566650391,97490100
2021-06-28T04:00:00.000Z,223.8800048828,231.5666656494,223.4400024414,229.5733337402,64884600
2021-06-29T04:00:00.000Z,228.2166595459,229.1699981689,225.296661377,226.9199981689,52143900
2021-06-30T04:00:00.000Z,226.5899963379,230.9366607666,226.046661377,226.5666656494,56774700
2021-07-01T04:00:00.000Z,227.9733276367,229.3300018311,224.2666625977,225.9733276367,55903500
2021-07-02T04:00:00.000Z,226.3266601562,233.3333282471,224.4199981689,226.3000030518,81163500
2021-07-06T04:00:00.000Z,227.2366638184,228.0,217.1333312988,219.8600006104,69853500
2021-07-07T04:00:00.000Z,221.4233398438,221.8999938965,212.7733306885,214.8833312988,56376000
2021-07-08T04:00:00.000Z,209.4566650391,218.1433258057,206.8200073242,217.6033325195,68319900
2021-07-09T04:00:00.000Z,217.7266693115,219.6366729736,214.8966674805,218.9833374023,54421500
2021-07-12T04:00:00.000Z,220.7333374023,229.0800018311,220.7200012207,228.5666656494,77781000
2021-07-13T04:00:00.000Z,228.7733306885,231.0933380127,222.1000061035,222.8466644287,62898300
2021-07-14T04:00:00.000Z,223.5833282471,226.203338623,217.6133270264,217.7933349609,64923600
2021-07-15T04:00:00.000Z,219.4633331299,222.046661377,212.626663208,216.8666687012,60628800
2021-07-16T04:00:00.000Z,218.2266693115,218.8999938965,214.0666656494,214.7400054932,49113000
2021-07-19T04:00:00.000Z,209.9633331299,215.7333374023,207.0966644287,215.4066619873,63891300
2021-07-20T04:00:00.000Z,217.3300018311,220.796661377,213.5,220.1666717529,46461300
2021-07-21T04:00:00.000Z,219.8699951172,221.6199951172,216.7633361816,218.4299926758,41859900
2021-07-22T04:00:00.000Z,218.8133392334,220.7233276367,214.8666687012,216.4199981689,45317100
2021-07-23T04:00:00.000Z,215.453338623,216.2666625977,212.4333343506,214.4600067139,43814700
2021-07-26T04:00:00.000Z,216.9900054932,222.7333374023,215.703338623,219.2066650391,76009800
2021-07-27T04:00:00.000Z,221.1333312988,222.1666717529,209.0800018311,214.9266662598,98439900
2021-07-28T04:00:00.000Z,215.6666717529,218.3233337402,213.1333312988,215.6600036621,48019800
2021-07-29T04:00:00.000Z,216.5966644287,227.8966674805,216.2666625977,225.7833404541,91183800
2021-07-30T04:00:00.000Z,223.9199981689,232.5099945068,223.0,229.0666656494,88969200
2021-08-02T04:00:00.000Z,233.3333282471,242.3133392334,232.8000030518,236.5566711426,100847400
2021-08-03T04:00:00.000Z,239.6666717529,240.8833312988,233.6699981689,236.5800018311,64860900
2021-08-04T04:00:00.000Z,237.0,241.6333312988,236.3099975586,236.9733276367,51007800
2021-08-05T04:00:00.000Z,238.6666717529,240.3166656494,237.1366729736,238.2100067139,38758800
2021-08-06T04:00:00.000Z,237.3000030518,238.7766723633,232.5433349609,233.0333404541,46869000
2021-08-09T04:00:00.000Z,236.7233276367,239.6766662598,235.0433349609,237.9199981689,44145900
2021-08-10T04:00:00.000Z,237.996673584,238.8633270264,233.9600067139,236.6633300781,40296900
2021-08-11T04:00:00.000Z,237.5700073242,238.3933258057,234.7366638184,235.9400024414,29401800
2021-08-12T04:00:00.000Z,235.4466705322,240.9333343506,233.1333312988,240.75,52377300
2021-08-13T04:00:00.000Z,241.2366638184,243.3000030518,238.1133270264,239.0566711426,50194500
2021-08-16T04:00:00.000Z,235.0233306885,236.5,225.4666595459,228.7233276367,68032200
2021-08-17T04:00:00.000Z,224.2200012207,224.8600006104,216.2799987793,221.9033355713,71163900
2021-08-18T04:00:00.000Z,223.25,231.9233398438,223.1166687012,229.6633300781,61048200
2021-08-19T04:00:00.000Z,226.0700073242,228.8500061035,222.5299987793,224.4900054932,42940500
2021-08-20T04:00:00.000Z,227.6166687012,230.7100067139,224.5666656494,226.753326416,44525700
2021-08-23T04:00:00.000Z,228.4799957275,237.376663208,226.9166717529,235.4333343506,60794700
2021-08-24T04:00:00.000Z,236.8933258057,238.4066619873,234.2133331299,236.1633300781,39249300
2021-08-25T04:00:00.000Z,235.6766662598,238.9900054932,234.6666717529,237.0666656494,37936800
2021-08-26T04:00:00.000Z,236.1033325195,238.4666595459,232.5399932861,233.7200012207,39642900
2021-08-27T04:00:00.000Z,235.0,238.3333282471,234.0333404541,237.3066711426,41501400
2021-08-30T04:00:00.000Z,238.2400054932,243.6666717529,237.5766601562,243.6366729736,55812600
2021-08-31T04:00:00.000Z,244.3333282471,246.796661377,242.1466674805,245.2400054932,62566200
2021-09-01T04:00:00.000Z,244.6933288574,247.3300018311,243.7566680908,244.6966705322,39612900
2021-09-02T04:00:00.000Z,244.8333282471,246.9900054932,243.5133361816,244.1300048828,38331900
2021-09-03T04:00:00.000Z,244.0833282471,244.6666717529,241.3999938965,244.5233306885,45738300
2021-09-07T04:00:00.000Z,246.6666717529,253.3999938965,246.4199981689,250.9733276367,60119400
2021-09-08T04:00:00.000Z,253.8600006104,254.8166656494,246.9233398438,251.2899932861,56379000
2021-09-09T04:00:00.000Z,251.1366729736,254.0333404541,250.5433349609,251.6199951172,42233100
2021-09-10T04:00:00.000Z,253.1999969482,254.203338623,244.8399963379,245.4233398438,45552600
2021-09-13T04:00:00.000Z,246.7366638184,248.2599945068,236.2833404541,247.6666717529,68857500
2021-09-14T04:00:00.000Z,247.5233306885,251.4900054932,245.4666595459,248.1633300781,55574700
2021-09-15T04:00:00.000Z,248.3333282471,252.2866668701,246.1199951172,251.9433288574,46073100
2021-09-16T04:00:00.000Z,250.9433288574,252.9700012207,249.203338623,252.3300018311,41770200
2021-09-17T04:00:00.000Z,252.3833312988,253.6799926758,250.0,253.1633300781,84612600
2021-09-20T04:00:00.000Z,244.8533325195,247.3333282471,239.5399932861,243.3899993896,74273100
2021-09-21T04:00:00.000Z,244.9299926758,248.246673584,243.4799957275,246.4600067139,48992100
2021-09-22T04:00:00.000Z,247.8433380127,251.2233276367,246.373336792,250.6466674805,45378900
2021-09-23T04:00:00.000Z,251.6666717529,252.7333374023,249.3066711426,251.2133331299,35842500
2021-09-24T04:00:00.000Z,248.6300048828,258.2666625977,248.1866607666,258.1300048828,64119000
2021-09-27T04:00:00.000Z,257.7066650391,266.3333435059,256.4366760254,263.7866821289,84212100
2021-09-28T04:00:00.000Z,262.3999938965,265.2133178711,255.3933258057,259.1866760254,76144200
2021-09-29T04:00:00.000Z,259.9333190918,264.5,256.8933410645,260.4366760254,62828700
2021-09-30T04:00:00.000Z,260.3333435059,263.0433349609,258.3333435059,258.493347168,53868000
2021-10-01T04:00:00.000Z,259.4666748047,260.2600097656,254.5299987793,258.4066772461,51094200
2021-10-04T04:00:00.000Z,265.5,268.9899902344,258.7066650391,260.5100097656,91449900
2021-10-05T04:00:00.000Z,261.6000061035,265.7699890137,258.0666809082,260.1966552734,55297800
2021-10-06T04:00:00.000Z,258.7333374023,262.2200012207,257.7399902344,260.9166564941,43898400
2021-10-07T04:00:00.000Z,261.8200073242,268.3333435059,261.1266784668,264.5366821289,57587400
2021-10-08T04:00:00.000Z,265.4033203125,265.4599914551,260.3033447266,261.8299865723,50215800
2021-10-11T04:00:00.000Z,262.549987793,267.0799865723,261.8333435059,263.9800109863,42600900
2021-10-12T04:00:00.000Z,266.9766540527,270.7733459473,265.5233459473,268.5733337402,66060000
2021-10-13T04:00:00.000Z,270.1566772461,271.8033447266,268.5933227539,270.3599853516,42360300
2021-10-14T04:00:00.000Z,271.8299865723,273.4166564941,271.1166687012,272.7733459473,36741600
2021-10-15T04:00:00.000Z,274.5799865723,281.0700073242,274.1166687012,281.0100097656,56773800
2021-10-18T04:00:00.000Z,283.9299926758,291.753326416,283.8233337402,290.0366821289,72621600
2021-10-19T04:00:00.000Z,292.5100097656,292.6499938965,287.503326416,288.0899963379,52143300
2021-10-20T04:00:00.000Z,288.450012207,289.8299865723,285.7933349609,288.6000061035,42096300
2021-10-21T04:00:00.000Z,285.3333435059,300.0,285.1666564941,298.0,94444500
2021-10-22T04:00:00.000Z,298.5,303.3333435059,296.9866638184,303.2266540527,68642400
2021-10-25T04:00:00.000Z,316.8433227539,348.3399963379,314.7333374023,341.6199951172,188556300
2021-10-26T04:00:00.000Z,341.5633239746,364.9800109863,333.8133239746,339.4766540527,187245000
2021-10-27T04:00:00.000Z,346.5533447266,356.9599914551,343.5933227539,345.953338623,115579500
2021-10-28T04:00:00.000Z,356.1033325195,360.3333435059,351.3999938965,359.0133361816,81639600
2021-10-29T04:00:00.000Z,360.6199951172,371.7366638184,357.7366638184,371.3333435059,89755200
2021-11-01T04:00:00.000Z,381.6666564941,403.25,372.8866577148,402.8633422852,168146100
2021-11-02T04:00:00.000Z,386.453338623,402.8633422852,382.0,390.6666564941,128213400
2021-11-03T04:00:00.000Z,392.4433288574,405.1300048828,384.2066650391,404.6199951172,103885500
2021-11-04T04:00:00.000Z,411.4700012207,414.496673584,405.6666564941,409.9700012207,76192200
2021-11-05T04:00:00.000Z,409.3333435059,413.2900085449,402.6666564941,407.3633422852,64886400
2021-11-08T05:00:00.000Z,383.2633361816,399.0,377.6666564941,387.6466674805,100337100
2021-11-09T05:00:00.000Z,391.200012207,391.5,337.1733398438,341.1666564941,177317400
2021-11-10T05:00:00.000Z,336.8033447266,359.3666687012,329.1033325195,355.9833374023,128408100
2021-11-11T05:00:00.000Z,367.5899963379,368.3233337402,351.5599975586,354.503326416,67189800
2021-11-12T05:00:00.000Z,349.1666564941,351.5,339.7333374023,344.4733276367,76719300
2021-11-15T05:00:00.000Z,339.2099914551,343.993347168,326.200012207,337.796661377,104326800
2021-11-16T05:00:00.000Z,334.4366760254,352.3999938965,334.0599975586,351.5766601562,79627200
2021-11-17T05:00:00.000Z,354.503326416,373.2133178711,351.8333435059,363.003326416,94336200
2021-11-18T05:00:00.000Z,368.8500061035,370.6666564941,358.3399963379,365.4599914551,62696700
2021-11-19T05:00:00.000Z,366.2900085449,379.5733337402,364.2333374023,379.0199890137,64926900
2021-11-22T05:00:00.000Z,387.4433288574,400.6499938965,377.4766540527,385.6233215332,99217500
2021-11-23T05:00:00.000Z,389.1700134277,393.5,354.2333374023,369.6766662598,108515100
2021-11-24T05:00:00.000Z,360.1300048828,377.5899963379,354.0,372.0,67680600
2021-11-26T05:00:00.000Z,366.4899902344,369.5933227539,360.3333435059,360.6400146484,35042700
2021-11-29T05:00:00.000Z,366.996673584,380.8900146484,366.7300109863,378.996673584,58393500
2021-11-30T05:00:00.000Z,381.4566650391,389.3333435059,372.6666564941,381.5866699219,81276000
2021-12-01T05:00:00.000Z,386.8999938965,390.9466552734,363.5866699219,365.0,68450400
2021-12-02T05:00:00.000Z,366.3533325195,371.0,352.2166748047,361.5333251953,73114800
2021-12-03T05:00:00.000Z,361.5966796875,363.5266723633,333.4033203125,338.3233337402,92322000
2021-12-06T05:00:00.000Z,333.8366699219,340.546661377,316.8333435059,336.3366699219,81663000
2021-12-07T05:00:00.000Z,348.0666809082,352.5566711426,342.2699890137,350.5833435059,56084700
2021-12-08T05:00:00.000Z,350.9033203125,357.4599914551,344.3333435059,356.3200073242,41906400
2021-12-09T05:00:00.000Z,353.546661377,354.1633300781,334.1199951172,334.6000061035,59438400
2021-12-10T05:00:00.000Z,336.25,340.3266601562,327.5100097656,339.0100097656,59664300
2021-12-13T05:00:00.000Z,333.6966552734,335.0,317.1400146484,322.1366577148,78595500
2021-12-14T05:00:00.000Z,315.0,322.1366577148,310.0,319.503326416,70806300
2021-12-15T05:00:00.000Z,317.7366638184,326.25,309.4166564941,325.3299865723,75169200
2021-12-16T05:00:00.000Z,331.5,331.6600036621,307.2833251953,308.9733276367,82771500
2021-12-17T05:00:00.000Z,304.9233398438,320.2200012207,303.0133361816,310.8566589355,100437300
2021-12-20T05:00:00.000Z,303.5666809082,307.2300109863,297.796661377,299.9800109863,56480100
2021-12-21T05:00:00.000Z,305.6233215332,313.1666564941,295.3733215332,312.8433227539,71517900
2021-12-22T05:00:00.000Z,321.8866577148,338.5533447266,319.0166625977,336.2900085449,93634200
2021-12-23T05:00:00.000Z,335.6000061035,357.6600036621,332.5199890137,355.6666564941,92713200
2021-12-27T05:00:00.000Z,357.8900146484,372.3333435059,356.9066772461,364.6466674805,71145900
2021-12-28T05:00:00.000Z,369.8299865723,373.0,359.4733276367,362.8233337402,60324000
2021-12-29T05:00:00.000Z,366.2133178711,368.0,354.7133178711,362.0633239746,56154000
2021-12-30T05:00:00.000Z,353.7766723633,365.1833190918,351.049987793,356.7799987793,47040900
2021-12-31T05:00:00.000Z,357.8133239746,360.6666564941,351.5299987793,352.2600097656,40733700
2022-01-03T05:00:00.000Z,382.5833435059,400.3566589355,378.6799926758,399.9266662598,103931400
2022-01-04T05:00:00.000Z,396.5166625977,402.6666564941,374.3500061035,383.1966552734,100248300
2022-01-05T05:00:00.000Z,382.2166748047,390.1133422852,360.3366699219,362.7066650391,80119800
2022-01-06T05:00:00.000Z,359.0,362.6666564941,340.1666564941,354.8999938965,90336600
2022-01-07T05:00:00.000Z,360.1233215332,360.3099975586,336.6666564941,342.3200073242,84164700
2022-01-10T05:00:00.000Z,333.3333435059,353.0333251953,326.6666564941,352.7066650391,91815000
2022-01-11T05:00:00.000Z,351.2233276367,358.6166687012,346.2733459473,354.799987793,66063300
2022-01-12T05:00:00.000Z,359.6166687012,371.6133422852,357.5299987793,368.7399902344,83739000
2022-01-13T05:00:00.000Z,369.6900024414,371.8666687012,342.1799926758,343.8533325195,97209900
2022-01-14T05:00:00.000Z,339.9599914551,350.6666564941,337.7933349609,349.8699951172,72924300
2022-01-18T05:00:00.000Z,342.203338623,356.9299926758,338.6866760254,343.503326416,66743400
2022-01-19T05:00:00.000Z,347.2366638184,351.5566711426,331.6666564941,331.8833312988,75442500
2022-01-20T05:00:00.000Z,336.5766601562,347.2200012207,331.3333435059,332.0899963379,70488600
2022-01-21T05:00:00.000Z,332.1133422852,334.8500061035,313.5,314.6333312988,103416000
2022-01-24T05:00:00.000Z,301.5866699219,311.1700134277,283.8233337402,310.0,151565700
2022-01-25T05:00:00.000Z,304.7333374023,317.0866699219,301.0700073242,306.1333312988,86595900
2022-01-26T05:00:00.000Z,317.4766540527,329.2300109863,302.0,312.4700012207,104867400
2022-01-27T05:00:00.000Z,311.1199951172,311.796661377,276.3333435059,276.3666687012,147109500
2022-01-28T05:00:00.000Z,277.1866760254,285.8333435059,264.003326416,282.1166687012,134789100
2022-01-31T05:00:00.000Z,290.9033203125,312.6633300781,287.3500061035,312.2399902344,104436000
2022-02-01T05:00:00.000Z,311.7366638184,314.5666809082,301.6666564941,310.4166564941,73138200
2022-02-02T05:00:00.000Z,309.3933410645,310.5,296.4700012207,301.8866577148,66792900
2022-02-03T05:00:00.000Z,294.0,312.3333435059,293.506652832,297.046661377,78855600
2022-02-04T05:00:00.000Z,299.0733337402,312.1666564941,293.7233276367,307.7733459473,73625400
2022-02-07T05:00:00.000Z,307.9299926758,315.9233398438,300.9033203125,302.4466552734,60994500
2022-02-08T05:00:00.000Z,301.8433227539,308.7633361816,298.2666625977,307.3333435059,50729100
2022-02-09T05:00:00.000Z,311.6666564941,315.4233398438,306.6666564941,310.6666564941,52259400
2022-02-10T05:00:00.000Z,302.7900085449,314.6033325195,298.8999938965,301.5166625977,66126900
2022-02-11T05:00:00.000Z,303.2099914551,305.3200073242,283.5666809082,286.6666564941,79645800
2022-02-14T05:00:00.000Z,287.1900024414,299.6266784668,284.3833312988,291.9200134277,67756500
2022-02-15T05:00:00.000Z,300.0,307.6666564941,297.7933349609,307.4766540527,57286200
2022-02-16T05:00:00.000Z,304.6833190918,308.8099975586,300.4033203125,307.796661377,51294300
2022-02-17T05:00:00.000Z,304.4200134277,306.1666564941,291.3666687012,292.1166687012,55178400
2022-02-18T05:00:00.000Z,295.3333435059,295.6233215332,279.203338623,285.6600036621,68501700
2022-02-22T05:00:00.000Z,278.0433349609,285.5766601562,267.0333251953,273.8433227539,83288100
2022-02-23T05:00:00.000Z,276.8099975586,278.4333190918,253.5200042725,254.6799926758,95256900
2022-02-24T05:00:00.000Z,233.4633331299,267.493347168,233.3333282471,266.9233398438,135322200
2022-02-25T05:00:00.000Z,269.743347168,273.1666564941,260.799987793,269.9566650391,76067700
2022-02-28T05:00:00.000Z,271.6700134277,292.2866821289,271.5700073242,290.1433410645,99006900
2022-03-01T05:00:00.000Z,289.8933410645,296.6266784668,284.5933227539,288.1233215332,74766900
2022-03-02T05:00:00.000Z,290.7099914551,295.493347168,281.4233398438,293.296661377,74643300
2022-03-03T05:00:00.000Z,292.9233398438,295.4800109863,277.5333251953,279.7633361816,61623600
2022-03-04T05:00:00.000Z,283.0333251953,285.2166748047,275.0533447266,279.4299926758,66999600
2022-03-07T05:00:00.000Z,285.4333190918,288.7133178711,268.1900024414,268.1933288574,72494100
2022-03-08T05:00:00.000Z,265.1766662598,283.3299865723,260.7233276367,274.799987793,80399100
2022-03-09T05:00:00.000Z,279.8266601562,286.8533325195,277.3366699219,286.3233337402,59184000
2022-03-10T05:00:00.000Z,283.8166809082,284.8166809082,270.1199951172,279.4333190918,58648500
2022-03-11T05:00:00.000Z,280.0666809082,281.2666625977,264.5899963379,265.1166687012,67037100
2022-03-14T04:00:00.000Z,260.203338623,266.8999938965,252.0133361816,255.4566650391,71152200
2022-03-15T04:00:00.000Z,258.4233398438,268.5233459473,252.1900024414,267.296661377,66841200
2022-03-16T04:00:00.000Z,269.6666564941,280.6666564941,267.4200134277,280.0766601562,84028800
2022-03-17T04:00:00.000Z,276.996673584,291.6666564941,275.2399902344,290.5333251953,66582900
2022-03-18T04:00:00.000Z,291.496673584,302.6166687012,289.1300048828,301.796661377,100414200
2022-03-21T04:00:00.000Z,304.993347168,314.2833251953,302.3633422852,307.0533447266,81981600
2022-03-22T04:00:00.000Z,310.0,332.6199951172,307.25,331.3266601562,105868500
2022-03-23T04:00:00.000Z,326.6466674805,346.8999938965,325.4666748047,333.0366821289,120676200
2022-03-24T04:00:00.000Z,336.5766601562,341.496673584,329.6000061035,337.9733276367,68920800
2022-03-25T04:00:00.000Z,336.0,340.6000061035,332.4400024414,336.8800048828,62031600
2022-03-28T04:00:00.000Z,355.0333251953,365.9599914551,351.200012207,363.9466552734,102506100
2022-03-29T04:00:00.000Z,369.3299865723,371.5899963379,357.703338623,366.5233459473,73614900
2022-03-30T04:00:00.000Z,363.7233276367,371.3166809082,361.3333435059,364.6633300781,59865000
2022-03-31T04:00:00.000Z,364.8566589355,367.7133178711,358.8800048828,359.200012207,48992700
2022-04-01T04:00:00.000Z,360.3833312988,364.9166564941,355.546661377,361.5299987793,54263100
2022-04-04T04:00:00.000Z,363.1266784668,383.3033447266,357.5100097656,381.8166809082,82035900
2022-04-05T04:00:00.000Z,378.7666625977,384.2900085449,362.4333190918,363.753326416,80075100
2022-04-06T04:00:00.000Z,357.8233337402,359.6666564941,342.5666809082,348.5866699219,89348400
2022-04-07T04:00:00.000Z,350.796661377,358.8633422852,340.5133361816,352.4200134277,79447200
2022-04-08T04:00:00.000Z,347.7366638184,349.4800109863,340.8133239746,341.8299865723,55013700
2022-04-11T04:00:00.000Z,326.799987793,336.1566772461,324.8800048828,325.3099975586,59357100
2022-04-12T04:00:00.000Z,332.546661377,340.3966674805,325.5333251953,328.9833374023,65976000
2022-04-13T04:00:00.000Z,327.0266723633,342.0799865723,324.3666687012,340.7900085449,55121100
2022-04-14T04:00:00.000Z,333.0966796875,337.5700073242,327.3966674805,328.3333435059,58422300
2022-04-18T04:00:00.000Z,329.6766662598,338.3066711426,324.4700012207,334.7633361816,51715200
2022-04-19T04:00:00.000Z,335.0199890137,344.9800109863,331.7766723633,342.7166748047,49847700
2022-04-20T04:00:00.000Z,343.3333435059,344.6666564941,325.0833435059,325.7333374023,70711200
2022-04-21T04:00:00.000Z,358.243347168,364.0733337402,332.1400146484,336.2600097656,105416400
2022-04-22T04:00:00.000Z,338.3033447266,344.950012207,331.3333435059,335.0166625977,69696600
2022-04-25T04:00:00.000Z,326.3233337402,336.2066650391,325.1000061035,332.6733398438,68341200
2022-04-26T04:00:00.000Z,331.8099975586,333.3333435059,291.6666564941,292.1400146484,136133700
2022-04-27T04:00:00.000Z,299.5266723633,306.0,292.453338623,293.8366699219,76956300
2022-04-28T04:00:00.000Z,299.993347168,300.0,273.8999938965,292.503326416,124948500
2022-04-29T04:00:00.000Z,300.75,311.4666748047,290.0,290.253326416,88133100
2022-05-02T04:00:00.000Z,286.9233398438,302.1199951172,282.6766662598,300.9800109863,75781500
2022-05-03T04:00:00.000Z,301.0599975586,308.0266723633,296.1966552734,303.0833435059,63709500
2022-05-04T04:00:00.000Z,301.3133239746,318.5,295.0933227539,317.5400085449,81643800
2022-05-05T04:00:00.000Z,313.006652832,315.200012207,285.8999938965,291.0933227539,92519100
2022-05-06T04:00:00.000Z,295.6666564941,296.0,281.0366821289,288.549987793,72903000
2022-05-09T04:00:00.000Z,278.8166809082,281.8766784668,260.3833312988,262.3699951172,90810300
2022-05-10T04:00:00.000Z,273.1033325195,275.1199951172,258.0833435059,266.6799926758,84401700
2022-05-11T04:00:00.000Z,265.0,269.9233398438,242.3999938965,244.6666717529,97224600
2022-05-12T04:00:00.000Z,233.6666717529,253.2200012207,226.6666717529,242.6666717529,140313000
2022-05-13T04:00:00.000Z,257.8266601562,262.450012207,250.5233306885,256.5299987793,92150700
2022-05-16T04:00:00.000Z,255.7200012207,256.5866699219,239.6966705322,241.4566650391,86098500
2022-05-17T04:00:00.000Z,249.1199951172,254.8266601562,242.9499969482,253.8699951172,80236200
2022-05-18T04:00:00.000Z,248.1733398438,253.5,233.6033325195,236.6033325195,87811800
2022-05-19T04:00:00.000Z,235.6666717529,244.6666717529,231.3699951172,236.4733276367,90296700
2022-05-20T04:00:00.000Z,237.996673584,240.5266723633,211.0,221.3000030518,144973200
2022-05-23T04:00:00.000Z,218.3399963379,226.6533355713,212.6866607666,224.9666595459,88903500
2022-05-24T04:00:00.000Z,217.8433380127,217.9733276367,206.8566741943,209.3866729736,89092500
2022-05-25T04:00:00.000Z,207.9499969482,223.1066741943,207.6699981689,219.6000061035,92139300
2022-05-26T04:00:00.000Z,220.4733276367,239.5566711426,217.8866729736,235.9100036621,106003200
2022-05-27T04:00:00.000Z,241.0833282471,253.2666625977,240.1766662598,253.2100067139,89295000
2022-05-31T04:00:00.000Z,257.9466552734,259.6000061035,244.7433319092,252.753326416,101914500
2022-06-01T04:00:00.000Z,251.7200012207,257.3266601562,243.6399993896,246.7899932861,77247900
2022-06-02T04:00:00.000Z,244.1566619873,264.2099914551,242.0666656494,258.3333435059,93473100
2022-06-03T04:00:00.000Z,243.2266693115,247.796661377,233.4166717529,234.5166625977,112393800
2022-06-06T04:00:00.000Z,244.3533325195,244.8666687012,234.3500061035,238.2799987793,84204600
2022-06-07T04:00:00.000Z,234.0,239.996673584,230.0933380127,238.8866729736,72808500
2022-06-08T04:00:00.000Z,240.0866699219,249.9633331299,239.1766662598,241.8666687012,76210500
2022-06-09T04:00:00.000Z,249.3399963379,255.546661377,239.3266601562,239.7066650391,96491400
2022-06-10T04:00:00.000Z,235.1566619873,239.5,227.9133300781,232.2299957275,97536600
2022-06-13T04:00:00.000Z,223.1666717529,226.6333312988,214.6833343506,215.7366638184,102767400
2022-06-14T04:00:00.000Z,218.2866668701,226.3300018311,211.7366638184,220.8899993896,97988700
2022-06-15T04:00:00.000Z,220.9166717529,235.6633300781,218.1499938965,233.0,119131800
2022-06-16T04:00:00.000Z,222.7366638184,225.1666717529,208.6933288574,213.1000061035,107390700
2022-06-17T04:00:00.000Z,213.4333343506,220.9700012207,213.1966705322,216.7599945068,92641800
2022-06-21T04:00:00.000Z,224.6033325195,243.5766601562,224.3333282471,237.0366668701,122793000
2022-06-22T04:00:00.000Z,234.503326416,246.8333282471,233.8266601562,236.0866699219,101107500
2022-06-23T04:00:00.000Z,237.9066619873,239.3166656494,228.6366729736,235.0700073242,104202600
2022-06-24T04:00:00.000Z,237.4700012207,246.0666656494,236.0866699219,245.7066650391,95770800
2022-06-27T04:00:00.000Z,249.3666687012,252.0700073242,242.5666656494,244.9199981689,89178300
2022-06-28T04:00:00.000Z,244.4833374023,249.9700012207,232.3433380127,232.6633300781,90391200
2022-06-29T04:00:00.000Z,230.5,231.1733398438,222.2733306885,228.4900054932,82897200
2022-06-30T04:00:00.000Z,224.5099945068,229.4566650391,218.8633270264,224.4733276367,94600500
2022-07-01T04:00:00.000Z,227.0,230.2299957275,222.1199951172,227.2633361816,74460300
2022-07-05T04:00:00.000Z,223.0,233.1466674805,216.1666717529,233.0666656494,84581100
2022-07-06T04:00:00.000Z,230.7799987793,234.5633392334,227.1866607666,231.7333374023,71853600
2022-07-07T04:00:00.000Z,233.9199981689,245.3633270264,232.2100067139,244.5433349609,81930600
2022-07-08T04:00:00.000Z,242.3333282471,254.9799957275,241.1600036621,250.7633361816,101854200
2022-07-11T04:00:00.000Z,252.1033325195,253.0633392334,233.626663208,234.3433380127,99241200
2022-07-12T04:00:00.000Z,236.8466644287,239.7733306885,228.3699951172,233.0700073242,87930900
2022-07-13T04:00:00.000Z,225.5,242.0599975586,225.0333404541,237.0399932861,97954500
2022-07-14T04:00:00.000Z,234.8966674805,238.6533355713,229.3333282471,238.3133392334,78557400
2022-07-15T04:00:00.000Z,240.0,243.623336792,236.8899993896,240.0666656494,69683100
2022-07-18T04:00:00.000Z,244.9366607666,250.5166625977,239.6033325195,240.546661377,82537500
2022-07-19T04:00:00.000Z,245.0,247.1399993896,236.9766693115,245.5299987793,80890200
2022-07-20T04:00:00.000Z,246.7833404541,250.6633300781,243.4833374023,247.5,88864200
2022-07-21T04:00:00.000Z,255.1066741943,273.2666625977,254.8666687012,271.7066650391,142032300
2022-07-22T04:00:00.000Z,276.2200012207,280.7866821289,270.7133178711,272.243347168,103472700
2022-07-25T04:00:00.000Z,272.2166748047,274.1466674805,267.3999938965,268.4333190918,64073400
2022-07-26T04:00:00.000Z,266.5133361816,267.3099975586,256.2633361816,258.8599853516,66820800
2022-07-27T04:00:00.000Z,263.8099975586,275.9266662598,261.7900085449,274.8200073242,88110000
2022-07-28T04:00:00.000Z,280.0666809082,283.299987793,272.799987793,280.8999938965,84723000
2022-07-29T04:00:00.000Z,280.700012207,298.3200073242,279.1000061035,297.1499938965,95313000
2022-08-01T04:00:00.000Z,301.2766723633,311.8766784668,295.0,297.2766723633,117042900
2022-08-02T04:00:00.000Z,294.003326416,307.8333435059,292.6666564941,300.5866699219,95577600
2022-08-03T04:00:00.000Z,305.0,309.549987793,301.1499938965,307.3966674805,80091000
2022-08-04T04:00:00.000Z,311.0,313.6066589355,305.0,308.6333312988,72256200
2022-08-05T04:00:00.000Z,302.6700134277,304.6066589355,285.5433349609,288.1700134277,113172900
2022-08-08T04:00:00.000Z,295.0,305.200012207,289.0866699219,290.4233398438,98994000
2022-08-09T04:00:00.000Z,290.2933349609,292.3966674805,279.3533325195,283.3333435059,86244600
2022-08-10T04:00:00.000Z,297.0666809082,297.5100097656,283.3699951172,294.3566589355,94918800
2022-08-11T04:00:00.000Z,296.5133361816,298.2366638184,285.8333435059,286.6300048828,70155000
2022-08-12T04:00:00.000Z,289.4166564941,300.1600036621,285.0333251953,300.0299987793,79657200
2022-08-15T04:00:00.000Z,301.7866821289,313.1333312988,301.2300109863,309.3200073242,89359200
2022-08-16T04:00:00.000Z,311.6666564941,314.6666564941,302.8833312988,306.5633239746,88136400
2022-08-17T04:00:00.000Z,303.3966674805,309.6566772461,300.0333251953,303.996673584,68766000
2022-08-18T04:00:00.000Z,306.0,306.5,301.8533325195,302.8699951172,47500500
2022-08-19T04:00:00.000Z,299.0,300.3599853516,292.5,296.6666564941,61395300
2022-08-22T04:00:00.000Z,291.9133300781,292.3999938965,286.296661377,289.9133300781,55843200
2022-08-23T04:00:00.000Z,291.453338623,298.8266601562,287.9233398438,296.453338623,63984900
2022-08-24T04:00:00.000Z,297.5633239746,303.6466674805,296.5,297.0966796875,57259800
2022-08-25T04:00:00.000Z,302.3599853516,302.9599914551,291.6000061035,296.0700073242,53230000
2022-08-26T04:00:00.000Z,297.4299926758,302.0,287.4700012207,288.0899963379,57163900
2022-08-29T04:00:00.000Z,282.8299865723,287.7399902344,280.700012207,284.8200073242,41864700
2022-08-30T04:00:00.000Z,287.8699951172,288.4800109863,272.6499938965,277.700012207,50541800
2022-08-31T04:00:00.000Z,280.6199951172,281.25,271.8099975586,275.6099853516,52107300
2022-09-01T04:00:00.000Z,272.5799865723,277.5799865723,266.1499938965,277.1600036621,54287000
2022-09-02T04:00:00.000Z,281.0700073242,282.3500061035,269.0799865723,270.2099914551,50890100
2022-09-06T04:00:00.000Z,272.6799926758,275.9899902344,265.7399902344,274.4200134277,55860000
2022-09-07T04:00:00.000Z,273.1000061035,283.8399963379,272.2699890137,283.700012207,50028900
2022-09-08T04:00:00.000Z,281.299987793,289.5,279.7600097656,289.2600097656,53713100
2022-09-09T04:00:00.000Z,291.6700134277,299.8500061035,291.25,299.6799926758,54338100
2022-09-12T04:00:00.000Z,300.7200012207,305.4899902344,300.3999938965,304.4200134277,48674600
2022-09-13T04:00:00.000Z,292.8999938965,297.3999938965,290.3999938965,292.1300048828,68229600
2022-09-14T04:00:00.000Z,292.2399902344,306.0,291.6400146484,302.6099853516,72628700
2022-09-15T04:00:00.000Z,301.8299865723,309.1199951172,300.7200012207,303.75,64795500
2022-09-16T04:00:00.000Z,299.6099853516,303.7099914551,295.6000061035,303.3500061035,87087800
2022-09-19T04:00:00.000Z,300.0899963379,309.8399963379,297.799987793,309.0700073242,60231200
2022-09-20T04:00:00.000Z,306.9100036621,313.3299865723,305.5799865723,308.7300109863,61642800
2022-09-21T04:00:00.000Z,308.2900085449,313.799987793,300.6300048828,300.799987793,62555700
2022-09-22T04:00:00.000Z,299.8599853516,301.2900085449,285.8200073242,288.5899963379,70545400
2022-09-23T04:00:00.000Z,283.0899963379,284.5,272.8200073242,275.3299865723,63748400
2022-09-26T04:00:00.000Z,271.8299865723,284.0899963379,270.3099975586,276.0100097656,58076900
2022-09-27T04:00:00.000Z,283.8399963379,288.6700134277,277.5100097656,282.9400024414,61925200
2022-09-28T04:00:00.000Z,283.0799865723,289.0,277.5700073242,287.8099975586,54664800
2022-09-29T04:00:00.000Z,282.7600097656,283.6499938965,265.7799987793,268.2099914551,77620600
2022-09-30T04:00:00.000Z,266.1499938965,275.5700073242,262.4700012207,265.25,67726600
2022-10-03T04:00:00.000Z,254.5,255.1600036621,241.0099945068,242.3999938965,98363500
2022-10-04T04:00:00.000Z,250.5200042725,257.5,242.0099945068,249.4400024414,109578500
2022-10-05T04:00:00.000Z,245.0099945068,246.6699981689,233.2700042725,240.8099975586,86982700
2022-10-06T04:00:00.000Z,239.4400024414,244.5800018311,235.3500061035,238.1300048828,69298400
2022-10-07T04:00:00.000Z,233.9400024414,234.5700073242,222.0200042725,223.0700073242,83916800
2022-10-10T04:00:00.000Z,223.9299926758,226.9900054932,218.3600006104,222.9600067139,67925000
2022-10-11T04:00:00.000Z,220.9499969482,225.75,215.0,216.5,77013200
2022-10-12T04:00:00.000Z,215.3300018311,219.3000030518,211.5099945068,217.2400054932,66860700
2022-10-13T04:00:00.000Z,208.3000030518,222.9900054932,206.2200012207,221.7200012207,91483000
2022-10-14T04:00:00.000Z,224.0099945068,226.2599945068,204.1600036621,204.9900054932,94124500
2022-10-17T04:00:00.000Z,210.0399932861,221.8600006104,209.4499969482,219.3500061035,79428800
2022-10-18T04:00:00.000Z,229.5,229.8200073242,217.25,220.1900024414,75891900
2022-10-19T04:00:00.000Z,219.8000030518,222.9299926758,217.7799987793,222.0399932861,66571500
2022-10-20T04:00:00.000Z,208.2799987793,215.5500030518,202.0,207.2799987793,117798100
2022-10-21T04:00:00.000Z,206.4199981689,214.6600036621,203.8000030518,214.4400024414,75713800
2022-10-24T04:00:00.000Z,205.8200073242,213.5,198.5899963379,211.25,100446800
2022-10-25T04:00:00.000Z,210.1000061035,224.3500061035,210.0,222.4199981689,96507900
2022-10-26T04:00:00.000Z,219.3999938965,230.6000061035,218.1999969482,224.6399993896,85012500
2022-10-27T04:00:00.000Z,229.7700042725,233.8099975586,222.8500061035,225.0899963379,61638800
2022-10-28T04:00:00.000Z,225.3999938965,228.8600006104,216.3500061035,228.5200042725,69152400
2022-10-31T04:00:00.000Z,226.1900024414,229.8500061035,221.9400024414,227.5399932861,61554300
2022-11-01T04:00:00.000Z,234.0500030518,237.3999938965,227.2799987793,227.8200073242,62688800
2022-11-02T04:00:00.000Z,226.0399932861,227.8699951172,214.8200073242,214.9799957275,63070300
2022-11-03T04:00:00.000Z,211.3600006104,221.1999969482,210.1399993896,215.3099975586,56538800
2022-11-04T04:00:00.000Z,222.6000061035,223.8000030518,203.0800018311,207.4700012207,98622200
2022-11-07T05:00:00.000Z,208.6499938965,208.8999938965,196.6600036621,197.0800018311,93916500
2022-11-08T05:00:00.000Z,194.0200042725,195.1999969482,186.75,191.3000030518,128803400
2022-11-09T05:00:00.000Z,190.7799987793,195.8899993896,177.1199951172,177.5899963379,127062700
2022-11-10T05:00:00.000Z,189.8999938965,191.0,180.0299987793,190.7200012207,132703000
2022-11-11T05:00:00.000Z,186.0,196.5200042725,182.5899963379,195.9700012207,114403600
2022-11-14T05:00:00.000Z,192.7700042725,195.7299957275,186.3399963379,190.9499969482,92226600
2022-11-15T05:00:00.000Z,195.8800048828,200.8200073242,192.0599975586,194.4199981689,91293800
2022-11-16T05:00:00.000Z,191.5099945068,192.5700073242,185.6600036621,186.9199981689,66567600
2022-11-17T05:00:00.000Z,183.9600067139,186.1600036621,180.8999938965,183.1699981689,64336000
2022-11-18T05:00:00.000Z,185.0500030518,185.1900024414,176.5500030518,180.1900024414,76048900
2022-11-21T05:00:00.000Z,175.8500061035,176.7700042725,167.5399932861,167.8699951172,92882700
2022-11-22T05:00:00.000Z,168.6300048828,170.9199981689,166.1900024414,169.9100036621,78452300
2022-11-23T05:00:00.000Z,173.5700073242,183.6199951172,172.5,183.1999969482,109536700
2022-11-25T05:00:00.000Z,185.0599975586,185.1999969482,180.6300048828,182.8600006104,50672700
2022-11-28T05:00:00.000Z,179.9600067139,188.5,179.0,182.9199981689,92905200
2022-11-29T05:00:00.000Z,184.9900054932,186.3800048828,178.75,180.8300018311,83357100
2022-11-30T05:00:00.000Z,182.4299926758,194.7599945068,180.6300048828,194.6999969482,109186400
2022-12-01T05:00:00.000Z,197.0800018311,198.9199981689,191.8000030518,194.6999969482,80046200
2022-12-02T05:00:00.000Z,191.7799987793,196.25,191.1100006104,194.8600006104,73645900
2022-12-05T05:00:00.000Z,189.4400024414,191.2700042725,180.5500030518,182.4499969482,93122700
2022-12-06T05:00:00.000Z,181.2200012207,183.6499938965,175.3300018311,179.8200073242,92150800
2022-12-07T05:00:00.000Z,175.0299987793,179.3800048828,172.2200012207,174.0399932861,84213300
2022-12-08T05:00:00.000Z,172.1999969482,175.1999969482,169.0599975586,173.4400024414,97624500
2022-12-09T05:00:00.000Z,173.8399963379,182.5,173.3600006104,179.0500030518,104872300
2022-12-12T05:00:00.000Z,176.1000061035,177.3699951172,167.5200042725,167.8200073242,109794500
2022-12-13T05:00:00.000Z,174.8699951172,175.0500030518,156.9100036621,160.9499969482,175862700
2022-12-14T05:00:00.000Z,159.25,161.6199951172,155.3099975586,156.8000030518,140682300
2022-12-15T05:00:00.000Z,153.4400024414,160.9299926758,153.2799987793,157.6699981689,122334500
2022-12-16T05:00:00.000Z,159.6399993896,160.9900054932,150.0399932861,150.2299957275,139032200
2022-12-19T05:00:00.000Z,154.0,155.25,145.8200073242,149.8699951172,139390600
2022-12-20T05:00:00.000Z,146.0500030518,148.4700012207,137.6600036621,137.8000030518,159563300
2022-12-21T05:00:00.000Z,139.3399963379,141.2599945068,135.8899993896,137.5700073242,145417400
2022-12-22T05:00:00.000Z,136.0,136.6300048828,122.2600021362,125.3499984741,210090300
2022-12-23T05:00:00.000Z,126.3700027466,128.6199951172,121.0199966431,123.1500015259,166989700
2022-12-27T05:00:00.000Z,117.5,119.6699981689,108.7600021362,109.0999984741,208643400
2022-12-28T05:00:00.000Z,110.3499984741,116.2699966431,108.2399978638,112.7099990845,221070500
2022-12-29T05:00:00.000Z,120.3899993896,123.5699996948,117.5,121.8199996948,221923300
2022-12-30T05:00:00.000Z,119.9499969482,124.4800033569,119.75,123.1800003052,157777300
2023-01-03T05:00:00.000Z,118.4700012207,118.8000030518,104.6399993896,108.0999984741,231402800
2023-01-04T05:00:00.000Z,109.1100006104,114.5899963379,107.5199966431,113.6399993896,180389000
2023-01-05T05:00:00.000Z,110.5100021362,111.75,107.1600036621,110.3399963379,157986300
2023-01-06T05:00:00.000Z,103.0,114.3899993896,101.8099975586,113.0599975586,220911100
2023-01-09T05:00:00.000Z,118.9599990845,123.5199966431,117.1100006104,119.7699966431,190284000
2023-01-10T05:00:00.000Z,121.0699996948,122.7600021362,114.9199981689,118.8499984741,167642500
2023-01-11T05:00:00.000Z,122.0899963379,125.9499969482,120.5100021362,123.2200012207,183810800
2023-01-12T05:00:00.000Z,122.5599975586,124.1299972534,117.0,123.5599975586,169400900
2023-01-13T05:00:00.000Z,116.5500030518,122.6299972534,115.5999984741,122.4000015259,180714100
2023-01-17T05:00:00.000Z,125.6999969482,131.6999969482,125.0199966431,131.4900054932,186477000
2023-01-18T05:00:00.000Z,136.5599975586,136.6799926758,127.0100021362,128.7799987793,195680300
2023-01-19T05:00:00.000Z,127.2600021362,129.9900054932,124.3099975586,127.1699981689,170291900
2023-01-20T05:00:00.000Z,128.6799926758,133.5099945068,127.3499984741,133.4199981689,138858100
2023-01-23T05:00:00.000Z,135.8699951172,145.3800048828,134.2700042725,143.75,203119200
2023-01-24T05:00:00.000Z,143.0,146.5,141.1000061035,143.8899993896,158699100
2023-01-25T05:00:00.000Z,141.9100036621,146.4100036621,138.0700073242,144.4299926758,192734300
2023-01-26T05:00:00.000Z,159.9700012207,161.4199981689,154.7599945068,160.2700042725,234815100
2023-01-27T05:00:00.000Z,162.4299926758,180.6799926758,161.1699981689,177.8999938965,306590600
2023-01-30T05:00:00.000Z,178.0500030518,179.7700042725,166.5,166.6600036621,230878800
2023-01-31T05:00:00.000Z,164.5700073242,174.3000030518,162.7799987793,173.2200012207,196813500
2023-02-01T05:00:00.000Z,173.8899993896,183.8099975586,169.9299926758,181.4100036621,213806300
2023-02-02T05:00:00.000Z,187.3300018311,196.75,182.6100006104,188.2700042725,217448300
2023-02-03T05:00:00.000Z,183.9499969482,199.0,183.6900024414,189.9799957275,232662000
2023-02-06T05:00:00.000Z,193.0099945068,198.1699981689,189.9199981689,194.7599945068,186188100
2023-02-07T05:00:00.000Z,196.4299926758,197.5,189.5500030518,196.8099975586,186010300
2023-02-08T05:00:00.000Z,196.1000061035,203.0,194.3099975586,201.2899932861,180673600
2023-02-09T05:00:00.000Z,207.7799987793,214.0,204.7700042725,207.3200073242,215431400
2023-02-10T05:00:00.000Z,202.2299957275,206.1999969482,192.8899993896,196.8899993896,204754100
2023-02-13T05:00:00.000Z,194.4199981689,196.3000030518,187.6100006104,194.6399993896,172475500
2023-02-14T05:00:00.000Z,191.9400024414,209.8200073242,189.4400024414,209.25,216455700
2023-02-15T05:00:00.000Z,211.7599945068,214.6600036621,206.1100006104,214.2400054932,181006400
2023-02-16T05:00:00.000Z,210.7799987793,217.6499938965,201.8399963379,202.0399932861,229586500
2023-02-17T05:00:00.000Z,199.9900054932,208.4400024414,197.5,208.3099975586,213738500
2023-02-21T05:00:00.000Z,204.9900054932,209.7100067139,197.2200012207,197.3699951172,180018600
2023-02-22T05:00:00.000Z,197.9299926758,201.9900054932,191.7799987793,200.8600006104,191828500
2023-02-23T05:00:00.000Z,203.9100036621,205.1399993896,196.3300018311,202.0700073242,146360000
2023-02-24T05:00:00.000Z,196.3300018311,197.6699981689,192.8000030518,196.8800048828,142228100
2023-02-27T05:00:00.000Z,202.0299987793,209.4199981689,201.2599945068,207.6300048828,161028300
2023-02-28T05:00:00.000Z,210.5899963379,211.2299957275,203.75,205.7100067139,153144900
2023-03-01T05:00:00.000Z,206.2100067139,207.1999969482,198.5200042725,202.7700042725,156852800
2023-03-02T05:00:00.000Z,186.7400054932,193.75,186.0099945068,190.8999938965,181500700
2023-03-03T05:00:00.000Z,194.8000030518,200.4799957275,192.8800048828,197.7899932861,154193300
2023-03-06T05:00:00.000Z,198.5399932861,198.6000061035,192.3000030518,193.8099975586,128100100
2023-03-07T05:00:00.000Z,191.3800048828,194.1999969482,186.1000061035,187.7100067139,148125800
2023-03-08T05:00:00.000Z,185.0399932861,186.5,180.0,182.0,151897800
2023-03-09T05:00:00.000Z,180.25,185.1799926758,172.5099945068,172.9199981689,170023800
2023-03-10T05:00:00.000Z,175.1300048828,178.2899932861,168.4400024414,173.4400024414,191488900
2023-03-13T04:00:00.000Z,167.4600067139,177.3500061035,163.9100036621,174.4799957275,167790300
2023-03-14T04:00:00.000Z,177.3099975586,183.8000030518,177.1399993896,183.2599945068,143717900
2023-03-15T04:00:00.000Z,180.8000030518,182.3399963379,176.0299987793,180.4499969482,145995600
2023-03-16T04:00:00.000Z,180.3699951172,185.8099975586,178.8399963379,184.1300048828,121136800
2023-03-17T04:00:00.000Z,184.5200042725,186.2200012207,177.3300018311,180.1300048828,133197100
2023-03-20T04:00:00.000Z,178.0800018311,186.4400024414,176.3500061035,183.25,129684400
2023-03-21T04:00:00.000Z,188.2799987793,198.0,188.0399932861,197.5800018311,153391400
2023-03-22T04:00:00.000Z,199.3000030518,200.6600036621,190.9499969482,191.1499938965,150376400
2023-03-23T04:00:00.000Z,195.2599945068,199.3099975586,188.6499938965,192.2200012207,144193900
2023-03-24T04:00:00.000Z,191.6499938965,192.3600006104,187.1499938965,190.4100036621,116312400
2023-03-27T04:00:00.000Z,194.4199981689,197.3899993896,189.9400024414,191.8099975586,120851600
2023-03-28T04:00:00.000Z,192.0,192.3500061035,185.4299926758,189.1900024414,98654600
2023-03-29T04:00:00.000Z,193.1300048828,195.2899932861,189.4400024414,193.8800048828,123660000
2023-03-30T04:00:00.000Z,195.5800018311,197.3300018311,194.4199981689,195.2799987793,110252200
2023-03-31T04:00:00.000Z,197.5299987793,207.7899932861,197.1999969482,207.4600067139,170222100
2023-04-03T04:00:00.000Z,199.9100036621,202.6900024414,192.1999969482,194.7700042725,169545900
2023-04-04T04:00:00.000Z,197.3200073242,198.7400054932,190.3200073242,192.5800018311,126463800
2023-04-05T04:00:00.000Z,190.5200042725,190.6799926758,183.7599945068,185.5200042725,133882500
2023-04-06T04:00:00.000Z,183.0800018311,186.3899993896,179.7400054932,185.0599975586,123857900
2023-04-10T04:00:00.000Z,179.9400024414,185.1000061035,176.1100006104,184.5099945068,142154600
2023-04-11T04:00:00.000Z,186.6900024414,189.1900024414,185.6499938965,186.7899932861,115770900
2023-04-12T04:00:00.000Z,190.7400054932,191.5800018311,180.3099975586,180.5399932861,150256300
2023-04-13T04:00:00.000Z,182.9600067139,186.5,180.9400024414,185.8999938965,112933000
2023-04-14T04:00:00.000Z,183.9499969482,186.2799987793,182.0099945068,185.0,96438700
2023-04-17T04:00:00.000Z,186.3200073242,189.6900024414,182.6900024414,187.0399932861,116662200
2023-04-18T04:00:00.000Z,187.1499938965,187.6900024414,183.5800018311,184.3099975586,92067000
2023-04-19T04:00:00.000Z,179.1000061035,183.5,177.6499938965,180.5899963379,125732700
2023-04-20T04:00:00.000Z,166.1699981689,169.6999969482,160.5599975586,162.9900054932,210970800
2023-04-21T04:00:00.000Z,164.8000030518,166.0,161.3200073242,165.0800018311,123539000
2023-04-24T04:00:00.000Z,164.6499938965,165.6499938965,158.6100006104,162.5500030518,140006600
2023-04-25T04:00:00.000Z,159.8200073242,163.4700012207,158.75,160.6699981689,121999300
2023-04-26T04:00:00.000Z,160.2899932861,160.6699981689,153.1399993896,153.75,153364100
2023-04-27T04:00:00.000Z,152.6399993896,160.4799957275,152.3699951172,160.1900024414,127015200
2023-04-28T04:00:00.000Z,160.8999938965,165.0,157.3200073242,164.3099975586,122515800
2023-05-01T04:00:00.000Z,163.1699981689,163.2799987793,158.8300018311,161.8300018311,109015000
2023-05-02T04:00:00.000Z,161.8800048828,165.4900054932,158.9299926758,160.3099975586,128259700
2023-05-03T04:00:00.000Z,160.0099945068,165.0,159.9100036621,160.6100006104,119728000
2023-05-04T04:00:00.000Z,162.7100067139,162.9499969482,159.6499938965,161.1999969482,95108500
2023-05-05T04:00:00.000Z,163.9700012207,170.7899932861,163.5099945068,170.0599975586,107607300
2023-05-08T04:00:00.000Z,173.7200012207,173.8000030518,169.1900024414,171.7899932861,112249400
2023-05-09T04:00:00.000Z,168.9499969482,169.8200073242,166.5599975586,169.1499938965,88965000
2023-05-10T04:00:00.000Z,172.5500030518,174.4299926758,166.6799926758,168.5399932861,119840700
2023-05-11T04:00:00.000Z,168.6999969482,173.5700073242,166.7899932861,172.0800018311,103889900
2023-05-12T04:00:00.000Z,176.0700073242,177.3800048828,167.2299957275,167.9799957275,157849600
2023-05-15T04:00:00.000Z,167.6600036621,169.7599945068,164.5500030518,166.3500061035,105592500
2023-05-16T04:00:00.000Z,165.6499938965,169.5200042725,164.3500061035,166.5200042725,98288800
2023-05-17T04:00:00.000Z,168.4100036621,174.5,167.1900024414,173.8600006104,125473600
2023-05-18T04:00:00.000Z,174.2200012207,177.0599975586,172.4499969482,176.8899993896,109520300
2023-05-19T04:00:00.000Z,177.1699981689,181.9499969482,176.3099975586,180.1399993896,136196700
2023-05-22T04:00:00.000Z,180.6999969482,189.3200073242,180.1100006104,188.8699951172,132001400
2023-05-23T04:00:00.000Z,186.1999969482,192.9600067139,185.2599945068,185.7700042725,156952100
2023-05-24T04:00:00.000Z,182.2299957275,184.2200012207,178.2200012207,182.8999938965,137605100
2023-05-25T04:00:00.000Z,186.5399932861,186.7799987793,180.5800018311,184.4700012207,96870700
2023-05-26T04:00:00.000Z,184.6199951172,198.6000061035,184.5299987793,193.1699981689,162061500
2023-05-30T04:00:00.000Z,200.1000061035,204.4799957275,197.5299987793,201.1600036621,128818700
2023-05-31T04:00:00.000Z,199.7799987793,203.9499969482,195.1199951172,203.9299926758,150711700
2023-06-01T04:00:00.000Z,202.5899963379,209.8000030518,199.3699951172,207.5200042725,148029900
2023-06-02T04:00:00.000Z,210.1499938965,217.25,209.75,213.9700012207,164398400
2023-06-05T04:00:00.000Z,217.8000030518,221.2899932861,214.5200042725,217.6100006104,151143100
2023-06-06T04:00:00.000Z,216.1399993896,221.9100036621,212.5299987793,221.3099975586,146911600
2023-06-07T04:00:00.000Z,228.0,230.8300018311,223.1999969482,224.5700073242,185710800
2023-06-08T04:00:00.000Z,224.2200012207,235.2299957275,223.0099945068,234.8600006104,164489700
2023-06-09T04:00:00.000Z,249.0700073242,252.4199981689,242.0200042725,244.3999938965,200242400
2023-06-12T04:00:00.000Z,247.9400024414,250.9700012207,244.5899963379,249.8300018311,150337900
2023-06-13T04:00:00.000Z,253.5099945068,259.6799926758,251.3399963379,258.7099914551,162384300
2023-06-14T04:00:00.000Z,260.1700134277,261.5700073242,250.5,256.7900085449,170575500
2023-06-15T04:00:00.000Z,248.3999938965,258.950012207,247.2899932861,255.8999938965,160171200
2023-06-16T04:00:00.000Z,258.9200134277,263.6000061035,257.2099914551,260.5400085449,167915600
2023-06-20T04:00:00.000Z,261.5,274.75,261.1199951172,274.450012207,165611200
2023-06-21T04:00:00.000Z,275.1300048828,276.9899902344,257.7799987793,259.4599914551,211797100
2023-06-22T04:00:00.000Z,250.7700042725,265.0,248.25,264.6099853516,166875900
2023-06-23T04:00:00.000Z,259.2900085449,262.450012207,252.8000030518,256.6000061035,177460800
2023-06-26T04:00:00.000Z,250.0700073242,258.3699951172,240.6999969482,241.0500030518,179990600
2023-06-27T04:00:00.000Z,243.2400054932,250.3899993896,240.8500061035,250.2100067139,164968200
2023-06-28T04:00:00.000Z,249.6999969482,259.8800048828,248.8899993896,256.2399902344,159770800
2023-06-29T04:00:00.000Z,258.0299987793,260.7399902344,253.6100006104,257.5,131283400
2023-06-30T04:00:00.000Z,260.6000061035,264.450012207,259.8900146484,261.7699890137,112620800
2023-07-03T04:00:00.000Z,276.4899902344,284.25,275.1099853516,279.8200073242,119685900
2023-07-05T04:00:00.000Z,278.8200073242,283.8500061035,277.6000061035,282.4800109863,131530900
2023-07-06T04:00:00.000Z,278.0899963379,279.9700012207,272.8800048828,276.5400085449,120332100
2023-07-07T04:00:00.000Z,278.4299926758,280.7799987793,273.7699890137,274.4299926758,113879200
2023-07-10T04:00:00.000Z,276.4700012207,277.5199890137,265.1000061035,269.6099853516,119425400
2023-07-11T04:00:00.000Z,268.6499938965,270.8999938965,266.3699951172,269.7900085449,91972400
2023-07-12T04:00:00.000Z,276.3299865723,276.5199890137,271.4599914551,271.9899902344,95672100
2023-07-13T04:00:00.000Z,274.5899963379,279.450012207,270.6000061035,277.8999938965,112681500
2023-07-14T04:00:00.000Z,277.0100097656,285.299987793,276.3099975586,281.3800048828,120062400
2023-07-17T04:00:00.000Z,286.6300048828,292.2300109863,283.5700073242,290.3800048828,131569600
2023-07-18T04:00:00.000Z,290.1499938965,295.2600097656,286.0100097656,293.3399963379,112120300
2023-07-19T04:00:00.000Z,296.0400085449,299.2900085449,289.5199890137,291.2600097656,142355400
2023-07-20T04:00:00.000Z,279.5599975586,280.9299926758,261.200012207,262.8999938965,175158300
2023-07-21T04:00:00.000Z,268.0,268.0,255.8000030518,260.0199890137,161796100
2023-07-24T04:00:00.000Z,255.8500061035,269.8500061035,254.1199951172,269.0599975586,136508500
2023-07-25T04:00:00.000Z,272.3800048828,272.8999938965,265.0,265.2799987793,112757300
2023-07-26T04:00:00.000Z,263.25,268.0400085449,261.75,264.3500061035,95856200
2023-07-27T04:00:00.000Z,268.3099975586,269.1300048828,255.3000030518,255.7100067139,103697300
2023-07-28T04:00:00.000Z,259.8599853516,267.25,258.2300109863,266.4400024414,111446000
2023-07-31T04:00:00.000Z,267.4800109863,269.0799865723,263.7799987793,267.4299926758,84582200
2023-08-01T04:00:00.000Z,266.2600097656,266.4700012207,260.25,261.0700073242,83166000
2023-08-02T04:00:00.000Z,255.5700073242,259.5199890137,250.4900054932,254.1100006104,101752900
2023-08-03T04:00:00.000Z,252.0399932861,260.4899902344,252.0,259.3200073242,97569100
2023-08-04T04:00:00.000Z,260.9700012207,264.7699890137,253.1100006104,253.8600006104,99539900
2023-08-07T04:00:00.000Z,251.4499969482,253.6499938965,242.7599945068,251.4499969482,111097900
2023-08-08T04:00:00.000Z,247.4499969482,250.9199981689,245.0099945068,249.6999969482,96642200
2023-08-09T04:00:00.000Z,250.8699951172,251.1000061035,241.8999938965,242.1900024414,101596300
2023-08-10T04:00:00.000Z,245.3999938965,251.8000030518,243.0,245.3399963379,109498600
2023-08-11T04:00:00.000Z,241.7700042725,243.7899932861,238.0200042725,242.6499938965,99038600
2023-08-14T04:00:00.000Z,235.6999969482,240.6600036621,233.75,239.7599945068,98595300
2023-08-15T04:00:00.000Z,238.7299957275,240.5,232.6100006104,232.9600067139,88197600
2023-08-16T04:00:00.000Z,228.0200042725,233.9700012207,225.3800048828,225.6000061035,112484500
2023-08-17T04:00:00.000Z,226.0599975586,226.7400054932,218.8300018311,219.2200012207,120718400
2023-08-18T04:00:00.000Z,214.1199951172,217.5800018311,212.3600006104,215.4900054932,136276600
2023-08-21T04:00:00.000Z,221.5500030518,232.1300048828,220.5800018311,231.2799987793,135702700
2023-08-22T04:00:00.000Z,240.25,240.8200073242,229.5500030518,233.1900024414,130442800
2023-08-23T04:00:00.000Z,229.3399963379,238.9799957275,229.2899932861,236.8600006104,101077600
2023-08-24T04:00:00.000Z,238.6600036621,238.9199981689,228.1799926758,230.0399932861,99777400
2023-08-25T04:00:00.000Z,231.3099975586,239.0,230.3500061035,238.5899963379,106612200
2023-08-28T04:00:00.000Z,242.5800018311,244.3800048828,235.3500061035,238.8200073242,107673700
2023-08-29T04:00:00.000Z,238.5800018311,257.4800109863,237.7700042725,257.1799926758,134047600
2023-08-30T04:00:00.000Z,254.1999969482,260.5100097656,250.5899963379,256.8999938965,121988400
2023-08-31T04:00:00.000Z,255.9799957275,261.1799926758,255.0500030518,258.0799865723,108861700
2023-09-01T04:00:00.000Z,257.2600097656,259.0799865723,242.0099945068,245.0099945068,132541600
2023-09-05T04:00:00.000Z,245.0,258.0,244.8600006104,256.4899902344,129469600
2023-09-06T04:00:00.000Z,255.1399993896,255.3899993896,245.0599975586,251.9199981689,116959800
2023-09-07T04:00:00.000Z,245.0700073242,252.8099975586,243.2700042725,251.4900054932,115312900
2023-09-08T04:00:00.000Z,251.2200012207,256.5199890137,246.6699981689,248.5,118367700
2023-09-11T04:00:00.000Z,264.2699890137,274.8500061035,260.6099853516,273.5799865723,174667900
2023-09-12T04:00:00.000Z,270.7600097656,278.3900146484,266.6000061035,267.4800109863,135999900
2023-09-13T04:00:00.000Z,270.0700073242,274.9800109863,268.1000061035,271.299987793,111673700
2023-09-14T04:00:00.000Z,271.3200073242,276.7099914551,270.4200134277,276.0400085449,107709800
2023-09-15T04:00:00.000Z,277.549987793,278.9800109863,271.0,274.3900146484,133692300
2023-09-18T04:00:00.000Z,271.1600036621,271.4400024414,263.7600097656,265.2799987793,101543300
2023-09-19T04:00:00.000Z,264.3500061035,267.8500061035,261.200012207,266.5,103704000
2023-09-20T04:00:00.000Z,267.0400085449,273.9299926758,262.4599914551,262.5899963379,122514600
2023-09-21T04:00:00.000Z,257.8500061035,260.8599853516,254.2100067139,255.6999969482,119951500
2023-09-22T04:00:00.000Z,257.3999938965,257.7900085449,244.4799957275,244.8800048828,127524100
2023-09-25T04:00:00.000Z,243.3800048828,247.1000061035,238.3099975586,246.9900054932,104636600
2023-09-26T04:00:00.000Z,242.9799957275,249.5500030518,241.6600036621,244.1199951172,101993600
2023-09-27T04:00:00.000Z,244.2599945068,245.3300018311,234.5800018311,240.5,136597200
2023-09-28T04:00:00.000Z,240.0200042725,247.5500030518,238.6499938965,246.3800048828,117058900
2023-09-29T04:00:00.000Z,250.0,254.7700042725,246.3500061035,250.2200012207,128522700
2023-10-02T04:00:00.000Z,244.8099975586,254.2799987793,242.6199951172,251.6000061035,123810400
2023-10-03T04:00:00.000Z,248.6100006104,250.0200042725,244.4499969482,246.5299987793,101985300
2023-10-04T04:00:00.000Z,248.1399993896,261.8599853516,247.6000061035,261.1600036621,129721600
2023-10-05T04:00:00.000Z,260.0,263.6000061035,256.25,260.049987793,119159200
2023-10-06T04:00:00.000Z,253.9799957275,261.6499938965,250.6499938965,260.5299987793,118121800
2023-10-09T04:00:00.000Z,255.3099975586,261.3599853516,252.0500030518,259.6700134277,101377900
2023-10-10T04:00:00.000Z,257.75,268.9400024414,257.6499938965,263.6199951172,122656000
2023-10-11T04:00:00.000Z,266.200012207,268.6000061035,260.8999938965,262.9899902344,103706300
2023-10-12T04:00:00.000Z,262.9200134277,265.4100036621,256.6300048828,258.8699951172,111508100
2023-10-13T04:00:00.000Z,258.8999938965,259.6000061035,250.2200012207,251.1199951172,102073800
2023-10-16T04:00:00.000Z,250.0500030518,255.3999938965,248.4799957275,253.9199981689,88917200
2023-10-17T04:00:00.000Z,250.1000061035,257.1799926758,247.0800018311,254.8500061035,93562900
2023-10-18T04:00:00.000Z,252.6999969482,254.6300048828,242.0800018311,242.6799926758,125147800
2023-10-19T04:00:00.000Z,225.9499969482,230.6100006104,216.7799987793,220.1100006104,170772700
2023-10-20T04:00:00.000Z,217.0099945068,218.8600006104,210.4199981689,211.9900054932,138010100
2023-10-23T04:00:00.000Z,210.0,216.9799957275,202.5099945068,212.0800018311,150683400
2023-10-24T04:00:00.000Z,216.5,222.0500030518,214.1100006104,216.5200042725,118231100
2023-10-25T04:00:00.000Z,215.8800048828,220.1000061035,212.1999969482,212.4199981689,107065100
2023-10-26T04:00:00.000Z,211.3200073242,214.8000030518,204.8800048828,205.7599945068,115112600
2023-10-27T04:00:00.000Z,210.6000061035,212.4100036621,205.7700042725,207.3000030518,94881200
2023-10-30T04:00:00.000Z,209.2799987793,210.8800048828,194.6699981689,197.3600006104,136448200
2023-10-31T04:00:00.000Z,196.1199951172,202.8000030518,194.0700073242,200.8399963379,118068300
2023-11-01T04:00:00.000Z,204.0399932861,205.9900054932,197.8500061035,205.6600036621,121661700
2023-11-02T04:00:00.000Z,212.9700012207,219.1999969482,211.4499969482,218.5099945068,125987600
2023-11-03T04:00:00.000Z,221.1499938965,226.3699951172,218.3999938965,219.9600067139,119534800
2023-11-06T05:00:00.000Z,223.9799957275,226.3200073242,215.0,219.2700042725,117335800
2023-11-07T05:00:00.000Z,219.9799957275,223.1199951172,215.7200012207,222.1799926758,116900100
2023-11-08T05:00:00.000Z,223.1499938965,224.1499938965,217.6399993896,222.1100006104,106584800
2023-11-09T05:00:00.000Z,219.75,220.8000030518,206.6799926758,209.9799957275,142110500
2023-11-10T05:00:00.000Z,210.0299987793,215.3800048828,205.6900024414,214.6499938965,130994000
2023-11-13T05:00:00.000Z,215.6000061035,225.3999938965,211.6100006104,223.7100067139,140447600
2023-11-14T05:00:00.000Z,235.0299987793,238.1399993896,230.7200012207,237.4100036621,149771600
2023-11-15T05:00:00.000Z,239.2899932861,246.6999969482,236.4499969482,242.8399963379,150354000
2023-11-16T05:00:00.000Z,239.4900054932,240.8800048828,230.9600067139,233.5899963379,136816800
2023-11-17T05:00:00.000Z,232.0,237.3899993896,226.5399932861,234.3000030518,142532800
2023-11-20T05:00:00.000Z,234.0399932861,237.1000061035,231.0200042725,235.6000061035,116320100
2023-11-21T05:00:00.000Z,235.0399932861,243.6199951172,233.3399963379,241.1999969482,122288000
2023-11-22T05:00:00.000Z,242.0399932861,244.0099945068,231.3999938965,234.2100067139,117950600
2023-11-24T05:00:00.000Z,233.75,238.75,232.3300018311,235.4499969482,65125200
2023-11-27T05:00:00.000Z,236.8899993896,238.3300018311,232.1000061035,236.0800018311,112031800
2023-11-28T05:00:00.000Z,236.6799926758,247.0,234.0099945068,246.7200012207,148549900
2023-11-29T05:00:00.000Z,249.2100067139,252.75,242.7599945068,244.1399993896,135401300
2023-11-30T05:00:00.000Z,245.1399993896,245.2200012207,236.9100036621,240.0800018311,132353200
2023-12-01T05:00:00.000Z,233.1399993896,240.1900024414,231.8999938965,238.8300018311,121331700
2023-12-04T05:00:00.000Z,235.75,239.3699951172,233.2899932861,235.5800018311,104099800
2023-12-05T05:00:00.000Z,233.8699951172,246.6600036621,233.6999969482,238.7200012207,137971100
2023-12-06T05:00:00.000Z,242.9199981689,246.5700073242,239.1699981689,239.3699951172,126436200
2023-12-07T05:00:00.000Z,241.5500030518,244.0800018311,236.9799957275,242.6399993896,107142300
2023-12-08T05:00:00.000Z,240.2700042725,245.2700042725,239.2700042725,243.8399963379,103126800
2023-12-11T05:00:00.000Z,242.7400054932,243.4400024414,237.4499969482,239.7400054932,97913900
2023-12-12T05:00:00.000Z,238.5500030518,238.9900054932,233.8699951172,237.0099945068,95328300
2023-12-13T05:00:00.000Z,234.1900024414,240.3000030518,228.1999969482,239.2899932861,146286300
2023-12-14T05:00:00.000Z,241.2200012207,253.8800048828,240.7899932861,251.0500030518,160829200
2023-12-15T05:00:00.000Z,251.2100067139,254.1300048828,248.3000030518,253.5,135932800
2023-12-18T05:00:00.000Z,253.7799987793,258.7399902344,251.3600006104,252.0800018311,116416500
2023-12-19T05:00:00.000Z,253.4799957275,258.3399963379,253.0099945068,257.2200012207,106737400
2023-12-20T05:00:00.000Z,256.4100036621,259.8399963379,247.0,247.1399993896,125097000
2023-12-21T05:00:00.000Z,251.8999938965,254.8000030518,248.5500030518,254.5,109594200
2023-12-22T05:00:00.000Z,256.7600097656,258.2200012207,251.3699951172,252.5399932861,93370100
2023-12-26T05:00:00.000Z,254.4900054932,257.9700012207,252.9100036621,256.6099853516,86892400
2023-12-27T05:00:00.000Z,258.3500061035,263.3399963379,257.5199890137,261.4400024414,106494400
2023-12-28T05:00:00.000Z,263.6600036621,265.1300048828,252.7100067139,253.1799926758,113619900
2023-12-29T05:00:00.000Z,255.1000061035,255.1900024414,247.4299926758,248.4799957275,100891600
2024-01-02T05:00:00.000Z,250.0800018311,251.25,244.4100036621,248.4199981689,104654200
2024-01-03T05:00:00.000Z,244.9799957275,245.6799926758,236.3200073242,238.4499969482,121082600
2024-01-04T05:00:00.000Z,239.25,242.6999969482,237.7299957275,237.9299926758,102629300
2024-01-05T05:00:00.000Z,236.8600006104,240.1199951172,234.8999938965,237.4900054932,92488900
2024-01-08T05:00:00.000Z,236.1399993896,241.25,235.3000030518,240.4499969482,85166600
2024-01-09T05:00:00.000Z,238.1100006104,238.9600067139,232.0399932861,234.9600067139,96705700
2024-01-10T05:00:00.000Z,235.1000061035,235.5,231.2899932861,233.9400024414,91628500
2024-01-11T05:00:00.000Z,230.5700073242,230.9299926758,225.3699951172,227.2200012207,105873600
2024-01-12T05:00:00.000Z,220.0800018311,225.3399963379,217.1499938965,218.8899993896,123043800
2024-01-16T05:00:00.000Z,215.1000061035,223.4900054932,212.1799926758,219.9100036621,115355000
2024-01-17T05:00:00.000Z,214.8600006104,215.6699981689,212.0099945068,215.5500030518,103164400
2024-01-18T05:00:00.000Z,216.8800048828,217.4499969482,208.7400054932,211.8800048828,108595400
2024-01-19T05:00:00.000Z,209.9900054932,213.1900024414,207.5599975586,212.1900024414,102260300
2024-01-22T05:00:00.000Z,212.2599945068,217.8000030518,206.2700042725,208.8000030518,117952500
2024-01-23T05:00:00.000Z,211.3000030518,215.6499938965,207.75,209.1399993896,106605900
2024-01-24T05:00:00.000Z,211.8800048828,212.7299957275,206.7700042725,207.8300018311,123369900
2024-01-25T05:00:00.000Z,189.6999969482,193.0,180.0599975586,182.6300048828,198076800
2024-01-26T05:00:00.000Z,185.5,186.7799987793,182.1000061035,183.25,107343200
2024-01-29T05:00:00.000Z,185.6300048828,191.4799957275,183.6699981689,190.9299926758,125013100
2024-01-30T05:00:00.000Z,195.3300018311,196.3600006104,190.6100006104,191.5899963379,109982300
2024-01-31T05:00:00.000Z,187.0,193.9700012207,185.8500061035,187.2899932861,103221400
2024-02-01T05:00:00.000Z,188.5,189.8800048828,184.2799987793,188.8600006104,91843300
2024-02-02T05:00:00.000Z,185.0399932861,188.6900024414,182.0,187.9100036621,110612700
2024-02-05T05:00:00.000Z,184.2599945068,184.6799926758,175.0099945068,181.0599975586,134294400
2024-02-06T05:00:00.000Z,177.2100067139,186.4900054932,177.1100006104,185.1000061035,122676000
2024-02-07T05:00:00.000Z,188.1799926758,189.7899932861,182.6799926758,187.5800018311,111535200
2024-02-08T05:00:00.000Z,189.0,191.6199951172,185.5800018311,189.5599975586,83034000
2024-02-09T05:00:00.000Z,190.1799926758,194.1199951172,189.4799957275,193.5700073242,84476300
2024-02-12T05:00:00.000Z,192.1100006104,194.7299957275,187.2799987793,188.1300048828,95498600
2024-02-13T05:00:00.000Z,183.9900054932,187.2599945068,182.1100006104,184.0200042725,86759500
2024-02-14T05:00:00.000Z,185.3000030518,188.8899993896,183.3500061035,188.7100067139,81203000
2024-02-15T05:00:00.000Z,189.1600036621,200.8800048828,188.8600006104,200.4499969482,120831800
2024-02-16T05:00:00.000Z,202.0599975586,203.1699981689,197.3999938965,199.9499969482,111346700
2024-02-20T05:00:00.000Z,196.1300048828,198.6000061035,189.1300048828,193.7599945068,104545800
2024-02-21T05:00:00.000Z,193.3600006104,199.4400024414,191.9499969482,194.7700042725,103500300
2024-02-22T05:00:00.000Z,194.0,198.3200073242,191.3600006104,197.4100036621,92739500
2024-02-23T05:00:00.000Z,195.3099975586,197.5700073242,191.5,191.9700012207,78841900
2024-02-26T05:00:00.000Z,192.2899932861,201.7799987793,192.0,199.3999938965,111747100
2024-02-27T05:00:00.000Z,204.0399932861,205.6000061035,198.2599945068,199.7299957275,108645400
2024-02-28T05:00:00.000Z,200.4199981689,205.3000030518,198.4400024414,202.0399932861,99806200
2024-02-29T05:00:00.000Z,204.1799926758,205.2799987793,198.4499969482,201.8800048828,85907000
2024-03-01T05:00:00.000Z,200.5200042725,204.5200042725,198.5,202.6399993896,82243100
2024-03-04T05:00:00.000Z,198.7299957275,199.75,186.7200012207,188.1399993896,134334900
2024-03-05T05:00:00.000Z,183.0500030518,184.5899963379,177.5700073242,180.7400054932,119660800
2024-03-06T05:00:00.000Z,179.9900054932,181.5800018311,173.6999969482,176.5399932861,107920900
2024-03-07T05:00:00.000Z,174.3500061035,180.0399932861,173.6999969482,178.6499938965,102129000
2024-03-08T05:00:00.000Z,181.5,182.7299957275,174.6999969482,175.3399963379,85544600
2024-03-11T04:00:00.000Z,175.4499969482,182.8699951172,174.8000030518,177.7700042725,85391500
2024-03-12T04:00:00.000Z,177.7700042725,179.4299926758,172.4100036621,177.5399932861,87391700
2024-03-13T04:00:00.000Z,173.0500030518,176.0500030518,169.1499938965,169.4799957275,106524500
2024-03-14T04:00:00.000Z,167.7700042725,171.1699981689,160.5099945068,162.5,126325700
2024-03-15T04:00:00.000Z,163.1600036621,165.1799926758,160.7599945068,163.5700073242,97146800
2024-03-18T04:00:00.000Z,170.0200042725,174.7200012207,165.8999938965,173.8000030518,108214400
2024-03-19T04:00:00.000Z,172.3600006104,172.8200073242,167.4199981689,171.3200073242,77271400
2024-03-20T04:00:00.000Z,173.0,176.25,170.8200073242,175.6600036621,83846700
2024-03-21T04:00:00.000Z,176.3899993896,178.1799926758,171.8000030518,172.8200073242,73178000
2024-03-22T04:00:00.000Z,166.6900024414,171.1999969482,166.3000030518,170.8300018311,75580600
2024-03-25T04:00:00.000Z,168.7599945068,175.2400054932,168.7299957275,172.6300048828,74228600
2024-03-26T04:00:00.000Z,178.5800018311,184.25,177.3800048828,177.6699981689,113186200
2024-03-27T04:00:00.000Z,181.4100036621,181.9100036621,176.0,179.8300018311,81804000
2024-03-28T04:00:00.000Z,177.4499969482,179.5700073242,175.3000030518,175.7899932861,77654800
2024-04-01T04:00:00.000Z,176.1699981689,176.75,170.2100067139,175.2200012207,81562100
2024-04-02T04:00:00.000Z,164.75,167.6900024414,163.4299926758,166.6300048828,116650600
2024-04-03T04:00:00.000Z,164.0200042725,168.8200073242,163.2799987793,168.3800048828,82950100
2024-04-04T04:00:00.000Z,170.0700073242,177.1900024414,168.0099945068,171.1100006104,123162000
2024-04-05T04:00:00.000Z,169.0800018311,170.8600006104,160.5099945068,164.8999938965,143157600
2024-04-08T04:00:00.000Z,169.3399963379,174.5,167.7899932861,172.9799957275,104423300
2024-04-09T04:00:00.000Z,172.9100036621,179.2200012207,171.9199981689,176.8800048828,102951700
2024-04-10T04:00:00.000Z,173.0399932861,174.9299926758,170.0099945068,171.7599945068,84532400
2024-04-11T04:00:00.000Z,172.5500030518,175.8800048828,168.5099945068,174.6000061035,94516000
2024-04-12T04:00:00.000Z,172.3399963379,173.8099975586,170.3600006104,171.0500030518,64722700
2024-04-15T04:00:00.000Z,170.2400054932,170.6900024414,161.3800048828,161.4799957275,100245300
2024-04-16T04:00:00.000Z,156.7400054932,158.1900024414,153.75,157.1100006104,97000000
2024-04-17T04:00:00.000Z,157.6399993896,158.3300018311,153.7799987793,155.4499969482,82439700
2024-04-18T04:00:00.000Z,151.25,152.1999969482,148.6999969482,149.9299926758,96098800
2024-04-19T04:00:00.000Z,148.9700012207,150.9400024414,146.2200012207,147.0500030518,87074500
2024-04-22T04:00:00.000Z,140.5599975586,144.4400024414,138.8000030518,142.0500030518,107097600
2024-04-23T04:00:00.000Z,143.3300018311,147.2599945068,141.1100006104,144.6799926758,124545100
2024-04-24T04:00:00.000Z,162.8399963379,167.9700012207,157.5099945068,162.1300048828,181178000
2024-04-25T04:00:00.000Z,158.9600067139,170.8800048828,158.3600006104,170.1799926758,126427500
2024-04-26T04:00:00.000Z,168.8500061035,172.1199951172,166.3699951172,168.2899932861,109815700
2024-04-29T04:00:00.000Z,188.4199981689,198.8699951172,184.5399932861,194.0500030518,243869700
2024-04-30T04:00:00.000Z,186.9799957275,190.9499969482,182.8399963379,183.2799987793,127031800
2024-05-01T04:00:00.000Z,182.0,185.8600006104,179.0099945068,179.9900054932,92829700
2024-05-02T04:00:00.000Z,182.8600006104,184.6000061035,176.0200042725,180.0099945068,89148000
2024-05-03T04:00:00.000Z,182.1000061035,184.7799987793,178.4199981689,181.1900024414,75491500
2024-05-06T04:00:00.000Z,183.8000030518,187.5599975586,182.1999969482,184.7599945068,84390300
2024-05-07T04:00:00.000Z,182.3999938965,183.2599945068,177.3999938965,177.8099975586,75045900
2024-05-08T04:00:00.000Z,171.5899963379,176.0599975586,170.1499938965,174.7200012207,79969500
2024-05-09T04:00:00.000Z,175.0099945068,175.6199951172,171.3699951172,171.9700012207,65950300
2024-05-10T04:00:00.000Z,173.0500030518,173.0599975586,167.75,168.4700012207,72627200
2024-05-13T04:00:00.000Z,170.0,175.3999938965,169.0,171.8899993896,67018900
2024-05-14T04:00:00.000Z,174.5,179.4900054932,174.0700073242,177.5500030518,86407400
2024-05-15T04:00:00.000Z,179.8999938965,180.0,173.1100006104,173.9900054932,79663000
2024-05-16T04:00:00.000Z,174.1000061035,175.7899932861,171.4299926758,174.8399963379,59812200
2024-05-17T04:00:00.000Z,173.5500030518,179.6300048828,172.75,177.4600067139,77445800
2024-05-20T04:00:00.000Z,177.5599975586,177.75,173.5200042725,174.9499969482,61727400
2024-05-21T04:00:00.000Z,175.5099945068,186.8800048828,174.7100067139,186.6000061035,115266500
2024-05-22T04:00:00.000Z,182.8500061035,183.8000030518,178.1199951172,180.1100006104,88313500
2024-05-23T04:00:00.000Z,181.8000030518,181.8999938965,173.2599945068,173.7400054932,71975500
2024-05-24T04:00:00.000Z,174.8399963379,180.0800018311,173.7299957275,179.2400054932,65584500
2024-05-28T04:00:00.000Z,176.3999938965,178.25,173.1600036621,176.75,59736600
2024-05-29T04:00:00.000Z,174.1900024414,178.1499938965,173.9299926758,176.1900024414,54782600
2024-05-30T04:00:00.000Z,178.5800018311,182.6699981689,175.3800048828,178.7899932861,77618400
2024-05-31T04:00:00.000Z,178.5,180.3200073242,173.8200073242,178.0800018311,67314600
2024-06-03T04:00:00.000Z,178.1300048828,182.6399993896,174.4900054932,176.2899932861,68568900
2024-06-04T04:00:00.000Z,174.7799987793,177.7599945068,174.0,174.7700042725,60056300
2024-06-05T04:00:00.000Z,175.3500061035,176.1499938965,172.1300048828,175.0,57953800
2024-06-06T04:00:00.000Z,174.6000061035,179.7299957275,172.7299957275,177.9400024414,69887000
2024-06-07T04:00:00.000Z,176.1300048828,179.3500061035,175.5800018311,177.4799957275,56244900
2024-06-10T04:00:00.000Z,176.0599975586,178.5700073242,173.1699981689,173.7899932861,50774600
2024-06-11T04:00:00.000Z,173.9199981689,174.75,167.4100036621,170.6600036621,64761900
2024-06-12T04:00:00.000Z,171.1199951172,180.5500030518,169.8000030518,177.2899932861,90389400
2024-06-13T04:00:00.000Z,188.3899993896,191.0800018311,181.2299957275,182.4700012207,118984100
2024-06-14T04:00:00.000Z,185.8000030518,186.0,176.9199981689,178.0099945068,82038200
2024-06-17T04:00:00.000Z,177.9199981689,188.8099975586,177.0,187.4400024414,109786100
2024-06-18T04:00:00.000Z,186.5599975586,187.1999969482,182.3699951172,184.8600006104,68982300
2024-06-20T04:00:00.000Z,184.6799926758,185.2100067139,179.6600036621,181.5700073242,55893100
2024-06-21T04:00:00.000Z,182.3000030518,183.9499969482,180.6900024414,183.0099945068,61937300
2024-06-24T04:00:00.000Z,184.9700012207,188.8000030518,182.5500030518,182.5800018311,61992100
2024-06-25T04:00:00.000Z,184.3999938965,187.9700012207,182.0099945068,187.3500061035,62905700
2024-06-26T04:00:00.000Z,186.5399932861,197.7599945068,186.3600006104,196.3699951172,95737100
2024-06-27T04:00:00.000Z,195.1699981689,198.7200012207,194.0500030518,197.4199981689,72746500
2024-06-28T04:00:00.000Z,199.5500030518,203.1999969482,195.2599945068,197.8800048828,95438100
2024-07-01T04:00:00.000Z,201.0200042725,213.2299957275,200.8500061035,209.8600006104,135691400
2024-07-02T04:00:00.000Z,218.8899993896,231.3000030518,218.0599975586,231.2599945068,205047900
2024-07-03T04:00:00.000Z,234.5599975586,248.3500061035,234.25,246.3899993896,166561500
2024-07-05T04:00:00.000Z,249.8099975586,252.3699951172,242.4600067139,251.5200042725,154501200
2024-07-08T04:00:00.000Z,247.7100067139,259.4400024414,244.5700073242,252.9400024414,157219600
2024-07-09T04:00:00.000Z,251.0,265.6099853516,250.3000030518,262.3299865723,160210900
2024-07-10T04:00:00.000Z,262.799987793,267.5899963379,257.8599853516,263.2600097656,128519400
2024-07-11T04:00:00.000Z,263.299987793,271.0,239.6499938965,241.0299987793,221707300
2024-07-12T04:00:00.000Z,235.8000030518,251.8399963379,233.0899963379,248.2299957275,155955800
2024-07-15T04:00:00.000Z,255.9700012207,265.6000061035,251.7299957275,252.6399993896,146912900
2024-07-16T04:00:00.000Z,255.3099975586,258.6199951172,245.8000030518,256.5599975586,126332500
2024-07-17T04:00:00.000Z,252.7299957275,258.4700012207,246.1799926758,248.5,115584800
2024-07-18T04:00:00.000Z,251.0899963379,257.1400146484,247.1999969482,249.2299957275,110869000
2024-07-19T04:00:00.000Z,247.7899932861,249.4400024414,236.8300018311,239.1999969482,87403900
2024-07-22T04:00:00.000Z,244.2100067139,253.2100067139,243.75,251.5099945068,101225400
2024-07-23T04:00:00.000Z,253.6000061035,255.7599945068,245.6300048828,246.3800048828,111928200
2024-07-24T04:00:00.000Z,225.4199981689,225.9900054932,214.7100067139,215.9900054932,167942900
2024-07-25T04:00:00.000Z,216.8000030518,226.0,216.2299957275,220.25,100636500
2024-07-26T04:00:00.000Z,221.1900024414,222.2799987793,215.3300018311,219.8000030518,94604100
2024-07-29T04:00:00.000Z,224.8999938965,234.2700042725,224.6999969482,232.1000061035,129201800
2024-07-30T04:00:00.000Z,232.25,232.4100036621,220.0,222.6199951172,100560300
2024-07-31T04:00:00.000Z,227.8999938965,234.6799926758,226.7899932861,232.0700073242,67497000
2024-08-01T04:00:00.000Z,227.6900024414,231.8699951172,214.3300018311,216.8600006104,83861900
2024-08-02T04:00:00.000Z,214.8800048828,216.1300048828,205.7799987793,207.6699981689,82880100
2024-08-05T04:00:00.000Z,185.2200012207,203.8800048828,182.0,198.8800048828,100308800
2024-08-06T04:00:00.000Z,200.75,202.8999938965,192.6699981689,200.6399993896,73783900
2024-08-07T04:00:00.000Z,200.7700042725,203.4900054932,191.4799957275,191.7599945068,71159800
2024-08-08T04:00:00.000Z,195.6999969482,200.6999969482,192.0399932861,198.8399963379,65033900
2024-08-09T04:00:00.000Z,197.0500030518,200.8800048828,195.1100006104,200.0,58648300
2024-08-12T04:00:00.000Z,199.0200042725,199.2599945068,194.6699981689,197.4900054932,64044900
2024-08-13T04:00:00.000Z,198.4700012207,208.4900054932,197.0599975586,207.8300018311,76247400
2024-08-14T04:00:00.000Z,207.3899993896,208.4400024414,198.75,201.3800048828,70250000
2024-08-15T04:00:00.000Z,205.0200042725,215.8800048828,204.8200073242,214.1399993896,89848500
2024-08-16T04:00:00.000Z,211.1499938965,219.8000030518,210.8000030518,216.1199951172,88765100
2024-08-19T04:00:00.000Z,217.0700073242,222.9799957275,214.0899963379,222.7200012207,76435200
2024-08-20T04:00:00.000Z,224.8800048828,228.2200012207,219.5599975586,221.1000061035,74001200
2024-08-21T04:00:00.000Z,222.6699981689,224.6600036621,218.8600006104,223.2700042725,70146000
2024-08-22T04:00:00.000Z,223.8200073242,224.8000030518,210.3200073242,210.6600036621,79514500
2024-08-23T04:00:00.000Z,214.4600067139,221.4799957275,214.2100067139,220.3200073242,81525200
2024-08-26T04:00:00.000Z,218.75,219.0899963379,211.0099945068,213.2100067139,59301200
2024-08-27T04:00:00.000Z,213.25,215.6600036621,206.9400024414,209.2100067139,62821400
2024-08-28T04:00:00.000Z,209.7200012207,211.8399963379,202.5899963379,205.75,64116400
2024-08-29T04:00:00.000Z,209.8000030518,214.8899993896,205.9700012207,206.2799987793,62308800
2024-08-30T04:00:00.000Z,208.6300048828,214.5700073242,207.0299987793,214.1100006104,63370600
2024-09-03T04:00:00.000Z,215.2599945068,219.8999938965,209.6399993896,210.6000061035,76714200
2024-09-04T04:00:00.000Z,210.5899963379,222.2200012207,210.5700073242,219.4100036621,80651800
2024-09-05T04:00:00.000Z,223.4900054932,235.0,222.25,230.1699981689,119355000
2024-09-06T04:00:00.000Z,232.6000061035,233.6000061035,210.5099945068,210.7299957275,112177000
2024-09-09T04:00:00.000Z,216.1999969482,219.8699951172,213.6699981689,216.2700042725,67443500
2024-09-10T04:00:00.000Z,220.0700073242,226.3999938965,218.6399993896,226.1699981689,78891100
2024-09-11T04:00:00.000Z,224.5500030518,228.4700012207,216.8000030518,228.1300048828,83548600
2024-09-12T04:00:00.000Z,224.6600036621,231.4499969482,223.8300018311,229.8099975586,71894900
2024-09-13T04:00:00.000Z,228.0,232.6699981689,226.3200073242,230.2899932861,59515100
2024-09-16T04:00:00.000Z,229.3000030518,229.9600067139,223.5299987793,226.7799987793,54323000
2024-09-17T04:00:00.000Z,229.4499969482,234.5700073242,226.5500030518,227.8699951172,66761600
2024-09-18T04:00:00.000Z,230.0899963379,235.6799926758,226.8800048828,227.1999969482,78010200
2024-09-19T04:00:00.000Z,234.0,244.2400054932,232.1300048828,243.9199981689,102694600
2024-09-20T04:00:00.000Z,241.5200042725,243.9900054932,235.9199981689,238.25,99879100
2024-09-23T04:00:00.000Z,242.6100006104,250.0,241.9199981689,250.0,86927200
2024-09-24T04:00:00.000Z,254.0800018311,257.1900024414,249.0500030518,254.2700042725,88491000
2024-09-25T04:00:00.000Z,252.5399932861,257.049987793,252.2799987793,257.0199890137,65034300
2024-09-26T04:00:00.000Z,260.6000061035,261.75,251.5299987793,254.2200012207,67142200
2024-09-27T04:00:00.000Z,257.3800048828,260.700012207,254.1199951172,260.4599914551,70988100
2024-09-30T04:00:00.000Z,259.0400085449,264.8599853516,255.7700042725,261.6300048828,80705700
2024-10-01T04:00:00.000Z,262.6700134277,263.9800109863,248.5299987793,258.0199890137,87397600
2024-10-02T04:00:00.000Z,247.5500030518,251.1600036621,241.5,249.0200042725,93983900
2024-10-03T04:00:00.000Z,244.4799957275,249.7899932861,237.8099975586,240.6600036621,80729200
2024-10-04T04:00:00.000Z,246.6900024414,250.9600067139,244.5800018311,250.0800018311,86573200
2024-10-07T04:00:00.000Z,249.0,249.8300018311,240.6999969482,240.8300018311,68113300
2024-10-08T04:00:00.000Z,243.5599975586,246.2100067139,240.5599975586,244.5,56303200
2024-10-09T04:00:00.000Z,243.8200073242,247.4299926758,239.5099945068,241.0500030518,66289500
2024-10-10T04:00:00.000Z,241.8099975586,242.7899932861,232.3399963379,238.7700042725,83087100
2024-10-11T04:00:00.000Z,220.1300048828,223.3399963379,214.3800048828,217.8000030518,142628900
2024-10-14T04:00:00.000Z,220.1300048828,221.9100036621,213.7400054932,219.1600036621,86291900
2024-10-15T04:00:00.000Z,220.0099945068,224.2599945068,217.1199951172,219.5700073242,62988800
2024-10-16T04:00:00.000Z,221.3999938965,222.8200073242,218.9299926758,221.3300018311,49632800
2024-10-17T04:00:00.000Z,221.5899963379,222.0800018311,217.8999938965,220.8899993896,50791800
2024-10-18T04:00:00.000Z,220.7100067139,222.2799987793,219.2299957275,220.6999969482,49611900
2024-10-21T04:00:00.000Z,218.8999938965,220.4799957275,215.7299957275,218.8500061035,47329000
2024-10-22T04:00:00.000Z,217.3099975586,218.2200012207,215.2599945068,217.9700012207,43268700
2024-10-23T04:00:00.000Z,217.1300048828,218.7200012207,212.1100006104,213.6499938965,80938900
2024-10-24T04:00:00.000Z,244.6799926758,262.1199951172,242.6499938965,260.4800109863,204491900
2024-10-25T04:00:00.000Z,256.0100097656,269.4899902344,255.3200073242,269.1900024414,161611900
2024-10-28T04:00:00.000Z,270.0,273.5400085449,262.2399902344,262.5100097656,107653600
2024-10-29T04:00:00.000Z,264.5100097656,264.9800109863,255.5099945068,259.5199890137,80521800
2024-10-30T04:00:00.000Z,258.0400085449,263.3500061035,255.8200073242,257.549987793,53993600
2024-10-31T04:00:00.000Z,257.9899902344,259.75,249.25,249.8500061035,66575300
2024-11-01T04:00:00.000Z,252.0399932861,254.0,246.6300048828,248.9799957275,57544800
2024-11-04T05:00:00.000Z,244.5599975586,248.8999938965,238.8800048828,242.8399963379,68802400
2024-11-05T05:00:00.000Z,247.3399963379,255.2799987793,246.2100067139,251.4400024414,69282500
2024-11-06T05:00:00.000Z,284.6700134277,289.5899963379,275.6199951172,288.5299987793,165228700
2024-11-07T05:00:00.000Z,288.8900146484,299.75,285.5199890137,296.9100036621,117309200
2024-11-08T05:00:00.000Z,299.1400146484,328.7099914551,297.6600036621,321.2200012207,204782800
2024-11-11T05:00:00.000Z,346.299987793,358.6400146484,336.0,350.0,210521600
2024-11-12T05:00:00.000Z,342.7399902344,345.8399963379,323.3099975586,328.4899902344,155726000
2024-11-13T05:00:00.000Z,335.8500061035,344.6000061035,322.5,330.2399902344,125405600
2024-11-14T05:00:00.000Z,327.6900024414,329.9800109863,310.3699951172,311.1799926758,120726100
2024-11-15T05:00:00.000Z,310.5700073242,324.6799926758,309.2200012207,320.7200012207,114440300
2024-11-18T05:00:00.000Z,340.7300109863,348.549987793,330.0100097656,338.7399902344,126085600
2024-11-19T05:00:00.000Z,335.7600097656,347.3800048828,332.75,346.0,88852500
2024-11-20T05:00:00.000Z,345.0,346.6000061035,334.299987793,342.0299987793,66340700
2024-11-21T05:00:00.000Z,343.8099975586,347.9899902344,335.2799987793,339.6400146484,58011700
2024-11-22T05:00:00.000Z,341.0899963379,361.5299987793,337.700012207,352.5599975586,89140700
2024-11-25T05:00:00.000Z,360.1400146484,361.9299926758,338.200012207,338.5899963379,95890900
2024-11-26T05:00:00.000Z,341.0,346.9599914551,335.6600036621,338.2300109863,62295900
2024-11-27T05:00:00.000Z,341.799987793,342.549987793,326.5899963379,332.8900146484,57896400
2024-11-29T05:00:00.000Z,336.0799865723,345.450012207,334.6499938965,345.1600036621,37167600
2024-12-02T05:00:00.000Z,352.3800048828,360.0,351.1499938965,357.0899963379,77986500
2024-12-03T05:00:00.000Z,351.799987793,355.6900024414,348.200012207,351.4200134277,58267200
2024-12-04T05:00:00.000Z,353.0,358.1000061035,348.6000061035,357.9299926758,50810900
2024-12-05T05:00:00.000Z,359.8699951172,375.4299926758,359.5,369.4899902344,81403600
2024-12-06T05:00:00.000Z,377.4200134277,389.4899902344,370.799987793,389.2200012207,81455800
2024-12-09T05:00:00.000Z,397.6099853516,404.799987793,378.0100097656,389.7900085449,96359200
2024-12-10T05:00:00.000Z,392.6799926758,409.7300109863,390.8500061035,400.9899902344,97563600
2024-12-11T05:00:00.000Z,409.700012207,424.8800048828,402.3800048828,424.7699890137,104287600
2024-12-12T05:00:00.000Z,424.8399963379,429.299987793,415.0,418.1000061035,87752200
2024-12-13T05:00:00.000Z,420.0,436.299987793,415.7099914551,436.2300109863,89000200
2024-12-16T05:00:00.000Z,441.0899963379,463.1900024414,436.1499938965,463.0199890137,114083800
2024-12-17T05:00:00.000Z,475.8999938965,483.9899902344,457.5100097656,479.8599853516,131223000
2024-12-18T05:00:00.000Z,466.5,488.5400085449,427.0100097656,440.1300048828,149340800
2024-12-19T05:00:00.000Z,451.8800048828,456.3599853516,420.0199890137,436.1700134277,118566100
2024-12-20T05:00:00.000Z,425.5100097656,447.0799865723,417.6400146484,421.0599975586,132216200
2024-12-23T05:00:00.000Z,431.0,434.5100097656,415.4100036621,430.6000061035,72698100
2024-12-24T05:00:00.000Z,435.8999938965,462.7799987793,435.1400146484,462.2799987793,59551800
2024-12-26T05:00:00.000Z,465.1600036621,465.3299865723,451.0199890137,454.1300048828,76366400
2024-12-27T05:00:00.000Z,449.5199890137,450.0,426.5,431.6600036621,82666800
2024-12-31T05:00:00.000Z,423.7900085449,427.9299926758,402.5400085449,403.8399963379,76825100
2025-01-02T05:00:00.000Z,390.1000061035,392.7300109863,373.0400085449,379.2799987793,109710700
2025-01-03T05:00:00.000Z,381.4800109863,411.8800048828,379.450012207,410.4400024414,95423300
2025-01-06T05:00:00.000Z,423.200012207,426.4299926758,401.700012207,411.049987793,85516500
2025-01-07T05:00:00.000Z,405.8299865723,414.3299865723,390.0,394.3599853516,75699500
2025-01-08T05:00:00.000Z,392.950012207,402.5,387.3999938965,394.9400024414,73038800
2025-01-10T05:00:00.000Z,391.3999938965,399.2799987793,377.2900085449,394.7399902344,62287300
2025-01-13T05:00:00.000Z,383.2099914551,403.7900085449,380.0700073242,403.3099975586,67580500
2025-01-14T05:00:00.000Z,414.3399963379,422.6400146484,394.5400085449,396.3599853516,84565000
2025-01-15T05:00:00.000Z,409.8999938965,429.799987793,405.6600036621,428.2200012207,81375500
2025-01-16T05:00:00.000Z,423.4899902344,424.0,409.1300048828,413.8200073242,68335200
2025-01-17T05:00:00.000Z,421.5,439.7399902344,419.75,426.5,94991400
2025-01-21T05:00:00.000Z,432.6400146484,433.200012207,406.3099975586,424.0700073242,87320900
2025-01-22T05:00:00.000Z,416.8099975586,428.0,414.5899963379,415.1099853516,60963300
2025-01-23T05:00:00.000Z,416.0599975586,420.7300109863,408.950012207,412.3800048828,50690600
2025-01-24T05:00:00.000Z,414.450012207,418.8800048828,405.7799987793,406.5799865723,56427100
2025-01-27T05:00:00.000Z,394.799987793,406.6900024414,389.0,397.1499938965,58125500
2025-01-28T05:00:00.000Z,396.9100036621,400.5899963379,386.5,398.0899963379,48910700
2025-01-29T05:00:00.000Z,395.2099914551,398.5899963379,384.4800109863,389.1000061035,68033600
2025-01-30T05:00:00.000Z,410.7799987793,412.5,384.4100036621,400.2799987793,98092900
2025-01-31T05:00:00.000Z,401.5299987793,419.9899902344,401.3399963379,404.6000061035,83283600
2025-02-03T05:00:00.000Z,386.6799926758,389.1700134277,374.3599853516,383.6799926758,93732100
2025-02-04T05:00:00.000Z,382.6300048828,394.0,381.3999938965,392.2099914551,57072200
2025-02-05T05:00:00.000Z,387.5100097656,388.3900146484,375.5299987793,378.1700134277,57223300
2025-02-06T05:00:00.000Z,373.0299987793,375.3999938965,363.1799926758,374.3200073242,77918200
2025-02-07T05:00:00.000Z,370.1900024414,380.549987793,360.3399963379,361.6199951172,70298300
2025-02-10T05:00:00.000Z,356.2099914551,362.700012207,350.5100097656,350.7300109863,77514900
2025-02-11T05:00:00.000Z,345.799987793,349.3699951172,325.1000061035,328.5,118543400
2025-02-12T05:00:00.000Z,329.9400024414,346.3999938965,329.1199951172,336.5100097656,105382700
2025-02-13T05:00:00.000Z,345.0,358.6900024414,342.8500061035,355.9400024414,89441500
2025-02-14T05:00:00.000Z,360.6199951172,362.0,347.5,355.8399963379,68277300
2025-02-18T05:00:00.000Z,355.0100097656,359.1000061035,350.0199890137,354.1099853516,51631700
2025-02-19T05:00:00.000Z,354.0,367.3399963379,353.6700134277,360.5599975586,67094400
2025-02-20T05:00:00.000Z,361.5100097656,362.299987793,348.0,354.3999938965,45965400
2025-02-21T05:00:00.000Z,353.4400024414,354.9800109863,334.4200134277,337.799987793,74058600
2025-02-24T05:00:00.000Z,338.1400146484,342.3999938965,324.700012207,330.5299987793,76052300
2025-02-25T05:00:00.000Z,327.0199890137,328.8900146484,297.25,302.799987793,134228800
2025-02-26T05:00:00.000Z,303.7099914551,309.0,288.0400085449,290.799987793,100118300
2025-02-27T05:00:00.000Z,291.1600036621,297.2300109863,280.8800048828,281.950012207,101748200
2025-02-28T05:00:00.000Z,279.5,293.8800048828,273.6000061035,292.9800109863,115697000
2025-03-03T05:00:00.000Z,300.3399963379,303.9400024414,277.299987793,284.6499938965,115551400
2025-03-04T05:00:00.000Z,270.9299926758,284.3500061035,261.8399963379,272.0400085449,126706600
2025-03-05T05:00:00.000Z,272.9200134277,279.549987793,267.7099914551,279.1000061035,94042900
2025-03-06T05:00:00.000Z,272.0599975586,272.6499938965,260.0199890137,263.450012207,98451600
2025-03-07T05:00:00.000Z,259.3200073242,266.25,250.7299957275,262.6700134277,102369600
2025-03-10T04:00:00.000Z,252.5399932861,253.3699951172,220.0,222.1499938965,189076900
2025-03-11T04:00:00.000Z,225.3099975586,237.0599975586,217.0200042725,230.5800018311,174896400
2025-03-12T04:00:00.000Z,247.2200012207,251.8399963379,241.1000061035,248.0899963379,142215700
2025-03-13T04:00:00.000Z,248.1300048828,248.2899932861,232.6000061035,240.6799926758,114813500
2025-03-14T04:00:00.000Z,247.3099975586,251.5800018311,240.7299957275,249.9799957275,100242300
2025-03-17T04:00:00.000Z,245.0599975586,245.3999938965,232.8000030518,238.0099945068,111900600
2025-03-18T04:00:00.000Z,228.1600036621,230.1000061035,222.2799987793,225.3099975586,111477600
2025-03-19T04:00:00.000Z,231.6100006104,241.4100036621,229.1999969482,235.8600006104,111993800
2025-03-20T04:00:00.000Z,233.3500061035,238.0,230.0500030518,236.2599945068,99028300
2025-03-21T04:00:00.000Z,234.9900054932,249.5200042725,234.5500030518,248.7100067139,132728700
2025-03-24T04:00:00.000Z,258.0799865723,278.6400146484,256.3299865723,278.3900146484,169079900
2025-03-25T04:00:00.000Z,283.6000061035,288.200012207,271.2799987793,288.1400146484,150361500
2025-03-26T04:00:00.000Z,282.6600036621,284.8999938965,266.5100097656,272.0599975586,153629800
2025-03-27T04:00:00.000Z,272.4800109863,291.8500061035,271.8200073242,273.1300048828,162572100
2025-03-28T04:00:00.000Z,275.5799865723,276.1000061035,260.5700073242,263.549987793,123809400
2025-03-31T04:00:00.000Z,249.3099975586,260.5599975586,243.3600006104,259.1600036621,134008900
2025-04-01T04:00:00.000Z,263.799987793,277.450012207,259.25,268.4599914551,146486900
2025-04-02T04:00:00.000Z,254.6000061035,284.9899902344,251.2700042725,282.7600097656,212787800
2025-04-03T04:00:00.000Z,265.2900085449,276.299987793,261.5100097656,267.2799987793,136174300
2025-04-04T04:00:00.000Z,255.3800048828,261.0,236.0,239.4299926758,181229400
2025-04-07T04:00:00.000Z,223.7799987793,252.0,214.25,233.2899932861,183453800
2025-04-08T04:00:00.000Z,245.0,250.4400024414,217.8000030518,221.8600006104,171603500
2025-04-09T04:00:00.000Z,224.6900024414,274.6900024414,223.8800048828,272.200012207,219433400
2025-04-10T04:00:00.000Z,260.0,262.4899902344,239.3300018311,252.3999938965,181722600
2025-04-11T04:00:00.000Z,251.8399963379,257.7399902344,241.3600006104,252.3099975586,128948100
2025-04-14T04:00:00.000Z,258.3599853516,261.799987793,245.9299926758,252.3500061035,100135200
2025-04-15T04:00:00.000Z,249.9100036621,258.75,247.5399932861,254.1100006104,79594300
2025-04-16T04:00:00.000Z,247.6100006104,251.9700012207,233.8899993896,241.5500030518,112378700
2025-04-17T04:00:00.000Z,243.4700012207,244.3399963379,237.6799926758,241.3699951172,83404800
2025-04-21T04:00:00.000Z,230.2599945068,232.2100067139,222.7899932861,227.5,97768000
2025-04-22T04:00:00.000Z,230.9600067139,242.7899932861,229.8500061035,237.9700012207,120858500
2025-04-23T04:00:00.000Z,254.8600006104,259.450012207,244.4299926758,250.7400054932,150381900
2025-04-24T04:00:00.000Z,250.5,259.5400085449,249.1999969482,259.5100097656,94464200
2025-04-25T04:00:00.000Z,261.6900024414,286.8500061035,259.6300048828,284.950012207,167560700
2025-04-28T04:00:00.000Z,288.9800109863,294.8599853516,272.4200134277,285.8800048828,151731800
2025-04-29T04:00:00.000Z,285.5,293.3200073242,279.4700012207,292.0299987793,108906600
2025-04-30T04:00:00.000Z,279.8999938965,284.450012207,270.7799987793,282.1600036621,128961100
2025-05-01T04:00:00.000Z,280.0100097656,290.8699951172,279.8099975586,280.5199890137,99659000
2025-05-02T04:00:00.000Z,284.8999938965,294.7799987793,279.8099975586,287.2099914551,114454700
2025-05-05T04:00:00.000Z,284.5700073242,284.8500061035,274.3999938965,280.2600097656,94618900
2025-05-06T04:00:00.000Z,273.1099853516,277.7300109863,271.3500061035,275.3500061035,76715800
2025-05-07T04:00:00.000Z,276.8800048828,277.9200134277,271.0,276.2200012207,71592600
2025-05-08T04:00:00.000Z,279.6300048828,289.799987793,279.4100036621,284.8200073242,97539400
2025-05-09T04:00:00.000Z,290.2099914551,307.0400085449,290.0,298.2600097656,132387800
2025-05-12T04:00:00.000Z,321.9899902344,322.2099914551,311.5,318.3800048828,112826700
2025-05-13T04:00:00.000Z,320.0,337.5899963379,316.799987793,334.0700073242,136992600
2025-05-14T04:00:00.000Z,342.5,350.0,337.0,347.6799926758,136997300
2025-05-15T04:00:00.000Z,340.3399963379,346.1400146484,334.7200012207,342.8200073242,97882600
2025-05-16T04:00:00.000Z,346.2399902344,351.6199951172,342.3299865723,349.9800109863,95895700
2025-05-19T04:00:00.000Z,336.299987793,343.0,333.3699951172,342.0899963379,88869900
2025-05-20T04:00:00.000Z,347.8699951172,354.9899902344,341.6300048828,343.8200073242,131715500
2025-05-21T04:00:00.000Z,344.4299926758,347.3500061035,332.200012207,334.6199951172,102354800
2025-05-22T04:00:00.000Z,331.8999938965,347.2699890137,331.3900146484,341.0400085449,97113400
2025-05-23T04:00:00.000Z,337.9200134277,343.1799926758,333.2099914551,339.3399963379,84654800
2025-05-27T04:00:00.000Z,347.3500061035,363.7900085449,347.3200073242,362.8900146484,120146400
2025-05-28T04:00:00.000Z,364.8399963379,365.0,355.9100036621,356.8999938965,91404300
2025-05-29T04:00:00.000Z,365.2900085449,367.7099914551,356.0,358.4299926758,88087800
2025-05-30T04:00:00.000Z,355.5199890137,363.6799926758,345.2900085449,346.4599914551,123474900
2025-06-02T04:00:00.000Z,343.5,348.0199890137,333.3299865723,342.6900024414,81873800
2025-06-03T04:00:00.000Z,346.6000061035,355.3999938965,343.0400085449,344.2699890137,99324500
2025-06-04T04:00:00.000Z,345.1000061035,345.6000061035,327.3299865723,332.049987793,98912100
2025-06-05T04:00:00.000Z,322.4899902344,324.549987793,273.2099914551,284.700012207,287499800
2025-06-06T04:00:00.000Z,298.8299865723,305.5,291.1400146484,295.1400146484,164747700
2025-06-09T04:00:00.000Z,285.9599914551,309.8299865723,281.8500061035,308.5799865723,140908900
2025-06-10T04:00:00.000Z,314.9400024414,327.8299865723,310.6700134277,326.0899963379,151256500
2025-06-11T04:00:00.000Z,334.3999938965,335.5,322.5,326.4299926758,122611400
2025-06-12T04:00:00.000Z,323.0799865723,332.5599975586,316.8599853516,319.1099853516,105127500
2025-06-13T04:00:00.000Z,313.9700012207,332.9899902344,313.299987793,325.3099975586,128964300
2025-06-16T04:00:00.000Z,331.2900085449,332.049987793,326.4100036621,329.1300048828,83925900
2025-06-17T04:00:00.000Z,326.0899963379,327.2600097656,314.7399902344,316.3500061035,88282700
2025-06-18T04:00:00.000Z,317.3099975586,329.3200073242,315.450012207,322.049987793,95137700
2025-06-20T04:00:00.000Z,327.950012207,332.3599853516,317.7799987793,322.1600036621,108688000
2025-06-23T04:00:00.000Z,327.5400085449,357.5400085449,327.4800109863,348.6799926758,190716800
2025-06-24T04:00:00.000Z,356.1700134277,356.2600097656,340.4400024414,340.4700012207,114736200
2025-06-25T04:00:00.000Z,342.700012207,343.0,320.3999938965,327.549987793,119845100
2025-06-26T04:00:00.000Z,324.6099853516,331.049987793,323.6099853516,325.7799987793,80440900
2025-06-27T04:00:00.000Z,324.5100097656,329.3399963379,317.5,323.6300048828,89067000
2025-06-30T04:00:00.000Z,319.8999938965,325.5799865723,316.6000061035,317.6600036621,76695100
2025-07-01T04:00:00.000Z,298.4599914551,305.8900146484,293.2099914551,300.7099914551,145085700
2025-07-02T04:00:00.000Z,312.6300048828,316.8299865723,303.8200073242,315.6499938965,119483700
2025-07-03T04:00:00.000Z,317.9899902344,318.450012207,312.7600097656,315.3500061035,58042300
2025-07-07T04:00:00.000Z,291.3699951172,296.1499938965,288.7699890137,293.9400024414,131177900
2025-07-08T04:00:00.000Z,297.0,304.049987793,294.3500061035,297.8099975586,103246700
2025-07-09T04:00:00.000Z,297.549987793,300.1499938965,293.549987793,295.8800048828,75586800
2025-07-10T04:00:00.000Z,300.049987793,310.4800109863,300.0,309.8699951172,104365300
2025-07-11T04:00:00.000Z,307.8900146484,314.0899963379,305.6499938965,313.5100097656,79236400
2025-07-14T04:00:00.000Z,317.7300109863,322.6000061035,312.6700134277,316.8999938965,78043400
2025-07-15T04:00:00.000Z,319.6799926758,321.200012207,310.5,310.7799987793,77556300
2025-07-16T04:00:00.000Z,312.799987793,323.5,312.6199951172,321.6700134277,97284800
2025-07-17T04:00:00.000Z,323.1499938965,324.3399963379,317.0599975586,319.4100036621,73922900
2025-07-18T04:00:00.000Z,321.6600036621,330.8999938965,321.4200134277,329.6499938965,94255000
2025-07-21T04:00:00.000Z,334.3999938965,338.0,326.8800048828,328.4899902344,75768800
2025-07-22T04:00:00.000Z,329.7399902344,335.4100036621,321.549987793,332.1099853516,77370400
2025-07-23T04:00:00.000Z,330.8999938965,336.200012207,328.6700134277,332.5599975586,92553800
2025-07-24T04:00:00.000Z,310.0,310.1499938965,300.4100036621,305.299987793,156966000
2025-07-25T04:00:00.000Z,308.7399902344,323.6300048828,308.0100097656,316.0599975586,148227000
2025-07-28T04:00:00.000Z,318.450012207,330.4899902344,315.6900024414,325.5899963379,112673800
2025-07-29T04:00:00.000Z,325.549987793,326.25,318.25,321.200012207,87358900
2025-07-30T04:00:00.000Z,322.1799926758,324.450012207,311.6199951172,319.0400085449,83931900
2025-07-31T04:00:00.000Z,319.6099853516,321.3699951172,306.1000061035,308.2699890137,85270900
2025-08-01T04:00:00.000Z,306.2099914551,309.3099975586,297.8200073242,302.6300048828,89121400
2025-08-04T04:00:00.000Z,309.0799865723,312.1199951172,303.0,309.2600097656,78683900
2025-08-05T04:00:00.000Z,308.950012207,312.450012207,305.5,308.7200012207,57961300
2025-08-06T04:00:00.000Z,307.8900146484,320.4700012207,306.9299926758,319.9100036621,78523600
2025-08-07T04:00:00.000Z,319.7900085449,322.3999938965,316.1600036621,322.2699890137,66658700
2025-08-08T04:00:00.000Z,321.4299926758,335.1499938965,320.9800109863,329.6499938965,91200300
2025-08-11T04:00:00.000Z,335.0,346.6400146484,334.1499938965,339.0299987793,105320200
2025-08-12T04:00:00.000Z,345.0,345.2600097656,332.9400024414,340.8399963379,80522100
2025-08-13T04:00:00.000Z,341.5,348.9800109863,338.200012207,339.3800048828,67838900
2025-08-14T04:00:00.000Z,335.7600097656,340.4700012207,330.3999938965,335.5799865723,75000700
2025-08-15T04:00:00.000Z,337.6600036621,339.299987793,327.0199890137,330.5599975586,74319800
2025-08-18T04:00:00.000Z,329.6199951172,336.2699890137,329.5899963379,335.1600036621,56956600
2025-08-19T04:00:00.000Z,335.7900085449,340.549987793,327.8500061035,329.3099975586,75956000
2025-08-20T04:00:00.000Z,329.2200012207,331.3699951172,314.6000061035,323.8999938965,77481800
2025-08-21T04:00:00.000Z,322.0799865723,324.8999938965,318.6799926758,320.1099853516,55744400
2025-08-22T04:00:00.000Z,321.6600036621,340.25,319.6900024414,340.0100097656,94016300
2025-08-25T04:00:00.000Z,338.8999938965,349.5299987793,335.0299987793,346.6000061035,86670000
2025-08-26T04:00:00.000Z,344.9299926758,351.8999938965,343.7200012207,351.6700134277,76651600
2025-08-27T04:00:00.000Z,351.9400024414,355.3900146484,349.1600036621,349.6000061035,65519000
2025-08-28T04:00:00.000Z,350.9100036621,353.549987793,340.2600097656,345.9800109863,67903200
2025-08-29T04:00:00.000Z,347.2300109863,348.75,331.700012207,333.8699951172,81145700
2025-09-02T04:00:00.000Z,328.2300109863,333.3299865723,325.6000061035,329.3599853516,58392000
2025-09-03T04:00:00.000Z,335.200012207,343.3299865723,328.5100097656,334.0899963379,88733300
2025-09-04T04:00:00.000Z,336.1499938965,338.8900146484,331.4800109863,338.5299987793,60711000
2025-09-05T04:00:00.000Z,348.0,355.8699951172,344.6799926758,350.8399963379,108989800
2025-09-08T04:00:00.000Z,354.6400146484,358.4400024414,344.8399963379,346.3999938965,75208300
2025-09-09T04:00:00.000Z,348.4400024414,350.7699890137,343.8200073242,346.9700012207,53816000
2025-09-10T04:00:00.000Z,350.549987793,356.3299865723,346.0700073242,347.7900085449,72121700
2025-09-11T04:00:00.000Z,350.1700134277,368.9899902344,347.6000061035,368.8099975586,103756000
2025-09-12T04:00:00.000Z,370.9400024414,396.6900024414,370.2399902344,395.9400024414,168156400
2025-09-15T04:00:00.000Z,423.1300048828,425.700012207,402.4299926758,410.0400085449,163823700
2025-09-16T04:00:00.000Z,414.5,423.25,411.4299926758,421.6199951172,104285700
2025-09-17T04:00:00.000Z,415.75,428.3099975586,409.6700134277,425.8599853516,106133500
2025-09-18T04:00:00.000Z,428.8699951172,432.2200012207,416.5599975586,416.8500061035,90454500
2025-09-19T04:00:00.000Z,421.8200073242,429.4700012207,421.7200012207,426.0700073242,93131000
2025-09-22T04:00:00.000Z,431.1099853516,444.9800109863,429.1300048828,434.2099914551,97108800
2025-09-23T04:00:00.000Z,439.8800048828,440.9700012207,423.7200012207,425.8500061035,83422700
2025-09-24T04:00:00.000Z,429.8299865723,444.2099914551,429.0299987793,442.7900085449,93133600
2025-09-25T04:00:00.000Z,435.2399902344,435.3500061035,419.0799865723,423.3900146484,96746400
2025-09-26T04:00:00.000Z,428.299987793,440.4700012207,421.0199890137,440.3999938965,101628200
2025-09-29T04:00:00.000Z,444.3500061035,450.9800109863,439.5,443.2099914551,79491500
2025-09-30T04:00:00.000Z,441.5199890137,445.0,433.1199951172,444.7200012207,74358000
2025-10-01T04:00:00.000Z,443.799987793,462.2900085449,440.75,459.4599914551,98122300
2025-10-02T04:00:00.000Z,470.5400085449,470.75,435.5700073242,436.0,137009000
2025-10-03T04:00:00.000Z,443.2900085449,446.7699890137,416.5799865723,429.8299865723,133188200
2025-10-06T04:00:00.000Z,440.75,453.549987793,436.6900024414,453.25,85324900
2025-10-07T04:00:00.000Z,447.8200073242,452.6799926758,432.450012207,433.0899963379,102296100
2025-10-08T04:00:00.000Z,437.5700073242,441.3299865723,425.2300109863,438.6900024414,71192100
2025-10-09T04:00:00.000Z,431.8099975586,436.3500061035,426.1799926758,435.5400085449,69339900
2025-10-10T04:00:00.000Z,436.5400085449,443.1300048828,411.450012207,413.4899902344,112107900
2025-10-13T04:00:00.000Z,423.5299987793,436.8900146484,419.700012207,435.8999938965,79552800
2025-10-14T04:00:00.000Z,426.7900085449,434.200012207,417.8599853516,429.2399902344,72669400
2025-10-15T04:00:00.000Z,434.8999938965,440.5100097656,426.3299865723,435.1499938965,71558200
2025-10-16T04:00:00.000Z,434.7300109863,439.3500061035,421.3099975586,428.75,77189900
2025-10-17T04:00:00.000Z,425.5,441.4599914551,423.6000061035,439.3099975586,89331600
2025-10-20T04:00:00.000Z,443.8699951172,449.799987793,440.6099853516,447.4299926758,63719000
2025-10-21T04:00:00.000Z,445.7600097656,449.299987793,442.049987793,442.6000061035,54412200
2025-10-22T04:00:00.000Z,443.450012207,445.5400085449,429.0,438.9700012207,84023500
2025-10-23T04:00:00.000Z,420.0,449.3999938965,413.8999938965,448.9800109863,126709800
2025-10-24T04:00:00.000Z,446.8299865723,451.6799926758,430.1700134277,433.7200012207,94727800
2025-10-27T04:00:00.000Z,439.9800109863,460.1600036621,438.6900024414,452.4200134277,105867500
2025-10-28T04:00:00.000Z,454.7799987793,467.0,451.6000061035,460.549987793,80185700
2025-10-29T04:00:00.000Z,462.5,465.700012207,452.6499938965,461.5100097656,67983500
2025-10-30T04:00:00.000Z,451.049987793,455.0599975586,439.6099853516,440.1000061035,72447900
2025-10-31T04:00:00.000Z,446.75,458.0,443.6900024414,456.5599975586,83135800
2025-11-03T05:00:00.000Z,455.9899902344,474.0700073242,453.799987793,468.3699951172,84595200
2025-11-04T05:00:00.000Z,454.4599914551,460.2200012207,443.6000061035,444.2600097656,87756600
2025-11-05T05:00:00.000Z,452.049987793,466.3299865723,440.7099914551,462.0700073242,85573000
2025-11-06T05:00:00.000Z,461.9599914551,467.450012207,435.0899963379,445.9100036621,109622900
2025-11-07T05:00:00.000Z,437.9200134277,439.3599853516,421.8800048828,429.5199890137,103471500
2025-11-10T05:00:00.000Z,439.6000061035,449.6700134277,433.3599853516,445.2300109863,76515900
2025-11-11T05:00:00.000Z,439.3999938965,442.4899902344,432.3599853516,439.6199951172,60533200
2025-11-12T05:00:00.000Z,442.1499938965,442.3299865723,426.5599975586,430.6000061035,58513500
2025-11-13T05:00:00.000Z,423.1300048828,424.5,396.3399963379,401.9899902344,118948000
2025-11-14T05:00:00.000Z,386.299987793,412.1900024414,382.7799987793,404.3500061035,105506700
2025-11-17T05:00:00.000Z,398.7399902344,423.9599914551,398.7399902344,408.9200134277,102214300
2025-11-18T05:00:00.000Z,405.3800048828,408.8999938965,393.7099914551,401.25,80688600
2025-11-19T05:00:00.000Z,406.1799926758,411.7799987793,398.5,403.9899902344,72047700
2025-11-20T05:00:00.000Z,414.6300048828,428.9400024414,394.7399902344,395.2300109863,113548800
2025-11-21T05:00:00.000Z,402.3200073242,402.799987793,383.7600097656,391.0899963379,100460600
2025-11-24T05:00:00.000Z,402.1700134277,421.7200012207,401.0899963379,417.7799987793,96806400
2025-11-25T05:00:00.000Z,414.4200134277,420.4800109863,405.950012207,419.3999938965,71915600
2025-11-26T05:00:00.000Z,423.950012207,426.9400024414,416.8900146484,426.5799865723,63463000
2025-11-28T05:00:00.000Z,426.5899963379,432.9299926758,426.200012207,430.1700134277,36252900
2025-12-01T05:00:00.000Z,425.3200073242,433.6600036621,425.2900085449,430.1400146484,57463600
2025-12-02T05:00:00.000Z,430.8099975586,436.799987793,422.1199951172,429.2399902344,69336600
2025-12-03T05:00:00.000Z,432.1000061035,447.9200134277,431.1099853516,446.7399902344,87483000
2025-12-04T05:00:00.000Z,449.9400024414,454.6300048828,445.3900146484,454.5299987793,71906500
2025-12-05T05:00:00.000Z,453.0299987793,458.8699951172,451.6600036621,455.0,56427500
2025-12-08T05:00:00.000Z,447.450012207,449.75,435.25,439.5799865723,69165800
2025-12-09T05:00:00.000Z,437.5400085449,452.3900146484,435.700012207,445.1700134277,62367400
2025-12-10T05:00:00.000Z,446.0700073242,456.8800048828,443.6099853516,451.450012207,63257500
2025-12-11T05:00:00.000Z,448.950012207,449.2699890137,440.3299865723,446.8900146484,55979500
2025-12-12T05:00:00.000Z,448.0899963379,463.0100097656,441.6700134277,458.9599914551,95656700
2025-12-15T05:00:00.000Z,469.4400024414,481.7699890137,467.6600036621,475.3099975586,114542200
2025-12-16T05:00:00.000Z,472.2099914551,491.5,465.8299865723,489.8800048828,107608100
2025-12-17T05:00:00.000Z,488.2200012207,495.2799987793,466.200012207,467.2600097656,106490400
2025-12-18T05:00:00.000Z,478.1600036621,490.8599853516,473.1199951172,483.3699951172,95168400
2025-12-19T05:00:00.000Z,488.1199951172,490.4899902344,474.7200012207,481.200012207,103305400
2025-12-22T05:00:00.000Z,489.8800048828,498.8299865723,485.3299865723,488.7300109863,86916100
2025-12-23T05:00:00.000Z,489.3999938965,491.9700012207,482.8399963379,485.5599975586,58223600
2025-12-24T05:00:00.000Z,488.4800109863,490.8999938965,476.799987793,485.3999938965,41285400
2025-12-26T05:00:00.000Z,485.2300109863,489.0899963379,473.8200073242,475.1900024414,58780700
2025-12-29T05:00:00.000Z,469.0,469.3999938965,459.0,459.6400146484,66263000
2025-12-30T05:00:00.000Z,461.0899963379,463.1199951172,453.8299865723,454.4299926758,59238500
2025-12-31T05:00:00.000Z,456.1000061035,456.549987793,449.299987793,449.7200012207,49078000
2026-01-02T05:00:00.000Z,457.799987793,458.3399963379,435.299987793,438.0700073242,85535400
2026-01-05T05:00:00.000Z,447.9899902344,457.549987793,444.5700073242,451.6700134277,67940800
2026-01-06T05:00:00.000Z,446.3800048828,448.25,428.7799987793,432.9599914551,89093800
2026-01-07T05:00:00.000Z,435.8999938965,438.3699951172,431.2900085449,431.4100036621,59828800
2026-01-08T05:00:00.000Z,427.8900146484,436.8900146484,424.3699951172,435.799987793,57041100
2026-01-09T05:00:00.000Z,435.950012207,449.049987793,430.3900146484,445.0100097656,67331500
2026-01-12T05:00:00.000Z,441.2300109863,454.299987793,438.0,448.9599914551,61649600
2026-01-13T05:00:00.000Z,450.200012207,451.8099975586,443.950012207,447.200012207,53719200
2026-01-14T05:00:00.000Z,442.8099975586,443.9100036621,434.2200012207,439.200012207,57259500
2026-01-15T05:00:00.000Z,441.1300048828,445.3599853516,437.6499938965,438.5700073242,49465800
2026-01-16T05:00:00.000Z,439.5,447.25,435.2600097656,437.5,60220600
2026-01-20T05:00:00.000Z,429.3599853516,430.7300109863,417.4400024414,419.25,63187300
2026-01-21T05:00:00.000Z,421.6600036621,438.200012207,419.6199951172,431.4400024414,68124000
2026-01-22T05:00:00.000Z,435.1600036621,449.5,432.6300048828,449.3599853516,71546700
2026-01-23T05:00:00.000Z,447.4299926758,452.4299926758,444.0400085449,449.0599975586,56771400
2026-01-26T05:00:00.000Z,445.0,445.0400085449,434.2799987793,435.200012207,49397400
2026-01-27T05:00:00.000Z,437.4100036621,437.5199890137,430.6900024414,430.8999938965,37733100
2026-01-28T05:00:00.000Z,431.9100036621,438.2600097656,430.1000061035,431.4599914551,54857400
2026-01-29T05:00:00.000Z,437.799987793,440.2300109863,414.6199951172,416.5599975586,81686100
2026-01-30T05:00:00.000Z,425.3500061035,439.8800048828,422.700012207,430.4100036621,82626100
2026-02-02T05:00:00.000Z,421.2900085449,427.1499938965,414.5,421.8099975586,58739500
2026-02-03T05:00:00.000Z,424.2699890137,428.5599975586,413.6900024414,421.9599914551,56886500
2026-02-04T05:00:00.000Z,420.4599914551,423.8999938965,399.1799926758,406.0100097656,74606900
2026-02-05T05:00:00.000Z,397.0199890137,402.1000061035,387.5299987793,397.2099914551,72819800
2026-02-06T05:00:00.000Z,400.8699951172,414.549987793,397.75,411.1099853516,62677100
2026-02-09T05:00:00.000Z,409.9100036621,421.25,407.2900085449,417.3200073242,54484300
2026-02-10T05:00:00.000Z,418.0799865723,427.25,417.0,425.2099914551,64450200
2026-02-11T05:00:00.000Z,427.9599914551,436.3500061035,420.0299987793,428.2699890137,57362000
2026-02-12T05:00:00.000Z,430.299987793,436.2300109863,414.0,417.0700073242,61933400
2026-02-13T05:00:00.000Z,414.3099975586,424.0599975586,410.8800048828,417.4400024414,51434100
2026-02-17T05:00:00.000Z,412.3599853516,413.7200012207,400.5100097656,410.6300048828,59678800
2026-02-18T05:00:00.000Z,411.1099853516,416.8999938965,409.5799865723,411.3200073242,45921400
2026-02-19T05:00:00.000Z,407.25,415.25,404.1099853516,411.7099914551,51019600
2026-02-20T05:00:00.000Z,408.299987793,414.700012207,405.5,411.8200073242,57912200
2026-02-23T05:00:00.000Z,407.2900085449,407.700012207,394.0400085449,399.8299865723,69680000
2026-02-24T05:00:00.000Z,399.5,410.8200073242,397.6400146484,409.3800048828,58579500
2026-02-25T05:00:00.000Z,412.1499938965,420.3399963379,412.1499938965,417.3999938965,54809700
2026-02-26T05:00:00.000Z,414.4200134277,416.8099975586,403.6600036621,408.5799865723,53602500
2026-02-27T05:00:00.000Z,402.9400024414,407.1199951172,398.1099853516,402.5100097656,56890100
2026-03-02T05:00:00.000Z,390.6000061035,404.5400085449,388.25,403.3200073242,55088300
2026-03-03T05:00:00.000Z,395.0899963379,396.3399963379,385.3900146484,392.4299926758,62617300
2026-03-04T05:00:00.000Z,397.8500061035,408.3299865723,394.5799865723,405.9400024414,68305500
2026-03-05T05:00:00.000Z,401.5700073242,408.6199951172,399.4200134277,405.549987793,51925900
2026-03-06T05:00:00.000Z,398.0899963379,402.3500061035,394.2099914551,396.7300109863,64054600
2026-03-09T04:00:00.000Z,390.049987793,401.5899963379,381.3999938965,398.6799926758,67018900
2026-03-10T04:00:00.000Z,402.2200012207,406.5899963379,398.1900024414,399.2399902344,59258700
2026-03-11T04:00:00.000Z,402.2799987793,416.3800048828,402.1499938965,407.8200073242,62559900
2026-03-12T04:00:00.000Z,405.1799926758,406.5,394.6499938965,395.0100097656,60973800
2026-03-13T04:00:00.000Z,399.1700134277,400.200012207,389.950012207,391.200012207,58504100
2026-03-16T04:00:00.000Z,396.2200012207,403.7300109863,394.4200134277,395.5599975586,58068300
2026-03-17T04:00:00.000Z,395.6900024414,400.1199951172,393.0,399.2699890137,46890500
2026-03-18T04:00:00.000Z,399.0,403.0700073242,392.3099975586,392.7799987793,50853100
2026-03-19T04:00:00.000Z,387.2699890137,387.2699890137,378.7300109863,380.299987793,67078300
2026-03-20T04:00:00.000Z,379.8500061035,379.8900146484,364.4599914551,367.9599914551,78628600
2026-03-23T04:00:00.000Z,373.0899963379,385.3299865723,372.7300109863,380.8500061035,74606000
2026-03-24T04:00:00.000Z,376.5599975586,387.4800109863,376.3099975586,383.0299987793,60004900
2026-03-25T04:00:00.000Z,389.9899902344,396.2300109863,385.0100097656,385.950012207,55157300
2026-03-26T04:00:00.000Z,381.6000061035,384.4400024414,371.8699951172,372.1099853516,55522900
2026-03-27T04:00:00.000Z,369.6900024414,369.8599853516,359.4700012207,361.8299865723,62065700
2026-03-30T04:00:00.000Z,365.8599853516,367.2900085449,352.1400146484,355.2799987793,67954400
2026-03-31T04:00:00.000Z,361.5100097656,373.3299865723,361.0,371.75,75534900
2026-04-01T04:00:00.000Z,378.6300048828,383.1400146484,374.0799865723,381.2600097656,58683800
2026-04-02T04:00:00.000Z,364.200012207,370.2799987793,359.0299987793,360.5899963379,83031200
2026-04-06T04:00:00.000Z,362.5899963379,367.7200012207,346.6400146484,352.8200073242,77697600
2026-04-07T04:00:00.000Z,346.4400024414,348.0199890137,337.2399902344,346.6499938965,74515400
2026-04-08T04:00:00.000Z,363.7900085449,364.5,339.6700134277,343.25,78838600
2026-04-09T04:00:00.000Z,343.1499938965,348.8800048828,337.25,345.6199951172,62164000
2026-04-10T04:00:00.000Z,346.2900085449,350.3599853516,342.7399902344,348.950012207,51336000
2026-04-13T04:00:00.000Z,350.0700073242,356.3500061035,348.5700073242,352.4200134277,53617500
2026-04-14T04:00:00.000Z,357.6700134277,367.6300048828,354.7699890137,364.200012207,59979600
2026-04-15T04:00:00.000Z,366.8299865723,394.6499938965,362.5,391.950012207,113810400
2026-04-16T04:00:00.000Z,393.8099975586,394.0599975586,381.799987793,388.8999938965,63515100
2026-04-17T04:00:00.000Z,395.9200134277,409.2799987793,391.6499938965,400.6199951172,90640000
2026-04-20T04:00:00.000Z,402.5799865723,406.799987793,388.3299865723,392.5,64603900
2026-04-21T04:00:00.000Z,393.0,393.950012207,385.2200012207,386.4200134277,50530600
2026-04-22T04:00:00.000Z,387.5700073242,393.0100097656,385.299987793,387.5100097656,62362800
2026-04-23T04:00:00.000Z,375.2799987793,386.0,368.3900146484,373.7200012207,93969500
2026-04-24T04:00:00.000Z,373.5,382.7600097656,370.7300109863,376.299987793,62893300
2026-04-27T04:00:00.000Z,372.0899963379,380.7799987793,364.0199890137,378.6700134277,66735800
2026-04-28T04:00:00.000Z,374.6799926758,382.2900085449,372.5400085449,376.0199890137,50864400
2026-04-29T04:00:00.000Z,375.3999938965,376.3999938965,370.0400085449,372.799987793,45384800
2026-04-30T04:00:00.000Z,372.75,384.75,368.1700134277,381.6300048828,51076000
2026-05-01T04:00:00.000Z,382.4899902344,397.8200073242,378.799987793,390.8200073242,65338300
2026-05-04T04:00:00.000Z,390.2300109863,394.6400146484,384.799987793,392.5100097656,48765100
2026-05-05T04:00:00.000Z,395.1900024414,402.1199951172,389.0,389.3699951172,47780600
2026-05-06T04:00:00.000Z,386.25,401.6799926758,384.0199890137,398.7300109863,53465400
2026-05-07T04:00:00.000Z,407.4800109863,415.8299865723,402.1199951172,411.7900085449,64294200
2026-05-08T04:00:00.000Z,416.4800109863,431.200012207,416.3900146484,428.3500061035,65050000
2026-05-11T04:00:00.000Z,422.1600036621,449.1600036621,416.799987793,445.0,78148100
