Date,Open,High,Low,Close,Volume
2021-01-04T05:00:00.000Z,44.7625524236,45.5659841078,44.7563505521,45.4543113708,32182200
2021-01-05T05:00:00.000Z,45.4760222608,45.6218177015,44.8214888078,45.2123451233,26498100
2021-01-06T05:00:00.000Z,45.0076136679,45.9413307372,44.9827955336,45.4946327209,21918900
2021-01-07T05:00:00.000Z,45.7924301125,45.8358574076,45.3023048253,45.4915275574,20538000
2021-01-08T05:00:00.000Z,45.5628786885,45.6001041152,45.2309596579,45.4853286743,24478200
2021-01-11T05:00:00.000Z,45.289902808,45.9072108919,45.289902808,45.6900672913,26264400
2021-01-12T05:00:00.000Z,46.2205164755,46.5090046681,46.0095747498,46.2112083435,23373300
2021-01-13T05:00:00.000Z,46.1429678124,46.2422332645,45.7334987101,45.7397041321,16069500
2021-01-14T05:00:00.000Z,45.8544786837,45.9103132807,45.3023132862,45.5908050537,23017200
2021-01-15T05:00:00.000Z,45.0231303328,45.2588831179,44.5671276675,44.8680267334,35920500
2021-01-19T05:00:00.000Z,44.868019921,45.0014080732,44.2569172991,44.4802627563,24123600
2021-01-20T05:00:00.000Z,44.5423048912,45.1844274977,44.325161312,45.1378974915,23775600
2021-01-21T05:00:00.000Z,45.0913651476,45.2061405771,44.7346280181,44.9331588745,14325900
2021-01-22T05:00:00.000Z,45.1658212065,45.705579296,45.0169230353,45.3922729492,19219500
2021-01-25T05:00:00.000Z,45.0913692696,45.3674501577,44.7532448207,45.351940155,19031100
2021-01-26T05:00:00.000Z,45.1751155223,45.8513643359,45.1254863599,45.7583007812,15031500
2021-01-27T05:00:00.000Z,45.587705396,45.8668890494,44.5299045442,44.6198654175,29910300
2021-01-28T05:00:00.000Z,44.812176927,45.3705476096,44.5547087819,44.5919342041,22301700
2021-01-29T05:00:00.000Z,44.415121321,44.5919403257,43.5372423693,43.5806732178,32509200
2021-02-01T05:00:00.000Z,43.710966679,43.8908848772,43.1774139567,43.2022285461,25945200
2021-02-02T05:00:00.000Z,43.3542161477,44.0956041414,43.2549507206,43.6675224304,27002400
2021-02-03T05:00:00.000Z,43.6334076963,44.0645921964,43.624103114,43.8009185791,14966700
2021-02-04T05:00:00.000Z,43.9839424331,44.4151269622,43.81953425,44.2134933472,17346300
2021-02-05T05:00:00.000Z,44.5019786624,44.933163129,44.2134869312,44.781162262,20451600
2021-02-08T05:00:00.000Z,44.9207567942,45.1596158117,44.8121832226,44.9890022278,15825300
2021-02-09T05:00:00.000Z,44.8494139501,45.3891720613,44.8494139501,45.2371711731,15906900
2021-02-10T05:00:00.000Z,45.2371706043,45.2588824809,44.526802448,44.7098197937,18576900
2021-02-11T05:00:00.000Z,44.7129192052,44.9641855232,44.5795310445,44.6756973267,12791400
2021-02-12T05:00:00.000Z,44.7191143894,44.8587079397,44.5671135492,44.8152770996,13423500
2021-02-16T05:00:00.000Z,45.2712796696,45.41086967,44.9579734087,45.1844215393,27891000
2021-02-17T05:00:00.000Z,44.8711229203,45.7552072734,44.8245929122,45.6621437073,25571100
2021-02-18T05:00:00.000Z,43.1184599124,43.6458106011,42.6531527783,42.7027854919,96927300
2021-02-19T05:00:00.000Z,42.7462197556,43.2487488027,42.7058916195,42.9137306213,36606000
2021-02-22T05:00:00.000Z,42.7276148026,42.9137384149,42.2654102577,42.7121047974,32106600
2021-02-23T05:00:00.000Z,42.5321909208,42.6190455387,41.8962699933,42.0234527588,31300200
2021-02-24T05:00:00.000Z,42.1475232649,42.2374805662,41.272743535,41.3223762512,46565700
2021-02-25T05:00:00.000Z,41.2882633833,41.5705461718,40.7857307235,40.9315261841,33324600
2021-02-26T05:00:00.000Z,40.7857311681,40.8880993277,40.2831985029,40.3018112183,42470700
2021-03-01T05:00:00.000Z,40.8167487124,41.1238496227,40.6771551305,40.7516059875,34634400
2021-03-02T05:00:00.000Z,40.7950278025,41.1796822288,40.3297206587,40.3607406616,29230800
2021-03-03T05:00:00.000Z,40.1715225674,40.3049107254,39.5666217907,39.5790290833,41837400
2021-03-04T05:00:00.000Z,39.6627815043,40.1963340955,39.1726597588,39.5604133606,45348000
2021-03-05T05:00:00.000Z,39.3432779691,40.2490742668,39.3184598329,40.0536460876,34073700
2021-03-08T05:00:00.000Z,40.1187767223,40.2769794243,39.6472642259,39.6689796448,40988400
2021-03-09T05:00:00.000Z,39.9543748823,40.2893930482,39.8054767363,39.9822921753,31988700
2021-03-10T05:00:00.000Z,39.9730000453,41.2727556294,39.8520191546,41.0028800964,44929200
2021-03-11T05:00:00.000Z,41.3689172546,41.4092418469,40.8012418511,40.987361908,35489700
2021-03-12T05:00:00.000Z,41.1083482401,41.7287591621,40.9718608903,41.6046791077,28437600
2021-03-15T04:00:00.000Z,41.7969948937,41.8000976043,41.2014022511,41.390625,25071900
2021-03-16T04:00:00.000Z,41.2013965432,41.6542928337,41.2013965432,41.3782119751,19881000
2021-03-17T04:00:00.000Z,41.102142844,41.300673754,40.9408338171,41.0338973999,24156300
2021-03-18T04:00:00.000Z,40.8563383641,41.1024224443,40.4731935327,40.4981117249,29815500
2021-03-19T04:00:00.000Z,40.5354837025,41.2737393463,40.4638376774,41.0369987488,57703500
2021-03-22T04:00:00.000Z,40.8064962371,41.2581714199,40.803380572,41.2332496643,24654000
2021-03-23T04:00:00.000Z,41.0276581548,41.834444285,41.0027399643,41.7223052979,29154900
2021-03-24T04:00:00.000Z,41.8749426215,41.8749426215,41.4450699498,41.463760376,23547300
2021-03-25T04:00:00.000Z,41.5104851252,41.9060926142,41.3890027012,41.7441101074,28125900
2021-03-26T04:00:00.000Z,41.7409915592,42.114789334,41.5603186539,42.0929832458,28653600
2021-03-29T04:00:00.000Z,42.0524949451,42.6786081587,41.9278968613,42.5727005005,30146400
2021-03-30T04:00:00.000Z,42.4667859571,42.859277733,42.1988958201,42.283000946,27230100
2021-03-31T04:00:00.000Z,42.2238219858,42.6318849987,42.0400369555,42.3110427856,24546000
2021-04-01T04:00:00.000Z,42.3453008646,42.6412284263,42.1552880848,42.2456245422,25595100
2021-04-05T04:00:00.000Z,42.5882670059,43.6598274299,42.4262881025,43.4324302673,40043100
2021-04-06T04:00:00.000Z,43.3327571366,43.9059182816,43.1489721182,43.6411437988,31044600
2021-04-07T04:00:00.000Z,43.703446336,43.8436227509,43.5009708765,43.5476951599,20361600
2021-04-08T04:00:00.000Z,43.7501740992,43.9588809057,43.504090002,43.5196647644,19095600
2021-04-09T04:00:00.000Z,43.4947379128,43.6380299876,43.208160893,43.5414657593,20676600
2021-04-12T04:00:00.000Z,43.6318002959,43.7283645278,43.4044066446,43.5476951599,18723000
2021-04-13T04:00:00.000Z,43.5476950288,43.609997638,43.2580023339,43.4137535095,17397900
2021-04-14T04:00:00.000Z,43.3358752429,43.4417864679,43.1178250275,43.3981742859,21924600
2021-04-15T04:00:00.000Z,43.4230951789,43.7564000432,43.3607961371,43.6598358154,21710400
2021-04-16T04:00:00.000Z,43.8872391272,43.9090452225,43.5196689959,43.8000183105,26488500
2021-04-19T04:00:00.000Z,43.7003341467,43.7875549548,43.4885152397,43.5196647644,19281000
2021-04-20T04:00:00.000Z,43.429329673,44.1613577867,43.2424325188,43.856086731,24452100
2021-04-21T04:00:00.000Z,43.8498500828,44.1395463405,43.7750919431,43.983795166,17335200
2021-04-22T04:00:00.000Z,43.9464221074,44.0616767756,43.429328586,43.5072059631,19705200
2021-04-23T04:00:00.000Z,43.3296346209,43.7158914248,43.3078285363,43.578830719,22971000
2021-04-26T04:00:00.000Z,43.5819513027,43.6099887188,42.8748487389,42.9589538574,22846200
2021-04-27T04:00:00.000Z,42.9869916288,43.2829156206,42.8468152302,43.1053619385,16151400
2021-04-28T04:00:00.000Z,43.096020341,43.1707784759,42.9465005064,42.9527282715,14286600
2021-04-29T04:00:00.000Z,42.9558395592,43.6099901059,42.9558395592,43.4947319031,19596000
2021-04-30T04:00:00.000Z,43.51965211,43.6068728928,43.3327514512,43.5819511414,19680000
2021-05-03T04:00:00.000Z,43.5103197555,44.4635101498,43.5103197555,44.2703781128,27139500
2021-05-04T04:00:00.000Z,44.0897130305,44.2423485629,43.6411534304,43.8342819214,19084200
2021-05-05T04:00:00.000Z,43.8311480573,43.9837835263,43.6878595813,43.7968864441,18351000
2021-05-06T04:00:00.000Z,43.7812535501,44.2065549494,43.6092548186,44.1096115112,16302000
2021-05-07T04:00:00.000Z,44.2909888844,44.3191364079,43.5685978152,43.8437957764,23408400
2021-05-10T04:00:00.000Z,43.9219819341,44.4317223867,43.8782020605,44.037689209,26307600
2021-05-11T04:00:00.000Z,44.053330467,44.053330467,43.2558839564,43.6405334473,26464200
2021-05-12T04:00:00.000Z,43.4278860708,43.4622858251,42.5022241847,42.5116043091,25998300
2021-05-13T04:00:00.000Z,42.6022898606,43.4622800245,42.4553107386,43.2308654785,21475200
2021-05-14T04:00:00.000Z,43.4091186725,43.8563118628,43.2902834928,43.6311531067,16091700
2021-05-17T04:00:00.000Z,43.7812531679,43.9063405505,43.3966037401,43.4341278076,19675800
2021-05-18T04:00:00.000Z,44.8789274395,45.2135413286,44.159663973,44.3785705566,58183800
2021-05-19T04:00:00.000Z,44.0032861253,44.9445837565,43.9376145304,44.3816833496,34874700
2021-05-20T04:00:00.000Z,44.2503453313,44.6787746981,44.0001669458,44.5380477905,30540900
2021-05-21T04:00:00.000Z,44.5693199728,44.7444430405,44.2816139557,44.3285217285,22927500
2021-05-24T04:00:00.000Z,44.331653595,44.5380485297,44.2065626107,44.331653595,18945900
2021-05-25T04:00:00.000Z,44.3441601511,44.6068465568,44.1158734964,44.5130310059,21505200
2021-05-26T04:00:00.000Z,44.5286727106,44.6819076601,44.3316578807,44.4598731995,19294200
2021-05-27T04:00:00.000Z,44.8288739249,44.932073162,44.309753418,44.309753418,56577000
2021-05-28T04:00:00.000Z,44.3848200656,44.5474351347,44.2941288277,44.4160919189,21186300
2021-06-01T04:00:00.000Z,44.4723720557,44.6568788216,44.1784138221,44.3003768921,20767500
2021-06-02T04:00:00.000Z,44.2159458298,44.3160171846,43.809404609,44.2034378052,23298000
2021-06-03T04:00:00.000Z,44.2159484189,44.3597996577,44.0158056976,44.2816200256,18374400
2021-06-04T04:00:00.000Z,44.237842954,44.4974050962,44.1721713378,44.3598060608,13635900
2021-06-07T04:00:00.000Z,44.3597959645,44.3973236163,43.9032190775,44.0627098083,16630800
2021-06-08T04:00:00.000Z,43.940742904,44.0627059724,43.7218363926,43.7280921936,20120700
2021-06-09T04:00:00.000Z,43.5748645091,43.7843873538,43.47792105,43.4935569763,17085300
2021-06-10T04:00:00.000Z,43.4935578615,43.8406797282,43.4935578615,43.7437362671,16378500
2021-06-11T04:00:00.000Z,43.8531894514,44.04707996,43.737482158,44.0158081055,25232400
2021-06-14T04:00:00.000Z,44.0720823797,44.0720823797,43.7906321969,43.9563751221,15140700
2021-06-15T04:00:00.000Z,44.0439478604,44.065839588,43.6749342857,43.7812614441,19327200
2021-06-16T04:00:00.000Z,43.7343459185,43.7937617102,42.8337002901,42.8899917603,28794900
2021-06-17T04:00:00.000Z,42.8430899943,43.2652671325,42.752398765,43.0682487488,19341900
2021-06-18T04:00:00.000Z,42.355233141,42.6523192418,42.0299995171,42.2707977295,44812800
2021-06-21T04:00:00.000Z,42.4240343922,42.7649003736,42.3270909547,42.6554489136,20775000
2021-06-22T04:00:00.000Z,42.602299599,43.0682566981,42.602299599,42.8524780273,19107000
2021-06-23T04:00:00.000Z,42.6867236245,42.8399585419,42.5084726604,42.5178527832,19390500
2021-06-24T04:00:00.000Z,42.5835268558,42.9181406574,42.5616387084,42.8149414062,23444100
2021-06-25T04:00:00.000Z,42.8837354648,43.4247476999,42.8180638732,43.3215484619,28640700
2021-06-28T04:00:00.000Z,43.1683165588,43.3559512247,42.7179955079,43.1870803833,15549000
2021-06-29T04:00:00.000Z,43.1245357544,43.3027867148,42.915009368,42.9369010925,35962500
2021-06-30T04:00:00.000Z,43.6436543488,44.5880798383,43.3715842802,44.1002311707,45511200
2021-07-01T04:00:00.000Z,43.909476956,44.1721633735,43.4716638742,43.5686073303,26348700
2021-07-02T04:00:00.000Z,43.577995805,44.119008204,43.577995805,43.8156661987,26280600
2021-07-06T04:00:00.000Z,43.7499815311,44.0157993999,43.6280220383,43.7624931335,18279300
2021-07-07T04:00:00.000Z,43.7062105734,44.1534038224,43.5811231544,43.690574646,25607400
2021-07-08T04:00:00.000Z,43.2621476836,43.9845354427,43.2246200243,43.653049469,21267000
2021-07-09T04:00:00.000Z,43.9094645928,44.0439356647,43.7593575995,43.8750648499,15185400
2021-07-12T04:00:00.000Z,43.9970482679,44.0283201253,43.571743134,43.7969055176,19515000
2021-07-13T04:00:00.000Z,43.7781320738,44.150273537,43.7624961486,43.962638855,18947700
2021-07-14T04:00:00.000Z,44.0032935788,44.3441632127,43.7280991297,44.2659835815,18812100
2021-07-15T04:00:00.000Z,44.4067004593,44.6068431491,44.1221223485,44.3003768921,17974800
2021-07-16T04:00:00.000Z,44.3128876927,44.4473587945,44.0783452397,44.2691078186,18095400
2021-07-19T04:00:00.000Z,44.2221967121,44.7131733473,43.7093319291,44.1659088135,27383100
2021-07-20T04:00:00.000Z,44.0846004959,44.5536853961,44.0251811187,44.3660507202,19020300
2021-07-21T04:00:00.000Z,44.5630656433,44.5755736674,44.0032895149,44.1471443176,18591900
2021-07-22T04:00:00.000Z,44.1346299414,44.4442276748,44.0314342757,44.1784133911,13013400
2021-07-23T04:00:00.000Z,44.2565977041,44.6318670731,44.0971105486,44.5411758423,15947400
2021-07-26T04:00:00.000Z,44.5192897645,44.9883747081,44.2378359353,44.6037216187,18517200
2021-07-27T04:00:00.000Z,44.7194364583,44.7194364583,44.3942027226,44.6068534851,15395700
2021-07-28T04:00:00.000Z,44.55681165,44.7976099119,44.3003810414,44.4254684448,14071500
2021-07-29T04:00:00.000Z,44.606845516,44.6725206948,44.412958617,44.4817581177,11063100
2021-07-30T04:00:00.000Z,44.1565238974,44.7069163168,44.1565238974,44.5787010193,16332300
2021-08-02T04:00:00.000Z,44.6662569278,44.6787649497,44.3034956639,44.4754943848,19958400
2021-08-03T04:00:00.000Z,44.5442995525,45.0008764067,44.5192835056,44.975856781,18915300
2021-08-04T04:00:00.000Z,44.8382588997,45.0133855474,44.6381197833,44.6693916321,15301500
2021-08-05T04:00:00.000Z,45.1040783076,45.5137438351,45.0290230049,45.4981079102,27005400
2021-08-06T04:00:00.000Z,45.7232636335,45.8045711471,45.329230509,45.4167938232,19263600
2021-08-09T04:00:00.000Z,45.6294484134,45.8077029573,45.4699612729,45.5262527466,15811800
2021-08-10T04:00:00.000Z,45.9609405167,46.5801324474,45.7357781878,46.4956970215,38262000
2021-08-11T04:00:00.000Z,46.7552468509,47.4025861895,46.6457953969,46.9116096497,41455800
2021-08-12T04:00:00.000Z,46.7672427148,47.1470288961,46.7076046713,46.786075592,18269100
2021-08-13T04:00:00.000Z,46.8865021409,47.1940997544,46.8174530608,46.9335861206,15981300
2021-08-16T04:00:00.000Z,46.9806717113,47.6241145238,46.7797924945,47.3165168762,47791500
2021-08-17T04:00:00.000Z,47.20665122,47.8657873878,46.7986176236,47.3008155823,50950200
2021-08-18T04:00:00.000Z,47.2537436005,47.8877681871,46.7735142476,46.798625946,28211700
2021-08-19T04:00:00.000Z,46.5569420517,47.2882704362,46.4533630297,47.1156387329,22630500
2021-08-20T04:00:00.000Z,47.2317699486,47.6209743226,47.0026432184,47.5362281799,19400400
2021-08-23T04:00:00.000Z,47.5613243383,47.6429346412,47.2097858031,47.2223434448,16166100
2021-08-24T04:00:00.000Z,47.2380491021,47.2380491021,46.6730736165,46.7358474731,18828900
2021-08-25T04:00:00.000Z,46.5820525268,46.8551202416,46.4627800433,46.7546806335,21921300
2021-08-26T04:00:00.000Z,46.2870060287,46.538105033,46.0359070244,46.2493438721,23466900
2021-08-27T04:00:00.000Z,46.2995640393,46.3560626671,45.8821121335,45.9888305664,23088600
2021-08-30T04:00:00.000Z,45.9574411049,46.4533603064,45.8318898029,46.3591995239,16440600
2021-08-31T04:00:00.000Z,46.4502301269,46.5914713177,46.2148245502,46.4847564697,25078500
2021-09-01T04:00:00.000Z,46.3152587757,46.4313918448,46.0045217264,46.3843078613,19056600
2021-09-02T04:00:00.000Z,46.4910221595,46.7013195848,46.3560562274,46.6291275024,20018100
2021-09-03T04:00:00.000Z,46.5161368011,46.9712508324,46.4219724286,46.845703125,17211900
2021-09-07T04:00:00.000Z,46.7578166498,46.8205905022,46.1583184565,46.22423172,25345200
2021-09-08T04:00:00.000Z,46.1237890362,46.5537949255,46.0547363663,46.2838630676,19508400
2021-09-09T04:00:00.000Z,46.2838701719,46.3309541573,45.7753968942,45.9574432373,22328700
2021-09-10T04:00:00.000Z,46.2022611636,46.2148188081,45.6467039278,45.7910881042,15775200
2021-09-13T04:00:00.000Z,45.9888280276,46.1865678259,45.3987444517,45.5305709839,19529400
2021-09-14T04:00:00.000Z,45.6623941695,45.7879454622,45.1727502342,45.2920227051,16533900
2021-09-15T04:00:00.000Z,45.2198354424,45.4332686946,45.1319498942,45.3704948425,14850000
2021-09-16T04:00:00.000Z,45.3359743646,45.6090456852,45.1005687969,45.5211601257,18428400
2021-09-17T04:00:00.000Z,45.2418085684,45.8758367492,45.2041464086,45.4269943237,73032600
2021-09-20T04:00:00.000Z,45.0409247783,45.5713738841,44.4508448237,44.8023834229,25054500
2021-09-21T04:00:00.000Z,44.789819204,45.3799026641,44.7804045644,44.8902587891,17437500
2021-09-22T04:00:00.000Z,45.0315020396,45.0723071912,44.6611306331,44.7866783142,15044400
2021-09-23T04:00:00.000Z,44.9530428545,45.0817299693,44.7113584959,44.8117980957,15585300
2021-09-24T04:00:00.000Z,44.7270497671,45.1005606332,44.7239103562,44.9373435974,13360500
2021-09-27T04:00:00.000Z,44.8431828267,45.0566160679,44.519891758,44.6485824585,21250800
2021-09-28T04:00:00.000Z,44.5324572439,44.5920952892,43.9392377546,44.0993118286,20580900
2021-09-29T04:00:00.000Z,44.1463804832,44.516755527,44.0428050704,44.0804672241,21375600
2021-09-30T04:00:00.000Z,44.1432477615,44.485368132,43.70696302,43.7477645874,22457700
2021-10-01T04:00:00.000Z,43.7100964671,43.826229525,42.6617595351,43.0164375305,30014400
2021-10-04T04:00:00.000Z,43.0289895024,43.3868068914,42.2819678013,42.6021194458,29970300
2021-10-05T04:00:00.000Z,42.671172312,43.2235900636,42.6554788504,42.8814697266,20597400
2021-10-06T04:00:00.000Z,42.7621977248,43.2487022245,42.7276713905,43.1953430176,19376700
2021-10-07T04:00:00.000Z,43.5594389198,44.1620801109,43.5531636898,43.7038230896,21068100
2021-10-08T04:00:00.000Z,43.8356513977,43.97061734,43.6316327787,43.8356513977,13847400
2021-10-11T04:00:00.000Z,43.7917059476,44.1871855007,43.7665942531,43.7948417664,13048200
2021-10-12T04:00:00.000Z,43.7352105353,44.0710556758,43.6504643974,43.7477645874,15789300
2021-10-13T04:00:00.000Z,43.7854375027,43.9455115715,43.3554279208,43.4307594299,17937900
2021-10-14T04:00:00.000Z,43.4715520566,43.9643317672,43.4715520566,43.9015579224,19783500
2021-10-15T04:00:00.000Z,44.1369701496,44.2876295553,43.9298121198,44.1149978638,20737200
2021-10-18T04:00:00.000Z,43.9423708347,44.5732559889,43.8890116204,44.4696769714,19887000
2021-10-19T04:00:00.000Z,45.3956034661,45.703201092,45.0911452512,45.4144363403,33444300
2021-10-20T04:00:00.000Z,45.4772197004,45.9794214037,45.4772197004,45.8256225586,17453700
2021-10-21T04:00:00.000Z,46.0076647781,46.1143796221,45.7659803873,46.0798568726,13954500
2021-10-22T04:00:00.000Z,46.1708695269,46.9838045132,46.1708695269,46.5600738525,21195600
2021-10-25T04:00:00.000Z,46.6981790631,47.2443180083,46.4564947187,47.099937439,19287900
2021-10-26T04:00:00.000Z,47.0811064156,47.253738097,46.5977412997,46.6887626648,17418600
2021-10-27T04:00:00.000Z,46.7546783414,46.773511216,46.2618985592,46.3058395386,14565600
2021-10-28T04:00:00.000Z,46.560078154,46.760957361,46.3623383581,46.5946044922,12598500
2021-10-29T04:00:00.000Z,46.4251126048,47.1124963716,46.315258359,46.8990631104,22022700
2021-11-01T04:00:00.000Z,47.07482838,47.3165127379,46.8770885918,47.0151939392,12549600
2021-11-02T04:00:00.000Z,47.071692189,47.1376054512,46.8551159366,46.993221283,13638900
2021-11-03T04:00:00.000Z,46.9555612425,47.1721339126,46.7766507296,47.1376075745,14209500
2021-11-04T04:00:00.000Z,47.1376083992,47.6617787106,47.0277505606,47.4828681946,15149100
2021-11-05T04:00:00.000Z,47.7088584707,47.7088584707,46.9618366729,47.153301239,15081900
2021-11-08T05:00:00.000Z,47.1501653538,47.241186731,46.6824936384,46.8519859314,15373200
2021-11-09T05:00:00.000Z,46.9304478026,47.0403056351,46.7264291924,47.0151939392,15001800
2021-11-10T05:00:00.000Z,46.6824861362,46.9618326376,46.4470806107,46.5914611816,16803600
2021-11-11T05:00:00.000Z,46.6950366538,46.7640893192,46.5129903504,46.6102905273,13603200
2021-11-12T05:00:00.000Z,46.7672408999,46.8425688141,46.3089838156,46.378036499,18313800
2021-11-15T05:00:00.000Z,46.5004411653,46.5946055407,45.9511627448,46.111240387,28896000
2021-11-16T05:00:00.000Z,45.5431241698,46.0390433227,44.6642759182,44.9373435974,73986600
2021-11-17T05:00:00.000Z,44.9342177887,45.423861821,44.5136264423,44.5512886047,33116100
2021-11-18T05:00:00.000Z,44.6140562575,44.9750094813,44.2122978766,44.9342079163,24394200
2021-11-19T05:00:00.000Z,45.0785927259,45.1978652055,44.5512830054,44.692527771,28119300
2021-11-22T05:00:00.000Z,44.7772689497,45.6247302652,44.570110941,45.4426803589,29126400
2021-11-23T05:00:00.000Z,45.2763319872,45.819335165,44.9624591243,45.7659759521,29907900
2021-11-24T05:00:00.000Z,45.7408673265,46.1583191992,45.7126162188,45.9951057434,18089400
2021-11-26T05:00:00.000Z,45.9637194912,46.4156977436,45.3296948916,45.4803543091,21039600
2021-11-29T05:00:00.000Z,45.511750641,45.5902215733,44.6423202975,44.767868042,33039600
2021-11-30T05:00:00.000Z,44.4069063295,44.7270580465,43.9455098344,44.1401138306,64818900
2021-12-01T05:00:00.000Z,44.1024327193,44.1683459682,43.0132908151,43.0446777344,36621300
2021-12-02T05:00:00.000Z,43.1985000207,43.4527385158,42.4483421838,42.5205307007,39805800
2021-12-03T05:00:00.000Z,42.6429323131,43.2769568953,42.4640253823,43.160823822,44142600
2021-12-06T05:00:00.000Z,43.1765122606,43.7414876889,43.0321316866,43.628490448,32589300
2021-12-07T05:00:00.000Z,43.8168291335,43.8890212388,43.3428785152,43.4872627258,37739100
2021-12-08T05:00:00.000Z,43.3334501868,43.47155553,42.69000745,43.0478248596,34496400
2021-12-09T05:00:00.000Z,43.057272641,43.6686407012,42.7673488659,43.6465835571,32351700
2021-12-10T05:00:00.000Z,43.5961678924,44.5289731601,43.3535104211,44.4438858032,38575500
2021-12-13T05:00:00.000Z,44.1949256928,45.3010612785,44.1224429388,45.2443351746,54039300
2021-12-14T05:00:00.000Z,45.1592465687,45.7832192694,44.7968364151,45.676071167,46721400
2021-12-15T05:00:00.000Z,45.7611623259,46.1582378629,45.1907636289,45.9376411438,33489900
2021-12-16T05:00:00.000Z,45.9376421607,46.1771475875,45.0300460652,45.1718559265,39069600
2021-12-17T05:00:00.000Z,44.9859263109,45.3640931687,43.6119275144,43.7253761292,78581100
2021-12-20T05:00:00.000Z,43.5268380656,44.0405106622,43.3629674515,43.8671875,31017900
2021-12-21T05:00:00.000Z,43.7726414245,44.0751734359,43.492170166,43.9995422363,24620400
2021-12-22T05:00:00.000Z,44.0877839039,44.1161487632,43.6560465822,44.0562705994,17028000
2021-12-23T05:00:00.000Z,44.0562719856,44.1697242134,43.7568919763,43.9585800171,17592600
2021-12-27T05:00:00.000Z,43.9932516999,44.3934793937,43.9837991495,44.3588104248,16040700
2021-12-28T05:00:00.000Z,44.3083810349,45.0552549547,44.3083810349,44.9953804016,15783000
2021-12-29T05:00:00.000Z,44.9575671694,45.2317379738,44.8504190465,44.973323822,13045200
2021-12-30T05:00:00.000Z,45.1466395416,45.2853009358,44.9008300509,45.1182746887,14949000
2021-12-31T05:00:00.000Z,45.1277353677,45.7075901978,45.039495962,45.5972900391,17947800
2022-01-03T05:00:00.000Z,45.3798424173,45.6288003613,45.0678542695,45.5846824646,20706600
2022-01-04T05:00:00.000Z,45.3924503762,45.7391038994,44.6739377383,44.7495689392,33930000
2022-01-05T05:00:00.000Z,45.0174395661,45.9943663285,44.9827742135,45.3546333313,35418000
2022-01-06T05:00:00.000Z,45.2600975936,45.5815383443,44.8756302348,45.2285842896,21828900
2022-01-07T05:00:00.000Z,45.2222750983,45.8084340288,45.0521003902,45.6603164673,19723500
2022-01-10T05:00:00.000Z,45.8336450885,45.8809150412,45.1025278309,45.5720825195,22731600
2022-01-11T05:00:00.000Z,45.44602696,45.5752358288,45.121434172,45.4428749084,21668700
2022-01-12T05:00:00.000Z,45.2790001306,45.3672395339,45.0647075282,45.2033653259,18946800
2022-01-13T05:00:00.000Z,45.2002200428,45.9092801569,45.0993760338,45.8431015015,24252600
2022-01-14T05:00:00.000Z,45.4491792612,46.2086614007,45.4491792612,45.7138938904,26867400
2022-01-18T05:00:00.000Z,45.5090562816,45.60044775,44.7905435608,44.9134483337,21123900
2022-01-19T05:00:00.000Z,44.9197418034,45.6918320703,44.7243579031,45.3609352112,22674000
2022-01-20T05:00:00.000Z,44.8598788841,45.5248176129,44.4565027739,44.5037727356,22387200
2022-01-21T05:00:00.000Z,44.5037729878,44.831514276,44.1382142875,44.1791801453,27508200
2022-01-24T05:00:00.000Z,43.8262173757,44.2863195154,43.2715753308,44.1823234558,28699200
2022-01-25T05:00:00.000Z,44.116144732,44.2358974423,43.1140051483,43.2211532593,29479500
2022-01-26T05:00:00.000Z,43.2810324898,43.7379826267,42.5940330617,42.779964447,26185500
2022-01-27T05:00:00.000Z,43.1486723497,43.8293712362,42.6602089396,42.8083229065,27759000
2022-01-28T05:00:00.000Z,42.8587386889,43.3535061304,42.2127088574,43.3377494812,25131900
2022-01-31T05:00:00.000Z,43.202251155,44.1319081229,43.0793463744,44.059425354,20193600
2022-02-01T05:00:00.000Z,43.8703262411,44.4816942672,43.8009991554,44.4060630798,20323200
2022-02-02T05:00:00.000Z,44.4344312051,44.6361192111,44.1665645475,44.3871612549,18149700
2022-02-03T05:00:00.000Z,44.2012327736,44.7464222782,44.0468147078,44.4312820435,20741100
2022-02-04T05:00:00.000Z,44.3997612701,44.434426618,43.5993134312,43.9081459045,22036500
2022-02-07T05:00:00.000Z,44.1382038574,44.1413523023,43.3661135685,43.4764137268,20010300
2022-02-08T05:00:00.000Z,43.5898664267,43.8797938679,43.3346043407,43.4858703613,19458900
2022-02-09T05:00:00.000Z,43.6465889695,43.7379768209,43.3219961997,43.3913269043,21473700
2022-02-10T05:00:00.000Z,43.0320708733,43.1770327859,42.6885693849,42.8839569092,27810600
2022-02-11T05:00:00.000Z,43.1171529068,43.2306015029,42.2820360691,42.6475982666,23733300
2022-02-14T05:00:00.000Z,42.647592941,42.846128861,41.8219323599,42.2127037048,29363400
2022-02-15T05:00:00.000Z,42.4616667173,42.7547425563,42.1622867759,42.3450660706,21824400
2022-02-16T05:00:00.000Z,42.3324625753,42.505785721,41.818786421,42.0803489685,28490700
2022-02-17T05:00:00.000Z,42.2284580156,43.9522618239,42.1591273287,43.7663269043,53831400
2022-02-18T05:00:00.000Z,43.5205357165,43.9900904302,43.2243077784,43.4858703613,31103400
2022-02-22T05:00:00.000Z,43.4165414328,43.5646590143,42.8398385783,43.0005607605,25380900
2022-02-23T05:00:00.000Z,43.1297514326,43.2337474671,42.4931742358,42.5593528748,21030900
2022-02-24T05:00:00.000Z,42.2001050339,42.5467585659,41.6013450878,42.3954925537,31717500
2022-02-25T05:00:00.000Z,42.483732657,43.104553367,42.2568318317,42.9784965515,24997800
2022-02-28T05:00:00.000Z,42.5436102791,42.8808076866,42.155990863,42.5940322876,26286600
2022-03-01T05:00:00.000Z,42.8177772304,43.4543545802,42.5499105595,42.855594635,24024900
2022-03-02T05:00:00.000Z,42.751605524,43.1203162629,42.6003394874,42.9091720581,23863800
2022-03-03T05:00:00.000Z,43.2652728956,44.2674125194,43.0320715685,43.8955497742,29885100
2022-03-04T05:00:00.000Z,43.4291343434,45.0457901123,43.3598036547,45.0079727173,35576400
2022-03-07T05:00:00.000Z,44.5289758116,45.2632487657,44.2611091257,44.6455764771,45870000
2022-03-08T05:00:00.000Z,44.5919997604,44.8945317589,43.6717955601,43.7222175598,28305600
2022-03-09T05:00:00.000Z,44.119290443,44.194921635,43.5331315751,43.9491157532,22122900
2022-03-10T05:00:00.000Z,43.958580967,45.06471677,43.8073149332,44.9481124878,27512700
2022-03-11T05:00:00.000Z,44.8441159098,45.3956059315,44.7117549866,44.7716331482,19162200
2022-03-14T04:00:00.000Z,44.7558775446,45.6477170339,44.746424996,45.3956069946,22646400
2022-03-15T04:00:00.000Z,45.5468686077,46.0573927402,45.3325759967,45.9407920837,22872600
2022-03-16T04:00:00.000Z,45.8178871919,46.3063505696,45.2853059141,45.8052825928,24615900
2022-03-17T04:00:00.000Z,45.6977277823,45.9666305006,45.1282835373,45.8748855591,19023000
2022-03-18T04:00:00.000Z,45.9286692611,46.0520493971,45.5901676631,46.0109214783,31233300
2022-03-21T04:00:00.000Z,46.0077500743,46.5961760957,45.4351452657,45.6281242371,21350700
2022-03-22T04:00:00.000Z,45.7483376449,45.8622250279,45.2326747484,45.4920883179,20235000
2022-03-23T04:00:00.000Z,45.2832912095,45.4699416834,44.7707925617,44.9068260193,19625400
2022-03-24T04:00:00.000Z,45.0460249221,45.5268884001,44.8846811418,45.1852226257,13440900
2022-03-25T04:00:00.000Z,45.3813667297,45.5332177978,45.004901492,45.3813667297,14085300
2022-03-28T04:00:00.000Z,45.3971856631,46.2070616706,45.3339152879,46.188079834,20105700
2022-03-29T04:00:00.000Z,46.377890378,46.8524253894,46.2671636111,46.5771942139,19934400
2022-03-30T04:00:00.000Z,46.545558718,47.5104500221,46.5170877738,47.4123802185,24991500
2022-03-31T04:00:00.000Z,47.0707111877,47.6243341623,46.877732216,47.1118354797,27163800
2022-04-01T04:00:00.000Z,47.3459394561,47.8552739038,47.0865294887,47.773021698,20939700
2022-04-04T04:00:00.000Z,47.7413885646,48.4658444755,47.4788143434,47.7825164795,25332600
2022-04-05T04:00:00.000Z,47.7318944715,48.5069710033,47.7318944715,47.918548584,18657900
2022-04-06T04:00:00.000Z,47.7761834121,49.1681532127,47.6116790093,49.032119751,28018500
2022-04-07T04:00:00.000Z,49.0669230003,49.8388316773,48.8581264278,49.5224761963,27088200
2022-04-08T04:00:00.000Z,49.6395270558,50.11406208,49.4180771364,49.797706604,23294400
2022-04-11T04:00:00.000Z,49.6585048834,50.0602767762,48.601872393,48.8106689453,24712800
2022-04-12T04:00:00.000Z,48.7948461972,49.1618186258,48.2602015237,48.4753265381,26761200
2022-04-13T04:00:00.000Z,48.5449359562,49.9179240511,48.5133007696,49.7375984192,29284500
2022-04-14T04:00:00.000Z,49.7027912609,50.0760921968,49.4876698535,49.6933021545,22360500
2022-04-18T04:00:00.000Z,49.5889022518,49.9780207658,49.1017139539,49.3136711121,14671800
2022-04-19T04:00:00.000Z,49.5636074932,49.9685473451,49.3643036207,49.8736381531,15855000
2022-04-20T04:00:00.000Z,50.0950677479,50.7277821625,50.0760859172,50.5000038147,19821600
2022-04-21T04:00:00.000Z,50.5917605857,50.8606632794,50.3228578921,50.5759429932,18168300
2022-04-22T04:00:00.000Z,50.6961608261,50.7309602552,49.5604402597,49.6237106323,21046200
2022-04-25T04:00:00.000Z,49.468691523,49.8166857865,48.8296521197,49.6490135193,18057600
2022-04-26T04:00:00.000Z,49.4686933516,50.0254805733,49.0985566179,49.130191803,19601100
2022-04-27T04:00:00.000Z,49.2029536035,49.4149107859,48.725254357,48.7948532104,17496900
2022-04-28T04:00:00.000Z,49.1080449602,49.6616715512,48.7505652025,49.4180755615,14955900
2022-04-29T04:00:00.000Z,49.2915345626,49.4212395427,48.3108257446,48.3994064331,21088800
2022-05-02T04:00:00.000Z,49.0226289314,49.0321216591,47.5547353572,48.0798873901,20016000
2022-05-03T04:00:00.000Z,48.2222557054,48.8075139427,48.0166233565,48.2475624084,17950500
2022-05-04T04:00:00.000Z,48.0957007923,48.9783361295,47.9311963974,48.9150657654,20022600
2022-05-05T04:00:00.000Z,48.7817231328,48.8420513846,48.0705088914,48.495967865,23234400
2022-05-06T04:00:00.000Z,48.1689297051,48.8801438656,47.0767061418,47.486289978,34258200
2022-05-09T04:00:00.000Z,47.1402085068,48.6102620441,47.0513058314,48.0419273376,28207200
2022-05-10T04:00:00.000Z,48.0800286622,48.3530845623,47.1687861694,47.3656387329,24861300
2022-05-11T04:00:00.000Z,47.4354859414,47.8641205838,46.6448963864,46.8703269958,27878700
2022-05-12T04:00:00.000Z,46.9465233541,47.6736125055,46.5210644862,46.8258705139,25244400
2022-05-13T04:00:00.000Z,46.898901325,47.1116289568,46.4004148432,47.0068511963,19962300
2022-05-16T04:00:00.000Z,47.4291451935,47.5402744681,46.5020274919,47.0576629639,21449100
2022-05-17T04:00:00.000Z,43.3174274925,43.638108649,41.4790638533,41.7044944763,132940200
2022-05-18T04:00:00.000Z,40.6503727426,40.7265760766,38.5865784724,38.8723373413,104253000
2022-05-19T04:00:00.000Z,38.3770255638,38.6691322804,37.6562841886,37.8055114746,71008500
2022-05-20T04:00:00.000Z,37.9865016628,38.3675075132,37.2340099304,37.8467979431,49356000
2022-05-23T04:00:00.000Z,38.0754012597,39.2978051906,38.0563540555,38.926322937,43680900
2022-05-24T04:00:00.000Z,38.4849841894,39.545457788,38.4437104032,39.4121055603,34584900
2022-05-25T04:00:00.000Z,39.3708199258,39.5835512036,38.926313804,39.170791626,27121800
2022-05-26T04:00:00.000Z,39.7835778039,40.1328333776,39.497822583,40.0058326721,28197600
2022-05-27T04:00:00.000Z,39.8438994834,40.8376929211,39.7867469952,40.7932434082,25299900
2022-05-31T04:00:00.000Z,40.4693915829,41.2441060287,40.456688606,40.8408737183,36912300
2022-06-01T04:00:00.000Z,40.7996061988,40.9329584199,39.5867332293,39.8312110901,28534800
2022-06-02T04:00:00.000Z,39.869304054,40.4916154942,39.4755953332,40.4852676392,23214300
2022-06-03T04:00:00.000Z,40.2185555859,40.4566855143,39.7168970443,39.7899246216,18302700
2022-06-06T04:00:00.000Z,39.9486792524,40.1010822756,39.5581462783,39.6470489502,19855500
2022-06-07T04:00:00.000Z,38.494503393,39.2088932927,38.3801983929,39.170791626,47707800
2022-06-08T04:00:00.000Z,38.8469335906,39.3422443426,38.7199328834,38.8310585022,22522800
2022-06-09T04:00:00.000Z,38.7358096596,39.4819497476,38.4151284996,38.4246520996,19880100
2022-06-10T04:00:00.000Z,38.0214168266,38.9707608889,37.8912367457,38.6405525208,25238100
2022-06-13T04:00:00.000Z,38.0182413534,38.4945012601,37.811861576,37.9134635925,24897900
2022-06-14T04:00:00.000Z,37.8245625971,38.1007942273,37.5197565339,37.9293403625,21544200
2022-06-15T04:00:00.000Z,38.0912670481,38.2309670888,37.434026084,37.9039344788,25914000
2022-06-16T04:00:00.000Z,37.5769005365,38.6595966013,37.5387988788,38.2976417542,30706800
2022-06-17T04:00:00.000Z,38.1071566308,38.3802089612,37.4562669074,37.5578689575,36838800
2022-06-21T04:00:00.000Z,37.5610244907,38.9834524272,37.535622175,38.7897720337,23916600
2022-06-22T04:00:00.000Z,38.7675631693,39.1326938834,38.2881274436,38.3198776245,20235000
2022-06-23T04:00:00.000Z,38.6564234552,39.3581138912,38.4817975074,39.250164032,18040800
2022-06-24T04:00:00.000Z,39.3993984993,39.7867557596,39.1041160289,39.2819213867,31845900
2022-06-27T04:00:00.000Z,39.3009667805,39.6057764705,38.9866371245,39.4089202881,19889100
2022-06-28T04:00:00.000Z,39.5803837693,39.8693148076,38.8278920449,38.8532943726,15399000
2022-06-29T04:00:00.000Z,39.0183929169,39.1644481109,38.4087807163,38.7104110718,19111500
2022-06-30T04:00:00.000Z,38.3802080163,38.7548696547,38.0658782711,38.6024665833,19166100
2022-07-01T04:00:00.000Z,38.716753869,39.0279077555,38.4690966971,38.9358329773,17460900
2022-07-05T04:00:00.000Z,38.8024890775,39.5327541389,38.6119843585,39.4502029419,18218100
2022-07-06T04:00:00.000Z,39.5232344092,40.0947486746,39.4660855262,39.7296142578,21300000
2022-07-07T04:00:00.000Z,39.748647217,39.8566007109,39.4089152827,39.7899246216,17487300
2022-07-08T04:00:00.000Z,39.948682708,40.1995156577,39.7359550594,39.8153305054,14751000
2022-07-11T04:00:00.000Z,39.694683124,40.1106185122,39.567682393,39.8312110901,11532900
2022-07-12T04:00:00.000Z,39.7232590095,40.3646213868,39.5994303967,39.7105560303,13732200
2022-07-13T04:00:00.000Z,39.5105265326,40.1518888907,39.342248398,39.805809021,12689100
2022-07-14T04:00:00.000Z,39.4216191123,40.7424489729,39.4152712572,40.583694458,20905500
2022-07-15T04:00:00.000Z,40.8948600594,41.3615928294,40.6567300569,40.9805870056,21184200
2022-07-18T04:00:00.000Z,40.847224719,41.3711135488,40.7233997534,40.8853263855,14243700
2022-07-19T04:00:00.000Z,41.082181236,41.2631586954,40.831351935,41.1361579895,16995300
2022-07-20T04:00:00.000Z,41.4377911626,41.6917962256,41.1171099976,41.4790649414,18564900
2022-07-21T04:00:00.000Z,41.491761835,42.0886745539,41.4346093416,42.0854988098,18764700
2022-07-22T04:00:00.000Z,42.0823244498,42.3522045714,41.6663891625,41.9775466919,13616400
2022-07-25T04:00:00.000Z,42.0347019931,42.133128269,41.7394195315,41.917224884,20535300
2022-07-26T04:00:00.000Z,38.4595814974,38.9548923157,38.1198494731,38.7294616699,95391600
2022-07-27T04:00:00.000Z,38.4945084724,40.2503211477,38.4278323636,40.1931686401,42159600
2022-07-28T04:00:00.000Z,40.0915607287,41.4377893196,40.0915607287,41.1964836121,33262200
2022-07-29T04:00:00.000Z,40.7424481047,41.9934224639,40.6440182001,41.9267463684,30141900
2022-08-01T04:00:00.000Z,41.6124203431,42.6189133509,41.5933695094,42.0823287964,24996300
2022-08-02T04:00:00.000Z,42.2760049382,42.4538102944,41.7203695588,42.1267776489,19695000
2022-08-03T04:00:00.000Z,41.9616770573,42.2093306352,41.2314120352,41.4346160889,32003100
2022-08-04T04:00:00.000Z,41.488589084,41.5298628598,39.7931049605,39.869304657,53106000
2022-08-05T04:00:00.000Z,39.8502551974,40.2630147708,39.7264302322,40.1899871826,32007000
2022-08-08T04:00:00.000Z,40.2122075336,40.7075182183,40.1995081913,40.5170135498,18175200
2022-08-09T04:00:00.000Z,40.6059223742,40.9488301028,40.3900153548,40.9170799255,19325100
2022-08-10T04:00:00.000Z,41.2758635316,41.3234888026,40.7646776283,41.0028076172,25251000
2022-08-11T04:00:00.000Z,41.3599562723,41.5736140237,41.0091796282,41.398223877,23854500
2022-08-12T04:00:00.000Z,41.4556228509,42.3612688407,41.3982250917,42.16355896,26625000
2022-08-15T04:00:00.000Z,41.9754248757,42.5940712791,41.8893245654,42.2847480774,26516100
2022-08-16T04:00:00.000Z,44.2937455345,44.941090753,44.067333092,44.4436264038,91773300
2022-08-17T04:00:00.000Z,44.1885036517,45.5118963889,44.1342918201,44.4914512634,41792100
2022-08-18T04:00:00.000Z,44.4946452559,44.7784591169,44.1661919306,44.3479576111,19197600
2022-08-19T04:00:00.000Z,44.3001246205,44.3479573099,43.6591549053,43.6942329407,22918800
2022-08-22T04:00:00.000Z,43.4327437744,43.5985652149,42.8714952383,42.9129524231,18667200
2022-08-23T04:00:00.000Z,42.925706232,43.0373194816,42.4792605322,42.7311859131,16955100
2022-08-24T04:00:00.000Z,42.8428023243,43.1425604387,42.6036352078,43.0405158997,15766500
2022-08-25T04:00:00.000Z,43.1393584116,43.3657708078,43.0596336295,43.3275032043,19414500
2022-08-26T04:00:00.000Z,43.4040431331,43.6336451487,41.9371521119,41.9658546448,21331800
2022-08-29T04:00:00.000Z,41.7203065678,42.6897295537,41.6437713495,42.3740272522,17381700
2022-08-30T04:00:00.000Z,42.5207126691,42.6195676046,42.0104901154,42.2464675903,14468100
2022-08-31T04:00:00.000Z,42.3421370036,42.6642184428,42.0710814741,42.2687950134,22460700
2022-09-01T04:00:00.000Z,42.2656081419,43.0947190117,42.2209613804,42.8842544556,21741900
2022-09-02T04:00:00.000Z,43.0022398655,43.2637266648,42.2337163968,42.4122924805,17234400
2022-09-06T04:00:00.000Z,42.4282406062,42.6100099315,41.6852300237,42.2018318176,21899700
2022-09-07T04:00:00.000Z,42.4314363703,43.3594059892,42.329391827,43.2860603333,17058900
2022-09-08T04:00:00.000Z,43.1776312832,43.6464003989,43.0118098332,43.5060882568,16956000
2022-09-09T04:00:00.000Z,43.4646401969,43.8473054105,43.4104283489,43.6368408203,16140600
2022-09-12T04:00:00.000Z,43.7133656823,44.0864657592,43.6782876477,44.0290679932,14284500
2022-09-13T04:00:00.000Z,43.643212774,43.9908035688,42.9894920227,43.1202354431,17687400
2022-09-14T04:00:00.000Z,43.2509752699,43.5379750453,42.7630760167,43.0245628357,19934700
2022-09-15T04:00:00.000Z,43.0660230837,43.0979115444,42.4027336125,42.5621795654,20189400
2022-09-16T04:00:00.000Z,42.0934059211,42.9065725303,41.8638039195,42.4728851318,41874300
2022-09-19T04:00:00.000Z,42.3548906683,42.9735332253,42.2432774334,42.8364143372,16853100
2022-09-20T04:00:00.000Z,42.5653688767,42.6929263791,42.2656144027,42.5876922607,13963500
2022-09-21T04:00:00.000Z,43.1903881284,43.8313541748,42.9288976588,42.9767303467,24903600
2022-09-22T04:00:00.000Z,42.9129565479,42.9607892392,42.3612766857,42.5366668701,16744500
2022-09-23T04:00:00.000Z,42.3708468878,42.4697018499,41.0633980486,41.4747657776,27195300
2022-09-26T04:00:00.000Z,41.0570149692,42.1380474998,40.9039481901,41.8733711243,23011200
2022-09-27T04:00:00.000Z,42.1667496991,42.5494148191,41.5512930121,41.7585716248,17171700
2022-09-28T04:00:00.000Z,41.9052651264,42.6195768567,41.3663435775,42.4473762512,16838400
2022-09-29T04:00:00.000Z,42.5717353769,42.7694488995,41.9754125329,42.173122406,15241500
2022-09-30T04:00:00.000Z,42.1699470751,42.2082110396,41.3599662781,41.3599662781,19602300
2022-10-03T04:00:00.000Z,41.5321609509,42.3453275583,41.4588153097,42.2624168396,17574900
2022-10-04T04:00:00.000Z,42.6865413621,43.1138532799,42.5302886436,42.8109092712,16134300
2022-10-05T04:00:00.000Z,42.654645714,42.9288907933,42.2560327466,42.3867797852,14553900
2022-10-06T04:00:00.000Z,42.4378092489,42.8842549724,41.9594750665,41.9913635254,14200500
2022-10-07T04:00:00.000Z,41.8733728051,41.9817928305,40.8401692678,40.9964256287,17080500
2022-10-10T04:00:00.000Z,41.3057551054,41.4333126041,40.9071420279,41.2387886047,11411700
2022-10-11T04:00:00.000Z,41.2993696591,42.6674056498,41.2834254303,42.3070602417,21276000
2022-10-12T04:00:00.000Z,42.4154855804,42.9767304821,41.7649508048,41.8287277222,16947600
2022-10-13T04:00:00.000Z,41.2260214893,42.3931541842,40.9358321907,42.1826896667,20545500
2022-10-14T04:00:00.000Z,42.2337202524,42.4824524218,41.4715722157,41.5927505493,16641000
2022-10-17T04:00:00.000Z,41.7617623969,42.3580889991,41.6437736367,41.8925094604,17812500
2022-10-18T04:00:00.000Z,42.5494130936,43.0819590438,42.517524639,42.7758255005,16842300
2022-10-19T04:00:00.000Z,42.8364132993,42.9639671081,42.4027223204,42.6546440125,11339400
2022-10-20T04:00:00.000Z,42.7248058485,43.1776270405,42.6195717523,42.7598838806,12754800
2022-10-21T04:00:00.000Z,42.9894824111,43.8185931623,42.7311815547,43.6240692139,18134700
2022-10-24T04:00:00.000Z,43.8313534802,44.7975905475,43.7293089546,44.4563789368,18806700
2022-10-25T04:00:00.000Z,44.3543343359,44.7848321688,44.1087880999,44.6668434143,15051300
2022-10-26T04:00:00.000Z,44.7593206758,45.295056233,44.5871200913,45.0080528259,20754300
2022-10-27T04:00:00.000Z,44.9666015789,45.314192341,44.7369995714,44.8773117065,16602900
2022-10-28T04:00:00.000Z,44.6604633645,45.5692952741,44.6572737891,45.4449310303,13648200
2022-10-31T04:00:00.000Z,45.390720856,45.6235087741,45.2089551973,45.3875312805,22572000
2022-11-01T04:00:00.000Z,45.5916192276,45.7765744573,45.1228538271,45.1834411621,14814300
2022-11-02T04:00:00.000Z,45.0144371114,45.7829606782,44.867749465,44.8836936951,15522000
2022-11-03T04:00:00.000Z,44.4882678932,45.1898249271,44.3511453322,44.8741226196,10976400
2022-11-04T04:00:00.000Z,45.2918680058,45.3492657694,44.2586644681,44.9538459778,14669400
2022-11-07T05:00:00.000Z,45.0463248996,45.5916255881,45.0463248996,45.4258041382,11364000
2022-11-08T05:00:00.000Z,45.4672589722,45.9424035651,45.1260437132,45.5342254639,15068400
2022-11-09T05:00:00.000Z,45.5246615186,45.6522190134,44.3926028942,44.4755172729,15932100
2022-11-10T05:00:00.000Z,45.4449350424,45.5023328063,44.8039653665,45.397102356,20310600
2022-11-11T05:00:00.000Z,45.4959611525,45.6394628732,44.6413372786,45.4672622681,19270800
2022-11-14T05:00:00.000Z,45.1674967165,45.7032322495,44.0928397245,44.1311073303,37525800
2022-11-15T05:00:00.000Z,46.4334910731,47.9195157995,46.0954690487,47.0170593262,76548600
2022-11-16T05:00:00.000Z,47.1573699137,47.897194559,46.9150168991,47.3550834656,32593200
2022-11-17T05:00:00.000Z,46.8799380957,47.4284283316,46.7842690723,47.1956367493,24791400
2022-11-18T05:00:00.000Z,47.7281852309,47.90995456,47.4411854447,47.9067649841,18987000
2022-11-21T05:00:00.000Z,48.0279373466,48.5158365574,47.8940007236,48.2001342773,21157200
2022-11-22T05:00:00.000Z,48.4711997607,48.6146978299,48.1905754752,48.372341156,16898400
2022-11-23T05:00:00.000Z,48.4967017607,48.9080693993,48.4329248506,48.6051254272,16920600
2022-11-25T05:00:00.000Z,48.5094644478,48.8187839492,48.426550078,48.8124084473,8777400
2022-11-28T05:00:00.000Z,48.700795091,49.3130622399,48.700795091,48.9527168274,17674800
2022-11-29T05:00:00.000Z,48.7996553648,49.0165027408,48.6465885608,48.7805252075,13841700
2022-11-30T05:00:00.000Z,48.6657127619,48.7167350198,48.2160811669,48.6051254272,31338000
2022-12-01T05:00:00.000Z,48.4871444571,48.9846124638,48.0662080248,48.90807724,22732200
2022-12-02T05:00:00.000Z,48.3053715527,48.8666200876,48.3053715527,48.8602409363,20733000
2022-12-05T05:00:00.000Z,48.7103574682,48.7900786024,47.9960422381,48.359577179,23608200
2022-12-06T05:00:00.000Z,48.2160866809,48.4424954674,47.5814961352,47.7983398438,20625600
2022-12-07T05:00:00.000Z,47.992862455,48.219271235,47.4571268762,47.5496063232,17550300
2022-12-08T05:00:00.000Z,47.7448613082,47.7832695139,47.4183677497,47.6232261658,13512600
2022-12-09T05:00:00.000Z,47.2039037029,47.2839290387,46.4836976597,46.5125083923,27929400
2022-12-12T05:00:00.000Z,46.7013515294,47.4055567915,46.5925228041,47.3799476624,19432200
2022-12-13T05:00:00.000Z,48.0137374104,48.0777547501,46.9702393879,47.210308075,23408100
2022-12-14T05:00:00.000Z,47.0822642485,47.5431956344,46.7205604602,46.9478263855,20334600
2022-12-15T05:00:00.000Z,46.598939223,46.8678150079,45.974759107,46.5285186768,17514000
2022-12-16T05:00:00.000Z,46.2468289373,46.3236526708,45.635455321,45.693069458,40343100
2022-12-19T05:00:00.000Z,45.7762910458,45.9523423761,45.3665742504,45.709072113,15067500
2022-12-20T05:00:00.000Z,45.7474918517,46.2980498061,45.5330322823,46.1091957092,17009400
2022-12-21T05:00:00.000Z,46.1956187086,46.7141679696,46.1764127734,46.4708976746,13726500
2022-12-22T05:00:00.000Z,46.3396533012,46.4068722311,45.4305932849,45.9267349243,13082400
2022-12-23T05:00:00.000Z,45.789101695,46.0291703811,45.5426298098,46.0195655823,9547500
2022-12-27T05:00:00.000Z,46.1059899953,46.2372299357,45.8339126423,46.032371521,10044600
2022-12-28T05:00:00.000Z,45.9235486312,45.9875659832,45.1041148027,45.2257499695,15246300
2022-12-29T05:00:00.000Z,45.4978205876,45.7794990925,45.3729838392,45.5010185242,9171900
2022-12-30T05:00:00.000Z,45.3121656745,45.4498051514,45.0720969898,45.3857841492,11505900
2023-01-03T05:00:00.000Z,45.6290543843,46.0003593464,45.481813772,45.9651527405,17249700
2023-01-04T05:00:00.000Z,45.9075324987,46.1091893037,45.4754081569,46.0163612366,13338300
2023-01-05T05:00:00.000Z,45.9203433348,46.1348029122,45.661068684,45.8595275879,13274400
2023-01-06T05:00:00.000Z,46.2852413626,47.2295117303,46.1700094241,46.983039856,21231900
2023-01-09T05:00:00.000Z,46.8357977359,47.3287378056,46.3492572017,46.3972702026,17756700
2023-01-10T05:00:00.000Z,46.3940670766,46.5573156701,46.0067578195,46.3684616089,11970600
2023-01-11T05:00:00.000Z,46.6501493717,46.7909867874,46.3268537448,46.7749824524,14834700
2023-01-12T05:00:00.000Z,46.8646011014,46.8678027005,46.218017282,46.3524551392,12472800
2023-01-13T05:00:00.000Z,46.582923586,46.6757516534,46.0483737036,46.5061035156,13699800
2023-01-17T05:00:00.000Z,46.5061046,46.6405424736,46.157203518,46.2244224548,15122400
2023-01-18T05:00:00.000Z,46.157206083,46.1732104182,44.9664674252,45.0816993713,22674300
2023-01-19T05:00:00.000Z,45.2577461325,45.3025575339,44.4255061331,44.4383125305,17342100
2023-01-20T05:00:00.000Z,44.6207665716,45.0624920711,44.2270540762,44.9856719971,29543100
2023-01-23T05:00:00.000Z,44.960061308,45.7762933404,44.8768380377,45.6578598022,13149900
2023-01-24T05:00:00.000Z,46.9094219988,46.9094219988,45.1329151036,45.779499054,13669200
2023-01-25T05:00:00.000Z,45.5298199486,45.7218756,44.937648662,45.5618286133,12491700
2023-01-26T05:00:00.000Z,45.7826940904,46.0131616186,45.3761788956,45.5202178955,15819000
2023-01-27T05:00:00.000Z,45.6450648013,46.2436357925,45.3729874111,45.8691291809,18412800
2023-01-30T05:00:00.000Z,45.4914097603,45.5970405556,45.2193324371,45.5010108948,15897600
2023-01-31T05:00:00.000Z,45.5554255979,46.0547688283,45.3441676773,46.0515708923,14103600
2023-02-01T05:00:00.000Z,45.9843633182,46.6085434759,45.6770756397,46.3076553345,12849300
2023-02-02T05:00:00.000Z,46.2244252305,46.3684679113,45.7538926447,45.9715538025,17806800
2023-02-03T05:00:00.000Z,45.8883341482,46.08038985,45.0881063313,45.3601837158,17155500
2023-02-06T05:00:00.000Z,45.3953848245,45.485011289,44.8224194349,45.0304794312,17454000
2023-02-07T05:00:00.000Z,44.7392013135,45.2289398304,44.393501813,45.1265106201,16341300
2023-02-08T05:00:00.000Z,44.9184576481,45.1649258934,44.8096252303,44.8832473755,11691300
2023-02-09T05:00:00.000Z,45.0913096144,45.4338038946,44.9952799284,45.2993659973,13064400
2023-02-10T05:00:00.000Z,45.8019023048,46.0739796479,45.5074174286,46.0035591125,15002700
2023-02-13T05:00:00.000Z,46.3204554265,46.7717857456,46.2564344215,46.7045631409,16015800
2023-02-14T05:00:00.000Z,46.6469493211,47.0950743804,46.2724427402,46.5701255798,13831200
2023-02-15T05:00:00.000Z,46.400473455,46.9254258739,46.2724387814,46.9158210754,14674200
2023-02-16T05:00:00.000Z,46.5669243405,46.7301729604,46.1508079491,46.1796150208,16312200
2023-02-17T05:00:00.000Z,46.4484929618,46.9542395178,46.2756431976,46.8742141724,24770700
2023-02-21T05:00:00.000Z,45.734684208,47.4823839003,45.5010150646,47.1590919495,54393900
2023-02-22T05:00:00.000Z,46.9798423304,47.2359153622,45.6962755715,46.1700134277,29844000
2023-02-23T05:00:00.000Z,46.2116225523,46.2116225523,45.0400861595,45.4818153381,22021200
2023-02-24T05:00:00.000Z,45.0816923745,45.6898680078,44.6623707981,45.6034431458,20623500
2023-02-27T05:00:00.000Z,45.6802693543,45.8019044973,45.0240806347,45.2737541199,16647300
2023-02-28T05:00:00.000Z,45.1329174124,45.661067841,45.116913076,45.4946212769,18054000
2023-03-01T05:00:00.000Z,45.1521193219,45.2225398612,44.6111662051,44.8608360291,14180100
2023-03-02T05:00:00.000Z,44.7616081051,45.0496897964,44.6527756973,44.9728660583,14785500
2023-03-03T05:00:00.000Z,45.1457162595,45.1937292647,44.7392010207,45.0272827148,16888800
2023-03-06T05:00:00.000Z,44.9728762667,45.1265201144,44.8192324189,45.0208892822,16720800
2023-03-07T05:00:00.000Z,45.1905346233,45.3505779855,44.4255134319,44.5727577209,17387400
2023-03-08T05:00:00.000Z,44.3518875138,44.4671194479,43.9421670511,44.2046432495,19090800
2023-03-09T05:00:00.000Z,44.4383151625,44.4863281661,43.826937861,43.9069595337,15415800
2023-03-10T05:00:00.000Z,43.8589494345,44.2622667505,43.5612665944,43.8429450989,20065200
2023-03-13T04:00:00.000Z,43.7501226409,44.3326892743,43.7181139683,43.9709854126,28142100
2023-03-14T04:00:00.000Z,44.0734069819,44.2590594488,43.8525442485,44.2046432495,25542600
2023-03-15T04:00:00.000Z,43.8173404111,44.7520060815,43.759722604,44.6975898743,33133500
2023-03-16T04:00:00.000Z,44.8132918978,44.8840010649,44.3151166844,44.4436798096,28905600
2023-03-17T04:00:00.000Z,44.4147532779,44.8325788585,44.2219140976,44.803653717,43081200
2023-03-20T04:00:00.000Z,45.028628801,45.6135830433,44.9354202704,45.2857513428,33928500
2023-03-21T04:00:00.000Z,45.4432429653,45.4432429653,44.845429793,45.1314811707,19013400
2023-03-22T04:00:00.000Z,45.2021919041,45.3886053074,44.8229356539,44.8422203064,18548400
2023-03-23T04:00:00.000Z,45.0607768021,45.513956973,44.8325793556,45.205406189,22044300
2023-03-24T04:00:00.000Z,45.3211081887,45.7903582302,45.1893340289,45.5750160217,22752300
2023-03-27T04:00:00.000Z,45.8932064618,46.5970796728,45.8899917403,46.3367424011,26775600
2023-03-28T04:00:00.000Z,46.1696011161,46.4138684114,45.9767619992,46.1567459106,21282900
2023-03-29T04:00:00.000Z,46.4010283983,46.5906565346,46.105336506,46.3560333252,24216900
2023-03-30T04:00:00.000Z,46.7642198554,47.1177657473,46.6099462875,46.8188591003,21879000
2023-03-31T04:00:00.000Z,47.1113273115,47.7091368131,47.075972729,47.3909492493,20868000
2023-04-03T04:00:00.000Z,47.4809426481,47.8730578035,47.4070224346,47.7894897461,19766700
2023-04-04T04:00:00.000Z,47.7380657363,47.8216337946,47.2527493869,47.3202438354,18113700
2023-04-05T04:00:00.000Z,47.3009578901,48.1719599313,47.2913137244,48.1044654846,26540700
2023-04-06T04:00:00.000Z,47.8248393265,48.544786158,47.7348491909,48.4676475525,17891700
2023-04-10T04:00:00.000Z,48.3262408826,48.5705082881,48.1366127228,48.3744506836,14519100
2023-04-11T04:00:00.000Z,48.5319351762,48.5319351762,48.0883991567,48.2330322266,18370500
2023-04-12T04:00:00.000Z,48.1430347006,48.5222909613,47.9437624046,47.9984016418,11209800
2023-04-13T04:00:00.000Z,48.0980364383,48.2105296358,47.6320047515,48.0466156006,13272600
2023-04-14T04:00:00.000Z,47.8987654066,48.1751726254,47.6159287443,47.7219924927,10464900
2023-04-17T04:00:00.000Z,47.7734186684,48.1044651338,47.728423597,48.0562553406,16166700
2023-04-18T04:00:00.000Z,48.1398236214,48.319811278,48.0305451387,48.162322998,13482300
2023-04-19T04:00:00.000Z,48.4805081884,48.663710558,48.136606503,48.2137451172,12433500
2023-04-20T04:00:00.000Z,48.278029508,48.6572858152,48.0819755881,48.5222969055,13641600
2023-04-21T04:00:00.000Z,48.8404759944,48.9497544632,48.5897828743,48.7665557861,25335000
2023-04-24T04:00:00.000Z,48.7601192342,49.158660069,48.7601192342,49.0975914001,13579500
2023-04-25T04:00:00.000Z,49.2679481252,49.4157922272,48.6379950551,48.715133667,17246700
2023-04-26T04:00:00.000Z,48.5255053562,48.6637089702,48.2812379902,48.5030059814,12910200
2023-04-27T04:00:00.000Z,48.4612289292,48.8340594755,48.4612289292,48.6540718079,12861000
2023-04-28T04:00:00.000Z,48.6251459489,48.907978979,48.2683890194,48.5222969055,14088600
2023-05-01T04:00:00.000Z,48.5447883814,49.0268936535,48.5094337986,48.7215576172,11409600
2023-05-02T04:00:00.000Z,48.682995075,48.6894208407,48.0369720569,48.5897865295,11329500
2023-05-03T04:00:00.000Z,48.711919132,48.8854773313,48.2973082867,48.4098014832,12334500
2023-05-04T04:00:00.000Z,48.5711151239,48.7130706789,48.2291339721,48.5453033447,14011200
2023-05-05T04:00:00.000Z,48.4904582511,49.0421458209,48.3388255812,48.964717865,14556000
2023-05-08T04:00:00.000Z,48.8034001965,49.3454106097,48.7356493563,49.2712059021,14926200
2023-05-09T04:00:00.000Z,49.2712054643,49.4196148782,49.1486078279,49.3550872803,15209700
2023-05-10T04:00:00.000Z,49.5841549334,49.7970882676,48.7904990233,49.2163619995,15827700
2023-05-11T04:00:00.000Z,49.21636261,49.4486538585,49.0389218548,49.4002609253,11926800
2023-05-12T04:00:00.000Z,49.5551191452,49.7067518086,49.2679811034,49.3841285706,16119300
2023-05-15T04:00:00.000Z,49.5228508226,49.6357676492,48.8388849199,49.0001983643,16113900
2023-05-16T04:00:00.000Z,48.6678932727,48.8872767461,48.2549344089,48.3226852417,15512100
2023-05-17T04:00:00.000Z,48.76146433,48.7646875718,47.9774855243,48.2420387268,26985900
2023-05-18T04:00:00.000Z,48.9743943424,49.7777310658,48.3775407804,48.867931366,46768500
2023-05-19T04:00:00.000Z,48.8453452385,48.8647031498,48.1065361377,48.3646354675,27594000
2023-05-22T04:00:00.000Z,48.2968861253,48.4194837723,47.8419844271,47.9387702942,16117800
2023-05-23T04:00:00.000Z,47.7516410898,48.0258713615,47.4516027344,47.8484306335,16302300
2023-05-24T04:00:00.000Z,47.9129584894,47.9226355985,47.1999575087,47.6290473938,20515200
2023-05-25T04:00:00.000Z,47.3870841653,47.5677555534,46.8095884948,47.1547966003,21299100
2023-05-26T04:00:00.000Z,47.0063829276,47.3677219789,46.9321819108,47.2386741638,15720900
2023-05-30T04:00:00.000Z,47.199956023,47.5193559955,46.9741186655,47.1225280762,15742500
2023-05-31T04:00:00.000Z,46.9160445332,47.5258057623,46.7837697919,47.3838539124,30130800
2023-06-01T04:00:00.000Z,47.1709277772,47.7161614933,47.0838190169,47.5580749512,20239200
2023-06-02T04:00:00.000Z,47.4967713492,48.0742669417,47.4580555296,48.0129699707,19178100
2023-06-05T04:00:00.000Z,48.1904187162,48.7969530738,48.1904187162,48.3291473389,15553200
2023-06-06T04:00:00.000Z,48.2968771588,48.454959974,47.9129533113,48.3226852417,15015600
2023-06-07T04:00:00.000Z,48.1516969872,48.5098090767,48.0839461511,48.3936653137,24256500
2023-06-08T04:00:00.000Z,48.5194965401,49.1776507741,48.3259211139,49.0937652588,18873000
2023-06-09T04:00:00.000Z,49.0905370362,49.5938316166,48.9098656721,49.3905754089,15603900
2023-06-12T04:00:00.000Z,49.5002704077,49.7809545707,49.4163885907,49.7164306641,14713500
2023-06-13T04:00:00.000Z,49.8519312146,50.171327499,49.7067487358,50.1035766602,15738900
2023-06-14T04:00:00.000Z,50.3003768157,50.7585016917,50.20358727,50.6100959778,21103200
2023-06-15T04:00:00.000Z,50.652036013,51.0488639278,50.6455858379,50.8875541687,18160500
2023-06-16T04:00:00.000Z,51.0004787536,51.0230636002,50.0971291968,50.1777877808,34675800
2023-06-20T04:00:00.000Z,49.909996289,50.1519646016,49.645443135,49.7357788086,19994400
2023-06-21T04:00:00.000Z,49.7519105554,50.1164764966,49.4776802892,49.8325691223,19251000
2023-06-22T04:00:00.000Z,50.0003418099,50.3552307073,49.839028339,50.2487640381,13307400
2023-06-23T04:00:00.000Z,50.290698823,50.4229772609,50.0132415966,50.1551971436,18975000
2023-06-26T04:00:00.000Z,50.2164942343,50.2584369886,49.787404351,50.0229225159,14106300
2023-06-27T04:00:00.000Z,49.7325572305,50.2810215057,49.7035222114,49.842250824,12093600
2023-06-28T04:00:00.000Z,49.9196829506,50.2261751979,49.890644239,50.1132583618,18889800
2023-06-29T04:00:00.000Z,49.8487103305,49.9261382877,49.4067126651,49.7745056152,21530400
2023-06-30T04:00:00.000Z,49.997105,50.8230227188,49.9358080346,50.710105896,19073100
2023-07-03T04:00:00.000Z,50.5907481575,51.1166239743,50.4358885456,51.0391960144,8647500
2023-07-05T04:00:00.000Z,51.0262895169,51.3360087258,50.761736308,51.0101585388,17585400
2023-07-06T04:00:00.000Z,50.9520798862,51.0327347686,50.6100987542,50.6875267029,14427000
2023-07-07T04:00:00.000Z,50.2681203346,50.4229799325,49.5067263887,49.5196304321,19774800
2023-07-10T04:00:00.000Z,49.8648350738,50.1681003808,49.7874034341,49.9680747986,12967800
2023-07-11T04:00:00.000Z,49.9325947635,50.1713362079,49.6390065133,49.8938789368,11460900
2023-07-12T04:00:00.000Z,50.1068040316,50.2939255736,49.9487175088,50.019695282,16509900
2023-07-13T04:00:00.000Z,50.1455213352,50.2003681335,49.5841530004,49.726108551,11859600
2023-07-14T04:00:00.000Z,49.7228886416,49.9003331049,49.5486711126,49.8971061707,10427400
2023-07-17T04:00:00.000Z,49.813210632,50.0003321544,49.6260891095,49.9583930969,10135200
2023-07-18T04:00:00.000Z,49.9003268347,50.2197231364,49.639000574,49.8680648804,13437300
2023-07-19T04:00:00.000Z,49.9422634585,50.0713149617,49.6035092624,49.8841934204,12372900
2023-07-20T04:00:00.000Z,49.984205352,50.8294810531,49.974524551,50.8068962097,14987700
2023-07-21T04:00:00.000Z,50.9423997524,51.2263108496,50.7939940283,51.0940361023,16960500
2023-07-24T04:00:00.000Z,51.1198431957,51.4521472166,50.8327088624,51.3940734863,12529800
2023-07-25T04:00:00.000Z,51.7683205434,51.7844515198,51.0649966776,51.3521347046,15553800
2023-07-26T04:00:00.000Z,51.3747200494,51.8425220637,51.2779304975,51.5360298157,15094200
2023-07-27T04:00:00.000Z,51.645722605,51.8263902788,51.3392266696,51.3489074707,13400400
2023-07-28T04:00:00.000Z,51.3908557423,51.9231854041,51.3908557423,51.5908813477,11020200
2023-07-31T04:00:00.000Z,51.6070071312,51.8263906267,51.2682529329,51.5747451782,13033200
2023-08-01T04:00:00.000Z,51.60378997,51.7651034575,51.2843936214,51.3327865601,11782500
2023-08-02T04:00:00.000Z,51.145649028,51.7586334436,51.145649028,51.3682594299,12660000
2023-08-03T04:00:00.000Z,51.3037404189,51.4586000042,51.1392000327,51.3811683655,13202700
2023-08-04T04:00:00.000Z,51.542475294,51.7005617929,50.9617491535,51.0843467712,14262000
2023-08-07T04:00:00.000Z,51.4586035764,52.0102911181,51.3327790008,51.7779998779,14268900
2023-08-08T04:00:00.000Z,51.9393177838,52.1425703288,51.4618312194,51.829624176,11017500
2023-08-09T04:00:00.000Z,51.9135017395,52.2974256431,51.8489778306,51.9135017395,13209600
2023-08-10T04:00:00.000Z,52.0592020877,52.3700223183,51.8131351455,51.8875999451,15169500
2023-08-11T04:00:00.000Z,51.9814922417,52.3959191924,51.8357973511,52.1919441223,14195100
2023-08-14T04:00:00.000Z,52.4509611714,52.703501206,51.5379272553,51.8034172058,20813700
2023-08-15T04:00:00.000Z,51.6544823708,52.0591978004,51.4537420059,51.5379257202,14559300
2023-08-16T04:00:00.000Z,51.7645603523,52.1174724017,51.2756686365,51.5638237,26980800
2023-08-17T04:00:00.000Z,52.0948048413,52.1725117387,50.1910303167,50.4079589844,53614200
2023-08-18T04:00:00.000Z,50.2849323917,51.6965733056,50.2849323917,51.1332130432,27954900
2023-08-21T04:00:00.000Z,51.0360802792,51.427845821,50.8450588217,50.9972305298,15679200
2023-08-22T04:00:00.000Z,50.8223963048,50.9324798637,50.5860445696,50.8353462219,16670700
2023-08-23T04:00:00.000Z,50.7058366512,51.2853852408,50.6734563024,51.1882553101,14210400
2023-08-24T04:00:00.000Z,51.197966765,51.5541172545,50.7738282883,50.7964897156,14033100
2023-08-25T04:00:00.000Z,50.8903855442,51.1688291283,50.6831720589,51.0975990295,12267000
2023-08-28T04:00:00.000Z,51.1105563148,51.4246149935,51.1105563148,51.388999939,11871000
2023-08-29T04:00:00.000Z,51.4796445317,51.8778831431,51.4343179755,51.8196029663,12702300
2023-08-30T04:00:00.000Z,51.9329272781,52.2210823594,51.7775171716,52.1919441223,10967700
2023-08-31T04:00:00.000Z,52.1660493303,52.7715014936,52.1142422512,52.6484680176,19582800
2023-09-01T04:00:00.000Z,52.7326408047,52.7617790406,51.851979865,52.3117370605,12553500
2023-09-05T04:00:00.000Z,52.4023992377,52.7099810644,51.8617003842,51.890838623,15209400
2023-09-06T04:00:00.000Z,51.9329340484,52.5060095856,51.7742855159,52.2793693542,14594700
2023-09-07T04:00:00.000Z,52.4509648299,52.9301451006,52.2858432007,52.9269104004,19120800
2023-09-08T04:00:00.000Z,52.9301449884,53.0531784613,52.7974000041,53.0240402222,12667200
2023-09-11T04:00:00.000Z,53.0985116044,53.2539217304,52.9884280423,53.2085914612,11912100
2023-09-12T04:00:00.000Z,53.2603841518,53.3996059267,53.1114508671,53.2668609619,11757300
2023-09-13T04:00:00.000Z,53.3996107345,53.6974810361,53.2183007935,53.2798156738,14364300
2023-09-14T04:00:00.000Z,53.4222779941,53.661868125,53.2312528295,53.5032196045,14923800
2023-09-15T04:00:00.000Z,53.4902734644,53.6359720786,53.0240430864,53.3057250977,63925200
2023-09-18T04:00:00.000Z,53.3186708754,53.4870309059,52.855678939,52.9107170105,12997800
2023-09-19T04:00:00.000Z,52.8977661133,53.0272763918,52.564284464,52.8977661133,14019600
2023-09-20T04:00:00.000Z,52.9689943087,53.3283794829,52.7617808347,53.0693626404,10120800
2023-09-21T04:00:00.000Z,53.1826839548,53.260387154,52.3829683053,52.4250564575,18782400
2023-09-22T04:00:00.000Z,52.5254356355,52.8492058024,52.4250635861,52.564289093,13215000
2023-09-25T04:00:00.000Z,52.5707574058,52.8103475298,52.4088741897,52.7973976135,10459500
2023-09-26T04:00:00.000Z,52.7553066808,52.9495702488,52.5642852235,52.6128501892,14435700
2023-09-27T04:00:00.000Z,52.4509664321,52.5254349404,51.8973176384,52.3603096008,15711000
2023-09-28T04:00:00.000Z,52.4509604405,52.7196924979,52.3182154671,52.6257972717,11617200
2023-09-29T04:00:00.000Z,52.7844409062,52.8168175453,51.5411564762,51.7807502747,18842400
2023-10-02T04:00:00.000Z,51.6382943953,51.890834424,51.2562440943,51.8357963562,12992700
2023-10-03T04:00:00.000Z,51.7030449787,52.0462418095,51.3760364678,51.5087814331,11253300
2023-10-04T04:00:00.000Z,51.6901013466,52.1433817729,51.4828878608,52.1271934509,15755700
2023-10-05T04:00:00.000Z,51.949115572,52.1142371891,51.4796468475,51.5055503845,14269500
2023-10-06T04:00:00.000Z,51.3663299991,51.4764135582,49.0999314622,50.6410827637,42616200
2023-10-09T04:00:00.000Z,50.2104645861,50.4597699301,49.6212007778,50.4565315247,21022500
2023-10-10T04:00:00.000Z,50.5828019935,51.1817772962,50.3982499421,51.0263671875,16014300
2023-10-11T04:00:00.000Z,51.2400542657,51.6382928758,50.8450540607,51.2303390503,12026100
2023-10-12T04:00:00.000Z,51.3274756336,51.5800156695,51.0814087031,51.4634590149,13514100
2023-10-13T04:00:00.000Z,51.5638267055,51.952353823,51.4472700523,51.7483787537,13809000
2023-10-16T04:00:00.000Z,51.9782617056,52.4768724483,51.9070315995,52.1951904297,14348100
2023-10-17T04:00:00.000Z,52.0430087671,52.3570636677,51.9296868181,52.2631721497,10893000
2023-10-18T04:00:00.000Z,52.4121085011,52.5675186105,52.0365349962,52.302028656,10559100
2023-10-19T04:00:00.000Z,52.2664093889,52.3926775453,51.874643889,52.0527191162,11745900
2023-10-20T04:00:00.000Z,52.0721523438,52.1595707658,51.3857548846,51.4019432068,15056700
2023-10-23T04:00:00.000Z,51.392223674,52.2405042228,51.1623450883,52.1304206848,17097000
2023-10-24T04:00:00.000Z,52.2566995344,52.9301433567,52.253461129,52.8556785583,17535000
2023-10-25T04:00:00.000Z,52.8265356862,53.2053513033,52.6031338845,52.6970291138,16621800
2023-10-26T04:00:00.000Z,52.680838649,53.0499390349,52.3246881787,52.3764915466,16220100
2023-10-27T04:00:00.000Z,52.2826001245,52.4412486338,51.9814914268,52.1822280884,13829700
2023-10-30T04:00:00.000Z,52.2761280428,52.8589150595,52.0592030406,52.781211853,12653700
2023-10-31T04:00:00.000Z,52.7747334613,52.9754738403,52.4347749959,52.9074821472,14168400
2023-11-01T04:00:00.000Z,53.166497698,53.5453096087,52.7682590605,53.3801879883,14899500
2023-11-02T04:00:00.000Z,53.2215368,53.8075659068,52.9787082673,53.590637207,15492300
2023-11-03T04:00:00.000Z,53.707195073,53.8431821667,53.2603914522,53.3121948242,17240100
2023-11-06T05:00:00.000Z,53.2603893845,53.6262513802,53.121167596,53.3834228516,14529000
2023-11-07T05:00:00.000Z,53.6715820308,53.9435487992,53.5291218358,53.6327285767,15023400
2023-11-08T05:00:00.000Z,53.6942398784,53.8367000639,52.9625196359,53.1956329346,15591900
2023-11-09T05:00:00.000Z,53.2182922637,53.2668572202,52.8556687345,53.072593689,15080100
2023-11-10T05:00:00.000Z,53.2765764721,53.8885053877,53.0661245915,53.8075637817,14319900
2023-11-13T05:00:00.000Z,53.8690780852,54.3515004261,53.7622329434,54.289981842,15408900
2023-11-14T05:00:00.000Z,54.4486410111,54.7659343882,54.1507706588,54.2802772522,19792500
2023-11-15T05:00:00.000Z,54.5166254263,55.0217092248,54.2349434358,54.9699058533,35769900
2023-11-16T05:00:00.000Z,51.3987008765,51.625341059,50.3464415633,50.5212783813,97658700
2023-11-17T05:00:00.000Z,50.4921494735,51.0069448077,50.1878023356,50.2978858948,42487800
2023-11-20T05:00:00.000Z,50.3593994107,50.5115711116,50.187797278,50.2816925049,26663100
2023-11-21T05:00:00.000Z,50.3334947942,50.7835367822,49.9028795322,50.4630050659,29382300
2023-11-22T05:00:00.000Z,50.417682954,50.5245281118,49.9838292167,50.0777244568,26416500
2023-11-24T05:00:00.000Z,50.2331314524,50.5504247949,50.0874328453,50.5277633667,13975200
2023-11-27T05:00:00.000Z,50.4921395801,50.9486583449,50.4921395801,50.7576332092,23393700
2023-11-28T05:00:00.000Z,50.722023359,51.4537436322,50.722023359,51.3630905151,23535000
2023-11-29T05:00:00.000Z,51.4051789724,51.4051789724,50.3820614997,50.534236908,29896500
2023-11-30T05:00:00.000Z,50.5148041157,50.6216492471,50.0259087175,50.4079589844,29925900
2023-12-01T05:00:00.000Z,50.3075986879,50.3820671978,49.417229796,49.9708786011,39273600
2023-12-04T05:00:00.000Z,49.6406344374,50.1619066256,49.6373960315,49.9579315186,24883200
2023-12-05T05:00:00.000Z,50.0064905345,50.4597709664,49.776611913,50.420917511,21883800
2023-12-06T05:00:00.000Z,50.3626405874,50.4532974207,49.7474768938,49.8737487793,26447400
2023-12-07T05:00:00.000Z,50.1597147744,50.2214581203,49.4707680762,49.5455131531,25362600
2023-12-08T05:00:00.000Z,49.3960335702,49.464277791,48.8240800571,49.0255622864,34069500
2023-12-11T05:00:00.000Z,49.116550961,49.2172920656,48.5965932732,49.1490478516,31883400
2023-12-12T05:00:00.000Z,49.1425506909,49.298538009,48.8208284744,49.1880493164,21381900
2023-12-13T05:00:00.000Z,49.2497956243,50.0622291565,48.9540694169,50.0622291565,35348700
2023-12-14T05:00:00.000Z,49.8899865174,50.0264749453,49.3732792637,49.4512710571,30891300
2023-12-15T05:00:00.000Z,49.3245343272,49.870488043,49.246538814,49.6365089417,70003500
2023-12-18T05:00:00.000Z,49.8347511463,50.3937029499,49.7632527703,50.3612060547,26316000
2023-12-19T05:00:00.000Z,50.3189622622,50.5951895939,50.0752318261,50.5431938171,24417000
2023-12-20T05:00:00.000Z,50.5074376349,50.7414167299,49.9224861784,49.9517326355,21967800
2023-12-21T05:00:00.000Z,50.0459789244,50.390454181,50.0167324637,50.3059577942,20087700
2023-12-22T05:00:00.000Z,50.5171915467,51.0696461826,50.4229512979,50.9071617126,19405500
2023-12-26T05:00:00.000Z,50.9071581129,51.0176505199,50.7316719226,50.8291625977,11679900
2023-12-27T05:00:00.000Z,50.796666998,51.3296264486,50.7479216592,51.3068771362,19896000
2023-12-28T05:00:00.000Z,51.2711285796,51.4531156362,51.1833854843,51.2061347961,16776000
2023-12-29T05:00:00.000Z,51.1931303877,51.3718670019,51.0728904069,51.2321281433,21948300
2024-01-02T05:00:00.000Z,51.1021476947,51.8463369935,51.0826488142,51.7650947571,23539800
2024-01-03T05:00:00.000Z,51.9210816743,52.0933174456,51.6481010679,51.7683410645,18756000
2024-01-04T05:00:00.000Z,51.7390918667,51.8463338436,51.1801363885,51.2678794861,19282500
2024-01-05T05:00:00.000Z,51.3198754953,51.3783721337,50.5659386581,50.9266586304,21709500
2024-01-08T05:00:00.000Z,50.9234071291,51.4401144071,50.9169062631,51.427116394,20680800
2024-01-09T05:00:00.000Z,51.3231243157,51.7813386708,51.2581305323,51.7715873718,23322300
2024-01-10T05:00:00.000Z,51.8528330733,52.4832794639,51.8528330733,52.4150352478,20121900
2024-01-11T05:00:00.000Z,52.4345401142,52.6100263239,52.0510707995,52.3565483093,14355300
2024-01-12T05:00:00.000Z,52.4410340595,52.4962802618,52.1193081445,52.424785614,13629000
2024-01-16T05:00:00.000Z,52.4637857161,52.7757603684,52.3955414933,52.5905265808,17032500
2024-01-17T05:00:00.000Z,52.4442851206,52.6425206348,52.2005546989,52.3435440063,14827800
2024-01-18T05:00:00.000Z,52.3727877822,53.0974780921,52.2168004802,53.0487327576,18190500
2024-01-19T05:00:00.000Z,53.1104776627,53.1559762849,52.4637791254,52.7692565918,19175400
2024-01-22T05:00:00.000Z,52.9024942757,52.9544900443,52.4832776945,52.7725067139,13938300
2024-01-23T05:00:00.000Z,52.6847653661,52.9219949057,52.5710225266,52.90574646,12066600
2024-01-24T05:00:00.000Z,52.9382426658,52.9934888683,52.0998094864,52.1583061218,22932900
2024-01-25T05:00:00.000Z,52.4507849939,52.9284982476,52.1323094914,52.9187469482,16369500
2024-01-26T05:00:00.000Z,52.9869899863,53.4192046049,52.86025285,53.3834609985,15746400
2024-01-29T05:00:00.000Z,53.4094545437,53.7539260494,53.1397281184,53.6336860657,18240300
2024-01-30T05:00:00.000Z,53.5232021912,53.8839221746,53.1722297882,53.8124275208,15270000
2024-01-31T05:00:00.000Z,54.5306204767,54.5306204767,53.6564399073,53.7019348145,26134800
2024-02-01T05:00:00.000Z,53.8481731119,54.7093556447,53.6791877823,54.6963539124,20792700
2024-02-02T05:00:00.000Z,54.64435871,55.4340465994,54.5696136246,55.1058235168,21670800
2024-02-05T05:00:00.000Z,55.2488085111,55.2488085111,54.6183620986,54.8100967407,19145100
2024-02-06T05:00:00.000Z,54.8523414887,55.2293136277,54.7061054708,55.1838150024,14181300
2024-02-07T05:00:00.000Z,55.3333078817,55.4600450263,54.9855859045,55.0440788269,17082600
2024-02-08T05:00:00.000Z,55.0440792338,55.4242981083,54.9660874303,55.0408325195,14427900
2024-02-09T05:00:00.000Z,55.0473249311,55.1578173387,54.8945880516,55.0115776062,14329800
2024-02-12T05:00:00.000Z,54.9953261648,55.3625469736,54.9368295311,55.3430480957,14795100
2024-02-13T05:00:00.000Z,55.4470473323,55.5932870772,54.6833591513,54.9660873413,18574200
2024-02-14T05:00:00.000Z,54.8393451638,54.8815896382,54.4461282853,54.790599823,18484500
2024-02-15T05:00:00.000Z,55.1805626198,55.1968147847,54.5858635511,55.0148277283,16948800
2024-02-16T05:00:00.000Z,55.3398033298,55.8727627956,55.0148306763,55.3625526428,22373400
2024-02-20T05:00:00.000Z,58.0013335153,58.9340106317,56.9451697032,57.1499023438,71788500
2024-02-21T05:00:00.000Z,56.8704308691,57.0589188042,56.1554880461,56.4479675293,40501500
2024-02-22T05:00:00.000Z,56.5064576175,57.0231686179,56.3212238439,57.0036697388,29512800
2024-02-23T05:00:00.000Z,57.2246535237,57.7316132489,56.9711755206,57.0524177551,74365800
2024-02-26T05:00:00.000Z,57.6373618865,58.3393066035,56.7209369542,58.1053237915,32154800
2024-02-27T05:00:00.000Z,58.1443263932,58.3003137079,57.7348610869,58.0955810547,18012700
2024-02-28T05:00:00.000Z,58.0565841199,58.261316776,57.8226050041,58.1248283386,14803300
2024-02-29T05:00:00.000Z,57.9590900882,57.9980878449,57.1206569139,57.1401557922,29245100
2024-03-01T05:00:00.000Z,57.3253899689,57.3741353056,56.7404384901,57.2863922119,19030900
2024-03-04T05:00:00.000Z,57.0329181682,57.9005978666,56.935427488,57.8128547668,16033300
2024-03-05T05:00:00.000Z,58.3685555215,58.8267698665,58.0858310821,58.5342941284,19676900
2024-03-06T05:00:00.000Z,58.6122870276,59.0997478399,58.5342952315,59.0510025024,12698700
2024-03-07T05:00:00.000Z,59.4702130669,59.5384572762,58.8365125876,58.8462638855,16195300
2024-03-08T05:00:00.000Z,58.4952998703,58.7682767463,58.2320705746,58.6122894287,12143600
2024-03-11T04:00:00.000Z,58.5927869171,59.1874896906,58.3685553945,59.1387443542,14154000
2024-03-12T04:00:00.000Z,59.4214748339,60.0259252107,59.1289990851,59.8699378967,16613100
2024-03-13T04:00:00.000Z,59.7236957018,59.918680766,59.3532281707,59.7431945801,15935200
2024-03-14T04:00:00.000Z,59.9466668629,60.1031854292,59.2814620232,59.692325592,16584700
2024-03-15T04:00:00.000Z,59.3597259521,59.8195008948,59.144511514,59.3597259521,50946300
2024-03-18T04:00:00.000Z,59.3695130913,59.5749467731,59.0760412008,59.5358161926,16801700
2024-03-19T04:00:00.000Z,59.643415886,59.7412385932,59.2814636594,59.545589447,12353600
2024-03-20T04:00:00.000Z,59.5162525633,59.9466777659,59.4184298409,59.9173316956,12007600
2024-03-21T04:00:00.000Z,59.9466691773,60.318402186,59.7216739629,60.1129722595,14265900
2024-03-22T04:00:00.000Z,59.985799093,60.1912290172,59.5260241592,59.545589447,14029400
2024-03-25T04:00:00.000Z,59.5455851747,59.662976893,59.0466834328,59.2521133423,14186600
2024-03-26T04:00:00.000Z,59.1445090576,59.5064612761,58.9195138506,59.1934204102,13738300
2024-03-27T04:00:00.000Z,59.5455873577,59.7216712099,59.0662508847,59.398853302,14363400
2024-03-28T04:00:00.000Z,59.340157158,59.4477643707,58.8510361779,58.8608169556,17535100
2024-04-01T04:00:00.000Z,58.9977754014,59.4379813089,58.6260424026,58.694519043,13837600
2024-04-02T04:00:00.000Z,58.5966958086,58.7923412183,57.5988885461,57.872795105,19510100
2024-04-03T04:00:00.000Z,58.088005765,58.2053937495,57.6575769356,58.1369171143,14615100
2024-04-04T04:00:00.000Z,58.2445367694,58.5086625898,57.9999762392,58.205406189,14436100
2024-04-05T04:00:00.000Z,58.2543110408,58.7336512684,58.1956189084,58.5477828979,10335900
2024-04-08T04:00:00.000Z,58.3032176065,58.7336464445,58.1271337603,58.4793014526,11070100
2024-04-09T04:00:00.000Z,58.567351205,58.6651776502,58.0097535282,58.4890937805,10013500
2024-04-10T04:00:00.000Z,58.3227834501,59.4379786652,58.0977882516,59.3010253906,15097600
2024-04-11T04:00:00.000Z,59.4282056868,59.5651589794,58.7630007814,58.7825660706,10987600
2024-04-12T04:00:00.000Z,58.6945210189,59.3988564653,58.6456096644,58.8314743042,12280600
2024-04-15T04:00:00.000Z,59.1934236647,59.3792920389,58.6064799386,58.6260452271,10557200
2024-04-16T04:00:00.000Z,58.7238628258,58.9782078215,58.4793023393,58.5379981995,14726300
2024-04-17T04:00:00.000Z,58.8412633804,59.1151699723,58.2738811753,58.352142334,15329700
2024-04-18T04:00:00.000Z,58.5282244255,58.6358279178,57.9314961699,57.9706230164,12061500
2024-04-19T04:00:00.000Z,58.1564914157,58.3717021321,57.6869356731,58.2347488403,14165800
2024-04-22T04:00:00.000Z,58.2640958748,59.0858193184,57.7554095782,58.8314743042,14910000
2024-04-23T04:00:00.000Z,58.9390818865,59.0369045961,57.285854211,57.8043212891,17963900
2024-04-24T04:00:00.000Z,57.6967099247,58.733647738,57.5304105839,58.5673446655,18529100
2024-04-25T04:00:00.000Z,58.7434295542,59.212985252,58.5282188583,58.8999481201,19263000
2024-04-26T04:00:00.000Z,58.8021323432,59.076038933,58.6945251168,58.8510437012,11045200
2024-04-29T04:00:00.000Z,58.8706025388,59.0760324586,58.6358228221,58.9292984009,9785100
2024-04-30T04:00:00.000Z,58.8901703709,58.9879930802,57.8727977741,58.0586624146,14209200
2024-05-01T04:00:00.000Z,58.0195361007,58.117358811,57.4423731542,57.5695419312,15464300
2024-05-02T04:00:00.000Z,57.657584631,58.5869153176,57.3054206304,58.4108314514,17574100
2024-05-03T04:00:00.000Z,58.3227872846,58.6749550034,57.85323157,58.5184364319,14207400
2024-05-06T04:00:00.000Z,58.6945171643,58.6945171643,58.097788976,58.5673446655,11119400
2024-05-07T04:00:00.000Z,58.860815771,59.4771092385,58.7434277831,59.3010253906,14520200
2024-05-08T04:00:00.000Z,59.3108168169,59.5260275314,58.9097377238,58.9879951477,11015700
2024-05-09T04:00:00.000Z,59.0940126397,59.4670323679,58.8486056136,59.3296012878,14550500
2024-05-10T04:00:00.000Z,59.30014468,59.4670233798,59.054737691,59.3688583374,12356600
2024-05-13T04:00:00.000Z,59.5062928219,60.2228808668,59.1823575045,59.300151825,19260500
2024-05-14T04:00:00.000Z,59.4081359635,59.4375836097,58.3479757663,58.7602615356,18780100
2024-05-15T04:00:00.000Z,58.7308158875,58.8387918419,58.377429143,58.7308158875,22240600
2024-05-16T04:00:00.000Z,63.0401558887,63.2364785071,61.7836694121,62.8340148926,60545600
2024-05-17T04:00:00.000Z,63.0597938554,63.6880353081,62.4610037952,63.4622650146,29330400
2024-05-20T04:00:00.000Z,63.2364812895,63.5702387425,62.6965865758,63.0008926392,15001400
2024-05-21T04:00:00.000Z,63.3444519252,63.9923299825,63.2659198899,63.9530639648,17131700
2024-05-22T04:00:00.000Z,63.786210297,64.4831654921,63.5408032218,64.0512466431,14879400
2024-05-23T04:00:00.000Z,63.9726969822,64.3162652952,63.3739032842,63.6487579346,16222900
2024-05-24T04:00:00.000Z,63.933426019,64.4831427666,63.8156354575,64.1788330078,11795000
2024-05-28T04:00:00.000Z,64.021789957,64.2671969976,63.5506051437,63.8450965881,13349600
2024-05-29T04:00:00.000Z,63.5604237458,64.0119718034,63.462262427,63.7272987366,11538600
2024-05-30T04:00:00.000Z,63.737119115,63.9727077852,63.5800550086,63.6978530884,13051900
2024-05-31T04:00:00.000Z,63.4818861227,64.6892919561,62.9812611942,64.551864624,27632200
2024-06-03T04:00:00.000Z,64.306468818,64.630400449,63.962900428,64.6107711792,11578700
2024-06-04T04:00:00.000Z,64.7776405461,65.4157003515,64.620583934,65.3764343262,14780800
2024-06-05T04:00:00.000Z,65.3469785874,65.9163246503,65.0623055559,65.857421875,14982700
2024-06-06T04:00:00.000Z,65.8279856259,66.2010091403,65.5433125452,65.9163360596,13256000
2024-06-07T04:00:00.000Z,66.1617493241,66.3286243387,64.4340814085,64.669670105,20213200
2024-06-10T04:00:00.000Z,65.9556056776,66.0930330359,65.0525019799,65.7298278809,21659500
2024-06-11T04:00:00.000Z,65.7199954608,65.7298138384,65.1310201241,65.5040435791,13367500
2024-06-12T04:00:00.000Z,65.621831124,65.7101815395,64.689287508,65.0917510986,11704700
2024-06-13T04:00:00.000Z,65.0819412669,65.5334892612,64.7383654656,65.4745864868,11196600
2024-06-14T04:00:00.000Z,65.3175342568,65.8770619707,65.0819456113,65.7887115479,12590100
2024-06-17T04:00:00.000Z,65.6905443346,66.2009950915,65.189919444,66.1813583374,12103000
2024-06-18T04:00:00.000Z,66.3875027582,66.6230988839,66.0635711914,66.3580551147,12093500
2024-06-20T04:00:00.000Z,66.1126579849,66.8783267851,66.0635810683,66.7605361938,13860800
2024-06-21T04:00:00.000Z,67.0059294475,67.2906024665,66.5838291075,66.662361145,25883000
2024-06-24T04:00:00.000Z,66.7997882321,67.7715978528,66.6525425346,67.6341705322,12470400
2024-06-25T04:00:00.000Z,65.935951336,66.3482333009,65.3273467657,66.1813583374,20869200
2024-06-26T04:00:00.000Z,66.1617367052,67.3396874521,65.9752249661,67.0353851318,14177500
2024-06-27T04:00:00.000Z,67.0353827916,67.3200558348,66.4267706831,66.6329116821,12899200
2024-06-28T04:00:00.000Z,66.6231056648,66.8488759468,66.0832071831,66.4660415649,18816700
2024-07-01T04:00:00.000Z,66.6427285034,66.9862968272,66.0144871431,66.2402648926,8666000
2024-07-02T04:00:00.000Z,66.2010044554,66.8292458687,66.0243110898,66.8194274902,9436500
2024-07-03T04:00:00.000Z,66.5641896551,66.9961083546,66.3776854352,66.986289978,6287500
2024-07-05T04:00:00.000Z,66.907776682,68.8612145563,66.8488739017,68.7532348633,21586100
2024-07-08T04:00:00.000Z,68.6158006731,68.8513893029,68.0759022619,68.3998413086,12077700
2024-07-09T04:00:00.000Z,68.6158065796,68.9593749212,68.3900288184,68.6158065796,9758400
2024-07-10T04:00:00.000Z,68.8121300082,69.1458874648,68.4391140171,69.1164398193,10803400
2024-07-11T04:00:00.000Z,68.8906474427,69.1556836848,67.9875515574,68.5176315308,15624800
2024-07-12T04:00:00.000Z,68.6158041517,68.7434131057,67.8992123595,67.9679260254,12145300
2024-07-15T04:00:00.000Z,68.0268362698,68.6845253569,68.0268362698,68.3311386108,10171100
2024-07-16T04:00:00.000Z,68.5372723624,68.9495543593,68.3016837198,68.7041473389,9836800
2024-07-17T04:00:00.000Z,68.8906618453,69.7937579194,68.6648840822,69.7250442505,13533800
2024-07-18T04:00:00.000Z,69.3814706828,69.8821030839,69.1360636709,69.5188980103,10682700
2024-07-19T04:00:00.000Z,69.891909652,70.0195260834,69.3520187529,69.4501800537,11665500
2024-07-22T04:00:00.000Z,69.55817519,69.9508279698,68.9397521171,69.0869903564,12666100
2024-07-23T04:00:00.000Z,69.1753345326,69.4011048053,68.8219478117,69.3520278931,9263600
2024-07-24T04:00:00.000Z,69.2244083255,69.5385290089,69.047714973,69.3029403687,22490800
2024-07-25T04:00:00.000Z,69.3029505942,69.4698255936,68.6648907556,68.7336044312,18821200
2024-07-26T04:00:00.000Z,68.9397535523,68.9495644423,67.5654725392,68.4980163574,16789300
2024-07-29T04:00:00.000Z,68.5667126233,68.6157970178,67.8599392823,68.3409423828,10315300
2024-07-30T04:00:00.000Z,68.2722404912,68.5667244412,67.712712748,67.9188537598,12522500
2024-07-31T04:00:00.000Z,67.9090244084,67.9777380679,67.0353760995,67.378944397,22908800
2024-08-01T04:00:00.000Z,67.6439977047,68.517646137,67.2611558458,68.5078277588,17275500
2024-08-02T04:00:00.000Z,68.3213106243,68.9495519757,66.4954818564,67.202255249,23578700
2024-08-05T04:00:00.000Z,66.8488761718,67.3200609836,65.6807437545,66.3482437134,20770500
2024-08-06T04:00:00.000Z,66.5936523483,67.3691395117,66.4365957334,66.4954910278,14815100
2024-08-07T04:00:00.000Z,66.6230947034,66.7605220235,65.5825639362,65.6807327271,18499200
2024-08-08T04:00:00.000Z,65.6120194282,66.6721795869,65.4451444465,66.4169616699,12489800
2024-08-09T04:00:00.000Z,66.6034683218,66.9666734325,66.0930249802,66.7016296387,13805600
2024-08-12T04:00:00.000Z,67.0844642188,67.9483017844,66.8194279134,67.4378509521,17385300
2024-08-13T04:00:00.000Z,67.172810208,67.349503563,65.9065090787,66.8783187866,26557900
2024-08-14T04:00:00.000Z,66.672164795,67.5261837593,66.6034511419,67.3985748291,22928600
2024-08-15T04:00:00.000Z,72.7582812595,73.0724019683,71.4428956426,71.8355484009,49567500
2024-08-16T04:00:00.000Z,71.567779313,72.4636107297,71.3905823026,72.306098938,19872100
2024-08-19T04:00:00.000Z,72.2470293759,72.8278446683,72.1978050677,72.5718917847,13709300
2024-08-20T04:00:00.000Z,72.6014223795,73.5858484457,72.5718907992,73.379119873,14434000
2024-08-21T04:00:00.000Z,74.1272850871,74.4029231813,73.4283359774,74.0682144165,14832000
2024-08-22T04:00:00.000Z,74.196187404,75.032947969,73.9796124908,74.4029159546,16511100
2024-08-23T04:00:00.000Z,74.4226160153,74.6293446071,73.8418081873,74.5210571289,12299100
2024-08-26T04:00:00.000Z,74.7179440562,75.0231137502,74.3930816338,74.845916748,9508200
2024-08-27T04:00:00.000Z,75.2593825494,75.2593825494,74.5899724102,74.9443664551,11557800
2024-08-28T04:00:00.000Z,75.0920238229,75.2396892442,74.6293423411,74.8951416016,9814300
2024-08-29T04:00:00.000Z,74.8065320164,75.279059816,74.4915159868,75.2298355103,11856800
2024-08-30T04:00:00.000Z,75.2495318062,76.2634894648,75.0329568673,76.0272293091,23230000
2024-09-03T04:00:00.000Z,76.1256743223,76.598194658,75.6039296758,75.9681625366,22666100
2024-09-04T04:00:00.000Z,76.1256658458,76.2733312508,75.5350117366,76.0370635986,18442800
2024-09-05T04:00:00.000Z,76.0469286086,76.2438108564,75.2003214238,75.7614440918,13082900
2024-09-06T04:00:00.000Z,75.7023716615,76.1158288378,75.1117174797,75.4464187622,14548600
2024-09-09T04:00:00.000Z,75.6531541859,76.2635011516,75.2987601426,76.1355209351,22260200
2024-09-10T04:00:00.000Z,76.1453649934,77.6712286062,76.0764554599,77.5826263428,17686300
2024-09-11T04:00:00.000Z,77.1593169833,77.6909079922,76.3619342254,77.6121520996,19518800
2024-09-12T04:00:00.000Z,77.7598241784,78.6655019991,77.3955912877,78.4193954468,14877700
2024-09-13T04:00:00.000Z,78.5768982238,79.4333517133,78.4489255228,79.3447494507,12994100
2024-09-16T04:00:00.000Z,79.5810046304,79.758201634,78.8919093446,79.3053665161,15346400
2024-09-17T04:00:00.000Z,78.5178305598,79.0100436269,77.0411913586,77.3758926392,21065900
2024-09-18T04:00:00.000Z,77.4152687536,78.1732810648,77.0608747528,77.7991943359,15684900
2024-09-19T04:00:00.000Z,77.8188879649,77.8582584005,76.2831781071,76.8246154785,21525700
2024-09-20T04:00:00.000Z,77.01165219,78.3701574174,76.8935183617,77.8287200928,39534300
2024-09-23T04:00:00.000Z,77.8385700082,79.1872364445,77.8385700082,79.0789489746,12147300
2024-09-24T04:00:00.000Z,79.2266146636,79.6499181808,78.9903469955,79.4136505127,14651100
2024-09-25T04:00:00.000Z,79.630219076,80.3291606395,79.4234905159,80.1322784424,14163800
2024-09-26T04:00:00.000Z,79.7778833013,79.9353875545,78.025606237,78.6753234863,17061100
2024-09-27T04:00:00.000Z,78.6556475697,79.0395731512,78.360316733,78.5375137329,11899100
2024-09-30T04:00:00.000Z,78.6458092412,79.6794597649,78.6162776566,79.4924163818,18997000
2024-10-01T04:00:00.000Z,79.4235103534,80.2602711659,79.1872501558,80.0043182373,16054200
2024-10-02T04:00:00.000Z,79.7286672616,79.7286672616,78.8722213664,79.1773910522,16618300
2024-10-03T04:00:00.000Z,79.0494183638,79.3250564685,78.6064221151,79.1773910522,11640400
2024-10-04T04:00:00.000Z,78.8033048145,79.8467939779,78.6064151069,79.6794433594,11583400
2024-10-07T04:00:00.000Z,79.4333444322,79.6794509573,77.7499767021,77.8681030273,16791600
2024-10-08T04:00:00.000Z,78.3800179167,78.5769001554,77.8385804943,78.4686126709,15270000
2024-10-09T04:00:00.000Z,78.5768887419,79.2462987711,78.5079792173,79.147857666,12413000
2024-10-10T04:00:00.000Z,79.0592582344,79.0691045984,78.2224975457,78.3701629639,10812700
2024-10-11T04:00:00.000Z,78.4587518881,78.882055383,78.133897005,78.8525238037,9570700
2024-10-14T04:00:00.000Z,78.8033135048,79.2561486164,78.5178290302,79.0395736694,9914500
2024-10-15T04:00:00.000Z,79.4136541677,80.5457457203,79.2561498923,80.3783950806,13276200
2024-10-16T04:00:00.000Z,80.260263088,80.3882432947,79.3644391938,79.9550933838,11123300
2024-10-17T04:00:00.000Z,80.0043053471,80.2307266534,79.3939659757,79.6302261353,9424700
2024-10-18T04:00:00.000Z,79.6105511129,80.4177803128,79.403822508,80.0436935425,12324100
2024-10-21T04:00:00.000Z,79.9649478889,80.2799639896,79.4628883965,79.5514831543,9750400
2024-10-22T04:00:00.000Z,79.8468061085,80.9493661069,79.5711679865,80.7426300049,12240100
2024-10-23T04:00:00.000Z,80.6146544469,82.0420693181,80.5260597011,81.97315979,13058200
2024-10-24T04:00:00.000Z,81.6679863599,82.0223803481,81.2939071549,81.7467422485,11645900
2024-10-25T04:00:00.000Z,81.9042396732,82.002688281,81.1560813256,81.2249908447,8959400
2024-10-28T04:00:00.000Z,81.4612579346,81.7861203428,81.1856198345,81.4612579346,7990200
2024-10-29T04:00:00.000Z,81.3825068583,81.5695502275,80.3980807223,80.4276123047,9682400
2024-10-30T04:00:00.000Z,80.329165095,80.5555863938,80.033841783,80.1224365234,9268800
2024-10-31T04:00:00.000Z,80.0240115173,81.1561032175,79.9551019795,80.6737289429,15539000
2024-11-01T04:00:00.000Z,81.2446820313,81.2446820313,80.2701023289,80.9099807739,12181800
2024-11-04T05:00:00.000Z,80.919817562,81.6187666604,80.7229353581,81.1659240723,11731000
2024-11-05T05:00:00.000Z,81.3923515334,82.4653723942,81.2250008963,82.3767776489,10612500
2024-11-06T05:00:00.000Z,83.814039595,84.2078115467,80.7820053306,82.1405181885,19974000
2024-11-07T05:00:00.000Z,82.416148109,83.075711744,82.1208172969,82.5441207886,12665800
2024-11-08T05:00:00.000Z,82.9674355934,84.0896808154,82.9182187917,83.5088729858,14396500
2024-11-11T05:00:00.000Z,83.6269946383,84.079837256,82.8099266789,82.8985214233,10433200
2024-11-12T05:00:00.000Z,83.184015094,84.1979728928,83.184015094,83.6663818359,12860200
2024-11-13T05:00:00.000Z,83.6663747136,84.4539186221,83.4497997633,84.1684341431,12802600
2024-11-14T05:00:00.000Z,83.7057562336,84.4243906441,83.0264997713,83.1544799805,15740700
2024-11-15T05:00:00.000Z,83.213550137,83.4596567008,82.6327422516,82.9379119873,17370600
2024-11-18T05:00:00.000Z,83.4990268465,83.5285584297,82.3570964029,82.7705535889,25093800
2024-11-19T05:00:00.000Z,84.8870565576,86.9149716968,84.5720405407,85.2512893677,36340900
2024-11-20T05:00:00.000Z,85.2512966983,85.8419508419,84.5720478129,85.822265625,18183200
2024-11-21T05:00:00.000Z,86.08806474,87.2595342745,85.5761664412,87.0134277344,18729200
2024-11-22T05:00:00.000Z,88.0175440559,89.4941832537,87.5450162079,89.03150177,23990600
2024-11-25T05:00:00.000Z,89.0905662835,89.5335550453,87.6729902288,88.1061401367,25078600
2024-11-26T05:00:00.000Z,88.4900637874,90.4490696734,88.4408394769,89.8879470825,16657000
2024-11-27T05:00:00.000Z,90.5672076357,90.8133141782,89.8879511751,90.4490737915,14358900
2024-11-29T05:00:00.000Z,90.8231575546,91.197236783,90.3900076506,91.0594177246,11041200
2024-12-02T05:00:00.000Z,91.3744244651,91.5417750889,90.517971109,91.197227478,17173000
2024-12-03T05:00:00.000Z,91.3350536812,92.1324364304,90.8231554065,92.0536880493,17775200
2024-12-04T05:00:00.000Z,91.9946235028,93.0479592148,91.6008590393,92.9790496826,17312600
2024-12-05T05:00:00.000Z,93.4121928476,94.1111344835,92.8707554836,93.8158111572,21932300
2024-12-06T05:00:00.000Z,94.0520751894,94.682107324,93.8453465994,94.2095794678,18803500
2024-12-09T05:00:00.000Z,94.1702151514,94.4458532894,92.1422920452,92.3687133789,20931100
2024-12-10T05:00:00.000Z,92.5852711159,93.7567329843,92.3096255187,93.0774841309,13164500
2024-12-11T05:00:00.000Z,93.0676448284,94.1997363507,93.0282668829,93.4811019897,19682100
2024-12-12T05:00:00.000Z,94.1898904676,94.2292684133,92.6246490479,92.6246490479,14298600
2024-12-13T05:00:00.000Z,92.5437616886,93.4119733459,91.7939380821,92.9877319336,11495900
2024-12-16T05:00:00.000Z,93.1554561135,94.4281803881,92.83974209,93.5994338989,16742000
2024-12-17T05:00:00.000Z,93.8658105083,94.2111215306,93.0567928873,94.1420593262,23560800
2024-12-18T05:00:00.000Z,94.0631240944,94.6156292288,91.8827231492,92.2971038818,24665600
2024-12-19T05:00:00.000Z,93.2146618455,93.3034528902,92.1096589499,92.1491241455,16606500
2024-12-20T05:00:00.000Z,91.7643380629,92.4944252855,90.4028153052,91.0046463013,49350600
2024-12-23T05:00:00.000Z,90.27455333,90.27455333,87.7192444499,89.1399536133,26205400
2024-12-24T05:00:00.000Z,89.1596985457,91.4387588501,89.1399621858,91.4387588501,8992400
2024-12-26T05:00:00.000Z,91.3006351765,91.6360780261,90.9355877868,91.5472869873,10994000
2024-12-27T05:00:00.000Z,90.8961255491,91.113180354,89.8108590519,90.4324264526,11384400
2024-12-31T05:00:00.000Z,89.3570083885,89.7220557402,88.8538366394,89.1399536133,11267700
2025-01-02T05:00:00.000Z,88.7749183849,89.3866100261,88.321072453,88.7946472168,14820400
2025-01-03T05:00:00.000Z,88.9426339458,90.0772336465,88.9327657669,89.5641937256,10834600
2025-01-06T05:00:00.000Z,89.6135273403,91.2315624298,89.4556665866,90.2054901123,14519900
2025-01-07T05:00:00.000Z,90.4718678619,90.708658985,89.2386089896,89.593788147,11238000
2025-01-08T05:00:00.000Z,89.8897800246,90.6198672241,89.6036630415,90.5705413818,13453600
2025-01-10T05:00:00.000Z,91.2512914513,92.3266971384,90.96517448,91.7544631958,18140900
2025-01-13T05:00:00.000Z,90.8862479107,91.1920937001,89.8799044629,90.304145813,18617100
2025-01-14T05:00:00.000Z,90.6297355364,90.748131107,89.3570113796,89.5740661621,13549200
2025-01-15T05:00:00.000Z,89.8503185832,90.5014829568,89.5937986002,90.1166992188,17348200
2025-01-16T05:00:00.000Z,90.2745660646,90.4916208704,88.9130507289,90.0772476196,13267700
2025-01-17T05:00:00.000Z,90.8369125202,91.024370272,89.830576622,90.708656311,15868200
2025-01-21T05:00:00.000Z,91.2414416971,92.9778650357,91.0737127441,91.833404541,23247500
2025-01-22T05:00:00.000Z,92.5141608405,92.7410838257,91.2809017471,91.9813995361,15567100
2025-01-23T05:00:00.000Z,91.7150047669,92.5536193848,91.0835767586,92.5536193848,14198400
2025-01-24T05:00:00.000Z,92.2872361729,93.7375499264,92.2083057923,93.4908981323,14973800
2025-01-27T05:00:00.000Z,94.6156396177,96.1547445652,93.5501019492,96.0955505371,18880600
2025-01-28T05:00:00.000Z,95.9278207476,96.5296442107,95.4345171508,95.9870147705,14641600
2025-01-29T05:00:00.000Z,96.1251440318,96.8552312844,95.917957414,96.1942062378,11261400
2025-01-30T05:00:00.000Z,96.3816619857,97.6050528341,96.1152738203,97.3288040161,11012200
2025-01-31T05:00:00.000Z,97.6741138757,97.6741138757,96.3915214907,96.8453674316,16391200
2025-02-03T05:00:00.000Z,95.4739800015,98.4535381033,95.1780023436,98.2068862915,20484200
2025-02-04T05:00:00.000Z,98.6311288655,99.5979997639,98.3548800374,99.4204101562,15201200
2025-02-05T05:00:00.000Z,99.3020195012,101.2061717618,99.1934921034,101.0877761841,15926700
2025-02-06T05:00:00.000Z,101.1568430399,101.6402784987,100.5747483588,101.4725570679,13088500
2025-02-07T05:00:00.000Z,101.6205326275,101.7290600121,99.7558457863,99.7953109741,12451100
2025-02-10T05:00:00.000Z,100.5846005341,101.5514788973,99.8939785084,101.5416107178,15274600
2025-02-11T05:00:00.000Z,101.2456259361,101.4725413597,100.4859342342,101.0976333618,11953600
2025-02-12T05:00:00.000Z,100.7523238027,102.5084833067,100.673393425,102.222366333,15162100
2025-02-13T05:00:00.000Z,102.6071487243,103.8305395438,102.1434421363,103.6430892944,12604400
2025-02-14T05:00:00.000Z,103.8897489771,103.8897489771,102.2125120948,102.6466217041,14109500
2025-02-18T05:00:00.000Z,102.3309045459,102.5972851897,101.1371106839,102.3900985718,18247300
2025-02-19T05:00:00.000Z,102.4591470152,102.8044579988,101.1765622867,102.6071395874,18508000
2025-02-20T05:00:00.000Z,97.4570539937,98.7791115014,95.3851804646,95.9080810547,55450900
2025-02-21T05:00:00.000Z,95.2371980898,95.5529121135,92.8594784952,93.510635376,35014800
2025-02-24T05:00:00.000Z,92.9186686178,93.3725070374,90.886260146,92.4154968262,29755900
2025-02-25T05:00:00.000Z,93.0863958444,96.5987228979,92.9778684409,96.3816680908,29331200
2025-02-26T05:00:00.000Z,96.3915165758,97.407728274,94.7833496139,94.911605835,19069700
2025-02-27T05:00:00.000Z,94.6156411177,96.7269801273,94.526842547,95.4937210083,16431500
2025-02-28T05:00:00.000Z,96.4803195506,97.5359889596,95.8686203733,97.2893371582,25451300
2025-03-03T05:00:00.000Z,96.6677808808,98.1575523965,95.533181047,96.2829971313,18372200
2025-03-04T05:00:00.000Z,94.4775102126,95.7502344393,93.194917806,93.6980895996,25227700
2025-03-05T05:00:00.000Z,93.6980894139,95.0990698677,93.4810346199,94.6945648193,17639000
2025-03-06T05:00:00.000Z,93.5303659537,94.9017493651,92.9186667774,93.372505188,19957800
2025-03-07T05:00:00.000Z,92.6818845251,92.6917451777,89.5444732688,90.4916152954,35913200
2025-03-10T04:00:00.000Z,88.5578649945,89.0215715861,85.4500507875,86.6438446045,35148800
2025-03-11T04:00:00.000Z,86.1209359552,88.153344203,85.9729433825,86.2689285278,28687600
2025-03-12T04:00:00.000Z,86.7030370094,87.9066989837,83.7432154442,84.0589294434,33301600
2025-03-13T04:00:00.000Z,83.8024186009,84.3055828571,82.7467491902,83.368309021,31507800
2025-03-14T04:00:00.000Z,83.8221406316,84.2266531669,82.9341927116,84.2069168091,35500600
2025-03-17T04:00:00.000Z,83.9898691633,86.811566389,83.8418841034,86.2886657715,26297800
2025-03-18T04:00:00.000Z,86.2689319544,86.5057155638,84.354911667,84.4437026978,17850900
2025-03-19T04:00:00.000Z,84.7988820706,85.627635996,84.4733074297,85.1737976074,24555900
2025-03-20T04:00:00.000Z,84.660774231,85.9137697798,84.3746571964,84.660774231,18185500
2025-03-21T04:00:00.000Z,84.3689134067,85.3087686494,83.8742551363,85.0614395142,26797200
2025-03-24T04:00:00.000Z,85.5461983499,86.7135921134,85.4274776535,86.5552978516,17900700
2025-03-25T04:00:00.000Z,85.833110124,86.3772297239,83.7159732089,83.8544769287,27908600
2025-03-26T04:00:00.000Z,84.2798843473,84.645926662,83.6665053324,84.2996673584,27228800
2025-03-27T04:00:00.000Z,83.8742542724,85.1900470698,83.8742542724,84.715171814,16782800
2025-03-28T04:00:00.000Z,84.5173181115,84.9130462642,83.7951136667,84.2403106689,14790600
2025-03-31T04:00:00.000Z,83.8544687662,87.2577123983,83.4686359346,86.8520965576,30269300
2025-04-01T04:00:00.000Z,86.6047698467,88.1579964951,86.4365878482,87.8809890747,22080300
2025-04-02T04:00:00.000Z,87.257716953,89.18688876,87.1785773652,88.8010559082,19384100
2025-04-03T04:00:00.000Z,85.3582253105,88.919763155,85.3582253105,86.3277587891,33012900
2025-04-04T04:00:00.000Z,84.7250613301,86.4563651412,81.7670072176,82.3012390137,36209000
2025-04-07T04:00:00.000Z,79.3827596746,85.3384496686,78.9573532464,82.9344100952,36884900
2025-04-08T04:00:00.000Z,84.9328213692,86.0408585841,80.1643160651,80.9161987305,34351700
2025-04-09T04:00:00.000Z,82.4397497928,89.8299456173,82.1330565303,88.6427612305,46632800
2025-04-10T04:00:00.000Z,87.7820629604,90.8885163999,87.2181528149,89.6419754028,34735300
2025-04-11T04:00:00.000Z,89.7112246964,92.3526980628,89.048384422,91.8085784912,25508100
2025-04-14T04:00:00.000Z,92.2735477927,94.420370361,91.9075055137,93.717956543,27742900
2025-04-15T04:00:00.000Z,93.8070049891,95.0040772367,92.8671571853,92.9660873413,21871200
2025-04-16T04:00:00.000Z,92.9957515008,93.2925494715,89.6419691516,90.2157745361,22229100
2025-04-17T04:00:00.000Z,90.8489411669,92.8671478473,90.6411855958,92.2240905762,21393900
2025-04-21T04:00:00.000Z,92.0262285739,93.0749093225,90.3641763521,91.4227523804,18361200
2025-04-22T04:00:00.000Z,91.8877226509,94.2719792685,91.8877226509,93.8366775513,15407800
2025-04-23T04:00:00.000Z,94.0048521812,95.5679740905,93.1540469201,93.9454956055,18046900
2025-04-24T04:00:00.000Z,93.6981684733,95.1920385602,92.6593906365,94.8160934448,13444500
2025-04-25T04:00:00.000Z,94.7765179944,95.4393581979,93.3518999051,94.0740966797,15317200
2025-04-28T04:00:00.000Z,94.0840075617,94.9743940152,93.332124829,94.2027282715,12950000
2025-04-29T04:00:00.000Z,93.8267849445,95.1524731448,93.4112737742,95.0139694214,12679000
2025-04-30T04:00:00.000Z,94.9150268608,96.735365587,93.9158150883,96.2110290527,21639900
2025-05-01T04:00:00.000Z,95.9834909509,96.854094369,95.558084521,96.3693313599,13171800
2025-05-02T04:00:00.000Z,96.9035510812,98.1599873009,96.8046209378,97.6950073242,16031400
2025-05-05T04:00:00.000Z,97.8829888382,98.6744376058,97.4773654008,98.2688217163,12439100
2025-05-06T04:00:00.000Z,97.6851269019,98.4073313996,97.3586581338,97.4971618652,10626000
2025-05-07T04:00:00.000Z,97.4971548496,98.1698904457,97.2597134289,97.7741622925,11301300
2025-05-08T04:00:00.000Z,97.6950119593,98.2688173854,96.3198625214,96.3891143799,14461100
2025-05-09T04:00:00.000Z,95.9478027194,96.3940685428,95.4916176919,95.9180526733,13697800
2025-05-12T04:00:00.000Z,96.8601774106,97.1576930179,94.8271793148,95.947807312,26783900
2025-05-13T04:00:00.000Z,95.6998686977,96.5130693519,94.4404022522,95.0850067139,19746700
2025-05-14T04:00:00.000Z,95.2337679143,96.5229920161,95.0354292369,96.0271377563,25620100
2025-05-15T04:00:00.000Z,93.5181114956,95.9180441707,91.1280904576,95.551109314,44026100
2025-05-16T04:00:00.000Z,95.3428591208,98.3675732161,95.2040205295,97.4254455566,33746200
2025-05-19T04:00:00.000Z,95.8486295324,97.4651116888,95.0155904451,97.3064422607,20041600
2025-05-20T04:00:00.000Z,97.7427829443,98.0006292612,95.7196967873,96.9890899658,15609600
2025-05-21T04:00:00.000Z,96.3246402853,96.9494214593,95.1841816058,95.6304473877,15742300
2025-05-22T04:00:00.000Z,95.7395328975,96.1560486229,95.0255016162,95.1345901489,13712200
2025-05-23T04:00:00.000Z,94.5494826235,95.7395373363,94.2123053728,95.5411911011,13668600
2025-05-27T04:00:00.000Z,96.4932350156,96.9890892395,95.7792037224,96.7709121704,17180900
2025-05-28T04:00:00.000Z,96.7114082447,97.4254395653,96.2552232489,96.4337310791,11220100
2025-05-29T04:00:00.000Z,96.8204956383,96.9593342194,96.0469642388,96.2948913574,14338000
2025-05-30T04:00:00.000Z,96.1560572548,98.109724251,95.799041582,97.9014663696,29980100
2025-06-02T04:00:00.000Z,98.0204674178,99.0816028078,97.2370243378,98.9427566528,16999200
2025-06-03T04:00:00.000Z,98.7444045325,100.0534593105,97.752696138,99.151008606,15598600
2025-06-04T04:00:00.000Z,98.9625916469,99.2997689035,98.4964874435,98.5262374878,11115600
2025-06-05T04:00:00.000Z,98.4766672037,98.7642560401,96.8006772452,97.1477737427,15817100
2025-06-06T04:00:00.000Z,97.5543662357,97.7427857026,96.1659728457,96.6618270874,15599300
2025-06-09T04:00:00.000Z,96.5924021506,97.0386679156,95.9676210003,96.6419830322,13655700
2025-06-10T04:00:00.000Z,96.483326736,97.2766890445,95.6800452234,96.5130767822,17162500
2025-06-11T04:00:00.000Z,96.4833197996,96.4833197996,94.5594029098,95.0056762695,16389600
2025-06-12T04:00:00.000Z,94.103216518,94.4701513772,92.6553230535,94.0437164307,17845700
2025-06-13T04:00:00.000Z,93.736282833,94.5296526488,93.2305169524,93.6569519043,18694700
2025-06-16T04:00:00.000Z,93.9643789649,94.985837494,93.3197669364,93.5081939697,14881700
2025-06-17T04:00:00.000Z,93.1710055576,94.0337946302,92.8437475204,93.4685211182,14935600
2025-06-18T04:00:00.000Z,93.7858667597,94.6982367076,93.30984338,94.3015518188,11333700
2025-06-20T04:00:00.000Z,94.450320198,95.511448044,94.410650948,95.3230285645,20604900
2025-06-23T04:00:00.000Z,95.1246812649,97.1180175472,94.8767541301,97.0585174561,20432400
2025-06-24T04:00:00.000Z,96.9196809825,98.2882360727,96.4436575442,97.1874389648,22403700
2025-06-25T04:00:00.000Z,97.4948645661,97.7427917021,96.3444865891,96.4535751343,11154700
2025-06-26T04:00:00.000Z,96.0965547542,96.5329013473,95.1246770992,95.2238464355,19361400
2025-06-27T04:00:00.000Z,95.5213580826,96.9494206789,95.3626886642,96.4634780884,31431900
2025-06-30T04:00:00.000Z,96.4238184181,97.3262691966,95.5114408702,96.96925354,17803000
2025-07-01T04:00:00.000Z,96.7907526917,98.3675732161,96.6122448506,97.4254455566,15635800
2025-07-02T04:00:00.000Z,97.3163518974,97.5642790212,96.2552241103,96.8006668091,12502000
2025-07-03T04:00:00.000Z,96.8899100313,97.6634489579,96.6122328831,97.5444412231,7686200
2025-07-07T04:00:00.000Z,97.4155288155,98.5262374878,96.8105860281,98.5262374878,12930900
2025-07-08T04:00:00.000Z,98.0006399174,98.3477364014,95.7097955575,96.2849807739,16875000
2025-07-09T04:00:00.000Z,96.3444938247,96.4833324261,95.5808739513,96.00730896,13702600
2025-07-10T04:00:00.000Z,95.8585416625,95.9775418332,93.9544557031,94.0734634399,18894800
2025-07-11T04:00:00.000Z,94.2222218116,94.7379068757,93.4486904324,93.6172790527,14595000
2025-07-14T04:00:00.000Z,93.7263733656,95.0453399332,93.597446417,94.9858398438,13779100
2025-07-15T04:00:00.000Z,94.8073331991,94.9858410357,94.1528095089,94.5990753174,10450800
2025-07-16T04:00:00.000Z,94.6288190502,95.0354231489,93.825537622,94.3610610962,11181600
2025-07-17T04:00:00.000Z,94.2916401821,94.8370752838,94.1032131575,94.3015518188,11165100
2025-07-18T04:00:00.000Z,94.3015559071,94.6883291759,93.6470322435,94.2618942261,14636300
2025-07-21T04:00:00.000Z,94.4701505947,95.838705554,94.3114736083,94.8767471313,13450400
2025-07-22T04:00:00.000Z,95.0453328723,95.8684526901,94.9461635419,95.0552520752,9049100
2025-07-23T04:00:00.000Z,95.2139386062,95.4916157855,94.4999072501,94.8866729736,9729700
2025-07-24T04:00:00.000Z,94.7775907286,96.1560650792,94.5594136258,95.7990493774,14991500
2025-07-25T04:00:00.000Z,96.0370459005,96.8403349171,95.7296186918,96.6618270874,12868500
2025-07-28T04:00:00.000Z,96.4734011898,97.3163518974,96.2750625173,96.8006668091,12293100
2025-07-29T04:00:00.000Z,96.9692515371,97.9014599061,96.5328973956,97.5146942139,14034300
2025-07-30T04:00:00.000Z,97.7923850152,98.0601430063,96.4833299743,96.7808380127,13864100
2025-07-31T04:00:00.000Z,96.6320866264,97.8122146937,96.5031596684,97.1676101685,15651300
2025-08-01T04:00:00.000Z,97.1874428948,98.0105628494,96.8601772406,97.6733779907,16750400
2025-08-04T04:00:00.000Z,97.3857698951,99.0815980573,97.3857698951,98.7642440796,19050200
2025-08-05T04:00:00.000Z,98.8435879438,99.6369577989,98.0898949042,98.4865722656,17977000
2025-08-06T04:00:00.000Z,98.6353260761,102.8302563421,98.6353260761,102.5029907227,23738400
2025-08-07T04:00:00.000Z,102.602161392,103.038515557,101.2633564187,102.2649841309,12509500
2025-08-08T04:00:00.000Z,102.5129107859,103.8517157531,102.2947337044,102.8699264526,12394700
2025-08-11T04:00:00.000Z,103.0385101498,103.4649450887,102.2550595611,103.0682601929,12856700
2025-08-12T04:00:00.000Z,103.3856073486,103.4451074353,102.5129066243,102.7608337402,17915300
2025-08-13T04:00:00.000Z,101.3030268111,101.9575504998,100.0138027089,100.1526412964,19398500
2025-08-14T04:00:00.000Z,100.3807287893,100.5989058551,99.8848745728,100.0137939453,10858400
2025-08-15T04:00:00.000Z,100.0287063023,100.1678691584,98.9452229819,99.4024734497,13604900
2025-08-18T04:00:00.000Z,99.4024751969,100.2772142485,99.3229513966,100.0982894897,11656100
2025-08-19T04:00:00.000Z,100.3567386864,101.8179562945,100.1976986687,100.6847686768,16999000
2025-08-20T04:00:00.000Z,100.5456094156,102.0366466064,100.3269227475,101.9571228027,18655000
2025-08-21T04:00:00.000Z,98.8160124972,98.8557668169,96.3707047291,97.374671936,51825100
2025-08-22T04:00:00.000Z,97.4840076429,98.458155242,96.1818376377,96.2514190674,32695200
2025-08-25T04:00:00.000Z,96.4204074352,96.9969436503,95.4959640503,95.4959640503,18956100
2025-08-26T04:00:00.000Z,95.7047032975,95.8935704299,94.8498413917,95.4760818481,22270400
2025-08-27T04:00:00.000Z,95.3269727679,95.7444613328,95.0287623165,95.505897522,12925700
2025-08-28T04:00:00.000Z,95.4263774943,95.9929713073,95.1281670311,95.5357208252,19241600
2025-08-29T04:00:00.000Z,95.5257737207,96.4502170102,95.2275708561,96.4005203247,15600300
2025-09-02T04:00:00.000Z,96.6490293357,97.2653198242,95.9333303056,97.2653198242,15351300
2025-09-03T04:00:00.000Z,97.2653218732,98.8458251953,96.9174147217,98.8458251953,18995900
2025-09-04T04:00:00.000Z,99.3130176351,100.7444081357,99.0545690734,100.3269195557,15640900
2025-09-05T04:00:00.000Z,100.4760252714,100.8736366949,98.9551685912,99.9094314575,13748500
2025-09-08T04:00:00.000Z,100.2473980144,101.7483775627,99.8199670536,101.6688537598,13685700
2025-09-09T04:00:00.000Z,101.3905267668,101.8775967818,100.9432186529,101.6787948608,11819700
2025-09-10T04:00:00.000Z,101.3408195065,101.837831878,99.7901433344,99.8100280762,17934900
2025-09-11T04:00:00.000Z,100.3865592263,102.1658644716,99.6808025509,102.0366439819,15900800
2025-09-12T04:00:00.000Z,101.9272996908,103.3586977704,101.7483749308,102.8716201782,11641900
2025-09-15T04:00:00.000Z,103.030672668,103.3587026741,102.792108838,103.0704345703,10756900
2025-09-16T04:00:00.000Z,103.2294710554,103.58732058,102.5137720062,102.8020401001,14481900
2025-09-17T04:00:00.000Z,103.1101907059,105.475966882,103.1101907059,103.6469573975,25382000
2025-09-18T04:00:00.000Z,103.1598894226,104.0147513316,101.5098122479,102.9809646606,14869400
2025-09-19T04:00:00.000Z,103.1897117173,103.3189397945,101.4799878536,101.7185592651,34791600
2025-09-22T04:00:00.000Z,101.8378355431,102.5833541271,101.3110036238,102.2056274414,12861900
2025-09-23T04:00:00.000Z,101.7980815485,102.0664649027,100.724532964,101.9074172974,13158700
2025-09-24T04:00:00.000Z,102.424318057,102.8517490317,101.8676665863,102.1161727905,11391800
2025-09-25T04:00:00.000Z,102.6032399013,102.8915080001,101.9670646432,102.4342575073,13366700
2025-09-26T04:00:00.000Z,102.2652686754,102.87162441,101.8577224511,102.5436019897,11859300
2025-09-29T04:00:00.000Z,102.4342612792,102.6927022734,101.4700559853,102.4640808105,15477200
2025-09-30T04:00:00.000Z,102.3845519193,103.3189376354,102.1062261954,102.444190979,13873400
2025-10-01T04:00:00.000Z,101.9471747398,102.2453851949,99.9491904761,101.3507614136,16142800
2025-10-02T04:00:00.000Z,100.843817093,101.5296966601,99.2732636078,101.0923233032,15605400
2025-10-03T04:00:00.000Z,100.8537577758,102.2056321437,100.595309198,101.4601135254,11867500
2025-10-06T04:00:00.000Z,101.2712418418,102.4541337566,100.9730389581,102.0863418579,13303600
2025-10-07T04:00:00.000Z,101.7682536272,102.6330579108,100.3467978971,102.6231155396,15538900
2025-10-08T04:00:00.000Z,102.4044267374,102.6429981385,101.5396300557,102.2851486206,13584100
2025-10-09T04:00:00.000Z,102.5137700224,102.8318576399,99.7702671651,101.161895752,19508000
2025-10-10T04:00:00.000Z,101.4402276991,103.0107810238,100.9133882168,101.2314758301,18519400
2025-10-13T04:00:00.000Z,100.76429283,101.8378338091,100.466082368,101.5098114014,10871200
2025-10-14T04:00:00.000Z,103.4282825755,107.2751536645,102.2752101773,106.5693969727,30859500
2025-10-15T04:00:00.000Z,106.6787357404,108.9053490543,106.6588585823,108.3785171509,21416300
2025-10-16T04:00:00.000Z,108.5475076786,108.9252419651,105.0286664776,105.8338241577,16366200
2025-10-17T04:00:00.000Z,106.5296294414,107.553473709,105.585308973,107.0862884521,13735600
2025-10-20T04:00:00.000Z,107.2055621932,107.6031735893,105.9729736908,106.4103469849,10581200
2025-10-21T04:00:00.000Z,106.6886799869,106.8377852187,105.5455499889,105.5853118896,10899700
2025-10-22T04:00:00.000Z,105.913338313,107.1260421166,105.0286569075,106.4998092651,12296500
2025-10-23T04:00:00.000Z,106.708558973,106.9272456387,105.1479403665,106.2214889526,11408200
2025-10-24T04:00:00.000Z,106.4302301803,106.529631139,104.8795539898,105.5356063843,10318000
2025-10-27T04:00:00.000Z,105.7045933069,105.7244780498,103.5276841578,103.8457717896,16375900
2025-10-28T04:00:00.000Z,103.4382169152,103.5177407183,102.4342573406,102.5535354614,13323000
2025-10-29T04:00:00.000Z,102.2950940228,103.0505473973,101.4998711631,101.8477783203,11986400
2025-10-30T04:00:00.000Z,101.5893287702,102.7523435183,101.3507649481,101.6191558838,14065100
2025-10-31T04:00:00.000Z,101.0923137258,101.4899251414,99.5813994474,100.5754241943,20237000
2025-11-03T05:00:00.000Z,100.2175754671,101.1917230636,99.8000868903,100.9829711914,14811700
2025-11-04T05:00:00.000Z,101.5197497938,102.0068274047,100.8537549999,101.6589126587,12636400
2025-11-05T05:00:00.000Z,101.1320765846,102.0664622824,100.2473951582,100.8636932373,13356800
2025-11-06T05:00:00.000Z,100.7344687284,101.3209472989,99.4322986784,101.0724411011,14866000
2025-11-07T05:00:00.000Z,101.5197392968,102.3547239836,101.1221354861,101.9769897461,17248700
2025-11-10T05:00:00.000Z,101.5396381775,102.0565277536,100.9929214859,101.8080215454,14507600
2025-11-11T05:00:00.000Z,101.8875441729,103.1201328277,101.7086194017,102.8219299316,13182100
2025-11-12T05:00:00.000Z,102.7324637542,102.9809699595,102.0465917845,102.8219299316,12084400
2025-11-13T05:00:00.000Z,102.9710286517,103.3090010379,101.4104099696,101.9273071289,18088500
2025-11-14T05:00:00.000Z,99.6012851638,101.8776029398,98.2891726885,101.8676681519,23424200
2025-11-17T05:00:00.000Z,101.9670621873,102.7026383897,101.4899269633,102.3348464966,15289400
2025-11-18T05:00:00.000Z,102.3646754053,102.7225173498,100.7742296868,100.7841720581,17604500
2025-11-19T05:00:00.000Z,100.9730400996,101.1022605923,99.0843914798,100.0088348389,22157000
2025-11-20T05:00:00.000Z,103.3189368944,107.2652164399,102.0664635622,106.4699935913,50375900
2025-11-21T05:00:00.000Z,107.3347986308,107.5037810226,104.0942757382,104.6906890869,41420800
2025-11-24T05:00:00.000Z,104.7304446982,105.6350032463,103.1400066691,103.4382095337,42519200
2025-11-25T05:00:00.000Z,103.9849305439,106.7781376871,103.607203866,106.3606491089,20212900
2025-11-26T05:00:00.000Z,106.5594562095,108.9351748901,106.5296366787,108.4481048584,17783300
2025-11-28T05:00:00.000Z,108.6469089934,110.0385375864,108.3486985327,109.8496780396,9846500
2025-12-01T05:00:00.000Z,109.8496844512,111.0922154702,109.7005792121,110.8635864258,17236800
2025-12-02T05:00:00.000Z,110.8039413242,111.9768908455,110.1280041833,111.7383270264,18711800
2025-12-03T05:00:00.000Z,111.8277884132,114.2035070448,111.5494626866,113.7263793945,24478300
2025-12-04T05:00:00.000Z,112.9410971152,114.2035052364,112.483846631,114.1538009644,25905100
2025-12-05T05:00:00.000Z,114.0444611362,115.5752525537,113.994756866,114.4221878052,23956400
2025-12-08T05:00:00.000Z,113.8854139474,114.3029025173,111.6289811286,112.8814468384,22700700
2025-12-09T05:00:00.000Z,113.2691218054,115.0285499309,112.3446784472,114.3724899292,24326700
2025-12-10T05:00:00.000Z,114.6607550633,115.5355017096,112.3148560125,112.5037231445,22859600
2025-12-11T05:00:00.000Z,112.4639586476,115.1776495288,112.1756905625,114.8297348022,21586600
2025-12-12T05:00:00.000Z,114.8048426996,116.488163756,114.5657849833,116.239151001,19092400
2025-12-15T05:00:00.000Z,116.4682429178,116.9861860905,115.1833362249,116.3287963867,18713700
2025-12-16T05:00:00.000Z,116.1196333773,116.4184441332,114.4960653003,114.9642105103,19642300
2025-12-17T05:00:00.000Z,114.7450797807,115.9303829812,114.6155958778,115.2032699585,16177800
2025-12-18T05:00:00.000Z,114.5558306263,116.0200268504,114.1574086961,114.3765411377,21476700
2025-12-19T05:00:00.000Z,114.6853201115,114.824766654,113.0816772736,113.9084014893,50043800
2025-12-22T05:00:00.000Z,113.5597776725,113.8685510535,111.7768454543,112.1553421021,21473900
2025-12-23T05:00:00.000Z,111.5477509791,111.9063299522,110.2628442585,110.462059021,20319900
2025-12-24T05:00:00.000Z,110.4620627852,111.2688617027,110.1134464382,111.1692581177,9009600
2025-12-26T05:00:00.000Z,111.278826524,111.527839291,110.9202475316,111.2987442017,9003800
2025-12-29T05:00:00.000Z,111.1493342656,112.3346374601,111.129416588,112.0856246948,12979600
2025-12-30T05:00:00.000Z,111.4481546566,112.2449985598,111.398349063,111.4780349731,11730600
2025-12-31T05:00:00.000Z,111.2887906685,111.8067338872,110.8804060775,110.9700546265,11487400
2026-01-02T05:00:00.000Z,110.9899704143,112.3446004699,110.6811970161,112.3147201538,14306600
2026-01-05T05:00:00.000Z,112.3744816922,113.2808918158,111.7071292975,112.2649154663,19557600
2026-01-06T05:00:00.000Z,111.9561396395,114.3367010432,111.547755061,113.8884735107,20120800
2026-01-07T05:00:00.000Z,113.7390757656,114.2769442631,111.6573250475,112.2748794556,23306000
2026-01-08T05:00:00.000Z,110.8505197667,113.0219113108,109.3763609023,112.6234893799,24058300
2026-01-09T05:00:00.000Z,111.8166956775,115.0040560741,111.8166956775,114.0777282715,21902900
2026-01-12T05:00:00.000Z,117.0359975551,118.3707023051,115.9503055659,117.5041427612,49182100
2026-01-13T05:00:00.000Z,117.4244572886,120.0341137667,117.2650930727,119.8847045898,31222100
2026-01-14T05:00:00.000Z,119.7153805549,120.761229619,118.5599576659,119.5659713745,32764000
2026-01-15T05:00:00.000Z,119.5062047436,120.3926895436,118.2611409684,118.7292785645,34559400
2026-01-16T05:00:00.000Z,118.2013712295,120.1237499778,116.43836429,119.2273025513,415144600
2026-01-20T05:00:00.000Z,120.4126101476,121.1397307537,117.1455639379,118.2412185669,45334000
2026-01-21T05:00:00.000Z,117.6137049118,120.0141838907,117.0857990931,118.8886489868,34811700
2026-01-22T05:00:00.000Z,118.8189262551,119.0480137325,117.1854032017,117.364692688,24547300
2026-01-23T05:00:00.000Z,117.7033482275,118.1416131118,116.6774168839,117.2650909424,20806900
2026-01-26T05:00:00.000Z,117.3447724122,118.3806664218,116.9264327928,117.1754455566,19552200
2026-01-27T05:00:00.000Z,117.035996597,117.1654804958,115.0239768502,116.4782104492,22968600
2026-01-28T05:00:00.000Z,116.1793881831,116.9961497002,115.4124322558,116.109664917,16342000
2026-01-29T05:00:00.000Z,115.9901420293,117.1953704902,115.611645365,116.9463577271,16381100
2026-01-30T05:00:00.000Z,116.4483280055,118.9384555472,116.1395470229,118.6695175171,22215400
2026-02-02T05:00:00.000Z,119.028100876,123.7095377871,118.5798809417,123.5700912476,31210100
2026-02-03T05:00:00.000Z,123.1617159472,127.663863426,123.1617159472,127.2056808472,32018700
2026-02-04T05:00:00.000Z,127.6240212194,128.8989653008,126.5881196542,127.4945297241,27531800
2026-02-05T05:00:00.000Z,128.0722515191,129.0882278908,126.0602240532,126.4387283325,30517800
2026-02-06T05:00:00.000Z,126.7873415914,131.1799228578,126.5482914625,130.6619720459,26593400
2026-02-09T05:00:00.000Z,130.9010297942,131.2695638266,127.5841779073,128.5105133057,27197300
2026-02-10T05:00:00.000Z,128.4308210122,128.829235341,125.8908878703,126.1996612549,24662000
2026-02-11T05:00:00.000Z,126.1996570295,129.2276605416,126.1299337644,128.2614898682,19232100
2026-02-12T05:00:00.000Z,128.869086999,133.9589083652,128.7993561316,133.1122589111,33382700
2026-02-13T05:00:00.000Z,132.1759639742,134.1182603744,131.2297185688,133.3612670898,24131200
2026-02-17T05:00:00.000Z,132.5843428494,134.1581051776,127.6538936759,128.3411712646,37995900
2026-02-18T05:00:00.000Z,127.6240189903,128.3610870003,125.2733304323,126.1199798584,36485000
2026-02-19T05:00:00.000Z,127.9925545127,129.5862422047,123.9087469003,124.3768920898,42993300
2026-02-20T05:00:00.000Z,122.5142808757,122.9923887302,120.5719843406,122.5043182373,35151000
2026-02-23T05:00:00.000Z,123.0322212207,126.299275018,122.4744350696,125.3131790161,25662800
2026-02-24T05:00:00.000Z,125.4028316791,127.5343727693,124.4167432441,126.2494735718,20161200
2026-02-25T05:00:00.000Z,126.110022469,126.8969037005,124.9247193025,125.2534179688,17345700
2026-02-26T05:00:00.000Z,125.4825099083,126.8271772554,123.4505649307,123.9286651611,18638300
2026-02-27T05:00:00.000Z,125.0243207528,128.0921673191,124.6557867387,127.4447250366,29205500
2026-03-02T05:00:00.000Z,126.9566701233,128.2415769322,126.5482931309,126.5980911255,17091500
2026-03-03T05:00:00.000Z,126.0203740331,127.8630669343,125.1737321703,127.4048919678,16480400
2026-03-04T05:00:00.000Z,126.6080498957,127.6638615796,125.7414827443,127.3052825928,16434100
2026-03-05T05:00:00.000Z,124.8848768038,125.1836951559,121.1696106759,122.8230514526,28604900
2026-03-06T05:00:00.000Z,122.0162497164,123.6995783687,121.1397275562,123.3111190796,21553000
2026-03-09T04:00:00.000Z,123.2015566623,124.0183182184,122.0162534824,123.8489837646,19375900
2026-03-10T04:00:00.000Z,123.7194978109,125.602033654,122.8628933152,124.6259078979,18793600
2026-03-11T04:00:00.000Z,124.8151548339,124.9944443272,122.564084929,123.0023422241,18176500
2026-03-12T04:00:00.000Z,121.8170494676,124.8948436405,121.7971241905,124.8350830078,21751600
2026-03-13T04:00:00.000Z,124.8948355775,126.1897049306,124.4764959769,126.0203704834,15194100
2026-03-16T04:00:00.000Z,126.2594333525,126.4785657996,124.3370545201,125.4924697876,20463200
2026-03-17T04:00:00.000Z,126.1498670448,126.6877355239,124.3669347528,124.5860671997,19895000
2026-03-18T04:00:00.000Z,123.8390246421,124.1179177107,121.3488971022,121.4983062744,19734900
2026-03-19T04:00:00.000Z,121.916648432,122.2652647751,118.7990038231,120.6118164062,17927700
2026-03-20T04:00:00.000Z,120.4002230905,121.0689526721,117.7951939692,118.7932891846,57545600
2026-03-23T04:00:00.000Z,120.2505181729,120.8992739886,118.8232416714,120.4900588989,22181500
2026-03-24T04:00:00.000Z,120.400226735,123.8736015402,120.2604940098,121.817527771,17269600
2026-03-25T04:00:00.000Z,122.5760682427,123.2547732787,121.5480314121,122.825592041,16597300
2026-03-26T04:00:00.000Z,123.3745497115,123.5641902385,121.5580167311,121.9472732544,16442500
2026-03-27T04:00:00.000Z,121.7975594309,124.0332906091,121.5879603469,122.655921936,16543300
2026-03-30T04:00:00.000Z,123.4743543239,125.0214049054,122.9054403735,123.264755249,20428900
2026-03-31T04:00:00.000Z,123.1948945035,124.7619037095,122.6060143583,124.0432739258,21330400
2026-04-01T04:00:00.000Z,123.564191301,124.9914677705,122.8954617162,124.5023956299,17039700
2026-04-02T04:00:00.000Z,124.9116194428,125.6601908647,123.9135242138,125.5503997803,11898400
2026-04-06T04:00:00.000Z,125.5703557765,126.7381329581,125.1311990628,126.5484924316,10850400
2026-04-07T04:00:00.000Z,125.9496402925,126.119314655,121.5580197302,122.2566833496,16076000
2026-04-08T04:00:00.000Z,122.0470834207,127.0575257361,121.0988959988,127.0176010132,20194300
2026-04-09T04:00:00.000Z,126.847910543,129.4429640574,126.5784281997,128.8840332031,13853100
2026-04-10T04:00:00.000Z,128.4748165328,128.6844079981,125.9795785101,126.5285263062,13894000
2026-04-13T04:00:00.000Z,126.049442846,126.05942593,123.7138961345,124.3327178955,14510600
2026-04-14T04:00:00.000Z,122.9154308672,124.9615215493,122.3165752436,124.8118133545,15320800
2026-04-15T04:00:00.000Z,124.3926045033,124.8317688368,122.9453694805,124.5223617554,17001400
2026-04-16T04:00:00.000Z,124.0931803481,125.7001142592,123.7338654603,124.582244873,18324500
2026-04-17T04:00:00.000Z,124.3327218011,127.3270074744,123.1350105778,127.2571411133,24763700
2026-04-20T04:00:00.000Z,127.6264380039,129.2233888265,127.0774825892,127.6763381958,18933600
2026-04-21T04:00:00.000Z,127.586516572,129.5228237776,127.2371847603,129.3531494141,17312400
2026-04-22T04:00:00.000Z,129.752372784,130.201512567,128.5945787256,129.7324066162,17624500
2026-04-23T04:00:00.000Z,130.3212930057,132.2076922584,130.2414435649,131.778503418,16376000
2026-04-24T04:00:00.000Z,131.6886877673,131.8683375994,129.0337507866,129.6725311279,16016300
2026-04-27T04:00:00.000Z,129.3730939978,129.5627345212,127.1573290666,127.3469619751,17029500
2026-04-28T04:00:00.000Z,129.0936285622,129.5228174145,126.5385073058,127.3469619751,16341800
2026-04-29T04:00:00.000Z,126.4387057999,127.8360406644,125.6701758127,127.766166687,16538800
2026-04-30T04:00:00.000Z,127.7761549249,132.177743291,127.7062809489,131.6786956787,19867700
2026-05-01T04:00:00.000Z,131.6687172621,133.1159522595,130.7305053351,131.3493347168,10480900
2026-05-04T04:00:00.000Z,130.1616060399,131.4990500283,129.4329855373,130.0817565918,10340700
2026-05-05T04:00:00.000Z,130.2613976026,131.4790749513,130.0518061416,130.5408630371,10637300
2026-05-06T04:00:00.000Z,130.6107426769,130.9001835931,129.2832741907,129.8322296143,16371500
2026-05-07T04:00:00.000Z,129.6525642348,130.3512430793,128.4249113667,129.9519958496,14935400
2026-05-08T04:00:00.000Z,130.3200073242,131.4100036621,130.25,130.4299926758,15183700
2026-05-11T04:00:00.000Z,130.1799926758,130.6000061035,126.3799972534,127.5899963379,18699200
