Date,Open,High,Low,Close,Volume
2021-01-04T05:00:00.000Z,33.4263084038,34.0714476252,33.0634166304,33.4666290283,27764700
2021-01-05T05:00:00.000Z,33.7408214949,36.1278387122,33.7327585986,35.0794868469,44035100
2021-01-06T05:00:00.000Z,35.8133276038,36.369759645,35.2407666964,35.9746131897,36484800
2021-01-07T05:00:00.000Z,36.2891203746,36.7487823199,35.9100996885,36.2568626404,29528100
2021-01-08T05:00:00.000Z,36.4504070156,36.9503896049,36.2488007855,36.6600761414,28628200
2021-01-11T05:00:00.000Z,36.3213810854,38.0148722778,36.0875171077,37.7729454041,38246200
2021-01-12T05:00:00.000Z,38.272933171,38.8454942336,37.8293999967,38.6116333008,36915100
2021-01-13T05:00:00.000Z,39.1358034929,39.2809602361,38.4584063832,39.0470962524,29000300
2021-01-14T05:00:00.000Z,39.1116129133,41.1921909118,39.1116129133,40.5712432861,35474800
2021-01-15T05:00:00.000Z,39.4422437506,39.5793375902,38.1358362072,38.6196899414,42411300
2021-01-19T05:00:00.000Z,39.0712903477,39.869649344,38.9906460051,39.3857955933,24932600
2021-01-20T05:00:00.000Z,39.6035331931,40.1115818166,39.5067630521,39.9422302246,22342400
2021-01-21T05:00:00.000Z,39.7809471925,39.8293307242,38.4503446964,38.7971076965,29044500
2021-01-22T05:00:00.000Z,37.9100485842,38.4180973387,37.6116721114,38.2487487793,23264800
2021-01-25T05:00:00.000Z,37.8213386536,37.9423005735,37.2245827223,37.8213386536,26395800
2021-01-26T05:00:00.000Z,38.1116453191,38.5955021798,36.9745861572,36.9907150269,23976800
2021-01-27T05:00:00.000Z,36.2891216775,37.6277869319,35.9101009778,36.5713691711,32410300
2021-01-28T05:00:00.000Z,37.0471591387,37.571336559,36.8455529119,37.1439323425,24967200
2021-01-29T05:00:00.000Z,36.7326523212,37.1278018622,35.8939697157,36.1600914001,38961100
2021-02-01T05:00:00.000Z,36.756852826,36.756852826,35.716563842,36.224609375,24412400
2021-02-02T05:00:00.000Z,36.942333118,37.8939149352,36.5149257442,36.7971763611,31940400
2021-02-03T05:00:00.000Z,36.7971636017,38.4422678163,36.6278120598,38.2406616211,28459300
2021-02-04T05:00:00.000Z,38.6116335517,39.0148460903,38.1035848918,38.9745254517,25280300
2021-02-05T05:00:00.000Z,39.6599781873,40.4180165118,39.5470791896,40.2809257507,34980100
2021-02-08T05:00:00.000Z,41.0631545448,42.2244083728,40.8938060536,42.0147361755,36998700
2021-02-09T05:00:00.000Z,41.5554693459,41.7933048421,40.8173633927,41.5226669312,28977000
2021-02-10T05:00:00.000Z,41.5226616804,42.1705538718,41.325831574,41.9245185852,25723800
2021-02-11T05:00:00.000Z,41.735904076,41.7687096251,40.0054504676,40.8747787476,26972200
2021-02-12T05:00:00.000Z,40.5385224379,41.5882747931,40.5221196663,41.4324531555,19756700
2021-02-16T05:00:00.000Z,42.6134279098,43.0808959878,42.3345870275,42.6790390015,28060100
2021-02-17T05:00:00.000Z,42.93327426,43.6877861728,42.4822089538,43.343334198,25509700
2021-02-18T05:00:00.000Z,43.3105351208,43.4171484604,42.5314205528,42.6626396179,20627600
2021-02-19T05:00:00.000Z,42.7364353377,43.1054898049,42.5806106025,42.9496650696,22607200
2021-02-22T05:00:00.000Z,43.1301009118,44.9507678903,43.1301009118,44.5325050354,36435100
2021-02-23T05:00:00.000Z,45.0901901259,45.3198226886,44.073243238,45.1475982666,33527900
2021-02-24T05:00:00.000Z,45.2624108025,46.7468287722,44.9999727158,46.500793457,28728600
2021-02-25T05:00:00.000Z,46.7304323991,46.9518651517,45.3936360612,45.7298851013,29670900
2021-02-26T05:00:00.000Z,44.6227179572,45.1557970758,43.56476267,44.5899124146,35291000
2021-03-01T05:00:00.000Z,46.3121727008,47.2471089053,46.0333318039,46.2547645569,36998300
2021-03-02T05:00:00.000Z,46.4597827183,46.7140178256,45.9431064262,45.9841117859,30302600
2021-03-03T05:00:00.000Z,46.2711660596,47.5341515329,45.8283036644,46.3531799316,35358900
2021-03-04T05:00:00.000Z,46.8452515314,48.7725353266,46.8288487567,48.1492424011,52137500
2021-03-05T05:00:00.000Z,49.0677789588,50.0683231877,48.4772915834,49.969909668,51429800
2021-03-08T05:00:00.000Z,50.5029798923,50.5275824857,49.0595672607,49.9206924438,38154600
2021-03-09T05:00:00.000Z,49.7074619924,50.3471544406,48.7725259131,49.1497802734,35645900
2021-03-10T05:00:00.000Z,49.6336559874,50.7818219532,49.2317958658,50.6588058472,31579100
2021-03-11T05:00:00.000Z,50.6670055803,51.2984982682,50.240542864,50.2815513611,24802600
2021-03-12T05:00:00.000Z,50.4783706445,51.150868598,50.4373652822,50.8228225708,20422700
2021-03-15T04:00:00.000Z,50.4291761948,50.7326196948,49.1005796472,49.5270423889,31243600
2021-03-16T04:00:00.000Z,48.8299314112,48.9283449068,47.9277977954,48.4772796631,30624800
2021-03-17T04:00:00.000Z,48.1328318741,48.9857572513,48.0754237361,48.6905136108,25575500
2021-03-18T04:00:00.000Z,48.2312507911,48.3624698455,46.3531755337,46.5910110474,38622800
2021-03-19T04:00:00.000Z,46.5089955577,47.1322883905,45.7708895759,46.3285713196,84439400
2021-03-22T04:00:00.000Z,46.3367800134,46.6320237141,45.8447092647,45.8529090881,29315100
2021-03-23T04:00:00.000Z,45.0573935295,46.1645574522,44.6555364649,45.2870292664,33493300
2021-03-24T04:00:00.000Z,45.9923137749,46.9764549014,45.9923137749,46.2055435181,29781800
2021-03-25T04:00:00.000Z,45.2788084416,46.3367636185,44.6965241983,46.0743255615,31495900
2021-03-26T04:00:00.000Z,46.992864013,47.3865211424,46.3531715688,47.3291130066,34226500
2021-03-29T04:00:00.000Z,47.0256779988,47.4193351989,46.5336072808,47.074886322,21144400
2021-03-30T04:00:00.000Z,46.6320176814,47.0420776285,46.3285741966,46.4925956726,20303400
2021-03-31T04:00:00.000Z,46.2137520471,46.4433877312,45.7626867577,45.7872924805,23686500
2021-04-01T04:00:00.000Z,46.1891378847,47.1158739541,46.0415160992,47.0666656494,23194500
2021-04-05T04:00:00.000Z,46.9928681927,47.0092709656,46.0415292633,46.3367729187,23264800
2021-04-06T04:00:00.000Z,46.6156033636,47.189687773,46.1399324411,46.2055435181,18926300
2021-04-07T04:00:00.000Z,46.2465626979,46.5582091496,46.1235465845,46.4105873108,22385000
2021-04-08T04:00:00.000Z,45.8692962765,45.9923154861,45.3690227458,45.9267044067,21999300
2021-04-09T04:00:00.000Z,45.926707695,46.287559272,45.5412503971,45.8200912476,20020700
2021-04-12T04:00:00.000Z,46.5500007762,46.5746064988,45.3608295101,45.5166511536,20238800
2021-04-13T04:00:00.000Z,45.3526280849,45.9103098455,45.1804036634,45.6888771057,19370600
2021-04-14T04:00:00.000Z,46.2629607734,47.5751512866,46.1317417221,47.0092697144,28051100
2021-04-15T04:00:00.000Z,47.0912822256,47.0912822256,46.5664060006,46.730430603,23250300
2021-04-16T04:00:00.000Z,47.0420792615,47.3045173864,46.2875673058,46.4679946899,22752000
2021-04-19T04:00:00.000Z,46.5417986271,46.8616448484,45.8939032346,46.3203659058,21123300
2021-04-20T04:00:00.000Z,46.312174623,46.312174623,44.9261699039,45.3444328308,21782100
2021-04-21T04:00:00.000Z,44.6965248244,46.0333208465,44.5325002544,45.9267044067,16625600
2021-04-22T04:00:00.000Z,45.9185131284,45.9185131284,45.1229958493,45.3280258179,21600100
2021-04-23T04:00:00.000Z,45.3280232103,45.8775019927,45.2542123008,45.5740585327,15337900
2021-04-26T04:00:00.000Z,45.4920402946,46.1645381914,45.4674345764,45.664264679,16083800
2021-04-27T04:00:00.000Z,45.9349131377,46.4433897162,45.7708916643,46.2629623413,19278600
2021-04-28T04:00:00.000Z,46.6730173345,47.944202389,46.5746038352,47.6571617126,24729800
2021-04-29T04:00:00.000Z,48.3214535225,48.7807217026,47.6899640765,48.3378562927,27318400
2021-04-30T04:00:00.000Z,47.8375875941,48.2968526622,46.8780458382,46.9436569214,30518400
2021-05-03T04:00:00.000Z,47.5505477594,48.3788705464,47.3537207505,48.2394485474,20509600
2021-05-04T04:00:00.000Z,48.3870708119,48.797130734,47.9852107117,48.5428924561,23522200
2021-05-05T04:00:00.000Z,49.0185602462,50.0683125768,48.7151167998,50.0027046204,31526200
2021-05-06T04:00:00.000Z,49.9124967015,50.5521892107,49.2317956953,50.4783782959,26836800
2021-05-07T04:00:00.000Z,50.0847136786,51.2328825982,49.9042863296,51.2000770569,33610600
2021-05-10T04:00:00.000Z,51.8643761576,52.504065455,51.2820887373,51.323097229,31956600
2021-05-11T04:00:00.000Z,50.543992221,51.167281992,49.52704213,49.6910667419,34563800
2021-05-12T04:00:00.000Z,49.9323569898,51.3219110233,49.7160208896,49.957321167,34426500
2021-05-13T04:00:00.000Z,49.091971323,50.2984695581,48.8839544954,49.3415908813,24268200
2021-05-14T04:00:00.000Z,49.8657986816,50.6562633329,49.8657986816,50.5647354126,20735400
2021-05-17T04:00:00.000Z,50.3733636668,51.7961982299,50.2818357404,51.7462730408,25282500
2021-05-18T04:00:00.000Z,51.5881713959,51.8377909452,50.2568650166,50.2818260193,25170800
2021-05-19T04:00:00.000Z,49.1751721914,49.8075450659,48.6093662191,49.0753250122,28889800
2021-05-20T04:00:00.000Z,49.0503596825,49.2167737492,48.4595927611,48.9588317871,20692500
2021-05-21T04:00:00.000Z,49.4414357045,49.7825863326,48.9671576141,49.0254020691,20792700
2021-05-24T04:00:00.000Z,49.1585422012,49.7576285549,48.8340332577,49.5995368958,18400300
2021-05-25T04:00:00.000Z,49.5080069686,49.5412904241,48.3597531451,48.4762420654,25616100
2021-05-26T04:00:00.000Z,48.4679202981,49.1918179614,48.1766980123,49.0420455933,21698700
2021-05-27T04:00:00.000Z,49.2833480028,49.674420667,48.2765472865,48.7258644104,33556000
2021-05-28T04:00:00.000Z,48.8673281899,48.9255726661,48.3514471833,48.5677833557,19246800
2021-06-01T04:00:00.000Z,49.4663990507,50.5064831217,49.4663990507,50.3067855835,28474200
2021-06-02T04:00:00.000Z,50.5480889268,51.0140477616,50.0654883649,50.7061805725,22978300
2021-06-03T04:00:00.000Z,50.3816842137,51.0972627392,50.2152700864,50.9058876038,20272800
2021-06-04T04:00:00.000Z,51.1388582173,51.3385557765,50.5730521692,51.1305389404,20427800
2021-06-07T04:00:00.000Z,51.0306799355,51.3635048917,50.7727379758,50.7976989746,15477900
2021-06-08T04:00:00.000Z,51.1721467302,51.9875724273,50.4815292427,51.6963500977,28953400
2021-06-09T04:00:00.000Z,52.1456554288,52.769705895,51.7462635113,52.1290168762,29133000
2021-06-10T04:00:00.000Z,52.9278014385,53.2356654507,51.7961894032,52.212223053,27488700
2021-06-11T04:00:00.000Z,52.4285585377,52.5783309038,51.7046608842,51.7296218872,17631700
2021-06-14T04:00:00.000Z,51.8377946324,52.2371865746,51.2303858553,51.6464195251,16997200
2021-06-15T04:00:00.000Z,51.9875708341,53.5851418946,51.8794011832,53.5268974304,30717100
2021-06-16T04:00:00.000Z,53.5185660674,53.9179611465,52.8861963445,53.3355102539,24803200
2021-06-17T04:00:00.000Z,53.1358258716,53.6350650533,50.98077113,51.5798606873,28491800
2021-06-18T04:00:00.000Z,50.7561171259,51.2137536127,50.1237472271,50.2568778992,39590700
2021-06-21T04:00:00.000Z,50.6978623023,52.1706218466,50.6729012983,52.0790939331,33145400
2021-06-22T04:00:00.000Z,52.2954341213,53.2606353396,51.779553229,53.0775794983,25140400
2021-06-23T04:00:00.000Z,53.293909828,53.8347484612,52.9028372053,53.4686431885,20701600
2021-06-24T04:00:00.000Z,53.377121445,53.7182657554,53.0942184208,53.6849822998,19568400
2021-06-25T04:00:00.000Z,53.7598734317,54.0261347369,53.5518565886,53.8014793396,18438300
2021-06-28T04:00:00.000Z,53.7182698265,53.7182698265,52.2122298495,52.428565979,20570000
2021-06-29T04:00:00.000Z,52.5949733318,53.0609321631,52.079092494,52.1040534973,19579300
2021-06-30T04:00:00.000Z,52.170626094,52.6116207959,51.962609246,52.4868125916,17875500
2021-07-01T04:00:00.000Z,53.5269003229,53.601783346,52.2288739646,52.6365852356,22530300
2021-07-02T04:00:00.000Z,52.4285682495,52.6865102998,51.9376483306,52.5616989136,14555300
2021-07-06T04:00:00.000Z,52.212226307,52.2205455839,50.6729029763,51.0639724731,22110800
2021-07-07T04:00:00.000Z,50.9058823858,51.4300857221,49.6078561348,50.2651901245,21671400
2021-07-08T04:00:00.000Z,49.4664058154,50.5148093057,49.3499168914,50.0405311584,18935900
2021-07-09T04:00:00.000Z,50.5064846047,51.1305350656,50.1237344171,50.947479248,20086000
2021-07-12T04:00:00.000Z,50.2735058166,51.1721400434,50.0571697106,50.8975563049,21809400
2021-07-13T04:00:00.000Z,50.7561048157,51.1804577381,50.348390446,50.6562576294,17147300
2021-07-14T04:00:00.000Z,50.8975565126,51.3635153552,49.3915166927,49.5329666138,21573600
2021-07-15T04:00:00.000Z,49.2334257441,49.6744236174,48.9006006939,49.0503730774,15851100
2021-07-16T04:00:00.000Z,49.2417451785,49.3083089148,47.5526495028,47.6940994263,27049500
2021-07-19T04:00:00.000Z,46.2962319606,46.7621908707,45.4308810592,46.0549316406,37969100
2021-07-20T04:00:00.000Z,46.17973455,47.0950072984,45.7886619083,46.5624847412,26756100
2021-07-21T04:00:00.000Z,47.311352433,48.5095283353,47.286391427,48.0602111816,20908700
2021-07-22T04:00:00.000Z,48.0352365218,48.0435589708,47.144924919,47.5193557739,13493800
2021-07-23T04:00:00.000Z,47.6691412665,47.6691412665,46.9868462645,47.4611244202,14088200
2021-07-26T04:00:00.000Z,47.5609618447,48.8007433907,47.4278312174,48.6592903137,18387600
2021-07-27T04:00:00.000Z,48.2682231749,48.2682231749,47.6025699628,48.1184539795,16861400
2021-07-28T04:00:00.000Z,48.2599068118,48.7841101366,47.9437203267,48.4429626465,16855300
2021-07-29T04:00:00.000Z,49.091970195,49.3665539247,48.7258617294,49.0337257385,18607800
2021-07-30T04:00:00.000Z,48.9921241889,48.9921241889,47.6940980403,47.9021148682,28652800
2021-08-02T04:00:00.000Z,47.8854705465,49.1418938963,47.760662361,47.9104347229,20873800
2021-08-03T04:00:00.000Z,47.9021195904,48.6010563279,47.3695969664,48.426322937,18208200
2021-08-04T04:00:00.000Z,47.5859305545,48.1600590568,47.2697472472,47.294708252,20868300
2021-08-05T04:00:00.000Z,47.5360090789,48.0102872193,47.2863895061,47.59425354,15180200
2021-08-06T04:00:00.000Z,47.9769994521,48.3181469115,47.8688298165,48.1434135437,14888500
2021-08-09T04:00:00.000Z,47.5360090789,47.8605148408,47.2863895061,47.59425354,17828200
2021-08-10T04:00:00.000Z,47.7773064397,48.559451792,47.677459245,48.4096794128,16340200
2021-08-11T04:00:00.000Z,48.4180015432,48.6759435835,48.0269320181,48.5511322021,18278600
2021-08-12T04:00:00.000Z,48.4835541496,48.812971502,48.0358815228,48.441318512,19225500
2021-08-13T04:00:00.000Z,48.1710303389,48.2048175624,47.5544280094,47.9514198303,20063000
2021-08-16T04:00:00.000Z,47.317917761,47.3770437834,46.6844219018,47.2503433228,16959500
2021-08-17T04:00:00.000Z,46.878701487,47.554429873,46.4563708429,46.9293823242,16243700
2021-08-18T04:00:00.000Z,46.8111240016,47.1405445892,45.8735527392,45.9411239624,21890500
2021-08-19T04:00:00.000Z,45.1640369331,45.3667538236,44.0068487297,44.5389862061,30923500
2021-08-20T04:00:00.000Z,44.1504401611,44.8852944837,44.0152945015,44.5474319458,16918300
2021-08-23T04:00:00.000Z,45.5694779427,46.5070525046,45.5694779427,46.3803520203,21632600
2021-08-24T04:00:00.000Z,46.7013224246,47.174330674,46.4648150778,46.7604484558,17915600
2021-08-25T04:00:00.000Z,46.659093993,47.1067634736,46.3465669762,46.8449172974,13270300
2021-08-26T04:00:00.000Z,46.6253035994,46.9124885654,46.1438469245,46.2114181519,11842600
2021-08-27T04:00:00.000Z,46.7942419374,47.4784155959,46.7942419374,47.1067657471,15822500
2021-08-30T04:00:00.000Z,47.5037541767,47.58821902,46.5577311759,46.5915184021,14086100
2021-08-31T04:00:00.000Z,46.3972448373,46.7182170291,46.0002530006,46.0509338379,27104100
2021-09-01T04:00:00.000Z,46.0255995402,46.253655275,45.2738482131,45.4174423218,21644100
2021-09-02T04:00:00.000Z,45.8566729501,46.9969646699,45.8397793337,46.5239562988,23293300
2021-09-03T04:00:00.000Z,46.5577267423,46.7266596351,46.11850251,46.3465614319,13840000
2021-09-07T04:00:00.000Z,46.1776295061,46.684428195,46.0086998319,46.0762710571,14354400
2021-09-08T04:00:00.000Z,46.2789967478,46.6084141631,45.6201586951,45.6539459229,18756700
2021-09-09T04:00:00.000Z,45.2907332666,46.4563666409,45.0204419366,45.6877250671,19110800
2021-09-10T04:00:00.000Z,46.6168575492,46.6506447756,45.5694793065,45.5948181152,15123700
2021-09-13T04:00:00.000Z,46.1607402647,47.2419056726,46.1353982352,46.7688941956,22052300
2021-09-14T04:00:00.000Z,47.0391794699,47.1067539103,45.9580142017,46.1016082764,19940300
2021-09-15T04:00:00.000Z,46.7688947118,47.748701679,46.7182170966,47.6557884216,23240900
2021-09-16T04:00:00.000Z,47.6895733146,47.6895733146,46.8786992894,47.1489906311,17907200
2021-09-17T04:00:00.000Z,46.7435576979,47.9345300332,46.5408375628,46.5915184021,30000400
2021-09-20T04:00:00.000Z,45.4258846071,45.7553020053,44.7332625848,45.3498649597,27555100
2021-09-21T04:00:00.000Z,45.9242348199,46.0424868886,44.9782150488,45.3076324463,19696800
2021-09-22T04:00:00.000Z,45.9749123532,47.2250106236,45.924231518,46.6337471008,25690600
2021-09-23T04:00:00.000Z,46.8111348442,48.3484216092,46.6928827597,48.2132759094,23069400
2021-09-24T04:00:00.000Z,47.8922987051,48.8383185053,47.8754050916,48.6440467834,22328600
2021-09-27T04:00:00.000Z,49.7083112325,50.5107400315,49.6829724271,50.0884094238,32972200
2021-09-28T04:00:00.000Z,50.5952083049,51.0851101364,50.265787723,50.6120986938,37619300
2021-09-29T04:00:00.000Z,50.5445323242,50.8401624904,49.8772491239,50.5783195496,23422800
2021-09-30T04:00:00.000Z,50.7810386774,50.8232710998,49.6745343881,49.6829795837,31289600
2021-10-01T04:00:00.000Z,50.1813319198,51.5158984326,50.1813319198,51.4652175903,24407300
2021-10-04T04:00:00.000Z,51.7946300751,52.4281260429,51.4821062998,52.1324958801,33946700
2021-10-05T04:00:00.000Z,52.8082234775,52.9602627653,51.5412315607,52.0480270386,29641600
2021-10-06T04:00:00.000Z,51.0766656539,51.6256935206,50.4685085367,51.0935592651,25284900
2021-10-07T04:00:00.000Z,51.1949196809,51.5919115057,50.7979278561,51.2371520996,19513600
2021-10-08T04:00:00.000Z,51.7355065738,52.7237587854,51.7355065738,52.5210418701,22186900
2021-10-11T04:00:00.000Z,53.2390025633,53.2643445943,51.9466717604,51.9973526001,22121500
2021-10-12T04:00:00.000Z,52.0057949586,52.3521059559,51.3976378035,51.7270584106,20198600
2021-10-13T04:00:00.000Z,51.3385130247,51.8537569357,50.8570563392,51.5834655762,14991700
2021-10-14T04:00:00.000Z,52.1240393424,52.5548183378,51.6679215433,52.3689918518,18594500
2021-10-15T04:00:00.000Z,52.9855997766,53.2727847303,52.7406472411,52.8673477173,16092600
2021-10-18T04:00:00.000Z,53.2896799425,53.3319123618,52.5970579551,52.842010498,18282800
2021-10-19T04:00:00.000Z,53.1038526455,53.7289033972,52.9349197487,53.6359901428,18933200
2021-10-20T04:00:00.000Z,53.120743737,53.9485113479,52.9771528759,53.9316177368,14305200
2021-10-21T04:00:00.000Z,53.6106584363,53.7542493232,52.6646353775,52.9518203735,16564600
2021-10-22T04:00:00.000Z,53.0193799617,53.3994781178,52.6646206086,53.3150100708,14266800
2021-10-25T04:00:00.000Z,53.8218200068,54.4130803494,53.7035679383,54.3539543152,17939800
2021-10-26T04:00:00.000Z,54.47220025,55.696962885,54.3623966114,55.6124916077,25585100
2021-10-27T04:00:00.000Z,55.0381316775,55.1141480989,54.0414278948,54.1681251526,21764500
2021-10-28T04:00:00.000Z,53.9062852982,54.4553164462,53.7458008071,54.3201675415,16626400
2021-10-29T04:00:00.000Z,54.9452158842,55.2070588047,54.3370587642,54.4553108215,23966300
2021-11-01T04:00:00.000Z,54.962111356,55.8152210861,54.9198757127,55.4351196289,19656400
2021-11-02T04:00:00.000Z,54.9283164932,55.2830726486,54.6157959753,54.7509384155,16300000
2021-11-03T04:00:00.000Z,54.0921083539,54.4384161226,53.77113617,53.9991950989,17372800
2021-11-04T04:00:00.000Z,54.6326920942,54.8100701905,53.9147312918,54.4046363831,17720100
2021-11-05T04:00:00.000Z,54.9452175349,55.1817216566,54.5313288777,54.9198722839,18565100
2021-11-08T05:00:00.000Z,55.3675480488,56.0686119954,55.2239507372,55.511138916,17696000
2021-11-09T05:00:00.000Z,55.5533699702,56.0601718975,55.1648265518,56.0517234802,18781300
2021-11-10T05:00:00.000Z,55.9147599887,56.1972458011,54.5879407032,54.947467804,20177200
2021-11-11T05:00:00.000Z,54.9474687915,55.4953165116,54.8019416386,55.0501861572,13319300
2021-11-12T05:00:00.000Z,54.7505747526,55.1015431152,54.4252922585,54.63073349,18158900
2021-11-15T05:00:00.000Z,54.5793869719,55.4439586577,54.1171424376,55.1015586853,18849200
2021-11-16T05:00:00.000Z,55.0758661439,55.9575649055,55.0758661439,55.6579551697,17028700
2021-11-17T05:00:00.000Z,55.1101067975,55.8462783959,54.9389068341,55.0501861572,15497000
2021-11-18T05:00:00.000Z,54.9217946956,55.2385153113,54.0229784745,54.4509849548,16948200
2021-11-19T05:00:00.000Z,52.978640111,53.0984813997,51.711741357,51.9343032837,32035500
2021-11-22T05:00:00.000Z,51.634700419,53.5350501958,51.634700419,52.6533546448,21994400
2021-11-23T05:00:00.000Z,53.2354382944,54.2540956821,53.0043144316,54.0400924683,21185900
2021-11-24T05:00:00.000Z,53.5692928972,54.6564264888,53.5692928972,54.3397026062,15869700
2021-11-26T05:00:00.000Z,51.8058971552,52.5763067473,50.967004969,52.4307861328,24979600
2021-11-29T05:00:00.000Z,53.5607244879,54.0486515578,52.46502907,52.7218322754,18946400
2021-11-30T05:00:00.000Z,51.7545468958,52.3794360144,51.0697371264,51.2238197327,34979800
2021-12-01T05:00:00.000Z,52.1311821397,53.0984742769,51.1467660887,51.1810073853,30630600
2021-12-02T05:00:00.000Z,51.1382093607,52.7132731435,50.6245996888,52.4564666748,29216000
2021-12-03T05:00:00.000Z,53.0043195393,53.2696847255,51.6603794882,52.1226272583,22014700
2021-12-06T05:00:00.000Z,52.8331133695,53.2097578424,52.5763069059,52.7132720947,19210500
2021-12-07T05:00:00.000Z,53.3638375653,53.9544852161,53.1583930585,53.3039169312,19800400
2021-12-08T05:00:00.000Z,53.5949697499,54.0914555483,53.3638458683,53.4580078125,18214400
2021-12-09T05:00:00.000Z,53.1156022811,53.7319326429,52.9101610041,53.5949707031,16910300
2021-12-10T05:00:00.000Z,54.159931648,54.2284109757,53.2696775293,53.9373664856,17942400
2021-12-13T05:00:00.000Z,53.4751316579,53.6891349019,52.5163947737,52.7560806274,17793700
2021-12-14T05:00:00.000Z,52.4393493518,53.4751274531,52.4051113172,52.6790351868,22551100
2021-12-15T05:00:00.000Z,52.3794315198,52.6447967113,51.369335972,52.4479141235,19961900
2021-12-16T05:00:00.000Z,52.5934289397,53.4580037569,52.4735876618,52.5335083008,21187800
2021-12-17T05:00:00.000Z,52.1739852624,52.4564678124,51.0954072138,51.3864517212,44338100
2021-12-20T05:00:00.000Z,50.3249997704,50.7187649253,49.6145074876,50.6417236328,21819300
2021-12-21T05:00:00.000Z,51.1467705403,51.9428627949,51.1210911984,51.7887802124,19798900
2021-12-22T05:00:00.000Z,51.6518269127,52.5335192981,51.3351030026,52.2082366943,14058300
2021-12-23T05:00:00.000Z,52.3623134118,52.9358438173,52.2167927699,52.2339134216,13543300
2021-12-27T05:00:00.000Z,52.1568698531,53.0300034631,51.7203014153,52.97864151,12593700
2021-12-28T05:00:00.000Z,52.995757963,53.3381644257,52.5591928253,52.807434082,12781000
2021-12-29T05:00:00.000Z,52.6276745243,52.7303951616,52.1483061082,52.3451919556,12733600
2021-12-30T05:00:00.000Z,52.4051151049,52.7303976827,52.0199086151,52.0370292664,11940300
2021-12-31T05:00:00.000Z,51.9942256658,52.6191146992,51.9599843657,52.3794288635,14072000
2022-01-03T05:00:00.000Z,52.422234556,54.4424223774,52.396551947,54.3910636902,24282400
2022-01-04T05:00:00.000Z,54.896102044,56.6594929664,54.8704227032,56.4369277954,38584000
2022-01-05T05:00:00.000Z,56.9248479779,57.8750226546,56.9077305964,57.1388511658,34033300
2022-01-06T05:00:00.000Z,58.2088794673,58.6197685489,57.412787178,58.4828033447,30668500
2022-01-07T05:00:00.000Z,58.6540082575,59.2189799759,58.1917669817,58.9621734619,23985400
2022-01-10T05:00:00.000Z,59.03921636,59.2104163439,58.1660794619,58.6112098694,22760300
2022-01-11T05:00:00.000Z,58.9707206991,61.119314635,58.7053588236,61.0765113831,32936100
2022-01-12T05:00:00.000Z,60.8967552185,61.4702822756,60.4687487823,60.8967552185,23045100
2022-01-13T05:00:00.000Z,60.8796293263,61.2733944089,60.1862545556,60.4601783752,21043200
2022-01-14T05:00:00.000Z,60.477322892,61.7613424586,60.4345196274,61.5216598511,23012900
2022-01-18T05:00:00.000Z,62.3348612623,63.2422328777,61.6414928793,62.5574264526,32841200
2022-01-19T05:00:00.000Z,63.1309624537,63.2251244117,62.1037494058,62.583114624,26431600
2022-01-20T05:00:00.000Z,62.0609238732,63.6616700538,61.8554826435,62.7200508118,26774600
2022-01-21T05:00:00.000Z,62.6430287461,62.6430287461,60.8111615321,61.7784538269,35995200
2022-01-24T05:00:00.000Z,60.6741934018,62.5574257438,59.7582598389,62.3091812134,41507000
2022-01-25T05:00:00.000Z,62.1379637135,64.4063988556,61.1107510039,64.1410369873,39278400
2022-01-26T05:00:00.000Z,64.5690605337,65.05698768,62.908393232,63.4904823303,35252400
2022-01-27T05:00:00.000Z,64.5947216214,65.0655312484,63.3363818283,64.3036804199,29174700
2022-01-28T05:00:00.000Z,64.1752890272,64.7316987259,63.3021522001,64.4406509399,30595700
2022-01-31T05:00:00.000Z,64.1752771691,65.4164930492,63.5760643231,65.0227279663,36085500
2022-02-01T05:00:00.000Z,65.4421802033,69.773609694,65.2880976281,69.1915206909,61033100
2022-02-02T05:00:00.000Z,68.5323776935,69.1743872468,67.7534094982,69.0117492676,30299300
2022-02-03T05:00:00.000Z,68.5580771025,68.7464010049,67.6421434662,68.2071151733,28529400
2022-02-04T05:00:00.000Z,69.2257785916,70.6467568768,69.2257785916,69.6880264282,32197500
2022-02-07T05:00:00.000Z,69.4568851363,71.1175522271,69.0288786927,70.5269012451,34949200
2022-02-08T05:00:00.000Z,70.4241792703,70.6210651133,68.4125502369,68.7035980225,34356300
2022-02-09T05:00:00.000Z,68.8767108956,69.2661844944,68.1237211208,68.3747177124,40106100
2022-02-10T05:00:00.000Z,68.132378435,68.9632602936,67.3274606028,67.7169342041,28527700
2022-02-11T05:00:00.000Z,68.0458279911,69.5171800121,67.7082824498,69.4219741821,42002100
2022-02-14T05:00:00.000Z,68.8766915444,69.1017174433,66.6869712438,68.3573913574,34652800
2022-02-15T05:00:00.000Z,66.5571470818,67.6736461581,66.1417029545,67.500541687,25075100
2022-02-16T05:00:00.000Z,68.1929417376,69.0065161883,67.5438148724,67.8121185303,21733800
2022-02-17T05:00:00.000Z,67.9246505026,68.4785716673,67.4659285539,67.7082748413,23738800
2022-02-18T05:00:00.000Z,66.7821862336,67.6563391373,66.5484968252,66.9552841187,23394800
2022-02-22T05:00:00.000Z,68.9545773282,69.0584399975,65.1809861879,66.1763153076,35947800
2022-02-23T05:00:00.000Z,66.1763145865,67.0504738842,65.8906972017,66.4446182251,25385000
2022-02-24T05:00:00.000Z,68.3746924338,68.4006564503,64.073144271,65.6050872803,46199900
2022-02-25T05:00:00.000Z,66.375397192,67.5005466217,66.003230806,67.3707199097,28310300
2022-02-28T05:00:00.000Z,66.2196195639,68.3141347073,65.9513092118,67.8727264404,32204600
2022-03-01T05:00:00.000Z,68.1756329864,69.8027820071,67.7948163544,68.5218353271,40002300
2022-03-02T05:00:00.000Z,69.7594984836,71.1010299673,69.0844076065,69.6989135742,44321400
2022-03-03T05:00:00.000Z,69.119026662,70.7721329193,68.9199581917,70.1403198242,30196600
2022-03-04T05:00:00.000Z,70.148998381,72.9445684801,69.8114528471,72.7801208496,42802200
2022-03-07T05:00:00.000Z,73.4984856706,75.4978013427,72.6156758464,75.40259552,55207900
2022-03-08T05:00:00.000Z,77.0730001599,79.2021355146,73.939878737,75.9738082886,72082300
2022-03-09T05:00:00.000Z,72.7281897449,74.9265673626,70.625017951,71.6549682617,65466700
2022-03-10T05:00:00.000Z,72.710875781,74.1562635483,71.7501673601,73.8793029785,44644200
2022-03-11T05:00:00.000Z,72.7627982827,74.6322869389,72.6762493493,73.4984741211,35303400
2022-03-14T04:00:00.000Z,71.8886410092,72.2261864816,69.6729565535,70.8673477173,37462600
2022-03-15T04:00:00.000Z,68.2189091731,68.5218337381,66.0984306152,66.8341064453,47957900
2022-03-16T04:00:00.000Z,67.3447545273,68.0458161166,65.9945725977,66.583114624,37812300
2022-03-17T04:00:00.000Z,67.664986706,68.5045251998,66.7042783886,68.3573913574,34041900
2022-03-18T04:00:00.000Z,68.4266339281,68.7122513729,67.5957522186,68.0890884399,41461500
2022-03-21T04:00:00.000Z,69.3440770717,71.4212782203,69.0151818274,71.144317627,33089300
2022-03-22T04:00:00.000Z,70.6509783916,71.1443146341,69.9239593408,70.8327331543,23132200
2022-03-23T04:00:00.000Z,72.130981127,72.9358987825,71.8799911922,71.9492263794,27716300
2022-03-24T04:00:00.000Z,72.2348530665,73.2648033713,71.6203469545,72.1656112671,19871600
2022-03-25T04:00:00.000Z,71.7674694625,73.9918107395,71.6549565088,73.740814209,22398300
2022-03-28T04:00:00.000Z,71.9838685333,72.1050384008,70.9885389616,71.6722869873,21552400
2022-03-29T04:00:00.000Z,69.9412395192,71.3952836634,69.0324660562,71.2914276123,27036300
2022-03-30T04:00:00.000Z,71.8886549077,72.7108864662,71.5857302717,72.5118179321,22079000
2022-03-31T04:00:00.000Z,71.7241959218,73.0484137155,71.4472353806,71.4818496704,27861500
2022-04-01T04:00:00.000Z,70.9625525342,72.8233843454,70.9625525342,71.940574646,18671100
2022-04-04T04:00:00.000Z,72.3213772513,72.4079327725,71.014473403,71.9751815796,20869400
2022-04-05T04:00:00.000Z,72.2694844889,73.6283236337,71.4559097361,71.6030502319,21753100
2022-04-06T04:00:00.000Z,72.2002311022,73.3080734626,71.7847935187,72.3992996216,24768200
2022-04-07T04:00:00.000Z,72.5550782941,73.9485378883,71.5857130884,73.6109924316,26122000
2022-04-08T04:00:00.000Z,73.7148599457,75.480486164,73.7148599457,75.1602478027,24866500
2022-04-11T04:00:00.000Z,74.2428156905,74.3726424077,72.2694707202,72.5723953247,21800100
2022-04-12T04:00:00.000Z,74.1822114094,75.1429196211,73.8965940269,74.0870056152,22444200
2022-04-13T04:00:00.000Z,74.9611718561,75.393923105,73.7321598941,75.1342697144,19306800
2022-04-14T04:00:00.000Z,75.0131187828,76.5623694362,74.6323020781,76.0171051025,24566400
2022-04-18T04:00:00.000Z,76.5969886423,76.9345341657,75.9478616199,76.6402664185,19032300
2022-04-19T04:00:00.000Z,76.172880457,76.7354584291,75.5324038225,75.9565048218,20382600
2022-04-20T04:00:00.000Z,76.1382802898,76.5969957047,75.5583950144,76.1296234131,20689400
2022-04-21T04:00:00.000Z,76.9864474162,77.7221298494,75.1169653847,75.3246841431,29010900
2022-04-22T04:00:00.000Z,75.004453626,76.2680865477,73.5677162335,73.680229187,23591600
2022-04-25T04:00:00.000Z,71.2914567367,71.5424533014,68.6257069496,71.1962509155,37698300
2022-04-26T04:00:00.000Z,71.6030370235,73.3253854453,71.1270079255,71.2222137451,28941500
2022-04-27T04:00:00.000Z,72.1742558645,73.9831595963,71.2135475224,73.2561340332,32773000
2022-04-28T04:00:00.000Z,73.4638440102,76.2853837859,72.7627891537,75.4718093872,33683800
2022-04-29T04:00:00.000Z,76.2854134959,76.2854134959,73.3080818589,73.7841110229,34656500
2022-05-02T04:00:00.000Z,73.5763884324,75.333357906,73.2474931711,74.7880935669,36335200
2022-05-03T04:00:00.000Z,74.6582615425,76.8393253473,74.5370916979,76.3286819458,33908100
2022-05-04T04:00:00.000Z,77.4624668304,79.5223602193,76.9518235706,79.366569519,46188400
2022-05-05T04:00:00.000Z,79.6608662197,79.6695230953,76.5017801662,78.1635437012,41013400
2022-05-06T04:00:00.000Z,78.7434421505,79.4704612822,77.332668459,79.3579483032,29619300
2022-05-09T04:00:00.000Z,77.4105633957,77.5144194933,72.7195337556,73.1003570557,45851600
2022-05-10T04:00:00.000Z,74.1216512869,75.2035296704,72.2867831712,73.5850372314,34483200
2022-05-11T04:00:00.000Z,74.8054000004,76.9778136662,74.6755732723,75.1169815063,33020600
2022-05-12T04:00:00.000Z,75.1519430924,75.5279216801,72.9223082155,75.4579772949,29491500
2022-05-13T04:00:00.000Z,76.3847979443,77.7750400248,75.5016842932,77.6963500977,25798400
2022-05-16T04:00:00.000Z,77.8012811654,80.4243856236,77.792535616,79.5237808228,26101200
2022-05-17T04:00:00.000Z,80.2057979055,80.8353374058,79.6724327699,80.5380554199,23120700
2022-05-18T04:00:00.000Z,80.8878076978,81.2462952071,78.5445005493,79.2614822388,25451200
2022-05-19T04:00:00.000Z,77.8187710731,80.7041888487,77.8187710731,79.6899185181,24387400
2022-05-20T04:00:00.000Z,80.3806635109,81.8321111568,79.0428813218,80.3194580078,28795000
2022-05-23T04:00:00.000Z,81.0189523462,82.8638629227,80.9227713203,82.0944213867,27239300
2022-05-24T04:00:00.000Z,81.1588561387,82.8813625617,80.7216720382,82.5403594971,24293300
2022-05-25T04:00:00.000Z,82.697745788,84.4027611061,82.6015647525,84.2016601562,29947800
2022-05-26T04:00:00.000Z,84.463971613,85.1896988615,84.1142229789,84.4989471436,24314800
2022-05-27T04:00:00.000Z,83.8956265226,85.626878502,83.3272925266,85.3295898438,25588800
2022-05-31T04:00:00.000Z,86.17773458,87.244464937,83.685786344,83.9393539429,44888100
2022-06-01T04:00:00.000Z,84.8311904194,86.3088746482,84.4814485149,85.5481719971,25815400
2022-06-02T04:00:00.000Z,85.0672938347,85.7755300324,84.6301096789,85.3995513916,19089100
2022-06-03T04:00:00.000Z,85.6006652278,87.1395554353,85.6006652278,86.6411590576,21038200
2022-06-06T04:00:00.000Z,86.7198273766,87.2444468961,86.2738977831,86.4225387573,20682100
2022-06-07T04:00:00.000Z,87.1744945699,90.4358904309,86.9908780743,90.383430481,37810200
2022-06-08T04:00:00.000Z,90.4883535814,92.3070408461,90.0424306496,91.4501571655,31613200
2022-06-09T04:00:00.000Z,90.4271563277,91.4326810772,89.3254572147,89.4740982056,26607000
2022-06-10T04:00:00.000Z,89.1331107424,90.3659666333,87.2532174766,87.8390426636,30950500
2022-06-13T04:00:00.000Z,85.2683904257,85.4869824924,82.1206660001,83.8081970215,33421000
2022-06-14T04:00:00.000Z,85.1722060052,86.2739050881,83.3010519981,84.0267791748,31264000
2022-06-15T04:00:00.000Z,83.9306148725,84.4377501094,81.5523319265,82.9688110352,29620800
2022-06-16T04:00:00.000Z,80.8003598752,81.4298993079,78.9379515401,79.9085006714,35696700
2022-06-17T04:00:00.000Z,79.5325293297,79.8735323883,74.8983819504,75.3005905151,64610200
2022-06-21T04:00:00.000Z,77.4515216277,80.9052726747,77.3990550098,79.9871902466,35951500
2022-06-22T04:00:00.000Z,76.5421858066,78.4832840948,76.5334402576,76.8219833374,29727200
2022-06-23T04:00:00.000Z,77.5214796766,77.8624827051,73.0272214631,74.5049057007,35757200
2022-06-24T04:00:00.000Z,76.0263117582,77.2941496414,75.0295325513,75.9825973511,26639000
2022-06-27T04:00:00.000Z,76.7782558799,78.728099555,76.6558448873,77.8449859619,25478700
2022-06-28T04:00:00.000Z,79.6724269581,81.5260831371,78.9991597576,80.0046844482,33096900
2022-06-29T04:00:00.000Z,81.2987537924,81.4911091825,76.7345509669,77.0493240356,25400900
2022-06-30T04:00:00.000Z,75.3180893275,76.5946663212,74.0327667824,74.8809051514,39948100
2022-07-01T04:00:00.000Z,75.8427062212,76.8394855724,74.0677395986,76.5509490967,26327900
2022-07-05T04:00:00.000Z,75.4929489356,75.8077220286,72.581307832,74.155166626,34591100
2022-07-06T04:00:00.000Z,73.2370901581,74.5224126174,70.8325773501,72.8173904419,33375700
2022-07-07T04:00:00.000Z,74.6535378576,75.8601699738,74.5835934871,75.1431884766,23817400
2022-07-08T04:00:00.000Z,76.02630574,76.3323399202,74.2600850641,75.2656097412,17673800
2022-07-11T04:00:00.000Z,74.4699509585,75.3006048956,73.7617147279,74.8809051514,15603800
2022-07-12T04:00:00.000Z,73.2545633547,74.3650146533,72.4501462488,73.8841094971,21013000
2022-07-13T04:00:00.000Z,72.9048196854,75.4667188334,72.8348752978,74.1813964844,19928600
2022-07-14T04:00:00.000Z,71.5670259255,72.8436025203,70.5527624229,72.6949615479,26343000
2022-07-15T04:00:00.000Z,74.1464125708,74.2163569442,72.4851119581,73.9190750122,17243700
2022-07-18T04:00:00.000Z,75.7027882884,76.8919293845,74.977061197,75.2830886841,19395800
2022-07-19T04:00:00.000Z,75.5629010609,77.3990730152,75.4142600624,77.180480957,18248900
2022-07-20T04:00:00.000Z,76.5771625993,78.3871043656,76.2886195147,78.0286102295,16584400
2022-07-21T04:00:00.000Z,76.0088331129,76.7695359007,74.5049186383,76.7258148193,21375700
2022-07-22T04:00:00.000Z,76.5509382504,77.35535539,75.74651444,76.1399841309,15479500
2022-07-25T04:00:00.000Z,77.084301734,78.8068014402,76.4372644796,78.6756515503,17536400
2022-07-26T04:00:00.000Z,79.6811658518,79.8123224064,77.8187641232,78.3696136475,15141200
2022-07-27T04:00:00.000Z,78.9379442685,80.4418583395,78.1685028076,80.0658798218,18047000
2022-07-28T04:00:00.000Z,80.599263887,81.5348376283,79.5762546566,81.0014724731,20353100
2022-07-29T04:00:00.000Z,82.5840665609,85.268376432,82.2780390519,84.7525024414,29825800
2022-08-01T04:00:00.000Z,82.8813501236,83.370994108,81.5173380697,82.6102981567,20793200
2022-08-02T04:00:00.000Z,82.7939187984,83.2398417332,82.0332161381,82.2518081665,16722500
2022-08-03T04:00:00.000Z,82.5578367857,82.5578367857,79.3838828926,79.5849838257,23580800
2022-08-04T04:00:00.000Z,78.9641925088,78.9904224882,75.5716461868,76.2361679077,31821500
2022-08-05T04:00:00.000Z,75.5104487764,78.4220968879,75.4404977096,77.3378753662,17408000
2022-08-08T04:00:00.000Z,77.4777653217,78.3433879561,77.1367622636,77.7750473022,14458500
2022-08-09T04:00:00.000Z,78.7368619179,80.1008742244,78.6494197581,79.2090148926,19083400
2022-08-10T04:00:00.000Z,79.2877074489,80.25825667,77.9849007184,79.9609680176,18302000
2022-08-11T04:00:00.000Z,81.0822068695,83.2540577104,80.7290667437,82.2740783691,18797900
2022-08-12T04:00:00.000Z,81.6472317598,83.0068358275,81.3205697907,82.9891815186,15058200
2022-08-15T04:00:00.000Z,79.9256545184,81.8679588174,79.1575673638,81.5059814453,20755200
2022-08-16T04:00:00.000Z,81.2499591153,82.0092225659,80.5966417517,80.7467269897,14038200
2022-08-17T04:00:00.000Z,80.5789836218,82.2917417099,80.2699826099,81.4000473022,13678000
2022-08-18T04:00:00.000Z,82.2387428365,84.1457246439,82.1857664421,83.3246612549,17770400
2022-08-19T04:00:00.000Z,83.1304527981,84.0486251582,82.8126213136,83.0598220825,16128600
2022-08-22T04:00:00.000Z,82.4771232842,83.4217871514,81.0998581002,82.9980163574,16019900
2022-08-23T04:00:00.000Z,84.3576317073,86.8826225024,84.2693399462,86.5206451416,23764700
2022-08-24T04:00:00.000Z,86.5294675776,87.377015867,85.9556048623,87.032699585,17050300
2022-08-25T04:00:00.000Z,87.3328859612,88.1627800932,86.6089379106,87.4829711914,15305700
2022-08-26T04:00:00.000Z,87.2004558321,88.2069267756,86.0085910318,86.4058837891,15531400
2022-08-29T04:00:00.000Z,86.6795609407,89.6636379115,86.6442455833,88.3923187256,23059200
2022-08-30T04:00:00.000Z,86.8384759179,87.0680223708,84.5960012639,85.0286026001,17086800
2022-08-31T04:00:00.000Z,83.0156640037,85.4965085874,82.6272018607,84.3929290771,18340900
2022-09-01T04:00:00.000Z,83.3600065208,83.933869394,81.479508868,82.8744354248,16423000
2022-09-02T04:00:00.000Z,85.0639073054,85.4523694484,83.9691583172,84.3929290771,18206800
2022-09-06T04:00:00.000Z,84.8961747281,85.2757996443,83.4394483085,83.8279037476,19201500
2022-09-07T04:00:00.000Z,82.2740750997,83.5100789624,81.4883269003,83.1127929688,16274700
2022-09-08T04:00:00.000Z,83.5718865995,84.2428582061,82.7419925112,83.7926025391,18759200
2022-09-09T04:00:00.000Z,85.2140196705,85.6377973013,84.1545856972,85.1963653564,17158000
2022-09-12T04:00:00.000Z,86.211653557,87.571264651,85.5318446421,86.1763381958,16118900
2022-09-13T04:00:00.000Z,85.2934864046,86.3264356054,83.7926203899,84.1634216309,18229100
2022-09-14T04:00:00.000Z,84.9226743792,87.0150573557,84.8873590176,86.229309082,22655700
2022-09-15T04:00:00.000Z,84.9491573985,85.23167355,83.0333445356,83.7219772339,21092300
2022-09-16T04:00:00.000Z,83.9338521893,84.172222426,81.2234608836,82.2917251587,37874700
2022-09-19T04:00:00.000Z,80.3494383873,82.5389368955,80.340607863,82.2829055786,15342100
2022-09-20T04:00:00.000Z,81.8679698077,82.0445398878,80.9056446847,81.6119384766,14712500
2022-09-21T04:00:00.000Z,82.6095451352,82.8832306904,80.2258161571,80.2964401245,17332400
2022-09-22T04:00:00.000Z,81.4000334773,81.8061567219,79.9168221366,79.9609680176,16139400
2022-09-23T04:00:00.000Z,77.2505857507,77.2505857507,74.9109952351,75.7055740356,27738800
2022-09-26T04:00:00.000Z,74.9551315697,76.1205114168,74.0634373218,74.1428985596,22043400
2022-09-27T04:00:00.000Z,75.5819769472,76.7738418324,74.8756831522,75.6967468262,17307300
2022-09-28T04:00:00.000Z,76.0322337334,78.8397409183,75.85565693,78.4512786865,19543300
2022-09-29T04:00:00.000Z,77.8509341054,78.8927137117,76.9239243741,78.2923660278,17896000
2022-09-30T04:00:00.000Z,77.842095705,78.6101895971,77.0828323364,77.0828323364,21357600
2022-10-03T04:00:00.000Z,79.4930431788,81.54128656,79.2105270826,81.1528244019,23881300
2022-10-04T04:00:00.000Z,82.3182229596,84.1898967344,81.8503061998,84.1104354858,22133700
2022-10-05T04:00:00.000Z,84.5342070806,88.2775476283,84.4547525734,87.5094604492,34857700
2022-10-06T04:00:00.000Z,86.9355943973,90.2110180962,86.8119940114,90.1050720215,29124700
2022-10-07T04:00:00.000Z,90.2198573978,91.2174911059,88.4452992046,89.1957321167,24507600
2022-10-10T04:00:00.000Z,89.6018275046,90.0785746708,87.1562982246,87.2622375488,16786100
2022-10-11T04:00:00.000Z,85.8320125131,88.0744871852,85.4170654842,86.5206451416,17804100
2022-10-12T04:00:00.000Z,86.0792202128,87.3240613998,85.8408499513,86.9002838135,12635800
2022-10-13T04:00:00.000Z,86.1233610433,90.4493880064,85.9909301343,89.9373321533,22019100
2022-10-14T04:00:00.000Z,89.2751936497,90.2639968366,87.4388352516,87.5712661743,15222000
2022-10-17T04:00:00.000Z,89.2310338342,90.0256125109,88.727801795,88.8337478638,14283200
2022-10-18T04:00:00.000Z,89.6459931223,90.3611106613,87.6065798528,88.9926757812,14065400
2022-10-19T04:00:00.000Z,89.3899562576,91.8090010891,89.372301946,91.6324310303,20921700
2022-10-20T04:00:00.000Z,92.1003358776,92.7006834302,91.2969334571,91.7560195923,17649000
2022-10-21T04:00:00.000Z,92.2151122382,93.936700522,91.73837176,93.4599533081,22814100
2022-10-24T04:00:00.000Z,93.2833787207,95.0667603726,92.80663153,94.1132659912,17024200
2022-10-25T04:00:00.000Z,93.945531154,94.7577641553,92.7624902733,93.4776077271,15719800
2022-10-26T04:00:00.000Z,93.8131242709,95.1992203891,93.5835777602,94.5900421143,17383800
2022-10-27T04:00:00.000Z,95.7112668786,96.7442158982,94.8372268752,94.952003479,18214000
2022-10-28T04:00:00.000Z,96.6382828632,98.183294707,95.455248456,97.7330322266,28169400
2022-10-31T04:00:00.000Z,96.6735896946,99.6841585977,96.62062002,97.8301391602,26401800
2022-11-01T04:00:00.000Z,99.2074242861,99.3839943815,97.6888972175,98.8013076782,22213100
2022-11-02T04:00:00.000Z,98.5099490217,98.9690352554,96.5058443301,96.7707061768,20654200
2022-11-03T04:00:00.000Z,95.8613525798,98.7218293926,95.6229755829,98.0861663818,17103700
2022-11-04T04:00:00.000Z,99.7636123998,100.2050443131,97.8213146757,99.1544342041,17541500
2022-11-07T05:00:00.000Z,99.2427175272,100.6376371353,98.9955100188,100.3286361694,16008000
2022-11-08T05:00:00.000Z,100.1873677334,101.2291470866,99.4104434278,100.6464538574,14661000
2022-11-09T05:00:00.000Z,99.8518847702,100.0108005082,95.8525132209,96.1438598633,19522800
2022-11-10T05:00:00.000Z,97.2827566596,97.7330123126,94.9696512599,97.5564422607,20146700
2022-11-11T05:00:00.000Z,99.3927912915,101.0878878822,99.3133300605,100.6023101807,20518900
2022-11-14T05:00:00.000Z,100.2374355253,102.0262792122,100.1128401232,100.8960189819,20858300
2022-11-15T05:00:00.000Z,101.2787024259,101.928377453,100.4510291251,101.5723876953,19373800
2022-11-16T05:00:00.000Z,100.9583015348,101.6880774046,99.5521458767,100.486618042,13591000
2022-11-17T05:00:00.000Z,99.0448865547,100.7447278596,98.5643013361,100.6201324463,12425900
2022-11-18T05:00:00.000Z,98.6977892284,100.1039450946,97.5497257774,99.7479553223,15415000
2022-11-21T05:00:00.000Z,97.8879114646,98.9647755936,95.6540890732,98.7600860596,20973000
2022-11-22T05:00:00.000Z,99.8636609772,101.8749976582,99.1694845732,101.6169052124,17719100
2022-11-23T05:00:00.000Z,99.9615404994,101.4121907568,99.7657457969,101.1096038818,11546700
2022-11-25T05:00:00.000Z,101.3498952748,101.9995770939,100.6201193247,100.753616333,7136000
2022-11-28T05:00:00.000Z,98.4841953298,99.1961680646,97.5586246637,97.7277145386,23015500
2022-11-29T05:00:00.000Z,98.4397009628,99.4987687128,97.7099249543,98.3774032593,14453200
2022-11-30T05:00:00.000Z,99.2673690066,99.587759119,97.7010181004,99.0893707275,23158100
2022-12-01T05:00:00.000Z,99.3563675897,99.7390554132,98.05701067,98.608795166,14398300
2022-12-02T05:00:00.000Z,97.4607282979,99.4186618258,97.1848326645,97.7722167969,15248400
2022-12-05T05:00:00.000Z,98.5197939101,99.1071780706,94.2835365411,95.0934066772,19287700
2022-12-06T05:00:00.000Z,94.2479251792,95.2624915213,91.8005050611,92.4501800537,21197000
2022-12-07T05:00:00.000Z,92.3611848078,93.31345346,91.1063292895,92.2454910278,20061700
2022-12-08T05:00:00.000Z,94.5861252547,95.0489140185,92.2988998517,92.9307785034,21128800
2022-12-09T05:00:00.000Z,93.082056037,94.2924170415,91.9339995158,92.1475906372,21298200
2022-12-12T05:00:00.000Z,92.405693079,94.5505197167,92.1920951444,94.4170227051,20413200
2022-12-13T05:00:00.000Z,95.9388733465,96.5974499635,95.2446902859,95.4493865967,24305300
2022-12-14T05:00:00.000Z,96.1079773305,96.383872989,94.1144439647,94.7463226318,17597300
2022-12-15T05:00:00.000Z,93.7406417759,94.4882141145,92.2899847821,93.8385391235,15365100
2022-12-16T05:00:00.000Z,92.2810963256,93.9631409936,91.7827079422,93.1799621582,54596600
2022-12-19T05:00:00.000Z,93.678352266,94.5149204148,92.8951734162,93.5982513428,13611100
2022-12-20T05:00:00.000Z,93.5982443649,95.6807799449,93.5092486267,94.9510040283,14680000
2022-12-21T05:00:00.000Z,96.3749538721,96.64194108,95.3692891546,96.1702575684,13565400
2022-12-22T05:00:00.000Z,96.0189690079,96.2859630193,92.6459781607,94.2301254272,13213000
2022-12-23T05:00:00.000Z,95.1823931231,96.7754419842,95.1378986483,96.7220458984,11539400
2022-12-27T05:00:00.000Z,97.2471318283,98.3151011423,96.8555491908,98.0659103394,11962100
2022-12-28T05:00:00.000Z,97.8167088432,97.8968029682,96.0278653605,96.4550476074,10702100
2022-12-29T05:00:00.000Z,96.107980715,97.6476337621,96.107980715,97.1848449707,10534000
2022-12-30T05:00:00.000Z,96.6597574643,98.3418022262,96.6597574643,98.16381073,11799600
2023-01-03T05:00:00.000Z,97.7010117069,97.9146028379,93.8830354423,94.7908096313,15146200
2023-01-04T05:00:00.000Z,93.2689578439,95.3692898194,93.2333581913,95.066696167,18058400
2023-01-05T05:00:00.000Z,94.6395214004,97.8523175428,94.6128233544,97.1937408447,15946600
2023-01-06T05:00:00.000Z,97.9680078982,99.667848953,97.6031165343,98.3684921265,16348100
2023-01-09T05:00:00.000Z,99.356370566,99.356370566,95.947779709,96.5351638794,17964600
2023-01-10T05:00:00.000Z,97.7099262007,98.1905114012,96.1257787564,97.9769134521,15104600
2023-01-11T05:00:00.000Z,98.7778878831,99.1872737636,97.0869414797,99.1160812378,16710400
2023-01-12T05:00:00.000Z,99.516551517,101.2252941142,99.4453522113,100.762512207,15357300
2023-01-13T05:00:00.000Z,100.6646032931,101.0027897714,99.8191337024,100.7002029419,12011400
2023-01-17T05:00:00.000Z,100.9316064535,101.5278853472,100.2730230764,100.5044174194,16542200
2023-01-18T05:00:00.000Z,100.7981218793,101.5634975168,98.252804162,98.4396972656,16399700
2023-01-19T05:00:00.000Z,97.9591000575,99.7924380017,97.5230162027,99.0715637207,12928000
2023-01-20T05:00:00.000Z,99.1071715778,100.9583128962,98.4396933246,100.8782119751,16515600
2023-01-23T05:00:00.000Z,101.1363062088,101.9817759622,100.2463351885,100.3531341553,16584400
2023-01-24T05:00:00.000Z,97.1492379252,101.474490752,93.3312615083,101.2875976562,13583000
2023-01-25T05:00:00.000Z,100.7714119247,101.1451980877,99.133861874,100.7536087036,11914700
2023-01-26T05:00:00.000Z,102.0974735087,104.8207825773,101.7592801855,104.802986145,21019700
2023-01-27T05:00:00.000Z,104.0821148703,104.7228951329,102.6937621612,102.8895568848,15179200
2023-01-30T05:00:00.000Z,102.4267561272,102.7827458748,100.700217055,101.0651016235,18672100
2023-01-31T05:00:00.000Z,99.7657469622,103.5926249483,98.2794970334,103.2455368042,27861800
2023-02-01T05:00:00.000Z,103.0853444606,104.4647954621,100.869311741,102.115272522,19464900
2023-02-02T05:00:00.000Z,102.2131626387,102.4089573348,97.7455114403,98.9202728271,24562100
2023-02-03T05:00:00.000Z,99.5877638689,101.5545991145,99.2851701751,99.6055603027,20226600
2023-02-06T05:00:00.000Z,99.997149358,100.6468244328,98.1816075715,99.4364700317,13855200
2023-02-07T05:00:00.000Z,100.0238413483,102.6225550699,99.69454963,102.2754669189,16013300
2023-02-08T05:00:00.000Z,102.3911542456,103.0853304577,101.323185097,101.3854827881,18459700
2023-02-09T05:00:00.000Z,102.0084768157,103.4502254668,101.6168874092,101.7681808472,17439300
2023-02-10T05:00:00.000Z,103.6905192,106.4672242697,103.3790307197,106.0578384399,24918600
2023-02-13T05:00:00.000Z,105.573569891,105.986105951,103.9413590263,105.6453170776,14536200
2023-02-14T05:00:00.000Z,104.9368265214,105.6542778445,104.0489705023,104.407699585,12079000
2023-02-15T05:00:00.000Z,103.7799180568,104.1117367791,102.3629420904,104.0938034058,13663400
2023-02-16T05:00:00.000Z,103.4122253688,104.7305507591,102.9548524784,103.7888946533,11360600
2023-02-17T05:00:00.000Z,102.4077895273,102.4077895273,99.5290006351,99.7980422974,20758300
2023-02-21T05:00:00.000Z,99.3765387492,100.7845446958,99.3765387492,99.6993942261,14469400
2023-02-22T05:00:00.000Z,99.0805963276,99.5200358557,97.4304453067,98.4079818726,13973800
2023-02-23T05:00:00.000Z,99.3047955842,100.2912953612,98.5604339869,99.3137588501,11289400
2023-02-24T05:00:00.000Z,98.049249337,99.5110622378,97.7712307194,99.3227310181,14351000
2023-02-27T05:00:00.000Z,99.3675611029,99.7800970765,98.6142294852,99.1433563232,11710500
2023-02-28T05:00:00.000Z,99.7621766966,99.8697974754,97.9506047269,98.5694122314,18107000
2023-03-01T05:00:00.000Z,98.0313194007,100.3182114437,97.9685423208,99.4482955933,13200000
2023-03-02T05:00:00.000Z,99.2061446393,100.1747041975,98.8025718848,99.9056625366,10339900
2023-03-03T05:00:00.000Z,98.6949500906,101.6723893918,98.6052627019,101.1701660156,13006700
2023-03-06T05:00:00.000Z,100.4347829991,102.0938971954,100.3271690712,102.0669937134,14347400
2023-03-07T05:00:00.000Z,101.170182184,101.4930376766,99.6993990919,100.09400177,11525300
2023-03-08T05:00:00.000Z,99.7532109836,100.8204212683,97.816078065,98.6321868896,13509800
2023-03-09T05:00:00.000Z,99.4303510719,100.6500257792,97.7802001212,97.8698806763,12961200
2023-03-10T05:00:00.000Z,98.2555246465,99.5828202795,96.0941935962,96.6591873169,15795700
2023-03-13T04:00:00.000Z,94.4709470738,96.7309356681,93.0181041053,95.5471343994,20745600
2023-03-14T04:00:00.000Z,95.3767263534,97.7622688547,94.1301481369,95.9058532715,18263500
2023-03-15T04:00:00.000Z,92.2109536011,93.4485616839,89.8792249552,91.1347732544,25733800
2023-03-16T04:00:00.000Z,88.8837679436,91.1885934414,87.9062312764,90.6056594849,27465200
2023-03-17T04:00:00.000Z,90.2200137956,91.12580314,88.9106585318,89.5384292603,43199500
2023-03-20T04:00:00.000Z,89.3501123828,91.9060530901,89.2335283266,91.8791427612,32042100
2023-03-21T04:00:00.000Z,93.4216630007,96.2107715162,93.3857894083,95.9955368042,31592300
2023-03-22T04:00:00.000Z,95.7803167829,96.1211056992,93.7714363559,93.7983398438,14952700
2023-03-23T04:00:00.000Z,94.4888843584,95.3677634627,91.870173579,92.7400894165,14385900
2023-03-24T04:00:00.000Z,91.0002489605,93.1346762788,90.4980323779,92.847694397,13401600
2023-03-27T04:00:00.000Z,93.9328281251,95.493298244,93.1884734919,94.8834609985,14805900
2023-03-28T04:00:00.000Z,94.5606194582,96.5425890864,94.3364146563,96.067276001,11047600
2023-03-29T04:00:00.000Z,96.9102762435,97.8967827933,96.399089596,97.717414856,14219100
2023-03-30T04:00:00.000Z,98.2465399366,98.2644733089,97.322810471,98.1927261353,11578200
2023-03-31T04:00:00.000Z,98.3631482205,98.8025877935,97.7981544838,98.3452148438,14418000
2023-04-03T04:00:00.000Z,101.6903382285,104.7933321351,101.448200032,104.1476211548,28087700
2023-04-04T04:00:00.000Z,104.2641984517,104.6587942332,102.3898428315,103.1521377563,16365500
2023-04-05T04:00:00.000Z,103.4480861799,104.9278391257,102.5153934555,104.9188690186,16479500
2023-04-06T04:00:00.000Z,104.8023026125,105.0892845112,102.9279467414,103.1790618896,15778000
2023-04-10T04:00:00.000Z,102.9369067504,104.1924549997,102.3898464907,102.7216720581,13006600
2023-04-11T04:00:00.000Z,103.0983534825,104.2104075804,102.5781966081,103.4481124878,11758500
2023-04-12T04:00:00.000Z,104.1745344817,104.5601602171,103.0714437183,103.3404922485,10919000
2023-04-13T04:00:00.000Z,102.7754760157,103.9323735717,102.353969909,103.8247528076,12399700
2023-04-14T04:00:00.000Z,103.9413500757,104.622934606,103.2418321714,104.0758743286,11530800
2023-04-17T04:00:00.000Z,103.5736537423,104.4884132131,102.614057414,102.8651657104,13260400
2023-04-18T04:00:00.000Z,102.5871470156,105.116176868,102.5064365724,104.8740386963,17436100
2023-04-19T04:00:00.000Z,104.1027739496,104.8381654168,103.824755346,104.5422134399,10682600
2023-04-20T04:00:00.000Z,103.2508035298,103.7440568816,101.5468523338,103.7081832886,17038700
2023-04-21T04:00:00.000Z,104.4704626539,104.820221581,103.3673789121,104.0399932861,14315300
2023-04-24T04:00:00.000Z,103.9593040546,106.622858789,103.9234304572,106.0040512085,15831300
2023-04-25T04:00:00.000Z,105.4211127555,105.591503772,103.6992144782,104.4973831177,12179800
2023-04-26T04:00:00.000Z,104.0579375743,105.0085637998,102.8472329425,103.5377807617,15566100
2023-04-27T04:00:00.000Z,103.6902401949,104.9368183575,103.0265890489,104.775390625,16279200
2023-04-28T04:00:00.000Z,105.1520631408,107.5465690345,104.7754006761,106.1295928955,24381900
2023-05-01T04:00:00.000Z,104.0220656328,105.196903534,102.6409631304,102.8382644653,17355000
2023-05-02T04:00:00.000Z,102.1836048188,102.1836048188,98.0133932324,98.7398147583,24324100
2023-05-03T04:00:00.000Z,97.8250369591,98.4797111233,96.6412359253,96.7936935425,16212300
2023-05-04T04:00:00.000Z,96.7668088978,97.5291039742,94.9821403133,95.0987243652,17177200
2023-05-05T04:00:00.000Z,97.349732184,98.1389306597,96.4349727187,97.4663162231,14968200
2023-05-08T04:00:00.000Z,99.0985298434,99.5200359973,97.7891745236,97.8519515991,11187800
2023-05-09T04:00:00.000Z,97.1613795571,98.856373978,97.0447955355,97.8788375854,11370800
2023-05-10T04:00:00.000Z,98.4169292731,98.6590742695,95.6995684078,96.6232910156,14884800
2023-05-11T04:00:00.000Z,95.5022901529,95.7982421789,94.1032541639,94.8745193481,17165900
2023-05-12T04:00:00.000Z,95.3408526604,95.9686302433,93.9687202972,94.8655395508,12613300
2023-05-15T04:00:00.000Z,95.4444821515,95.8244130294,94.6032026924,95.0464553833,13715600
2023-05-16T04:00:00.000Z,94.648440307,94.8112688322,92.287430143,92.739730835,14795200
2023-05-17T04:00:00.000Z,93.5267247781,95.1911947042,93.038239264,94.8203048706,14064700
2023-05-18T04:00:00.000Z,94.5760720426,95.8063304065,94.1961342379,95.6796798706,12005600
2023-05-19T04:00:00.000Z,96.4033642696,96.8375759484,95.7249132664,96.1229400635,13359600
2023-05-22T04:00:00.000Z,95.7429923173,96.8285179507,94.8745759516,94.9559936523,12882000
2023-05-23T04:00:00.000Z,95.8786677349,97.8959312052,95.6615654055,96.2495574951,14394400
2023-05-24T04:00:00.000Z,97.1360843613,98.1582882395,96.5480990421,97.3260498047,16340300
2023-05-25T04:00:00.000Z,95.8334645686,96.2767172761,94.7208019255,95.5801773071,14316500
2023-05-26T04:00:00.000Z,96.3128955178,96.7471002499,94.8293500304,94.9559936523,12370300
2023-05-30T04:00:00.000Z,93.4362646336,94.1870853331,92.821135503,94.1147155762,11938000
2023-05-31T04:00:00.000Z,92.5316737547,93.2101247734,92.0341402471,92.4321670532,24926100
2023-06-01T04:00:00.000Z,92.0431869234,95.5078117338,91.5999341965,93.4995956421,13551900
2023-06-02T04:00:00.000Z,95.1278644457,96.0053218026,94.557961279,95.6706237793,14112000
2023-06-05T04:00:00.000Z,96.9642119256,96.9642119256,95.0645437455,95.2454681396,10628000
2023-06-06T04:00:00.000Z,94.2142197756,96.1319699721,94.0604392224,96.0234222412,12209800
2023-06-07T04:00:00.000Z,96.6023795466,98.5020410122,96.5481056738,98.1763839722,16027100
2023-06-08T04:00:00.000Z,98.3934837171,98.7281886941,95.7972823147,97.8688201904,13517100
2023-06-09T04:00:00.000Z,98.1130416854,98.2487332407,96.93706431,97.1451187134,12251600
2023-06-12T04:00:00.000Z,95.7158699126,96.8466216388,95.4897195674,96.2676773071,14112000
2023-06-13T04:00:00.000Z,97.1360871484,98.0045035864,96.1410270778,96.2857666016,13533800
2023-06-14T04:00:00.000Z,97.1994149866,97.7964552069,94.4313369875,95.1278839111,16627700
2023-06-15T04:00:00.000Z,95.4354369419,96.8194758236,95.3811630725,95.788230896,16224100
2023-06-16T04:00:00.000Z,96.213385798,96.5842687074,94.9469427164,95.1007232666,43128900
2023-06-20T04:00:00.000Z,94.6936643878,94.7750751921,92.3778872676,92.9206466675,17514100
2023-06-21T04:00:00.000Z,92.7216237323,94.6484218189,92.5678431834,93.9609298706,13285700
2023-06-22T04:00:00.000Z,93.0292050397,93.9790392742,92.8573354661,93.4453277588,12455300
2023-06-23T04:00:00.000Z,92.8030340863,93.0110953996,91.9255767168,92.6311645508,17933600
2023-06-26T04:00:00.000Z,92.4502533461,94.9017290285,92.4502533461,94.3408737183,14283400
2023-06-27T04:00:00.000Z,94.1237644308,94.6303389309,93.4181696464,94.5760650635,13227500
2023-06-28T04:00:00.000Z,94.3589593274,95.7249092219,93.354851333,95.3449783325,13084100
2023-06-29T04:00:00.000Z,95.5801786487,96.5481017836,95.1007341524,96.5209579468,11364400
2023-06-30T04:00:00.000Z,97.08181547,97.5883900116,96.6204668545,97.0184936523,13544700
2023-07-03T04:00:00.000Z,97.2356025139,98.1130669758,96.8556715824,97.2084655762,7397000
2023-07-05T04:00:00.000Z,97.3622370199,97.6245722294,95.9781981126,96.7109298706,12491200
2023-07-06T04:00:00.000Z,95.0645456301,95.634448856,92.6583098032,93.1015625,17961400
2023-07-07T04:00:00.000Z,92.196961614,94.0785339493,91.8713045982,93.3186721802,21929200
2023-07-10T04:00:00.000Z,93.1467976608,94.7569868826,92.9477842691,94.7027130127,14877600
2023-07-11T04:00:00.000Z,95.2183296429,96.0324721494,94.8112549389,95.8605957031,12576500
2023-07-12T04:00:00.000Z,96.7923422629,97.3803345074,96.0053366216,96.3309936523,13238200
2023-07-13T04:00:00.000Z,95.8605966801,96.0957949403,93.4634019595,94.5670166016,26826800
2023-07-14T04:00:00.000Z,94.1237737169,94.1237737169,90.9395730835,91.3104629517,28181900
2023-07-17T04:00:00.000Z,91.1114399631,91.970808399,90.6591393333,91.7084732056,18051300
2023-07-18T04:00:00.000Z,91.2923660278,92.4502546445,90.7676955917,91.2923660278,24617800
2023-07-19T04:00:00.000Z,91.4099604416,92.6311707671,91.1838101257,91.9255828857,15556500
2023-07-20T04:00:00.000Z,92.7578322166,93.770988311,92.5950036818,93.5448379517,15740200
2023-07-21T04:00:00.000Z,94.2232653566,94.4222718256,93.4091228872,93.979019165,17121500
2023-07-24T04:00:00.000Z,94.4041803123,96.0324652075,94.0423384576,95.4535140991,15090900
2023-07-25T04:00:00.000Z,95.0374188901,95.9691572084,94.5670292086,95.598274231,14116100
2023-07-26T04:00:00.000Z,95.082648199,95.6344555731,94.6574844613,95.0645523071,15159600
2023-07-27T04:00:00.000Z,95.8877380386,96.7832913954,94.7479384654,95.363067627,17677900
2023-07-28T04:00:00.000Z,95.0826503998,95.1278832289,92.5588117534,94.2232818604,17566400
2023-07-31T04:00:00.000Z,95.1550091119,97.5702928289,95.1550091119,97.009437561,24197000
2023-08-01T04:00:00.000Z,96.7471139766,97.0818189688,95.4625816847,96.448600769,14177400
2023-08-02T04:00:00.000Z,96.122932472,96.231480207,94.5941541238,95.2454681396,13484100
2023-08-03T04:00:00.000Z,95.7882239827,97.5883785034,95.2545125681,96.9008865356,16280400
2023-08-04T04:00:00.000Z,97.6607419319,98.8186303306,97.0908456768,97.1722564697,14279600
2023-08-07T04:00:00.000Z,97.606499397,98.0768891219,96.3491039135,96.973274231,12410800
2023-08-08T04:00:00.000Z,95.9239344201,97.4708020042,94.8384085863,97.4527130127,14065600
2023-08-09T04:00:00.000Z,98.3391988556,99.8860661302,97.9773569833,99.1081085205,19919600
2023-08-10T04:00:00.000Z,99.6780068655,100.9806278799,98.9995559762,99.6146850586,15837200
2023-08-11T04:00:00.000Z,99.8408430538,101.3786624275,99.5513709281,101.1615600586,14047000
2023-08-14T04:00:00.000Z,101.0258709535,101.2972540974,100.2117284233,101.2429733276,12973400
2023-08-15T04:00:00.000Z,101.005857902,101.1061803039,98.470452379,98.643737793,14909600
2023-08-16T04:00:00.000Z,98.7531786612,99.7107990909,96.9291450488,96.9838638306,13695100
2023-08-17T04:00:00.000Z,97.9688304521,100.4586390591,97.9688304521,98.8626098633,16709500
2023-08-18T04:00:00.000Z,98.1694805925,100.5042412026,98.1512433194,100.3583221436,16224000
2023-08-21T04:00:00.000Z,100.6501689936,101.215621883,98.6254906971,99.1453399658,11092400
2023-08-22T04:00:00.000Z,99.5648621136,100.0664740851,98.4522006191,98.5890045166,10518800
2023-08-23T04:00:00.000Z,97.6222651951,97.8593914776,96.418403469,97.7225875854,11435600
2023-08-24T04:00:00.000Z,97.0567989486,98.2880198915,96.7375945498,96.9929580688,10818500
2023-08-25T04:00:00.000Z,97.9779613503,99.3459864979,97.2392299972,98.7258148193,13579300
2023-08-28T04:00:00.000Z,98.9082099948,100.3583201904,98.8990948375,99.5557479858,10382100
2023-08-29T04:00:00.000Z,100.011755002,100.3400746136,98.8808492803,100.1485519409,9665000
2023-08-30T04:00:00.000Z,100.723137506,101.361546482,100.3036106134,101.124420166,11922100
2023-08-31T04:00:00.000Z,101.3433017463,101.6169025909,100.8872933803,101.4071426392,17479800
2023-09-01T04:00:00.000Z,102.3282656768,103.8057351595,102.3282656768,103.5321273804,14843500
2023-09-05T04:00:00.000Z,104.0611013633,105.6388932748,103.5138927492,103.5412521362,18304000
2023-09-06T04:00:00.000Z,103.4956520441,104.5079841197,103.2676478827,104.4350280762,13325500
2023-09-07T04:00:00.000Z,104.562709342,105.6571265286,103.6962893577,103.9242935181,13248500
2023-09-08T04:00:00.000Z,104.4532755661,105.8395449001,104.2617528867,105.4382553101,14283200
2023-09-11T04:00:00.000Z,105.9580923697,106.4141006848,103.5777284084,104.1158218384,14383600
2023-09-12T04:00:00.000Z,105.1920023727,107.3170029442,105.1281614823,107.1528396606,20145800
2023-09-13T04:00:00.000Z,107.0798935969,107.5814986516,105.7027463093,106.1952362061,13472800
2023-09-14T04:00:00.000Z,107.2075661353,108.2199052315,107.0069213475,108.0922164917,15210700
2023-09-15T04:00:00.000Z,107.5267667074,108.0830974323,106.2499419787,106.4323425293,34568400
2023-09-18T04:00:00.000Z,107.1893199419,107.8368509537,106.4323444229,107.289642334,14045300
2023-09-19T04:00:00.000Z,108.1834067988,108.3840445971,106.3502515659,107.0069046021,12562900
2023-09-20T04:00:00.000Z,106.2864265928,107.6362074064,106.0857818064,106.158744812,11879900
2023-09-21T04:00:00.000Z,106.6877183817,107.0434043439,104.5171141468,104.6630401611,14400600
2023-09-22T04:00:00.000Z,105.5294516415,106.4141089548,104.7086352189,104.8272018433,13197300
2023-09-25T04:00:00.000Z,104.9640024092,106.3867532435,104.7268830685,106.0037078857,11316000
2023-09-26T04:00:00.000Z,105.3379385837,106.4597222899,105.2193789066,106.1678771973,11805400
2023-09-27T04:00:00.000Z,107.5176485501,109.8980127014,107.0707623139,109.6244049072,23976200
2023-09-28T04:00:00.000Z,109.423771538,110.080417746,107.7912607382,108.9586410522,16808100
2023-09-29T04:00:00.000Z,108.6211788987,108.6941418988,106.4597039456,107.234916687,18813600
2023-10-02T04:00:00.000Z,107.1893304566,107.4264567664,104.4715243635,105.4564971924,14395000
2023-10-03T04:00:00.000Z,105.2832071809,106.1952238558,104.9092770042,105.6388931274,13297100
2023-10-04T04:00:00.000Z,104.0155027467,104.0519772899,100.7778408239,101.6898574829,19622200
2023-10-05T04:00:00.000Z,100.1394263555,101.1426432328,99.1362025201,99.4006881714,20128800
2023-10-06T04:00:00.000Z,96.4275226056,98.7440387528,95.8620697827,97.7408218384,25367500
2023-10-09T04:00:00.000Z,100.7231473503,102.209732373,99.8840865251,101.1609115601,22369900
2023-10-10T04:00:00.000Z,101.2520956637,101.6442631412,100.4312861622,100.7322463989,13892000
2023-10-11T04:00:00.000Z,97.5493078476,97.7408305244,95.6067147327,97.1206588745,57939000
2023-10-12T04:00:00.000Z,98.1238789298,98.3518831176,96.7558538029,97.1024246216,31183000
2023-10-13T04:00:00.000Z,98.525170739,100.5042454638,98.3518853258,100.2032852173,30276500
2023-10-16T04:00:00.000Z,100.7778571441,100.9420204477,99.528391614,100.2762451172,18452000
2023-10-17T04:00:00.000Z,100.0756020023,101.9634764146,100.0299983811,101.5895462036,19775400
2023-10-18T04:00:00.000Z,101.9817145138,103.4135805583,101.8722699969,103.0122909546,23380300
2023-10-19T04:00:00.000Z,102.8025328681,103.9425538465,101.5348300967,103.076133728,20972500
2023-10-20T04:00:00.000Z,102.9849234791,103.3497315486,101.0423304247,101.3068161011,22445300
2023-10-23T04:00:00.000Z,100.8963931759,101.1973603215,99.1179636029,99.8202133179,18185000
2023-10-24T04:00:00.000Z,100.0482324257,100.1576769381,98.6072512815,98.8534927368,16786100
2023-10-25T04:00:00.000Z,98.9720325332,99.86581181,98.6163466368,99.0358734131,22047300
2023-10-26T04:00:00.000Z,97.9961917087,98.8078860157,97.1297786263,98.1329956055,18768300
2023-10-27T04:00:00.000Z,99.3094991763,100.1941564999,95.7252732211,96.2633666992,23092000
2023-10-30T04:00:00.000Z,96.4366492662,97.056820935,95.9532815017,96.5643310547,19379900
2023-10-31T04:00:00.000Z,96.290715364,96.8196866678,95.3422172545,96.5369567871,22185200
2023-11-01T04:00:00.000Z,97.1571611137,97.7408513843,96.1813032903,96.3454666138,28984900
2023-11-02T04:00:00.000Z,96.5643299619,99.5831101039,96.2177661055,99.5101470947,25212700
2023-11-03T04:00:00.000Z,98.8626101378,99.2091739734,97.1662585454,98.2971572876,30555600
2023-11-06T05:00:00.000Z,98.6528482371,98.7440485187,96.4640066885,96.5552139282,19097300
2023-11-07T05:00:00.000Z,95.2783860566,95.6340720141,94.202206069,95.0412597656,20272500
2023-11-08T05:00:00.000Z,94.6034869279,95.6705447019,93.8373893499,93.8738708496,19184100
2023-11-09T05:00:00.000Z,94.5487685022,94.8223762922,93.8100372105,93.9012374878,18380500
2023-11-10T05:00:00.000Z,94.7858979069,95.2236689937,93.8556439149,94.6217346191,17825500
2023-11-13T05:00:00.000Z,94.895342383,95.8894372667,94.6764533606,95.6158294678,15308400
2023-11-14T05:00:00.000Z,95.9931761723,96.4717584149,95.5974226359,95.9839706421,18260500
2023-11-15T05:00:00.000Z,95.6802546354,96.7754810457,95.2568915157,95.4041519165,20137600
2023-11-16T05:00:00.000Z,94.7046875102,95.0452149293,93.0940635968,94.2997283936,22469100
2023-11-17T05:00:00.000Z,94.8519377178,97.0331851293,94.5666294525,96.6006164551,22984900
2023-11-20T05:00:00.000Z,96.9871649109,97.4473431584,96.1128290494,96.1772537231,17458800
2023-11-21T05:00:00.000Z,95.9103451518,96.3613178478,94.9991942292,96.1404342651,14989000
2023-11-22T05:00:00.000Z,94.4101551057,95.8275047128,93.8211276094,95.7262649536,18072000
2023-11-24T05:00:00.000Z,95.7354774605,97.0699985626,95.6342447083,96.2416763306,9480800
2023-11-27T05:00:00.000Z,95.8091090512,96.0852188065,94.962382767,95.6802597046,18013500
2023-11-28T05:00:00.000Z,95.9379483204,96.5545924394,95.6066194576,95.6250305176,20629500
2023-11-29T05:00:00.000Z,95.9655736879,96.2508889911,93.5450385067,94.1892852783,26802100
2023-11-30T05:00:00.000Z,94.8979532344,96.1588440869,93.7014870519,94.5574188232,29254700
2023-12-01T05:00:00.000Z,94.336533422,95.9195475942,94.0788347469,94.7875061035,17845300
2023-12-04T05:00:00.000Z,93.996007853,95.12804945,93.4990144949,94.2721176147,21523900
2023-12-05T05:00:00.000Z,94.1248521502,94.1892768216,92.3025502901,92.4406051636,22250300
2023-12-06T05:00:00.000Z,92.0356542366,92.6983120705,90.5078590058,91.2165374756,31154800
2023-12-07T05:00:00.000Z,91.9068052361,92.8087507189,90.2777702176,90.581489563,29990700
2023-12-08T05:00:00.000Z,91.1336880566,91.84236642,90.885194917,91.6214828491,22074900
2023-12-11T05:00:00.000Z,91.8515851728,91.906804318,90.7287490745,91.6859207153,22252300
2023-12-12T05:00:00.000Z,90.8207735661,90.8207735661,89.7163486494,90.2409515381,26084000
2023-12-13T05:00:00.000Z,90.231737801,91.1428886254,89.8820049142,91.0416488647,19915400
2023-12-14T05:00:00.000Z,91.8975949271,94.0052121503,91.7779511102,93.4898147583,26165700
2023-12-15T05:00:00.000Z,92.5786526191,92.9560021368,92.3209539347,92.8639678955,55527000
2023-12-18T05:00:00.000Z,93.9960045428,94.8979569806,93.4345865297,93.5542373657,21610400
2023-12-19T05:00:00.000Z,93.8763552102,94.9715816013,93.6830812039,94.7875061035,18904700
2023-12-20T05:00:00.000Z,95.2568963453,95.6618554463,93.0756489447,93.204498291,20988900
2023-12-21T05:00:00.000Z,93.3885663894,93.8855596952,92.7811277861,93.6278610229,19250900
2023-12-22T05:00:00.000Z,94.161670304,94.741499387,93.7106975897,93.7935333252,12927800
2023-12-26T05:00:00.000Z,94.5574233635,94.8243275869,93.9868068363,94.0052108765,16835100
2023-12-27T05:00:00.000Z,93.9131789904,94.3825627759,93.2689252212,93.5634460449,14558800
2023-12-28T05:00:00.000Z,93.3149505702,93.5174301359,92.1552993446,92.2105255127,16329300
2023-12-29T05:00:00.000Z,92.376173232,92.5786457392,91.6859059407,92.0172348022,17746400
2024-01-02T05:00:00.000Z,92.8823718346,94.8887491891,92.8179471636,94.2076873779,23483000
2024-01-03T05:00:00.000Z,94.1248484676,95.3673352584,93.5634375086,94.9991912842,23490800
2024-01-04T05:00:00.000Z,95.7906971733,96.2416698497,93.9223747779,94.1708679199,19395200
2024-01-05T05:00:00.000Z,94.9531700667,95.1648551327,93.9959985483,94.4561767578,15827400
2024-01-08T05:00:00.000Z,92.7075222768,92.9928305724,91.0232680342,92.8823852539,23370100
2024-01-09T05:00:00.000Z,93.2228981923,93.2228981923,91.2901512066,91.731918335,19496600
2024-01-10T05:00:00.000Z,91.8515751489,91.8515751489,90.3421911551,90.8299789429,18206100
2024-01-11T05:00:00.000Z,91.1521112861,91.575474446,90.7103370635,90.8115768433,15833400
2024-01-12T05:00:00.000Z,92.1645016391,92.6338854319,91.2717546885,91.9896316528,18041700
2024-01-16T05:00:00.000Z,91.869978867,92.0448488362,89.7623617926,89.9096221924,20235700
2024-01-17T05:00:00.000Z,88.9064398325,90.1581252812,88.8880357914,89.2561798096,18384000
2024-01-18T05:00:00.000Z,89.2745759893,89.3574046997,88.1885550933,89.0905075073,20940300
2024-01-19T05:00:00.000Z,89.0168757236,89.2929784417,88.7315674751,89.228553772,20088400
2024-01-22T05:00:00.000Z,88.998479547,89.3666235877,88.1425476364,89.1089248657,19955900
2024-01-23T05:00:00.000Z,89.0997085779,90.655113276,89.026085396,90.1121063232,15863400
2024-01-24T05:00:00.000Z,90.4894557257,91.7135316225,89.9556472414,91.6675109863,17330600
2024-01-25T05:00:00.000Z,92.3209537305,94.0420228287,91.6859125515,93.9960021973,22089500
2024-01-26T05:00:00.000Z,93.8487487584,94.8703449843,93.1308718476,94.7967147827,20817200
2024-01-29T05:00:00.000Z,94.7783110965,94.9807836189,93.7475093361,94.9163589478,18317500
2024-01-30T05:00:00.000Z,94.2537168315,96.5269915918,93.9684015287,96.499382019,19610900
2024-01-31T05:00:00.000Z,96.3981451499,96.526994508,94.5850415841,94.6218566895,22415300
2024-02-01T05:00:00.000Z,95.3213190694,95.7262781621,93.5266267663,94.2352981567,19240700
2024-02-02T05:00:00.000Z,95.4869883547,95.7170774833,93.5174259759,93.8487548828,21973400
2024-02-05T05:00:00.000Z,93.3701703353,94.2261022182,92.4958344108,93.4622116089,17190900
2024-02-06T05:00:00.000Z,93.9407884896,94.8335354258,93.4806102356,94.1064529419,13347900
2024-02-07T05:00:00.000Z,94.1064517345,94.5482259422,93.1216705644,94.0788421631,13826800
2024-02-08T05:00:00.000Z,94.1892677446,96.1036106837,93.9775897113,95.689453125,19636900
2024-02-09T05:00:00.000Z,95.8091128699,96.4901747325,93.6002558051,93.664680481,20410500
2024-02-12T05:00:00.000Z,94.0236233966,95.1648634903,93.8763629861,94.9531784058,18173100
2024-02-13T05:00:00.000Z,95.4547921241,95.7613270332,93.448343153,94.1357345581,18917400
2024-02-14T05:00:00.000Z,94.6280554419,95.324737877,93.281131815,93.6712722778,17651300
2024-02-15T05:00:00.000Z,93.4483495986,96.5509128504,93.4483495986,96.3558425903,23196300
2024-02-16T05:00:00.000Z,96.6159362704,97.1918559656,96.1607652433,96.3558425903,20151400
2024-02-20T05:00:00.000Z,96.4579963202,96.7180970337,95.3525984076,95.4454879761,17650000
2024-02-21T05:00:00.000Z,95.6963102534,97.5169801884,95.6684440859,97.3962173462,20991300
2024-02-22T05:00:00.000Z,96.7552622677,97.9163996869,96.095729977,97.3126068115,20470700
2024-02-23T05:00:00.000Z,96.4951650617,96.6902353048,95.5662550924,96.4580078125,15975900
2024-02-26T05:00:00.000Z,96.3465384324,97.4798096734,95.7241704843,96.8388595581,13360800
2024-02-27T05:00:00.000Z,97.2382914663,97.674880266,96.4672945258,96.6344985962,16360000
2024-02-28T05:00:00.000Z,97.0432304368,97.9349832011,96.6066415957,96.9038925171,14810500
2024-02-29T05:00:00.000Z,97.2382972729,97.6005715992,96.8109995313,97.0896682739,17566100
2024-03-01T05:00:00.000Z,98.2043617569,98.826729727,97.8885286864,98.315826416,18460100
2024-03-04T05:00:00.000Z,98.1486334971,98.325121577,96.6345056691,96.9410476685,18138000
2024-03-05T05:00:00.000Z,97.0989675538,98.7152690757,96.9038972914,98.1300582886,19952700
2024-03-06T05:00:00.000Z,99.0403871866,99.9228488557,98.6037983507,99.1797180176,20472800
2024-03-07T05:00:00.000Z,99.0217807912,100.3036808189,99.0217807912,99.7370452881,15195400
2024-03-08T05:00:00.000Z,99.6070216293,100.6938446198,99.1797167961,100.6752624512,16281500
2024-03-11T04:00:00.000Z,100.5544950096,101.3626491605,99.7091836128,101.2697525024,17577300
2024-03-12T04:00:00.000Z,101.3069211316,101.5112824631,100.3501449769,100.6195297241,14957200
2024-03-13T04:00:00.000Z,101.3812254634,102.505205587,101.3533593005,101.7434997559,17122200
2024-03-14T04:00:00.000Z,102.0221890278,103.6199153935,101.8921421922,103.5456008911,22121000
2024-03-15T04:00:00.000Z,102.9696693866,104.3165931035,102.9696693866,103.3598098755,38264400
2024-03-18T04:00:00.000Z,103.8428508953,104.8367843228,103.2019007204,104.3165969849,16770500
2024-03-19T04:00:00.000Z,104.2422679783,105.4219804089,104.0936389956,105.0504150391,14878800
2024-03-20T04:00:00.000Z,104.7067322182,105.3383912768,104.1586716545,104.95753479,16119700
2024-03-21T04:00:00.000Z,104.8925034558,105.8121293529,104.5673864105,105.4219818115,14878000
2024-03-22T04:00:00.000Z,105.4126978152,105.6077680424,104.7996138839,105.4219818115,14701900
2024-03-25T04:00:00.000Z,105.7378286783,107.5492003723,105.7378286783,106.4995346069,14011700
2024-03-26T04:00:00.000Z,106.5088302632,106.8060811972,105.3476926949,105.7006759644,13152300
2024-03-27T04:00:00.000Z,105.4127095366,106.8803819452,105.3476861204,106.7967834473,12415700
2024-03-28T04:00:00.000Z,107.3169686017,108.1715640803,106.8803797782,107.9764938354,18482100
2024-04-01T04:00:00.000Z,108.1344096175,108.9053994823,107.1776264253,108.6731719971,13817000
2024-04-02T04:00:00.000Z,109.5370588024,111.0976277904,108.9890053376,110.8003768921,19919600
2024-04-03T04:00:00.000Z,110.9861585341,111.2369610901,110.2894761056,110.8189544678,16504300
2024-04-04T04:00:00.000Z,110.5867308589,111.3577207206,110.2058743829,111.2090988159,18467400
2024-04-05T04:00:00.000Z,111.4506217341,113.4663546756,111.1347886579,112.7418060303,21720600
2024-04-08T04:00:00.000Z,112.4724160387,113.0854929073,111.6642618482,111.9800949097,17513900
2024-04-09T04:00:00.000Z,112.3981111614,113.001904085,111.7850271533,112.5653152466,14132300
2024-04-10T04:00:00.000Z,112.6024667008,113.763604153,112.1473028039,113.5127944946,17409200
2024-04-11T04:00:00.000Z,113.9679631147,113.9679631147,111.7850190802,113.131942749,17555900
2024-04-12T04:00:00.000Z,114.2094790883,114.9526099063,111.162655491,111.8128967285,21556200
2024-04-15T04:00:00.000Z,112.4816952962,113.0390469004,110.9582836419,111.1719360352,15029500
2024-04-16T04:00:00.000Z,111.0604664208,111.6735503624,109.5370547375,110.2523193359,18082200
2024-04-17T04:00:00.000Z,110.1222715736,110.865395242,108.793930132,110.1965789795,14538600
2024-04-18T04:00:00.000Z,110.5402860302,111.2091023401,109.5835098985,110.0944061279,13821400
2024-04-19T04:00:00.000Z,110.6889102275,112.3330776789,110.4938329064,111.3577194214,21572400
2024-04-22T04:00:00.000Z,110.7818012154,112.9275809048,110.0108042658,111.9893798828,16340700
2024-04-23T04:00:00.000Z,111.4691958544,112.4538381499,110.9582925386,112.4259719849,13929800
2024-04-24T04:00:00.000Z,111.7478595328,112.6396121523,110.9025481543,112.4445419312,12101200
2024-04-25T04:00:00.000Z,112.4259750469,113.1040824584,110.9118543133,112.7046508789,16041000
2024-04-26T04:00:00.000Z,110.5402936618,110.6331832475,107.9579249102,109.5742263794,27289500
2024-04-29T04:00:00.000Z,109.3884328072,111.515637348,109.3884328072,111.1347808838,17309900
2024-04-30T04:00:00.000Z,110.6424707027,111.6549792012,109.5928049537,109.8621826172,21083300
2024-05-01T04:00:00.000Z,109.871457408,110.0479525497,107.4377181038,107.7814102173,27777700
2024-05-02T04:00:00.000Z,107.9950760037,108.9239859815,107.6606678448,107.9764938354,25513600
2024-05-03T04:00:00.000Z,107.7535476685,107.8185710775,106.0164836159,107.7535476685,28023300
2024-05-06T04:00:00.000Z,108.3759265889,109.9272045679,108.1251240105,108.4502410889,31401300
2024-05-07T04:00:00.000Z,108.9425668322,109.2212426751,107.6885397131,107.9114761353,30122000
2024-05-08T04:00:00.000Z,107.4841758893,108.6360223118,107.2055071398,107.8928985596,18957200
2024-05-09T04:00:00.000Z,107.939332452,110.1036943182,107.9300484552,110.0200958252,17564000
2024-05-10T04:00:00.000Z,110.1129958981,110.2244676531,109.221243119,109.5742263794,13648100
2024-05-13T04:00:00.000Z,110.0015176104,110.5774443466,108.7939388943,109.5277786255,15060600
2024-05-14T04:00:00.000Z,109.3685796477,110.2582090345,109.0782808857,110.1926574707,15079100
2024-05-15T04:00:00.000Z,110.1364678724,111.2883034666,108.7036929338,111.0448303223,18244300
2024-05-16T04:00:00.000Z,111.0073822741,111.7190901112,110.0709272258,110.3799591064,15745200
2024-05-17T04:00:00.000Z,110.7826293158,112.2154043221,110.4642309008,112.0374755859,15104500
2024-05-20T04:00:00.000Z,112.1217516965,112.2715807698,111.0167345954,111.1291046143,11551300
2024-05-21T04:00:00.000Z,110.8762744259,111.859547898,110.2956697487,110.3612213135,14495000
2024-05-22T04:00:00.000Z,109.9959841296,109.9959841296,107.6548470407,108.1418075562,17879300
2024-05-23T04:00:00.000Z,108.2541999101,110.0428324446,106.1565426459,106.2970123291,15979800
2024-05-24T04:00:00.000Z,107.5424871435,107.7672414842,105.8568724558,106.2127227783,12212900
2024-05-28T04:00:00.000Z,106.3063573483,107.7953243579,105.8849555001,107.5612106323,13978300
2024-05-29T04:00:00.000Z,107.2521812827,107.2709143822,105.6414776706,106.4093704224,13902000
2024-05-30T04:00:00.000Z,106.0722569797,106.8776088685,105.7819582098,106.7465057373,14683700
2024-05-31T04:00:00.000Z,106.8682402529,110.024088826,106.7464965382,109.8087081909,29037400
2024-06-03T04:00:00.000Z,108.9097086478,108.965893656,106.5311123244,107.1772613525,19589300
2024-06-04T04:00:00.000Z,105.8194078203,105.9036853352,103.8715798378,105.5103759766,19412200
2024-06-05T04:00:00.000Z,105.7163978033,105.9973371436,104.3960000506,105.9317855835,14863500
2024-06-06T04:00:00.000Z,105.5852918034,106.7933195027,104.9859612286,106.7277679443,13154100
2024-06-07T04:00:00.000Z,106.5592106456,107.5986762217,105.5103785194,105.5852966309,13289200
2024-06-10T04:00:00.000Z,105.8755921568,106.9618833056,105.5384678102,105.8943252563,15239700
2024-06-11T04:00:00.000Z,105.3418330121,105.5103952172,104.2368156998,105.0421676636,12462400
2024-06-12T04:00:00.000Z,106.1003517962,106.1003517962,103.5157340581,103.8809509277,13606800
2024-06-13T04:00:00.000Z,103.7966679471,103.8154010479,102.7478429279,103.0475082397,14466900
2024-06-14T04:00:00.000Z,103.0287755561,103.2067042917,101.6896446255,102.1766052246,13313400
2024-06-17T04:00:00.000Z,102.2327846421,102.5043574335,101.3056962469,101.4742584229,21147900
2024-06-18T04:00:00.000Z,102.1016855446,103.6842967504,101.8863048997,102.4294433594,17762900
2024-06-20T04:00:00.000Z,102.9257733561,105.4635655704,102.6261008948,104.6394805908,17433200
2024-06-21T04:00:00.000Z,104.7893140912,105.5384737913,103.7217559814,103.7217559814,52212500
2024-06-24T04:00:00.000Z,104.5458362355,107.2521906297,104.5458362355,106.802696228,16266700
2024-06-25T04:00:00.000Z,106.8588832799,107.2709257764,106.2501860858,107.1023635864,14188900
2024-06-26T04:00:00.000Z,107.1210831839,107.5237591058,105.9505144742,107.1398162842,15771800
2024-06-27T04:00:00.000Z,107.6829561076,107.6829561076,106.8588782976,107.5986785889,16812700
2024-06-28T04:00:00.000Z,108.4976774621,109.1344671513,107.3926602703,107.8047027588,24565900
2024-07-01T04:00:00.000Z,108.3571949917,109.32174239,107.2521779304,107.6548538208,11972900
2024-07-02T04:00:00.000Z,108.5351190815,108.572578133,106.2782594524,106.9244155884,13326700
2024-07-03T04:00:00.000Z,107.0087069908,108.3103859808,107.0087069908,107.4675750732,7732900
2024-07-05T04:00:00.000Z,107.3271110446,107.3458370015,105.5291191104,106.1659088135,12631000
2024-07-08T04:00:00.000Z,105.2481683486,106.3344594899,104.3398059291,105.0515136719,13350500
2024-07-09T04:00:00.000Z,104.0495078182,105.3886386535,103.5906469031,103.8903121948,11727000
2024-07-10T04:00:00.000Z,103.8715894108,104.8455034919,103.4033618994,104.8080444336,10004100
2024-07-11T04:00:00.000Z,104.3491875394,106.1190870298,103.8809600097,106.0535354614,13082700
2024-07-12T04:00:00.000Z,106.7464990818,106.896335305,105.4729197623,106.0722503662,11684900
2024-07-15T04:00:00.000Z,107.0087070861,108.7786135657,106.3625580102,107.8889770508,13032500
2024-07-16T04:00:00.000Z,107.0836256729,108.9565356354,106.4842950565,108.6662368774,13614100
2024-07-17T04:00:00.000Z,109.321755108,110.6702525993,109.1438335156,110.16456604,13602800
2024-07-18T04:00:00.000Z,110.4548620434,112.2996794974,109.9772751477,111.2508544922,13033600
2024-07-19T04:00:00.000Z,111.0541916938,111.325764493,108.5070401715,108.6943283081,16157700
2024-07-22T04:00:00.000Z,107.8608900187,108.5725978379,107.2990184329,107.9451675415,12065900
2024-07-23T04:00:00.000Z,107.5144004763,107.8515248611,105.9786147877,106.2033691406,11251700
2024-07-24T04:00:00.000Z,106.540473792,107.8796046221,105.8849582016,107.7016830444,14925200
2024-07-25T04:00:00.000Z,107.8515129868,110.5297746684,107.2802749058,109.9679031372,17021700
2024-07-26T04:00:00.000Z,109.3498403234,110.5297755496,109.0689081279,109.8742599487,11252500
2024-07-29T04:00:00.000Z,109.8648959364,109.930447498,108.0481710225,108.7224197388,8861800
2024-07-30T04:00:00.000Z,108.9658998491,111.0635569616,108.8441632762,110.6608810425,12483900
2024-07-31T04:00:00.000Z,112.0374721668,112.1498493354,111.0260990834,111.0541915894,15137700
2024-08-01T04:00:00.000Z,110.8294404412,111.8969984986,108.9658971158,109.5184020996,15051500
2024-08-02T04:00:00.000Z,108.6006876353,111.3164085677,108.0856345268,109.4528579712,20403800
2024-08-05T04:00:00.000Z,108.1980106855,108.6568716313,106.0535278954,107.4769363403,18025900
2024-08-06T04:00:00.000Z,107.1772663323,108.2822834607,106.4093735579,106.9057006836,13647800
2024-08-07T04:00:00.000Z,108.1137214092,109.6776066098,107.9357998265,108.3291091919,13660700
2024-08-08T04:00:00.000Z,108.7036928299,110.6046952443,108.3759350248,110.3986740112,13851000
2024-08-09T04:00:00.000Z,110.3986725698,111.7284368731,109.9023525936,111.297668457,12151900
2024-08-12T04:00:00.000Z,111.9531862932,112.5337837594,110.520404293,111.4381332397,13228900
2024-08-13T04:00:00.000Z,110.7638996072,110.9792874073,110.0334658282,110.37059021,11585100
2024-08-14T04:00:00.000Z,110.5953263798,112.2809481204,110.1551914173,111.3913116455,12194500
2024-08-15T04:00:00.000Z,111.6273163128,112.9300257413,111.5045996572,112.0804367065,11579400
2024-08-16T04:00:00.000Z,111.3818767107,111.844439067,111.0703640897,111.5517959595,10056000
2024-08-19T04:00:00.000Z,111.7689230471,113.7513095744,111.551801196,111.8916397095,12417500
2024-08-20T04:00:00.000Z,112.0049131577,112.0049131577,108.0967777498,108.1628570557,15632000
2024-08-21T04:00:00.000Z,108.5687763672,109.0974108214,107.3887836019,107.473739624,11752400
2024-08-22T04:00:00.000Z,107.4076522334,108.568768196,107.2754936298,108.3044509888,10609500
2024-08-23T04:00:00.000Z,108.58765883,110.1830114378,108.58765883,109.8054122925,10381400
2024-08-26T04:00:00.000Z,111.1647703928,112.2786839509,110.3718114385,112.155960083,13671000
2024-08-27T04:00:00.000Z,112.2975447748,112.7223464695,110.8249161851,111.0892333984,9991600
2024-08-28T04:00:00.000Z,110.4473220477,110.9948404155,109.7487683522,109.9942016602,10742900
2024-08-29T04:00:00.000Z,110.6361155766,112.1370700755,109.83372196,111.5140304565,10753900
2024-08-30T04:00:00.000Z,110.2490989856,111.4102079817,109.7771018192,111.3346939087,13284700
2024-09-03T04:00:00.000Z,109.3522945163,109.5882930876,107.6531091246,109.0030212402,15725100
2024-09-04T04:00:00.000Z,108.8330901959,109.6449257692,107.5964601211,107.6719741821,12620600
2024-09-05T04:00:00.000Z,108.6254079759,108.8236458857,106.7374196511,106.831817627,17200800
2024-09-06T04:00:00.000Z,107.2283041138,107.7852644701,105.4724814231,106.3315124512,13467700
2024-09-09T04:00:00.000Z,106.5486244174,109.6449241385,106.3503865062,108.5687713623,21645300
2024-09-10T04:00:00.000Z,108.6537356652,108.9369368182,103.9998437704,104.6134414673,20913400
2024-09-11T04:00:00.000Z,104.5756742521,104.7361515344,101.7342497498,103.5750427246,19571900
2024-09-12T04:00:00.000Z,103.7449741442,105.09488627,103.6128155195,105.0004882812,15919500
2024-09-13T04:00:00.000Z,105.2270427841,106.1710370573,104.7172850123,104.9249649048,10035400
2024-09-16T04:00:00.000Z,105.7745581797,106.756305858,105.4347196749,106.3975906372,11729000
2024-09-17T04:00:00.000Z,106.0294256865,107.9646166305,105.8406297319,107.7852554321,12202600
2024-09-18T04:00:00.000Z,107.7191786298,109.1540466434,107.4359774892,108.1628570557,12569900
2024-09-19T04:00:00.000Z,109.6543765839,110.9948467032,108.7387010003,109.5033340454,12660600
2024-09-20T04:00:00.000Z,108.9935778302,109.0407804247,107.8513456248,108.8142166138,36206200
2024-09-23T04:00:00.000Z,108.8708631545,111.1930882428,108.6726252179,110.7871704102,16066300
2024-09-24T04:00:00.000Z,111.240278843,111.5423639167,110.286849837,110.4945297241,11984900
2024-09-25T04:00:00.000Z,109.9658800041,110.4945216423,107.6530971441,108.3422088623,13816000
2024-09-26T04:00:00.000Z,104.9155177025,107.1244679365,104.9155177025,106.4825515747,16887900
2024-09-27T04:00:00.000Z,107.3887788544,109.5882797981,106.9073398109,109.333404541,15964000
2024-09-30T04:00:00.000Z,108.9935670082,110.8154760612,108.5215699189,110.6549987793,13247600
2024-10-01T04:00:00.000Z,109.5410967858,113.8457083849,109.4372568391,113.2132339478,23235900
2024-10-02T04:00:00.000Z,115.1012134435,115.9413677078,113.4681003036,114.7141723633,17129700
2024-10-03T04:00:00.000Z,115.0729044617,116.2717740314,114.1572288555,115.7148208618,16524300
2024-10-04T04:00:00.000Z,116.3000908868,118.1786446648,115.5732184697,117.8388061523,19752300
2024-10-07T04:00:00.000Z,118.2352669987,119.2642171627,117.8671098572,118.3485488892,15714400
2024-10-08T04:00:00.000Z,116.942001141,117.0741597554,114.4687408991,115.2050552368,14818500
2024-10-09T04:00:00.000Z,114.1288948939,115.7148053639,114.0344969187,115.252243042,11144900
2024-10-10T04:00:00.000Z,116.2623226368,116.7720731385,115.4410451359,116.2434387207,10243300
2024-10-11T04:00:00.000Z,116.2056794928,117.0835943484,116.0546441725,116.6871185303,8294800
2024-10-14T04:00:00.000Z,116.3378546475,117.3007328594,115.7525827952,117.1308135986,9808100
2024-10-15T04:00:00.000Z,114.0533815002,115.1200923772,113.071626646,113.609703064,15771300
2024-10-16T04:00:00.000Z,114.119466027,114.6386657532,113.8457068261,113.9023513794,8426800
2024-10-17T04:00:00.000Z,113.9967441516,114.7708191248,113.0055473387,113.609703064,11204900
2024-10-18T04:00:00.000Z,113.6946675023,113.8834634677,112.4769140799,113.2887496948,12898600
2024-10-21T04:00:00.000Z,114.2044164343,114.6764135134,113.0149817783,113.3548202515,10177800
2024-10-22T04:00:00.000Z,113.5247490563,114.4026639856,113.2226711883,113.9401016235,9201400
2024-10-23T04:00:00.000Z,113.2509857477,113.9873000741,112.7129093398,113.5341796875,8320300
2024-10-24T04:00:00.000Z,113.2793064071,113.6946661686,112.4580288428,112.8922653198,9905600
2024-10-25T04:00:00.000Z,113.4681018502,113.6852236888,112.6373895331,112.7978668213,10714600
2024-10-28T04:00:00.000Z,110.2490850251,112.3447533307,110.2302011076,112.2409133911,11844500
2024-10-29T04:00:00.000Z,111.9388347538,112.4957878787,110.5134014852,110.7116394043,14731000
2024-10-30T04:00:00.000Z,111.0703615044,111.6461913429,109.9564480555,110.1546859741,12303700
2024-10-31T04:00:00.000Z,110.5889197219,112.0237877078,110.1452413046,110.2396392822,20512000
2024-11-01T04:00:00.000Z,113.2132409563,113.2321176741,108.408306043,108.5121459961,20939300
2024-11-04T05:00:00.000Z,109.5694092639,112.0521114797,109.4372506488,111.9671554565,14965400
2024-11-05T05:00:00.000Z,112.4108359178,112.5335525763,111.4007623682,112.2975540161,10436700
2024-11-06T05:00:00.000Z,114.3648976882,115.08233529,112.6185098752,114.2232971191,20807700
2024-11-07T05:00:00.000Z,114.506499252,114.695295211,112.9111467505,114.3648986816,12184400
2024-11-08T05:00:00.000Z,114.2044317732,114.6197843612,112.958359605,114.3271484375,12836000
2024-11-11T05:00:00.000Z,114.2233000959,114.8085791024,113.3453851873,113.722984314,11969700
2024-11-12T05:00:00.000Z,114.3460174041,114.5159366519,113.1282639946,113.609703064,11972800
2024-11-13T05:00:00.000Z,113.8173882789,115.2145029605,112.1465215983,114.6669845581,15127900
2024-11-14T05:00:00.000Z,115.7900503781,115.9994295352,114.5242195842,114.7431182861,13041800
2024-11-15T05:00:00.000Z,114.5908488899,115.3903164332,113.3821207684,113.5534362793,19051700
2024-11-18T05:00:00.000Z,114.0102805444,114.8002358068,113.5153658392,114.5051879883,14239700
2024-11-19T05:00:00.000Z,113.972190927,113.972190927,112.4969738602,112.9062271118,11584400
2024-11-20T05:00:00.000Z,113.420178976,114.6574583338,112.9157520454,114.5146942139,11360900
2024-11-21T05:00:00.000Z,115.2380329197,116.6371082955,114.4671095376,116.0470199585,14675400
2024-11-22T05:00:00.000Z,115.9423239555,117.2652574634,115.7710084593,115.913772583,13323400
2024-11-25T05:00:00.000Z,115.5711430341,115.9994281493,113.8389562226,114.1815872192,26580300
2024-11-26T05:00:00.000Z,113.7628132647,113.9055773888,112.1638710497,112.2780838013,14827300
2024-11-27T05:00:00.000Z,112.3922935225,113.001420959,111.7641415187,111.9830474854,11079100
2024-11-29T05:00:00.000Z,111.7736701163,112.7825241266,111.3073067715,112.2685775757,9426500
2024-12-02T05:00:00.000Z,112.3542263522,112.4969832159,111.1835692408,112.1638717651,12687300
2024-12-03T05:00:00.000Z,112.9919029993,112.9919029993,111.6023471264,111.9925613403,11756600
2024-12-04T05:00:00.000Z,111.8307686381,111.8783591038,108.3663947693,108.76612854,19520600
2024-12-05T05:00:00.000Z,109.1753668498,110.0414638286,108.556727188,109.2419891357,15751200
2024-12-06T05:00:00.000Z,109.0135852794,109.232483993,108.0237631423,108.090385437,16171100
2024-12-09T05:00:00.000Z,109.1087503372,109.3942785843,107.3099412597,107.4527053833,17412600
2024-12-10T05:00:00.000Z,108.1094044392,108.3854131307,106.3581858929,107.233795166,20990900
2024-12-11T05:00:00.000Z,106.5961308498,106.9673132246,105.749072891,106.5199890137,32392200
2024-12-12T05:00:00.000Z,106.2059139732,106.9577982999,105.4349978171,106.4248199463,14543300
2024-12-13T05:00:00.000Z,106.5009494204,106.5009494204,104.9305586549,105.4920883179,13106100
2024-12-16T05:00:00.000Z,104.882967896,105.073322472,102.9414020497,103.2364425659,20256100
2024-12-17T05:00:00.000Z,102.0657925586,102.9509214296,101.6375074403,102.7986450195,17554000
2024-12-18T05:00:00.000Z,102.3798698779,103.5790783479,101.1806614079,101.2853546143,17114500
2024-12-19T05:00:00.000Z,102.2085552928,102.4750444527,100.1337374979,100.4192657471,20565600
2024-12-20T05:00:00.000Z,100.362153235,101.0188638349,99.7815844678,100.7618942261,40141200
2024-12-23T05:00:00.000Z,100.228903782,101.456663545,99.8577214422,101.1711425781,12285100
2024-12-24T05:00:00.000Z,101.3805247606,102.0182035211,100.600089143,101.2663192749,7807000
2024-12-26T05:00:00.000Z,101.3805334906,101.8659286303,100.8285233193,101.3519821167,9652400
2024-12-27T05:00:00.000Z,101.1711527598,102.7796073072,100.6667185379,101.3424682617,11943900
2024-12-31T05:00:00.000Z,101.0474220653,102.6939548184,100.6762396822,102.3798751831,12387800
2025-01-02T05:00:00.000Z,103.0556078702,103.7408698235,101.7231548789,102.1324081421,12685400
2025-01-03T05:00:00.000Z,102.7891207353,103.2554767499,102.2751742602,102.6558761597,14237900
2025-01-06T05:00:00.000Z,103.0175473506,104.4832450628,102.3322853281,102.5416717529,15623700
2025-01-07T05:00:00.000Z,103.6837723586,104.7497289968,103.0556131157,103.5029373169,12625900
2025-01-08T05:00:00.000Z,102.1324224368,102.5131243821,100.8951501913,101.7707595825,17858100
2025-01-10T05:00:00.000Z,103.4553453232,104.7877983626,100.6762337557,101.3995666504,19304500
2025-01-13T05:00:00.000Z,101.9610904061,104.3404681019,101.9610904061,104.0168762207,17073400
2025-01-14T05:00:00.000Z,103.5410109505,104.4642107498,102.627330696,104.4261398315,11191200
2025-01-15T05:00:00.000Z,104.7402126215,106.3391547777,104.1881952347,106.1297683716,14521100
2025-01-16T05:00:00.000Z,105.8252114284,106.3010869978,105.2160912806,105.9489364624,10366600
2025-01-17T05:00:00.000Z,105.6729358664,107.4241618717,105.4730689833,106.9006958008,19298500
2025-01-21T05:00:00.000Z,106.64372275,106.7674477895,105.7681061448,106.0917053223,20416300
2025-01-22T05:00:00.000Z,105.8347229402,106.186873473,104.1215752599,104.245300293,15718000
2025-01-23T05:00:00.000Z,104.9876645882,105.777619767,104.3214417032,104.8353881836,13726800
2025-01-24T05:00:00.000Z,104.9210356431,105.3683598066,103.1793367082,103.4172744751,14235900
2025-01-27T05:00:00.000Z,103.7503959535,105.1209126859,103.1603076205,104.8544235229,15926700
2025-01-28T05:00:00.000Z,105.0828314401,105.5206360289,102.589241205,102.8271789551,15862000
2025-01-29T05:00:00.000Z,102.5131157248,103.5314891671,102.2846974814,103.4267959595,12345500
2025-01-30T05:00:00.000Z,103.9692913562,104.5498601261,103.4553448749,104.2833709717,14346300
2025-01-31T05:00:00.000Z,105.2160985271,105.2160985271,100.9808013117,101.6755828857,20376500
2025-02-03T05:00:00.000Z,101.4947419261,102.1229011698,100.2384307002,101.9230270386,14623200
2025-02-04T05:00:00.000Z,101.5613650165,104.959116354,101.3900495179,104.6545562744,14835700
2025-02-05T05:00:00.000Z,104.4451703354,104.7021472151,103.8360501735,104.578414917,13364400
2025-02-06T05:00:00.000Z,105.425473766,105.6919701928,102.7796066787,103.1983795166,13411400
2025-02-07T05:00:00.000Z,103.5314914824,104.4356594539,103.093686814,103.6361846924,10051600
2025-02-10T05:00:00.000Z,104.7021567709,105.6729398484,104.5784244615,105.6158370972,12142200
2025-02-11T05:00:00.000Z,106.2154287952,107.0815258427,105.4730640467,106.2820510864,12713100
2025-02-12T05:00:00.000Z,105.6770837173,105.8499315755,102.9211226804,103.0843658447,18244100
2025-02-13T05:00:00.000Z,102.8923191311,104.102254176,102.2873479456,103.8333740234,15460000
2025-02-14T05:00:00.000Z,104.2078758153,105.8499341713,103.8045665784,103.9390029907,15733500
2025-02-18T05:00:00.000Z,104.3135104826,106.5797348648,104.0158308877,105.7635116577,20060300
2025-02-19T05:00:00.000Z,106.3588807531,107.6744382151,105.6866913168,105.9171600342,10964700
2025-02-20T05:00:00.000Z,106.1764204889,107.9529079307,105.5810540015,107.5495986938,16325800
2025-02-21T05:00:00.000Z,106.8966280316,107.4055669691,106.1668250682,106.2916641235,14710000
2025-02-24T05:00:00.000Z,106.522108353,107.4151543551,105.936346603,106.8485946655,13153500
2025-02-25T05:00:00.000Z,106.8774190334,107.6744328308,104.5631785644,105.3698043823,14497000
2025-02-26T05:00:00.000Z,105.3793998643,105.5042389093,104.2078762724,105.1105270386,10446400
2025-02-27T05:00:00.000Z,105.6386730261,106.8678101036,104.9376768945,105.773109436,15293200
2025-02-28T05:00:00.000Z,105.7347034845,107.1462931887,104.995295865,106.9062271118,18821700
2025-03-03T05:00:00.000Z,107.2615091183,107.7032371012,102.2777428599,103.4780731201,18706900
2025-03-04T05:00:00.000Z,102.1337106576,104.6303963509,101.7304014134,103.2668228149,19394900
2025-03-05T05:00:00.000Z,101.6343745344,102.1049093373,99.5506026686,101.2502746582,24822200
2025-03-06T05:00:00.000Z,101.2406695707,103.8141782927,100.2131870209,103.3436508179,17150200
2025-03-07T05:00:00.000Z,104.1022566843,106.0131805974,103.9966270248,104.6880111694,19625000
2025-03-10T04:00:00.000Z,104.9376888956,108.0969595434,104.7456389526,107.3575592041,22749100
2025-03-11T04:00:00.000Z,107.4727805999,107.64562847,104.4671559251,104.8224563599,19904700
2025-03-12T04:00:00.000Z,104.7168245609,105.7539044341,104.1118533647,104.7936401367,14051500
2025-03-13T04:00:00.000Z,104.0254347319,106.4164908187,103.3532453174,104.3519210815,17767800
2025-03-14T04:00:00.000Z,104.6112011527,107.7224556108,104.0062299204,107.4535827637,15890100
2025-03-17T04:00:00.000Z,107.3575526341,109.9502633368,107.2903344255,109.2396697998,19908800
2025-03-18T04:00:00.000Z,109.5565437735,109.9886670778,108.0969453503,109.1244277954,15998700
2025-03-19T04:00:00.000Z,109.6621780807,111.2178088551,109.3068849851,110.8241043091,17315000
2025-03-20T04:00:00.000Z,110.1615273618,111.8419899736,109.6717904921,111.2946395874,16230800
2025-03-21T04:00:00.000Z,110.9105224609,111.3810498988,109.8062170924,110.9105224609,41102800
2025-03-24T04:00:00.000Z,111.083381667,112.2645100555,110.987356696,111.1986160278,14207500
2025-03-25T04:00:00.000Z,111.8035758728,112.9654948292,111.352250467,111.9572143555,12081800
2025-03-26T04:00:00.000Z,113.0039050285,114.4443015029,113.0039050285,113.5704574585,14110800
2025-03-27T04:00:00.000Z,113.4072134026,114.3386709543,112.6005948998,113.2055587769,12740800
2025-03-28T04:00:00.000Z,113.4072111281,113.7529068584,112.581383253,113.0519180298,10233400
2025-03-31T04:00:00.000Z,113.1095230114,115.1452857891,113.1095230114,114.2042236328,21652300
2025-04-01T04:00:00.000Z,114.4827157331,114.540329249,113.2439738559,114.3098678589,12425400
2025-04-02T04:00:00.000Z,113.6856865024,114.117802494,112.984697687,113.9545593262,12614600
2025-04-03T04:00:00.000Z,109.8254396535,110.8625196148,107.7704744688,107.9625244141,21204600
2025-04-04T04:00:00.000Z,105.5042372572,106.4260900709,99.7042402271,100.1939697266,30841300
2025-04-07T04:00:00.000Z,96.4009399202,101.5959737001,94.5476293853,98.8496170044,35068500
2025-04-08T04:00:00.000Z,101.2694729379,101.4039093548,95.0757710882,96.7658309937,27147800
2025-04-09T04:00:00.000Z,95.4214629857,102.3449674815,94.2307300181,101.5959625244,30063300
2025-04-10T04:00:00.000Z,99.589011194,99.656229403,93.9138529041,95.9592132568,33999300
2025-04-11T04:00:00.000Z,96.3145094764,99.8002661487,94.8645083734,99.0416564941,22884600
2025-04-14T04:00:00.000Z,100.8565636012,100.9141771179,98.6383552951,99.2817306519,18020000
2025-04-15T04:00:00.000Z,99.5217860657,101.2214578872,98.9072175331,99.0032424927,13164900
2025-04-16T04:00:00.000Z,99.8194733045,101.3943062059,99.5794072241,100.0499420166,13607000
2025-04-17T04:00:00.000Z,100.5300626646,104.2366831077,100.3091986723,102.6714477539,17916500
2025-04-21T04:00:00.000Z,101.4135120137,101.4327140759,99.9827202763,101.1638412476,16926500
2025-04-22T04:00:00.000Z,101.9224459021,104.6111887061,101.9224459021,103.9966201782,13147000
2025-04-23T04:00:00.000Z,104.4863599502,104.9568947492,102.2393449228,103.1035842896,14235700
2025-04-24T04:00:00.000Z,103.6797288759,104.5535655054,102.7098599636,104.3134994507,9849600
2025-04-25T04:00:00.000Z,103.842983569,104.4383500882,103.1515920824,104.255897522,11245800
2025-04-28T04:00:00.000Z,104.4287337944,104.9088659038,103.4012513733,104.3134994507,13890900
2025-04-29T04:00:00.000Z,103.4588784639,104.5055704094,103.2476191358,104.0542449951,9483100
2025-04-30T04:00:00.000Z,103.151582604,103.151582604,100.0115217718,101.4327087402,20379300
2025-05-01T04:00:00.000Z,100.9237717226,102.6714523734,100.8085447008,101.576751709,18610300
2025-05-02T04:00:00.000Z,103.4396786731,104.6688158894,100.3956423914,101.9896774292,16581900
2025-05-05T04:00:00.000Z,100.491650307,100.5012550003,98.974431108,99.1664810181,19624000
2025-05-06T04:00:00.000Z,99.7618542231,101.768810353,99.3681496829,100.5492706299,16303400
2025-05-07T04:00:00.000Z,100.8181448598,101.1062270748,99.9347034792,100.4532470703,12332200
2025-05-08T04:00:00.000Z,101.1542360884,103.1227807997,101.1542360884,101.8552322388,19196500
2025-05-09T04:00:00.000Z,102.882708683,103.4684704475,102.1529058192,103.0459518433,10992100
2025-05-12T04:00:00.000Z,105.8883430116,106.0515935134,104.0158305239,104.8224563599,14244600
2025-05-13T04:00:00.000Z,104.9760906257,106.1188074614,104.6880084117,105.1105270386,13350800
2025-05-14T04:00:00.000Z,104.5343771838,104.5343771838,103.6413310499,104.1694793701,15494900
2025-05-15T04:00:00.000Z,103.2003664939,105.2936444921,102.6964333056,105.2258071899,15004300
2025-05-16T04:00:00.000Z,105.2936359906,105.5262199515,104.1307013987,104.8478469849,14042500
2025-05-19T04:00:00.000Z,104.247002382,104.247002382,102.4541531128,103.1809844971,16802700
2025-05-20T04:00:00.000Z,103.1034500889,103.4232576602,101.5431848523,101.7079315186,12429300
2025-05-21T04:00:00.000Z,101.3009061887,101.7273162773,100.4384002504,100.4577865601,16716100
2025-05-22T04:00:00.000Z,99.8763244966,100.2736625499,98.742469271,99.7891082764,13417400
2025-05-23T04:00:00.000Z,99.4305349233,100.2736620165,98.9169085791,99.8472518921,12061600
2025-05-27T04:00:00.000Z,100.2930333367,100.6516061317,99.7212628892,100.3221054077,13043600
2025-05-28T04:00:00.000Z,101.0683223301,101.2039969232,98.6455511765,98.9556655884,14292400
2025-05-29T04:00:00.000Z,99.1204231685,99.6728147566,98.6067968104,99.5177612305,13825300
2025-05-30T04:00:00.000Z,99.0041264289,99.2270172401,98.064090015,99.1398010254,28645800
2025-06-02T04:00:00.000Z,100.5450035241,100.6419128921,99.0622687515,99.8666305542,17290500
2025-06-03T04:00:00.000Z,99.7212685624,101.4269016342,99.0525813151,100.5934677124,19194300
2025-06-04T04:00:00.000Z,100.7097520399,101.6788605255,99.1398010254,99.1398010254,15648500
2025-06-05T04:00:00.000Z,99.798794776,99.8666320741,98.587409173,98.6843185425,13924800
2025-06-06T04:00:00.000Z,99.5855864989,101.2718331335,99.5080560484,101.0489349365,15487800
2025-06-09T04:00:00.000Z,101.1070965604,102.5801382997,100.6225422865,101.7273254395,17087300
2025-06-10T04:00:00.000Z,102.803030933,104.3245309745,102.65766318,103.9078140259,17634800
2025-06-11T04:00:00.000Z,104.4311366508,106.0107808837,103.1712926117,105.9332504272,22648200
2025-06-12T04:00:00.000Z,105.5552957152,106.7860676468,104.8769227248,106.3402786255,17469400
2025-06-13T04:00:00.000Z,108.8793391802,109.053779007,107.2609297495,108.6564483643,28540200
2025-06-16T04:00:00.000Z,108.3657101702,109.6643193809,107.6970229516,109.0053253174,22986100
2025-06-17T04:00:00.000Z,110.4299046572,111.3796341892,109.6158571102,110.4783630371,19451700
2025-06-18T04:00:00.000Z,111.0695298682,111.6800655839,109.451120388,109.693397522,17968900
2025-06-20T04:00:00.000Z,109.9453602429,111.486246657,109.683704192,111.1567459106,36273300
2025-06-23T04:00:00.000Z,113.0949625433,113.3372396759,107.7261077912,108.2881851196,26631100
2025-06-24T04:00:00.000Z,105.8750944168,107.5128900053,104.5764926887,104.9932022095,24828300
2025-06-25T04:00:00.000Z,104.7703228051,105.8654127722,104.3729847625,105.0222930908,17483200
2025-06-26T04:00:00.000Z,105.5746799146,107.028342631,105.1967281999,106.5922393799,18304800
2025-06-27T04:00:00.000Z,106.5437891531,106.6988426659,105.0222891281,106.001083374,22002100
2025-06-30T04:00:00.000Z,105.2839496513,105.4777683989,104.392371582,104.4699020386,19199000
2025-07-01T04:00:00.000Z,104.7896988309,106.2530547276,103.8399766469,105.8654098511,15536900
2025-07-02T04:00:00.000Z,106.6019323494,107.9199204681,105.468077207,107.6194992065,11892200
2025-07-03T04:00:00.000Z,107.4353688023,108.9956340773,107.2027848327,108.7339706421,11223600
2025-07-07T04:00:00.000Z,108.0943597606,108.5886071511,106.8151368744,107.6776428223,15415900
2025-07-08T04:00:00.000Z,107.464437568,110.9241545076,107.425672342,110.6624984741,17913400
2025-07-09T04:00:00.000Z,110.4008494567,110.7400359865,109.7709273907,110.2845611572,10652100
2025-07-10T04:00:00.000Z,110.1973326835,111.7091396603,109.577103801,111.3796463013,14901700
2025-07-11T04:00:00.000Z,111.3021120612,112.1840043635,110.9726187133,111.8641967773,11683900
2025-07-14T04:00:00.000Z,111.6703702303,111.6703702303,109.7224601706,110.4008331299,13220300
2025-07-15T04:00:00.000Z,110.1488818922,110.5365193992,109.1216217963,109.4220504761,10959300
2025-07-16T04:00:00.000Z,109.3929608518,109.9938107618,108.6370574322,108.7630462646,11158900
2025-07-17T04:00:00.000Z,108.0459011534,108.7630467441,107.658256287,108.2106552124,13151400
2025-07-18T04:00:00.000Z,107.6776449902,108.2784949162,104.0241018399,104.4408187866,32366600
2025-07-21T04:00:00.000Z,104.2760702129,105.4099253517,104.1210167019,104.7121734619,17010400
2025-07-22T04:00:00.000Z,104.6443438178,106.0592414045,104.2857709948,105.1870422363,13970900
2025-07-23T04:00:00.000Z,105.5649872818,106.6019330622,105.4874568287,106.5340957642,12002700
2025-07-24T04:00:00.000Z,106.272448439,107.5225919773,105.7588146905,107.3675384521,15647200
2025-07-25T04:00:00.000Z,107.3093858217,107.551662943,106.3111978712,106.9895782471,10548900
2025-07-28T04:00:00.000Z,107.5710416834,108.6467526918,107.4159807771,107.9974517822,12353000
2025-07-29T04:00:00.000Z,108.4432374506,109.5092552709,107.9683763785,109.3929595947,15928000
2025-07-30T04:00:00.000Z,108.9374923498,109.1313110965,107.8230160724,108.4432449341,12996900
2025-07-31T04:00:00.000Z,106.9508188051,109.0247104842,106.9508188051,108.1912765503,17233700
2025-08-01T04:00:00.000Z,108.5401561256,109.0634756228,105.4971559115,106.2530593872,19652000
2025-08-04T04:00:00.000Z,105.8460337935,106.5244068004,103.7818279128,104.0531845093,19129500
2025-08-05T04:00:00.000Z,103.9078213993,104.4892850589,102.7933450722,103.9272003174,21314300
2025-08-06T04:00:00.000Z,104.9641325738,105.6812781415,103.0840672314,103.2197418213,15321800
2025-08-07T04:00:00.000Z,103.8302738377,104.7218517951,102.6188883324,102.6770324707,13468300
2025-08-08T04:00:00.000Z,103.210057942,104.1888596227,102.6770452956,103.500793457,14417700
2025-08-11T04:00:00.000Z,103.801210548,104.2082343377,102.2700173653,102.5607528687,13570700
2025-08-12T04:00:00.000Z,103.0549904668,103.9659547885,102.5122920932,102.8514785767,14109400
2025-08-13T04:00:00.000Z,102.7254975716,104.2760696411,102.4735272998,104.2760696411,17958700
2025-08-14T04:00:00.000Z,104.2276202722,104.2663781051,103.1519092649,104.0628662109,13683500
2025-08-15T04:00:00.000Z,103.8672492232,105.2072776723,103.6324935042,104.1606826782,19271900
2025-08-18T04:00:00.000Z,103.7792095801,104.8844971884,103.3586149294,104.3856506348,13040000
2025-08-19T04:00:00.000Z,103.877027537,105.1094689717,103.8281256913,105.0703430176,16113600
2025-08-20T04:00:00.000Z,105.5202755991,106.9385633869,105.3246532999,106.1560592651,18959700
2025-08-21T04:00:00.000Z,106.0484641769,107.1733110472,105.5985269213,106.8407516479,12194900
2025-08-22T04:00:00.000Z,107.2026563999,108.9730703319,107.2026563999,108.8459091187,13586700
2025-08-25T04:00:00.000Z,108.4742224138,109.4719080874,108.1220963025,109.2958450317,9744900
2025-08-26T04:00:00.000Z,108.933937289,109.3643078204,107.9460275588,109.0513076782,18143900
2025-08-27T04:00:00.000Z,108.9828425285,110.5087247986,108.9828425285,110.2837524414,15262600
2025-08-28T04:00:00.000Z,110.4011318537,111.1640692683,109.6186277317,110.8706283569,14189800
2025-08-29T04:00:00.000Z,111.2325378185,112.2791327907,111.0956007165,111.7900695801,14597900
2025-09-02T04:00:00.000Z,111.6824736325,112.7192852377,110.8510676777,112.1813201904,15206700
2025-09-03T04:00:00.000Z,111.4770734271,111.9270107015,109.0219739321,109.4621353149,14920100
2025-09-04T04:00:00.000Z,109.6577639246,110.655449684,108.9437282869,109.9414215088,12864400
2025-09-05T04:00:00.000Z,109.1589064767,109.33496953,106.6353385337,106.8407516479,16826700
2025-09-08T04:00:00.000Z,107.3298189327,107.6428190991,105.9799996521,107.4471893311,15440500
2025-09-09T04:00:00.000Z,108.1123126941,110.0490063015,108.1123126941,108.2296905518,14899500
2025-09-10T04:00:00.000Z,108.7285368909,110.0979079147,108.4155292712,110.0392227173,15837600
2025-09-11T04:00:00.000Z,108.9632841841,110.3033125974,108.4448783779,109.6870956421,11534500
2025-09-12T04:00:00.000Z,110.3913505617,110.743476677,109.4327833675,109.7066650391,11105700
2025-09-15T04:00:00.000Z,109.7262221306,110.0000963343,108.8850328121,109.8925018311,12880500
2025-09-16T04:00:00.000Z,110.4891606528,112.7975396249,110.3130975969,112.1715393066,17208000
2025-09-17T04:00:00.000Z,112.0248179356,112.9638184054,111.555321432,112.768196106,13302000
2025-09-18T04:00:00.000Z,112.6508248796,112.8268879445,110.919544294,111.4379501343,14628700
2025-09-19T04:00:00.000Z,111.4086046188,111.4868565261,110.1761631971,110.3522262573,38746500
2025-09-22T04:00:00.000Z,109.990312063,110.3326622772,109.1197801531,109.5697174072,15611500
2025-09-23T04:00:00.000Z,110.2544053895,112.2400007224,110.0196571507,111.4574966431,25369100
2025-09-24T04:00:00.000Z,112.0639444255,113.2279172615,111.9661332754,112.0541610718,14756100
2025-09-25T04:00:00.000Z,112.1324055606,113.3648468664,111.9074406763,113.0616226196,15012600
2025-09-26T04:00:00.000Z,113.4235491095,115.7710542241,113.3844231536,114.6559906006,18568900
2025-09-29T04:00:00.000Z,113.5213524647,113.9517304872,111.1836308655,111.7216033936,19189300
2025-09-30T04:00:00.000Z,110.8706267934,111.0075638934,109.4914724394,110.2837524414,18076200
2025-10-01T04:00:00.000Z,110.0978988438,110.5478360663,108.855681671,109.5403671265,16614000
2025-10-02T04:00:00.000Z,109.5208162655,110.6163130781,108.6013750441,108.8556900024,13062600
2025-10-03T04:00:00.000Z,109.4523478748,111.2618802591,109.4523478748,110.7826004028,12950100
2025-10-06T04:00:00.000Z,110.8119428363,112.2595657566,110.7043483333,111.7020339966,12036800
2025-10-07T04:00:00.000Z,111.5748805208,112.0052585339,109.2958441693,111.7607269287,11945000
2025-10-08T04:00:00.000Z,111.8781042186,112.4943286776,110.9293278004,111.5259780884,12301000
2025-10-09T04:00:00.000Z,111.9270107719,112.9833891365,110.2739746716,110.4402618408,10976200
2025-10-10T04:00:00.000Z,109.8044697934,110.1565958881,108.2883709154,108.3079376221,13811600
2025-10-13T04:00:00.000Z,109.1002189885,109.8435971382,108.8850299876,109.78490448,10296500
2025-10-14T04:00:00.000Z,108.3372843007,110.4891594383,108.2883749947,109.8338165283,11167200
2025-10-15T04:00:00.000Z,110.3326586938,111.0858127232,108.5426856266,109.1686859131,12182900
2025-10-16T04:00:00.000Z,109.4327766597,109.7360009119,107.9753704437,108.2199020386,11782200
2025-10-17T04:00:00.000Z,109.1882467821,110.4402548361,108.7480928893,109.78490448,13460100
2025-10-20T04:00:00.000Z,109.5501549099,110.675001743,109.5305956657,110.2348403931,9523600
2025-10-21T04:00:00.000Z,110.420691962,110.8804125775,109.5403766834,110.2446289062,9202300
2025-10-22T04:00:00.000Z,110.968440566,112.6606025744,110.6065385626,112.200881958,12938800
2025-10-23T04:00:00.000Z,114.0788838199,114.2940728303,112.8366665267,113.443107605,15001100
2025-10-24T04:00:00.000Z,113.8050130873,113.9223909499,112.6606069104,112.8660125732,9919400
2025-10-27T04:00:00.000Z,113.169220733,113.4528782826,112.5823463895,113.4039764404,10975400
2025-10-28T04:00:00.000Z,112.9638151142,113.6387247139,112.4747519174,112.5138778687,9535200
2025-10-29T04:00:00.000Z,112.4062845682,114.4896985849,112.2986900667,113.9028167725,12570600
2025-10-30T04:00:00.000Z,113.8832580519,113.9712858467,112.024816383,112.1813201904,16172900
2025-10-31T04:00:00.000Z,111.4868580249,112.709516109,110.1566054324,111.858543396,20213400
2025-11-03T05:00:00.000Z,111.9954789668,112.4747588397,111.1542896195,111.2716674805,12290300
2025-11-04T05:00:00.000Z,110.8999705271,111.848754346,110.0490053199,111.6433486938,16860700
2025-11-05T05:00:00.000Z,111.5944407363,112.6606024247,111.183629427,111.1934127808,12400900
2025-11-06T05:00:00.000Z,111.1542864457,112.4258537845,111.1542864457,111.995475769,14219700
2025-11-07T05:00:00.000Z,112.6899542276,114.9396481838,112.3867373978,114.6559906006,17181100
2025-11-10T05:00:00.000Z,114.8711720641,115.8590744004,112.9344784199,115.6341094971,13048000
2025-11-11T05:00:00.000Z,116.2307636648,118.1674497872,116.2307636648,117.1599807739,16077100
2025-11-12T05:00:00.000Z,116.4948527226,116.670915773,115.2135095269,115.5362930298,13790900
2025-11-13T05:00:00.000Z,116.0351313269,117.1404189271,115.6927885819,116.1916351318,17291900
2025-11-14T05:00:00.000Z,116.8724468675,117.8887353637,115.1062932109,117.7012634277,17064300
2025-11-17T05:00:00.000Z,117.3855216976,117.9084617882,115.5502931546,116.112701416,16034900
2025-11-18T05:00:00.000Z,115.6983016879,117.8887363315,114.9286911435,117.4447250366,15808500
2025-11-19T05:00:00.000Z,115.2937532742,116.6060417206,114.3860079315,115.7870941162,15919200
2025-11-20T05:00:00.000Z,116.4087078531,117.4249887785,115.1852171506,115.4614868164,14401000
2025-11-21T05:00:00.000Z,115.4318856538,115.8166909002,114.1097358387,115.520690918,15667600
2025-11-24T05:00:00.000Z,115.6390903297,115.6390903297,113.2118542909,114.4254760742,18034900
2025-11-25T05:00:00.000Z,113.645991579,114.3564035642,112.6691788634,112.984916687,14434600
2025-11-26T05:00:00.000Z,112.8862565927,114.1985375289,112.7875824007,113.2414550781,11650600
2025-11-28T05:00:00.000Z,113.419061926,117.1585865885,113.290796011,114.3761444092,7240800
2025-12-01T05:00:00.000Z,114.553742952,115.8463010876,114.553742952,115.0766830444,12658100
2025-12-02T05:00:00.000Z,114.8892180908,115.0470832464,113.1625251379,113.8433303833,14607700
2025-12-03T05:00:00.000Z,114.4057349055,116.4087049888,114.3366674907,116.2311019897,16819100
2025-12-04T05:00:00.000Z,115.9351010377,116.7639100616,115.1062920138,115.5798950195,13686900
2025-12-05T05:00:00.000Z,115.1950867721,117.198049389,114.8596186124,114.9878845215,12516900
2025-12-08T05:00:00.000Z,114.2873447481,115.4417605469,113.5078652906,114.4353485107,14904200
2025-12-09T05:00:00.000Z,115.3430910871,118.8655444199,115.3332221624,116.6751098633,23790800
2025-12-10T05:00:00.000Z,117.1487196274,118.2735361446,116.793513619,117.9479293823,19845200
2025-12-11T05:00:00.000Z,117.5236559572,118.7570080619,117.4841877865,117.9479293823,14781800
2025-12-12T05:00:00.000Z,117.8492636694,118.3228666659,116.73430854,117.2375183105,14459500
2025-12-15T05:00:00.000Z,117.4249949251,117.4447252475,115.2937587726,116.1916427612,16358700
2025-12-16T05:00:00.000Z,115.2148176748,115.283885092,113.083589138,113.1526565552,17638700
2025-12-17T05:00:00.000Z,113.6756015186,116.0535081077,113.636133346,115.8463058472,18502200
2025-12-18T05:00:00.000Z,115.4318882688,115.4318882688,114.0900005744,114.9878845215,13705600
2025-12-19T05:00:00.000Z,115.1950856376,116.0041643106,114.4156062105,115.135887146,45412800
2025-12-22T05:00:00.000Z,115.7772216453,116.8823078076,115.7772216453,116.5764389038,11768600
2025-12-23T05:00:00.000Z,116.8921766201,118.4313975897,116.7441728666,117.8295211792,12567600
2025-12-24T05:00:00.000Z,117.7407301092,118.451142144,117.5335278537,117.632194519,6137400
2025-12-26T05:00:00.000Z,117.3065875724,117.9578011125,116.9513815556,117.5236587524,8066100
2025-12-29T05:00:00.000Z,118.5498073177,119.6844927741,117.8097960455,118.9247436523,14782500
2025-12-30T05:00:00.000Z,119.4871519218,120.1778336259,119.0234103201,119.378616333,11150500
2025-12-31T05:00:00.000Z,119.5660907264,119.6450270704,118.2735400864,118.7372741699,10559900
2026-01-02T05:00:00.000Z,118.4905997806,121.0461092558,118.016996788,121.0165100098,14175100
2026-01-05T05:00:00.000Z,123.542410673,124.252822678,120.7599686721,123.6904144287,30112200
2026-01-06T05:00:00.000Z,123.6805550444,124.1245663457,119.3884909657,119.437828064,23328600
2026-01-07T05:00:00.000Z,118.2044691399,118.5202069787,116.6948398351,116.9119110107,20353000
2026-01-08T05:00:00.000Z,117.3953891134,121.9834528842,117.0796512782,121.2730484009,20232700
2026-01-09T05:00:00.000Z,121.5887908808,123.197079364,121.4605174402,122.9504089355,16137700
2026-01-12T05:00:00.000Z,122.802401477,122.8418696476,120.927704772,122.3781280518,15314900
2026-01-13T05:00:00.000Z,123.3352075212,125.4467056717,123.1477355968,124.8546981812,21619700
2026-01-14T05:00:00.000Z,125.6539013049,129.9657026429,125.4368301466,128.4659423828,27593900
2026-01-15T05:00:00.000Z,127.4102172852,128.4659589129,126.5912696383,127.4102172852,17400000
2026-01-16T05:00:00.000Z,127.1931361468,128.4264882193,127.1536604493,128.1600799561,16592400
2026-01-20T05:00:00.000Z,129.7585074224,130.1827883904,128.337698394,128.7225036621,16477300
2026-01-21T05:00:00.000Z,130.153195159,131.9489481414,130.153195159,131.8305511475,18879900
2026-01-22T05:00:00.000Z,131.2780145582,132.3929547379,130.0939994268,131.8601531982,16600100
2026-01-23T05:00:00.000Z,133.2908365697,134.1689827419,132.6889600883,133.1724395752,17758200
2026-01-26T05:00:00.000Z,135.1063201081,135.1161965608,132.3830839927,133.0441589355,16056100
2026-01-27T05:00:00.000Z,133.4486859242,135.1063037796,132.9158844866,135.0076446533,14517000
2026-01-28T05:00:00.000Z,135.8562009907,136.171931295,134.8497814759,135.7476654053,15637300
2026-01-29T05:00:00.000Z,138.4511844796,140.4442706896,137.2572929886,138.6386413574,35760600
2026-01-30T05:00:00.000Z,136.89222282,140.316009482,135.9943388705,139.516784668,29657700
2026-02-02T05:00:00.000Z,137.9676947438,138.4511741647,136.2212640354,136.5567321777,27735600
2026-02-03T05:00:00.000Z,136.7935441092,143.0787014366,136.4679373562,141.8157501221,37577800
2026-02-04T05:00:00.000Z,142.2005572772,145.8710142892,142.2005572772,145.6243438721,29426200
2026-02-05T05:00:00.000Z,144.6278165962,144.7758128405,141.8848424622,144.134475708,18431700
2026-02-06T05:00:00.000Z,144.6672665207,147.5779895899,144.1443264224,147.0649108887,17216000
2026-02-09T05:00:00.000Z,147.2720952442,149.5316046168,146.6504960527,149.1961364746,21297300
2026-02-10T05:00:00.000Z,149.3342814668,149.7585473715,147.8246596687,149.5710754395,15800300
2026-02-11T05:00:00.000Z,151.9193846448,154.8399540859,151.5247179816,153.4882049561,23091500
2026-02-12T05:00:00.000Z,152.8525141182,154.2033459677,148.8695539233,148.9192047119,30652500
2026-02-13T05:00:00.000Z,149.5350366771,150.6375539711,146.9823556296,147.4491882324,20166000
2026-02-17T05:00:00.000Z,147.2008810371,148.1246191623,144.1714401084,145.2044372559,19766600
2026-02-18T05:00:00.000Z,147.1512117547,149.9621345753,146.6148589389,149.6641540527,19849700
2026-02-19T05:00:00.000Z,151.1739129601,152.3459656563,149.8230810414,149.9522094727,20305000
2026-02-20T05:00:00.000Z,149.4754446177,149.7932793875,145.4726149456,146.2870788574,25908600
2026-02-23T05:00:00.000Z,147.1512169535,150.2501932792,147.131362699,149.7436218262,16073100
2026-02-24T05:00:00.000Z,149.4059063691,149.7038868797,147.0320197225,148.2537231445,14185500
2026-02-25T05:00:00.000Z,148.8993598713,149.1675287081,146.3367515615,148.0550842285,15225700
2026-02-26T05:00:00.000Z,146.8134999378,149.942272528,145.7805180234,147.5385742188,15632100
2026-02-27T05:00:00.000Z,149.9820058354,152.6141343125,148.243803781,151.4718933105,30275100
2026-03-02T05:00:00.000Z,158.2757178341,158.5339595387,151.9983180372,153.1802978516,31493100
2026-03-03T05:00:00.000Z,154.3821325826,154.9979630438,149.2867277341,150.8064117432,25198900
2026-03-04T05:00:00.000Z,149.7038934562,150.1409295369,146.8631740879,148.809967041,16764800
2026-03-05T05:00:00.000Z,149.9820092838,151.3030446942,148.4623252367,149.7436218262,22969300
2026-03-06T05:00:00.000Z,152.1175059478,152.7631329507,148.9490246317,150.1905975342,21136400
2026-03-09T04:00:00.000Z,150.9951311845,152.8525193578,148.4623194854,149.42578125,25532700
2026-03-10T04:00:00.000Z,148.2438074072,149.386048437,146.7042539473,147.131362915,19617600
2026-03-11T04:00:00.000Z,146.9922966622,150.7865353681,146.6645196148,150.55809021,15297400
2026-03-12T04:00:00.000Z,151.2434493081,153.9550402902,150.6077645867,152.4949493408,26054000
2026-03-13T04:00:00.000Z,153.259752217,155.8322874674,151.9486440418,155.0674743652,22414100
2026-03-16T04:00:00.000Z,154.9482947044,156.7162932648,153.716648957,156.1699981689,22835600
2026-03-17T04:00:00.000Z,157.1831271381,159.3682923831,155.7429056236,157.7393493652,21592200
2026-03-18T04:00:00.000Z,158.5836245978,159.1001080041,156.4679795585,156.5275726318,18947100
2026-03-19T04:00:00.000Z,157.1930514766,158.4842902845,153.7961099445,157.0937347412,27082700
2026-03-20T04:00:00.000Z,158.2757168594,161.3448813824,158.0274022833,158.5935516357,53942100
2026-03-23T04:00:00.000Z,155.067482595,160.3317546721,153.9749075469,160.0437164307,25021300
2026-03-24T04:00:00.000Z,160.6198043287,166.3508937349,160.1628988478,164.2650604248,26131800
2026-03-25T04:00:00.000Z,162.7652357144,163.8876224636,161.8315704705,162.1593475342,17192300
2026-03-26T04:00:00.000Z,162.9837500461,164.5630270983,160.967436919,164.3147125244,18625200
2026-03-27T04:00:00.000Z,164.4637036995,170.0756067785,163.688963473,169.8372344971,30338300
2026-03-30T04:00:00.000Z,171.346977285,175.2206935995,169.8968287101,170.3139953613,29813500
2026-03-31T04:00:00.000Z,171.5059068257,173.2043851673,164.8510793251,168.516204834,32006700
2026-04-01T04:00:00.000Z,164.6524400354,166.8674019003,158.4545025086,159.6960754395,37927600
2026-04-02T04:00:00.000Z,163.3810586601,165.7747995778,158.5140840325,159.6066741943,25377700
2026-04-06T04:00:00.000Z,159.4874894027,162.6460434604,158.4544923035,162.2686004639,16344300
2026-04-07T04:00:00.000Z,163.1128850761,165.1192711575,160.6794051852,162.804977417,25227500
2026-04-08T04:00:00.000Z,152.4850147681,155.2959375078,149.9621302599,155.166809082,31311200
2026-04-09T04:00:00.000Z,155.8025036875,158.1565211014,153.2696918914,153.9947662354,25868400
2026-04-10T04:00:00.000Z,153.0014954462,154.0742161839,150.8957927884,151.4818115234,21065000
2026-04-13T04:00:00.000Z,153.2299625379,153.5775938501,150.2601147579,151.6109466553,18685600
2026-04-14T04:00:00.000Z,149.0582776527,149.0980013154,145.7308563457,148.23387146,18528200
2026-04-15T04:00:00.000Z,147.5981924772,149.2171932335,145.9096412078,148.0054168701,15626500
2026-04-16T04:00:00.000Z,148.5219186531,151.7500082643,148.3431394264,150.9553985596,15191000
2026-04-17T04:00:00.000Z,143.8833936445,145.8103171138,141.0128778495,145.4527435303,28947400
2026-04-20T04:00:00.000Z,146.3864065962,148.3629808256,145.3633518052,146.6843719482,16354400
2026-04-21T04:00:00.000Z,146.3764710713,147.8067654507,145.2540994964,147.3598022461,17515900
2026-04-22T04:00:00.000Z,148.3629827812,149.6641486886,147.1810030162,148.4921112061,13738700
2026-04-23T04:00:00.000Z,148.8397588828,150.2104449991,147.4988541463,149.5151672363,12970400
2026-04-24T04:00:00.000Z,148.631171729,149.2867258459,145.9593044713,147.9060974121,13735900
2026-04-27T04:00:00.000Z,148.1544102405,150.160781075,146.97243045,147.1909484863,13940800
2026-04-28T04:00:00.000Z,150.5084294176,151.2831696813,148.8198933339,149.5449676514,15173600
2026-04-29T04:00:00.000Z,150.9951298877,153.9053694102,149.9919293124,153.6272583008,14669100
2026-04-30T04:00:00.000Z,151.4023509728,154.640382636,150.3197030948,153.2895507812,22885900
2026-05-01T04:00:00.000Z,151.5811440345,153.9649578019,150.1111260497,151.720199585,15458200
2026-05-04T04:00:00.000Z,151.6407419254,153.4286098857,148.5119843617,152.6538696289,14238500
2026-05-05T04:00:00.000Z,152.0678474364,154.2430703201,151.3824968041,153.8358459473,12494600
2026-05-06T04:00:00.000Z,148.0650192908,149.3165192693,146.0983569813,147.6875762939,20527000
2026-05-07T04:00:00.000Z,145.8103149036,146.0884260026,143.2179102512,145.591796875,22509400
2026-05-08T04:00:00.000Z,144.8667215177,145.5123333164,142.9497252182,143.5953521729,19550100
2026-05-11T04:00:00.000Z,145.0355844956,148.7106372577,145.0157150855,148.6708984375,14849500
